# Blender 4.5.5 LTS
# www.blender.org
mtllib Damage_Reproductive_Leaf_folding_and_feeding_damage.mtl
o SM_Reproductive_Severe.003
v -0.213645 1.418327 0.013016
v -0.137086 1.839708 -0.027059
v -0.151590 0.563480 0.080661
v -0.165688 1.414063 0.025944
v -0.093152 1.831104 -0.016754
v -0.080270 1.827178 -0.034821
v -0.150331 1.411986 0.006689
v -0.125493 0.563382 0.052656
v -0.075161 -0.082671 0.050441
v -0.103336 -0.082671 0.080312
v -0.151114 -0.082671 0.081708
v -0.180985 -0.082671 0.053532
v -0.106428 -0.082671 -0.025512
v -0.076557 -0.082671 0.002663
v -0.182381 -0.082671 0.005755
v -0.154206 -0.082671 -0.024117
v -0.224145 0.563737 0.055603
v -0.196134 0.563639 0.081992
v -0.194277 1.416928 0.028803
v -0.118800 1.836762 -0.013250
v -0.128689 1.834988 -0.071326
v -0.201593 1.415745 -0.035050
v -0.199617 0.563663 -0.017159
v -0.225714 0.563748 0.010837
v -0.216946 1.417793 -0.015813
v -0.141571 1.838911 -0.053267
v -0.084715 1.826372 -0.061050
v -0.153644 1.411455 -0.022134
v -0.127072 0.563390 0.007890
v -0.155087 0.563501 -0.018489
v -0.173018 1.412885 -0.037901
v -0.103002 1.829323 -0.074849
v -0.115466 0.246179 0.050892
v -0.188648 0.238084 0.081187
v -0.142605 0.243119 0.079842
v -0.217441 0.235026 0.053867
v -0.191646 0.238084 -0.021405
v -0.116824 0.246180 0.004577
v -0.218794 0.235026 0.007549
v -0.145608 0.243120 -0.022747
v 0.244052 2.849560 -0.134414
v 0.241818 2.854656 -0.126476
v 0.236411 2.862648 -0.125295
v 0.232079 2.867240 -0.131806
v 0.230297 2.866712 -0.143683
v 0.232469 2.861508 -0.151613
v 0.237877 2.853516 -0.152781
v 0.242270 2.849030 -0.146278
v 0.194167 2.704274 -0.104484
v 0.154643 2.565698 -0.094123
v 0.160496 2.560068 -0.108078
v 0.199692 2.699614 -0.117994
v 0.173067 2.714857 -0.111511
v 0.132685 2.578904 -0.101332
v 0.142093 2.574200 -0.091087
v 0.182151 2.711166 -0.101558
v 0.196786 2.698741 -0.137269
v 0.157521 2.559164 -0.127945
v 0.148077 2.563727 -0.138155
v 0.187749 2.702386 -0.147208
v 0.175731 2.709276 -0.144281
v 0.135520 2.572233 -0.135102
v 0.129706 2.578002 -0.121186
v 0.170158 2.713983 -0.130786
v -0.837959 1.482895 -0.130890
v -0.182214 0.327629 0.075617
v -0.478331 1.066175 0.014929
v -0.298247 0.725339 0.074214
v -0.489550 1.029167 -0.074727
v -0.308664 0.687497 -0.023253
v -0.168008 0.294850 0.052526
v -0.207679 0.302753 0.023609
v -0.634988 1.318812 -0.074784
v -0.653744 1.283038 -0.115588
v 0.744748 1.684351 -0.744667
v -0.073872 0.778125 -0.074636
v 0.301952 1.551031 -0.436747
v 0.083999 1.264768 -0.256456
v 0.384474 1.495707 -0.385963
v 0.172406 1.207011 -0.201600
v -0.068089 0.743841 -0.040942
v -0.016318 0.735714 -0.062830
v -0.036990 0.748582 -0.000458
v 0.501623 1.659344 -0.538451
v 0.536301 1.608527 -0.520703
v 0.171538 1.572949 -0.656642
v -0.190047 1.254225 0.007479
v -0.115204 1.266851 0.059820
v -0.113166 1.896427 -0.283810
v -0.207752 1.658001 -0.083869
v -0.055888 1.679647 0.002293
v 0.033767 1.925334 -0.221477
v -0.047437 1.868246 -0.214713
v -0.104828 1.629404 -0.077306
v -0.166343 1.222641 0.024182
v -0.130909 1.235609 -0.009070
v -0.129567 1.229541 0.049899
v 0.065171 1.761296 -0.499092
v 0.086019 1.732384 -0.452905
v 0.133211 1.774740 -0.469022
v -0.490881 1.893150 0.582362
v -0.178760 0.519748 0.070503
v -0.229472 0.529436 0.047180
v -0.329907 1.396192 0.324126
v -0.239319 0.991121 0.181271
v -0.339708 1.005111 0.145254
v -0.422772 1.409283 0.291705
v -0.380346 1.353212 0.324995
v -0.294421 0.947209 0.181363
v -0.187887 0.481042 0.057928
v -0.208234 0.490937 0.082285
v -0.212941 0.486619 0.046569
v -0.426072 1.696989 0.443036
v -0.446884 1.655146 0.449908
v -0.469208 1.701786 0.427742
v -0.623714 2.515866 -0.333102
v -0.214410 0.348250 0.020201
v -0.140484 0.374780 -0.010851
v -0.437028 1.704934 -0.083675
v -0.324249 1.067342 0.011307
v -0.189144 1.113920 -0.061447
v -0.313093 1.748376 -0.151765
v -0.386746 1.658852 -0.155156
v -0.268589 1.021273 -0.064935
v -0.188068 0.293145 0.008561
v -0.197683 0.317719 -0.033390
v -0.151799 0.307422 -0.006663
v -0.508222 2.189567 -0.198242
v -0.492936 2.136649 -0.242113
v -0.450276 2.207851 -0.230092
v 0.188467 1.328885 0.139255
v 0.309397 1.732192 0.227283
v 0.103341 0.474091 0.103608
v 0.212004 1.316021 0.181275
v 0.331624 1.715838 0.264011
v 0.353105 1.710439 0.259866
v 0.236221 1.312063 0.178312
v 0.141439 0.470573 0.102369
v 0.117661 -0.174057 0.040644
v 0.076780 -0.170349 0.041712
v 0.042716 -0.162241 0.009176
v 0.042212 -0.156100 -0.031422
v 0.150391 -0.165912 -0.034249
v 0.150895 -0.172054 0.006349
v 0.075446 -0.154097 -0.065717
v 0.116327 -0.157805 -0.066785
v 0.071090 0.487660 0.035285
v 0.071577 0.481805 0.073319
v 0.190439 1.323617 0.163641
v 0.311893 1.725659 0.249302
v 0.346455 1.727745 0.201606
v 0.230973 1.326060 0.113810
v 0.140142 0.486085 0.001739
v 0.102050 0.489592 0.002971
v 0.206769 1.329987 0.116758
v 0.324978 1.733141 0.205744
v 0.368729 1.711374 0.238341
v 0.254510 1.313171 0.155811
v 0.172390 0.472503 0.070047
v 0.171895 0.478370 0.032020
v 0.252523 1.318469 0.131440
v 0.366226 1.717911 0.216329
v 0.120085 0.156601 0.061292
v 0.047000 0.160009 0.029893
v 0.080296 0.157153 0.061992
v 0.046345 0.162924 -0.009804
v 0.118362 0.164310 -0.043748
v 0.152299 0.158544 0.028043
v 0.078564 0.164866 -0.043051
v 0.151653 0.161456 -0.011651
v 0.678016 2.531168 0.527487
v 0.550478 2.240824 0.427361
v 0.564598 2.235827 0.423883
v 0.688028 2.527488 0.524628
v 0.667360 2.541923 0.510386
v 0.535735 2.255459 0.403436
v 0.537476 2.249713 0.418132
v 0.668689 2.537691 0.521061
v 0.695171 2.527887 0.513514
v 0.574745 2.236430 0.408902
v 0.572951 2.242115 0.394173
v 0.693865 2.532081 0.502875
v 0.684536 2.538604 0.496447
v 0.559896 2.250982 0.384957
v 0.545841 2.256040 0.388468
v 0.674499 2.542323 0.499271
v 0.785511 1.700538 0.542951
v 0.129444 0.558425 0.085136
v 0.184177 1.091983 0.193640
v 0.341809 1.441197 0.317231
v 0.431036 1.387201 0.277959
v 0.279662 1.035344 0.153099
v 0.179149 0.512568 0.031536
v 0.207195 0.519136 0.080482
v 0.141782 0.517744 0.066256
v 0.558507 1.548936 0.385325
v 0.506575 1.595904 0.402853
v 0.115441 1.779934 0.800881
v 0.106217 0.123705 0.003866
v 0.048761 0.152408 -0.022657
v 0.170429 1.175971 0.422655
v 0.165844 0.686906 0.197505
v 0.050497 0.736326 0.156758
v 0.063757 1.221753 0.386074
v 0.098060 1.139112 0.419219
v 0.087657 0.650356 0.193078
v 0.084543 0.081874 -0.016070
v 0.062728 0.096401 0.015167
v 0.056378 0.096974 -0.028877
v 0.139174 1.545746 0.605933
v 0.102400 1.501121 0.609521
v 0.089264 1.565518 0.588498
v -0.030832 1.506919 -0.070080
v -0.090460 1.929131 -0.013417
v -0.077070 0.648754 -0.045477
v -0.076898 1.501188 -0.051909
v -0.131515 1.919303 0.004702
v -0.131051 1.916501 0.027055
v -0.077825 1.500283 -0.027226
v -0.081600 0.650310 -0.007498
v -0.087877 0.005450 0.056055
v -0.082767 0.003691 0.015349
v -0.045069 0.004162 -0.014033
v -0.004379 0.006494 -0.009025
v -0.017903 0.011150 0.098689
v -0.058593 0.008818 0.093681
v 0.024905 0.009862 0.028601
v 0.019794 0.011622 0.069307
v -0.003817 0.651633 -0.068236
v -0.041950 0.649350 -0.072902
v -0.055680 1.504185 -0.071261
v -0.113191 1.925006 -0.013569
v -0.070898 1.927428 0.027409
v -0.012088 1.507571 -0.024140
v 0.019295 0.656370 0.004834
v 0.023831 0.654803 -0.033136
v -0.011152 1.508447 -0.048804
v -0.071356 1.930228 0.005061
v -0.111969 1.917589 0.045575
v -0.058139 1.501815 -0.005963
v -0.053943 0.653477 0.027596
v -0.015815 0.655771 0.032250
v -0.033300 1.504578 -0.004803
v -0.089243 1.921719 0.045719
v -0.072444 0.333915 0.015564
v -0.030883 0.324588 -0.051701
v -0.067469 0.329155 -0.023635
v 0.008589 0.323797 -0.046593
v 0.031999 0.331820 0.029093
v -0.044052 0.337181 0.052036
v 0.036979 0.327062 -0.010116
v -0.004585 0.336388 0.057153
v -0.350563 2.794311 0.206069
v -0.265769 2.481583 0.131224
v -0.264881 2.478244 0.146208
v -0.349561 2.791772 0.216771
v -0.331061 2.801945 0.196955
v -0.238554 2.491878 0.118685
v -0.253887 2.487769 0.118824
v -0.342214 2.798911 0.197126
v -0.339588 2.792129 0.225436
v -0.251503 2.478857 0.158390
v -0.236137 2.482897 0.158212
v -0.328477 2.795132 0.225287
v -0.320126 2.799730 0.216342
v -0.224262 2.489054 0.145759
v -0.225185 2.492466 0.130827
v -0.321085 2.802300 0.205618
v -0.471584 1.990583 0.408840
v 0.004248 0.728912 0.059417
v -0.053364 0.733826 -0.027160
v -0.098635 1.647876 0.180545
v 0.013537 1.270470 0.097255
v -0.109601 1.277479 -0.054206
v -0.215296 1.654473 0.039482
v -0.195113 1.609689 0.139513
v -0.089338 1.230818 0.052475
v -0.012627 0.690450 0.035334
v -0.064023 0.705128 0.054530
v -0.040964 0.693647 -0.007274
v -0.251670 1.836356 0.235310
v -0.301058 1.796157 0.228620
v -0.305865 1.837076 0.169353
v -0.711645 2.444940 -0.458402
v -0.079686 0.767502 -0.114411
v -0.189188 1.357415 -0.229146
v -0.360336 1.855551 -0.333890
v -0.409708 1.781428 -0.299639
v -0.242683 1.280658 -0.192576
v -0.102519 0.703543 -0.073341
v -0.125662 0.717088 -0.104060
v -0.081617 0.713430 -0.098849
v -0.554558 2.153566 -0.388048
v -0.524053 2.213640 -0.402947
v 0.047794 1.437512 0.150418
v 0.050813 1.862943 0.104230
v 0.071730 0.592225 0.148367
v 0.071776 1.434618 0.106810
v 0.070936 1.856103 0.063503
v 0.056354 1.854694 0.046381
v 0.056798 1.435144 0.087155
v 0.051082 0.593781 0.116171
v 0.015525 -0.051079 0.115480
v 0.037458 -0.052838 0.150150
v 0.027039 -0.052367 0.196797
v -0.007554 -0.050035 0.218799
v -0.065593 -0.045379 0.127057
v -0.031001 -0.047711 0.105054
v -0.054079 -0.046667 0.208373
v -0.076012 -0.044907 0.173703
v 0.029656 0.595104 0.212505
v 0.062056 0.592821 0.191864
v 0.067712 1.435688 0.135377
v 0.068434 1.859829 0.089618
v 0.009753 1.862944 0.085088
v 0.004129 1.440023 0.126981
v -0.034639 0.599841 0.170795
v -0.014000 0.598273 0.202988
v 0.019087 1.439469 0.146626
v 0.024326 1.864351 0.102208
v 0.029857 1.856097 0.044314
v 0.028095 1.437103 0.083376
v 0.007423 0.596947 0.106665
v -0.024967 0.599242 0.127312
v 0.008197 1.438955 0.098430
v 0.012245 1.859216 0.058930
v 0.029353 0.277386 0.116770
v 0.040035 0.268059 0.195114
v 0.050434 0.272626 0.150190
v 0.006319 0.267268 0.216265
v -0.059867 0.275291 0.172726
v -0.015750 0.280652 0.106667
v -0.038785 0.270533 0.206157
v -0.049468 0.279859 0.127808
v 0.171897 2.565433 -0.070754
v 0.123572 2.248223 0.016614
v 0.113167 2.246723 0.005392
v 0.164167 2.564218 -0.078549
v 0.163268 2.572408 -0.050790
v 0.111384 2.257624 0.044309
v 0.122756 2.253177 0.034165
v 0.171492 2.569138 -0.058226
v 0.151056 2.565858 -0.078865
v 0.095243 2.249123 0.004547
v 0.083862 2.253498 0.014737
v 0.142848 2.569099 -0.071475
v 0.142443 2.572802 -0.058945
v 0.083083 2.258417 0.032321
v 0.093489 2.259995 0.043487
v 0.150156 2.574048 -0.051104
v -0.157814 1.421051 0.184827
v -0.118154 1.846482 0.208691
v -0.166968 0.575763 0.207039
v -0.130060 1.418157 0.226137
v -0.091189 1.839641 0.245249
v -0.069287 1.838232 0.240143
v -0.105725 1.418682 0.221840
v -0.128888 0.577320 0.203454
v -0.111969 -0.067540 0.172172
v -0.152837 -0.069300 0.175765
v -0.189511 -0.068829 0.145115
v -0.193201 -0.066497 0.104284
v -0.085058 -0.061840 0.094778
v -0.081368 -0.064173 0.135609
v -0.162600 -0.063129 0.067721
v -0.121732 -0.061369 0.064128
v -0.204671 0.578642 0.140237
v -0.201186 0.576359 0.178495
v -0.153582 1.419227 0.209425
v -0.113249 1.843367 0.231051
v -0.082314 1.846482 0.180980
v -0.116964 1.423561 0.156772
v -0.138121 0.583379 0.102228
v -0.176194 0.581812 0.105806
v -0.141280 1.423007 0.161056
v -0.104211 1.847889 0.186080
v -0.055299 1.839635 0.217545
v -0.089204 1.420641 0.198065
v -0.100420 0.580486 0.169016
v -0.103915 0.582780 0.130764
v -0.093457 1.422494 0.173479
v -0.060211 1.842754 0.195191
v -0.119456 0.260924 0.183870
v -0.193976 0.251597 0.157436
v -0.158823 0.256165 0.187277
v -0.197310 0.250806 0.117775
v -0.128268 0.258829 0.078923
v -0.089796 0.264190 0.148422
v -0.167644 0.254071 0.082328
v -0.093120 0.263397 0.108764
v -0.018179 2.548971 0.396536
v -0.073659 2.231761 0.313527
v -0.058915 2.230262 0.309427
v -0.007708 2.547756 0.393241
v -0.031963 2.555946 0.379713
v -0.092681 2.241162 0.289996
v -0.088881 2.236715 0.304754
v -0.029127 2.552676 0.390432
v -0.001414 2.549396 0.381735
v -0.049945 2.232661 0.293886
v -0.053781 2.237036 0.279100
v -0.004218 2.552638 0.371052
v -0.015167 2.556340 0.364946
v -0.069050 2.241955 0.270343
v -0.083745 2.243533 0.274470
v -0.025672 2.557586 0.368205
v -0.249267 1.979378 0.604173
v -0.114041 1.056500 0.213526
v -0.152344 1.075021 0.160393
v -0.111813 1.624554 0.407518
v -0.077676 1.353530 0.300516
v -0.160484 1.388148 0.206642
v -0.188828 1.656744 0.321673
v -0.179947 1.615118 0.381771
v -0.150649 1.344880 0.271416
v -0.130131 1.035993 0.194966
v -0.160920 1.049894 0.211022
v -0.148875 1.045609 0.168892
v -0.174337 1.835570 0.485727
v -0.213880 1.818505 0.482512
v -0.210419 1.849768 0.445602
v 0.247679 2.180995 -0.356634
v 0.071442 0.393314 0.032661
v 0.139388 0.403378 0.043179
v 0.154818 1.515009 -0.114373
v 0.101549 0.989612 -0.009410
v 0.232285 1.005484 -0.001433
v 0.275424 1.530066 -0.107991
v 0.213435 1.466828 -0.143532
v 0.165905 0.940457 -0.039588
v 0.086744 0.344555 0.034974
v 0.101512 0.363154 0.001828
v 0.120253 0.350515 0.040162
v 0.223404 1.909909 -0.217585
v 0.245156 1.862386 -0.242586
v 0.279512 1.915304 -0.214644
v -0.230605 1.929097 0.892096
v -0.119659 0.253690 0.144355
v -0.179110 0.277306 0.117218
v -0.132099 1.319813 0.531652
v -0.101178 0.825252 0.321055
v -0.219906 0.864855 0.279311
v -0.241903 1.356550 0.494147
v -0.201576 1.277666 0.529585
v -0.176480 0.782957 0.318010
v -0.138240 0.209810 0.125746
v -0.161010 0.223622 0.156624
v -0.167458 0.222419 0.112607
v -0.190085 1.691588 0.704055
v -0.223481 1.644515 0.709100
v -0.241340 1.707123 0.686237
v 0.037544 2.139922 0.775063
v 0.071660 0.892586 0.175780
v 0.007357 0.895589 0.151228
v 0.102883 1.807333 0.349091
v 0.108195 1.433461 0.205877
v -0.014788 1.436515 0.178041
v -0.012579 1.810191 0.324507
v 0.038901 1.766416 0.383680
v 0.039556 1.390893 0.242021
v 0.052215 0.853648 0.168896
v 0.036945 0.866952 0.218065
v 0.020599 0.855904 0.156814
v 0.060602 1.991424 0.496026
v 0.033451 1.949921 0.523932
v 0.006711 1.990411 0.484255
v 0.452356 2.372506 -0.072212
v 0.058206 1.454199 0.082561
v 0.050797 1.470114 0.148326
v 0.206593 2.023514 -0.036544
v 0.100175 1.753614 0.007021
v 0.098242 1.782820 0.133557
v 0.205790 2.050684 0.080066
v 0.238760 2.010204 0.028127
v 0.133637 1.740798 0.077468
v 0.056738 1.432678 0.106194
v 0.090666 1.445083 0.115890
v 0.053080 1.441017 0.138455
v 0.312341 2.231689 -0.042354
v 0.338603 2.212513 -0.013932
v 0.312000 2.243538 0.012172
v 0.694538 2.640444 -0.297451
v 0.866423 2.566607 -0.343633
v 1.051762 2.285001 -0.334270
v 1.061875 2.295696 -0.347148
v 0.874408 2.572777 -0.352468
v 0.702214 2.652420 -0.307515
v 0.693358 2.645683 -0.319636
v 0.866034 2.568540 -0.365311
v 1.051888 2.288472 -0.357732
v 1.042965 2.280457 -0.345995
v 0.858139 2.561612 -0.356366
v 0.686134 2.634178 -0.309771
v 0.313815 2.629614 -0.189211
v 0.319643 2.612825 -0.178627
v 0.320794 2.624765 -0.161481
v 0.314986 2.641549 -0.171874
v 0.405011 2.661480 -0.226262
v 0.534016 2.675310 -0.270227
v 0.533680 2.663272 -0.259654
v 0.403351 2.648695 -0.216662
v 0.536559 2.672528 -0.245828
v 0.405828 2.658263 -0.205543
v 0.536994 2.684646 -0.256913
v 0.407520 2.671054 -0.214857
v 0.927718 2.372467 -0.392950
v 0.975317 2.350178 -0.374119
v 0.935993 2.347045 -0.347141
v 0.928560 2.331795 -0.395767
v 0.932610 2.411546 -0.377364
v 0.967771 2.312539 -0.380023
v 0.971720 2.394300 -0.362233
v 0.943934 2.270561 -0.382811
v 0.939751 2.308981 -0.357880
v 0.953493 2.438671 -0.345488
v 0.944018 2.390301 -0.340179
v 0.948383 2.312200 -0.285661
v 0.993980 2.285836 -0.315437
v 0.941223 2.311020 -0.339831
v 0.957063 2.356208 -0.297310
v 0.941199 2.258959 -0.287832
v 0.994825 2.334505 -0.321988
v 0.978483 2.237367 -0.312188
v 0.978056 2.400565 -0.331419
v 0.955788 2.352050 -0.342283
v 0.943942 2.199830 -0.312070
v 0.939531 2.255392 -0.332711
v 0.827724 2.541628 -0.264439
v 0.882455 2.487242 -0.281573
v 0.819111 2.485578 -0.306243
v 0.835470 2.564006 -0.300841
v 0.821663 2.498168 -0.234006
v 0.880041 2.520617 -0.315060
v 0.866893 2.451648 -0.247650
v 0.856539 2.565431 -0.358090
v 0.834148 2.516722 -0.335925
v 0.828410 2.423555 -0.218935
v 0.819781 2.447234 -0.267417
v 0.895574 2.394384 -0.293738
v 0.939022 2.395697 -0.342327
v 0.872193 2.413800 -0.354684
v 0.895440 2.450891 -0.298113
v 0.893449 2.332967 -0.306287
v 0.930930 2.452061 -0.337918
v 0.929602 2.335043 -0.346903
v 0.900775 2.519432 -0.328586
v 0.881470 2.464947 -0.350175
v 0.898068 2.279600 -0.349383
v 0.879355 2.349640 -0.359153
v 0.796176 2.506876 -0.339863
v 0.850921 2.487994 -0.344885
v 0.816156 2.518970 -0.385368
v 0.806551 2.543872 -0.334835
v 0.793418 2.464972 -0.356285
v 0.851235 2.529201 -0.339011
v 0.838544 2.448001 -0.360005
v 0.837399 2.584084 -0.339716
v 0.827290 2.550888 -0.370543
v 0.811180 2.420381 -0.385136
v 0.814495 2.472857 -0.392546
v 0.783612 2.542698 -0.280873
v 0.801817 2.540925 -0.327866
v 0.753087 2.539407 -0.317400
v 0.776247 2.577465 -0.288379
v 0.786375 2.500487 -0.284263
v 0.791150 2.576422 -0.327109
v 0.801459 2.498263 -0.322724
v 0.765063 2.617223 -0.317872
v 0.754092 2.574658 -0.321492
v 0.786053 2.456012 -0.309888
v 0.764223 2.498332 -0.317601
v 0.713757 2.560912 -0.288066
v 0.749624 2.565771 -0.325000
v 0.697660 2.571954 -0.333512
v 0.712071 2.597149 -0.288525
v 0.714713 2.522235 -0.301066
v 0.741536 2.601468 -0.318984
v 0.744215 2.525920 -0.331335
v 0.715700 2.643736 -0.309085
v 0.702928 2.606204 -0.327632
v 0.721334 2.488061 -0.335941
v 0.705667 2.531512 -0.340323
v 0.601320 2.583905 -0.262781
v 0.653736 2.572211 -0.262710
v 0.625332 2.577765 -0.304325
v 0.609496 2.615746 -0.267749
v 0.601786 2.544876 -0.266552
v 0.652548 2.606245 -0.267696
v 0.644817 2.534711 -0.266256
v 0.638324 2.648630 -0.282682
v 0.633345 2.609823 -0.300212
v 0.623059 2.500861 -0.280602
v 0.625667 2.538524 -0.298892
v 0.666153 2.592880 -0.218790
v 0.711640 2.569081 -0.254871
v 0.653676 2.565213 -0.265961
v 0.664189 2.623469 -0.242033
v 0.668942 2.548939 -0.205781
v 0.701646 2.604489 -0.271944
v 0.706344 2.529229 -0.235400
v 0.670960 2.647628 -0.289929
v 0.658920 2.599908 -0.282646
v 0.680672 2.491080 -0.214952
v 0.663519 2.524540 -0.245990
v 1.058700 2.287141 -0.289392
v 1.017651 2.256315 -0.304602
v 1.016352 2.308323 -0.274662
v 1.048694 2.315766 -0.312819
v 1.056466 2.257778 -0.260574
v 1.014921 2.290698 -0.325401
v 1.023633 2.231106 -0.273315
v 1.015617 2.347398 -0.341246
v 1.011464 2.329120 -0.302641
v 1.032449 2.224547 -0.233064
v 1.019945 2.270754 -0.250802
v 0.107455 2.466849 -0.117468
v 0.120658 2.450567 -0.109434
v 0.117943 2.459476 -0.088720
v 0.104772 2.475723 -0.096551
v -0.438135 2.285404 0.150290
v -0.588238 2.305218 0.177035
v -0.829061 2.186978 0.156091
v -0.832312 2.198627 0.165954
v -0.591660 2.312833 0.183731
v -0.439050 2.296899 0.158058
v -0.436354 2.288862 0.168083
v -0.588315 2.306720 0.194339
v -0.828958 2.189773 0.174808
v -0.825493 2.180465 0.165827
v -0.585257 2.298619 0.187540
v -0.435566 2.277877 0.160456
v -0.176181 2.121686 0.083996
v -0.186441 2.112362 0.075041
v -0.181487 2.120766 0.061490
v -0.171232 2.130091 0.070292
v -0.227616 2.181173 0.109121
v -0.312629 2.243735 0.137521
v -0.316739 2.235170 0.128962
v -0.231173 2.171572 0.101396
v -0.314232 2.242483 0.117928
v -0.228405 2.178977 0.092541
v -0.310184 2.251152 0.126890
v -0.224852 2.188590 0.100037
v -0.721364 2.190904 0.212352
v -0.762884 2.194719 0.194191
v -0.735259 2.175797 0.174335
v -0.738968 2.162786 0.214044
v -0.707752 2.220081 0.199955
v -0.773530 2.165298 0.198883
v -0.741441 2.223970 0.185325
v -0.774420 2.126033 0.201858
v -0.754240 2.150841 0.182343
v -0.709411 2.247255 0.173297
v -0.722562 2.209336 0.168834
v -0.755105 2.155545 0.123233
v -0.799495 2.156435 0.144627
v -0.753465 2.152598 0.167625
v -0.743543 2.190175 0.132832
v -0.772275 2.115279 0.124660
v -0.780252 2.191004 0.150566
v -0.808588 2.115983 0.142160
v -0.741637 2.230506 0.160027
v -0.746764 2.187436 0.169392
v -0.799999 2.075347 0.143407
v -0.774971 2.112790 0.161174
v -0.574488 2.266013 0.115578
v -0.636213 2.250849 0.125827
v -0.593929 2.223807 0.149253
v -0.572557 2.285481 0.145050
v -0.586656 2.232558 0.090582
v -0.622464 2.273768 0.153625
v -0.638292 2.218915 0.098610
v -0.589735 2.296111 0.190464
v -0.593103 2.252338 0.172991
v -0.621513 2.182817 0.076958
v -0.608236 2.196598 0.117143
v -0.684536 2.191387 0.133748
v -0.716945 2.211081 0.170921
v -0.663375 2.196257 0.184797
v -0.661243 2.231010 0.138078
v -0.709184 2.147649 0.143226
v -0.687682 2.247168 0.168538
v -0.735755 2.164730 0.174322
v -0.638168 2.281745 0.163488
v -0.648412 2.235887 0.181328
v -0.736831 2.112830 0.177277
v -0.695225 2.154322 0.187172
v -0.570849 2.229754 0.178095
v -0.617218 2.239294 0.178982
v -0.582218 2.247228 0.214168
v -0.562494 2.259910 0.173955
v -0.587169 2.199494 0.191020
v -0.600038 2.268217 0.174752
v -0.625951 2.206365 0.191391
v -0.567644 2.300964 0.176812
v -0.575979 2.273986 0.201957
v -0.619609 2.176052 0.212908
v -0.600559 2.214328 0.219464
v -0.544079 2.248732 0.131317
v -0.560036 2.255772 0.168505
v -0.526043 2.234341 0.162595
v -0.524912 2.270167 0.138284
v -0.563694 2.220341 0.133350
v -0.537819 2.276221 0.168945
v -0.577204 2.225639 0.163767
v -0.502172 2.293862 0.163392
v -0.512345 2.259532 0.166346
v -0.583272 2.189433 0.153588
v -0.550871 2.210169 0.161603
v -0.488071 2.232650 0.141158
v -0.513093 2.251505 0.169315
v -0.474653 2.234429 0.179106
v -0.471891 2.257361 0.142114
v -0.505469 2.206138 0.151147
v -0.492317 2.273081 0.165345
v -0.526172 2.221427 0.174213
v -0.456202 2.291843 0.159261
v -0.463821 2.260529 0.174510
v -0.526120 2.185474 0.178669
v -0.497382 2.209506 0.183662
v -0.437857 2.234237 0.087848
v -0.481441 2.236979 0.114407
v -0.443112 2.210410 0.126478
v -0.425034 2.255229 0.107259
v -0.457337 2.204388 0.076530
v -0.460679 2.257923 0.129299
v -0.493231 2.206543 0.098326
v -0.422293 2.275723 0.146148
v -0.433277 2.237166 0.140227
v -0.490017 2.168837 0.082568
v -0.465798 2.185667 0.109167
v -0.362021 2.187855 0.115532
v -0.395755 2.215811 0.128868
v -0.365931 2.196640 0.156001
v -0.344059 2.211243 0.117531
v -0.386421 2.165019 0.123536
v -0.371533 2.234628 0.128647
v -0.414421 2.187562 0.134325
v -0.332586 2.248231 0.132498
v -0.350304 2.220974 0.150536
v -0.421156 2.152028 0.145376
v -0.392872 2.174505 0.156467
v -0.384865 2.220516 0.152309
v -0.398105 2.251410 0.134710
v -0.378875 2.252795 0.167655
v -0.362335 2.228637 0.142283
v -0.410568 2.221043 0.165700
v -0.373165 2.254098 0.127831
v -0.421531 2.246322 0.151184
v -0.338135 2.253331 0.128904
v -0.358999 2.256767 0.152504
v -0.438082 2.238482 0.177676
v -0.407111 2.249427 0.176034
v -0.823730 2.171506 0.208957
v -0.795709 2.139430 0.199579
v -0.823721 2.165370 0.169034
v -0.806655 2.193107 0.194257
v -0.840816 2.143259 0.215005
v -0.783586 2.166930 0.186421
v -0.817735 2.116418 0.208537
v -0.778905 2.209239 0.164328
v -0.803961 2.184963 0.162114
v -0.849543 2.104455 0.209028
v -0.838001 2.135246 0.183574
v -0.097245 1.925014 0.035567
v -0.112482 1.919073 0.028261
v -0.105927 1.923769 0.012032
v -0.090715 1.929697 0.019175
vn -0.4293 -0.0091 -0.9031
vn -0.4878 -0.0020 -0.8730
vn 0.2730 -0.0710 -0.9594
vn 0.3422 0.0042 -0.9396
vn -0.8781 0.1165 0.4641
vn -0.8340 0.2719 0.4802
vn -0.9435 0.2342 -0.2345
vn -0.9574 0.0758 -0.2787
vn -0.9032 0.0061 0.4291
vn -0.9436 -0.0080 -0.3310
vn -0.9121 -0.0631 0.4052
vn -0.9345 -0.0608 -0.3507
vn -0.5323 0.0714 -0.8436
vn 0.2209 -0.1380 -0.9655
vn -0.4191 -0.0195 -0.9077
vn 0.3444 0.0362 -0.9381
vn -0.6743 -0.6690 0.3127
vn -0.2522 -0.6439 0.7223
vn -0.3650 -0.0257 0.9307
vn -0.2939 -0.6439 -0.7064
vn -0.6914 -0.6690 -0.2728
vn 0.9072 0.0732 -0.4143
vn 0.7417 -0.5871 -0.3244
vn 0.3001 -0.6100 -0.7334
vn 0.7593 -0.5871 0.2806
vn 0.3424 -0.6100 0.7146
vn 0.9069 0.0233 -0.4207
vn 0.9388 0.0365 0.3426
vn 0.9315 0.0702 0.3570
vn 0.8757 -0.0882 -0.4748
vn 0.9525 -0.0430 0.3015
vn 0.8293 -0.2522 -0.4986
vn 0.9474 -0.2122 0.2397
vn 0.4003 0.0294 0.9159
vn 0.4214 0.0368 0.9061
vn -0.3415 0.0244 0.9396
vn 0.4493 0.0364 0.8927
vn -0.3084 0.1009 0.9459
vn 0.5088 -0.0415 0.8599
vn -0.2548 0.1657 0.9527
vn 0.9520 -0.2609 0.1601
vn 0.6195 -0.1026 0.7782
vn 0.5856 -0.1066 0.8035
vn 0.9438 -0.2723 0.1876
vn -0.2313 0.1862 0.9549
vn -0.8361 0.3319 0.4368
vn -0.8306 0.3124 0.4609
vn -0.2192 0.1605 0.9624
vn -0.9362 0.3108 -0.1642
vn -0.6009 0.1548 -0.7842
vn -0.5664 0.1228 -0.8149
vn -0.9369 0.2928 -0.1912
vn 0.2540 -0.1289 -0.9586
vn 0.8555 -0.2781 -0.4367
vn 0.8351 -0.2939 -0.4649
vn 0.2470 -0.1480 -0.9576
vn 0.4811 -0.1715 0.8597
vn -0.0784 0.2236 0.9715
vn 0.8257 -0.5171 0.2253
vn 0.7088 -0.5652 -0.4222
vn -0.5794 0.6248 0.5234
vn -0.7400 0.6183 -0.2647
vn 0.0937 -0.2587 -0.9614
vn -0.5810 0.3507 -0.7345
vn -0.8427 -0.4134 0.3450
vn -0.8180 -0.4947 -0.2935
vn -0.8557 -0.3976 -0.3313
vn -0.8906 -0.3467 0.2943
vn -0.6971 -0.4487 0.5592
vn -0.7052 -0.6682 -0.2371
vn -0.7747 -0.5775 -0.2574
vn -0.9112 -0.2487 0.3284
vn -0.7996 -0.5228 -0.2954
vn -0.6541 -0.7453 0.1295
vn -0.0057 -0.6125 -0.7904
vn 0.4853 -0.7659 -0.4218
vn 0.6279 -0.5834 -0.5152
vn 0.1261 -0.5058 -0.8534
vn -0.3057 -0.6125 -0.7290
vn 0.1696 -0.9706 -0.1707
vn 0.2979 -0.9089 -0.2919
vn 0.0564 -0.8523 -0.5200
vn 0.5589 -0.6849 -0.4675
vn 0.6718 -0.7349 0.0927
vn 0.1524 -0.3778 -0.9133
vn -0.3508 -0.8664 -0.3553
vn 0.3619 -0.8711 -0.3319
vn 0.5085 -0.4258 -0.7484
vn 0.0263 -0.4395 -0.8979
vn 0.8253 -0.3939 -0.4045
vn 0.7010 -0.6558 0.2804
vn -0.7432 -0.6665 0.0581
vn -0.1231 -0.8060 0.5790
vn -0.0687 -0.8666 0.4942
vn 0.5907 -0.5214 0.6158
vn 0.0652 -0.7037 -0.7075
vn 0.4885 -0.4379 -0.7547
vn 0.8064 -0.5207 -0.2804
vn 0.9357 -0.1563 -0.3162
vn -0.1256 -0.2089 -0.9698
vn 0.3380 -0.2615 0.9041
vn -0.3400 -0.3825 0.8592
vn -0.3730 -0.3212 0.8705
vn 0.2551 -0.2428 0.9359
vn -0.8270 -0.3227 0.4603
vn -0.8471 -0.3352 0.4123
vn 0.6203 -0.2478 0.7442
vn -0.3452 -0.5043 0.7915
vn -0.2995 -0.4224 0.8555
vn -0.8989 -0.3202 0.2992
vn -0.0026 -0.7284 0.6852
vn -0.3391 -0.4655 0.8175
vn -0.6983 -0.6240 0.3507
vn -0.8621 -0.2758 0.4251
vn 0.2890 -0.1756 0.9411
vn -0.8969 -0.2320 -0.3765
vn -0.4256 -0.2097 -0.8803
vn -0.4169 -0.1419 -0.8978
vn -0.8699 -0.1929 -0.4539
vn 0.1873 -0.0893 -0.9782
vn 0.2379 -0.1021 -0.9659
vn -0.9532 -0.2955 -0.0631
vn -0.3633 -0.3340 -0.8698
vn -0.4462 -0.2575 -0.8571
vn 0.3570 -0.0883 -0.9299
vn -0.4858 -0.6358 -0.5999
vn -0.3894 -0.2949 -0.8726
vn 0.2074 -0.4209 -0.8831
vn 0.2341 -0.0399 -0.9714
vn -0.8992 -0.1343 -0.4164
vn 0.3486 0.0977 -0.9322
vn 0.2871 0.1136 -0.9511
vn 0.8691 -0.0811 -0.4880
vn 0.9098 -0.0196 -0.4145
vn -0.9290 0.2475 -0.2750
vn -0.9044 0.3805 -0.1930
vn -0.4582 0.3889 -0.7993
vn -0.4560 0.2484 -0.8546
vn -0.9317 0.1444 -0.3334
vn -0.4168 0.1655 -0.8938
vn -0.9271 0.0786 -0.3665
vn -0.4014 0.1127 -0.9089
vn 0.2642 0.1779 -0.9479
vn 0.8315 -0.1314 -0.5398
vn 0.3579 0.0859 -0.9298
vn 0.9133 0.0115 -0.4072
vn -0.7528 -0.5551 -0.3537
vn -0.7516 -0.6177 0.2316
vn -0.9212 0.0027 0.3892
vn 0.2422 -0.5578 -0.7939
vn -0.3455 -0.5306 -0.7740
vn 0.9312 -0.0675 0.3582
vn 0.6908 -0.6927 0.2072
vn 0.6758 -0.6248 -0.3910
vn 0.2700 -0.7181 0.6414
vn -0.3314 -0.6855 0.6483
vn 0.9309 -0.1164 0.3462
vn 0.4079 -0.1370 0.9027
vn 0.3956 -0.1031 0.9126
vn 0.9376 -0.2188 0.2701
vn 0.4394 -0.2161 0.8719
vn 0.9162 -0.3575 0.1813
vn 0.4585 -0.3670 0.8094
vn -0.3759 -0.0732 0.9238
vn -0.3536 -0.0692 0.9328
vn -0.9066 0.0476 0.4193
vn -0.3247 -0.0738 0.9429
vn -0.8811 0.1171 0.4582
vn -0.2835 -0.1435 0.9482
vn -0.8387 0.1665 0.5186
vn 0.6055 0.1887 0.7732
vn 0.0504 0.3834 0.9222
vn -0.2640 -0.1967 0.9443
vn 0.4598 -0.4427 0.7698
vn -0.3716 0.6817 0.6302
vn -0.4302 0.8974 0.0979
vn -0.8858 0.4434 -0.1370
vn -0.8135 0.1713 0.5558
vn -0.1004 0.9150 -0.3908
vn 0.4504 0.7153 -0.5343
vn 0.2712 0.2306 -0.9345
vn -0.4465 0.4739 -0.7590
vn 0.8708 0.4272 -0.2434
vn 0.9339 0.2154 0.2854
vn 0.9005 -0.4110 0.1421
vn 0.8223 -0.1361 -0.5525
vn 0.1521 -0.3174 0.9360
vn 0.6698 -0.3508 0.6544
vn 0.5959 -0.5716 0.5641
vn 0.0672 -0.4547 0.8881
vn -0.1040 -0.5238 0.8455
vn 0.4750 -0.7692 0.4274
vn 0.6642 -0.7320 0.1515
vn 0.6336 -0.4706 0.6141
vn 0.1049 -0.5789 0.8086
vn 0.1410 -0.1945 0.9707
vn 0.3541 -0.8746 0.3313
vn 0.2584 -0.4212 0.8694
vn -0.4287 -0.3774 0.8209
vn -0.4468 -0.3116 0.8386
vn 0.1817 -0.3872 0.9039
vn -0.8843 -0.1674 0.4360
vn -0.9062 -0.1701 0.3872
vn 0.5380 -0.4571 0.7082
vn -0.4611 -0.4874 0.7415
vn -0.3985 -0.4250 0.8127
vn -0.9518 -0.1324 0.2768
vn -0.1782 -0.7727 0.6092
vn -0.4465 -0.4538 0.7712
vn -0.8273 -0.4779 0.2953
vn -0.9072 -0.1104 0.4060
vn 0.2302 -0.3305 0.9153
vn 0.8788 0.0594 0.4734
vn 0.9079 0.0651 0.4141
vn 0.3490 -0.0068 0.9371
vn 0.2776 0.0660 0.9584
vn 0.4284 0.0941 -0.8987
vn 0.3588 0.2361 -0.9031
vn 0.8934 0.2499 -0.3732
vn 0.9323 0.1065 -0.3457
vn 0.4750 -0.0132 -0.8799
vn 0.9563 0.0265 -0.2913
vn 0.4998 -0.0805 -0.8624
vn 0.9632 -0.0249 -0.2675
vn 0.9150 0.1257 0.3834
vn 0.3998 -0.0661 0.9142
vn 0.8739 0.0492 0.4836
vn 0.2733 0.0979 0.9569
vn 0.3935 -0.6812 -0.6174
vn -0.1895 -0.6900 -0.6986
vn -0.2529 -0.0865 -0.9636
vn 0.6862 -0.5893 0.4265
vn 0.7524 -0.6399 -0.1562
vn -0.4910 0.0913 0.8664
vn -0.3767 -0.5717 0.7289
vn 0.2214 -0.5606 0.7980
vn -0.7476 -0.6144 0.2524
vn -0.6661 -0.6627 -0.3424
vn -0.4844 0.0419 0.8738
vn -0.9607 0.0012 0.2777
vn -0.9650 0.0339 0.2601
vn -0.4217 -0.0651 0.9044
vn -0.9434 -0.0753 0.3229
vn -0.3465 -0.2128 0.9136
vn -0.9010 -0.2273 0.3694
vn -0.8641 -0.0397 -0.5018
vn -0.8757 -0.0319 -0.4818
vn -0.2797 -0.0375 -0.9594
vn -0.8902 -0.0317 -0.4545
vn -0.3140 0.0379 -0.9487
vn -0.9087 -0.0943 -0.4066
vn -0.3740 0.0979 -0.9223
vn -0.8255 0.3376 0.4524
vn -0.8727 0.4682 -0.1384
vn -0.9134 -0.1446 -0.3804
vn -0.8706 -0.3054 0.3858
vn -0.4934 0.6794 -0.5432
vn 0.0622 0.8363 -0.5448
vn 0.3080 0.3057 -0.9010
vn -0.4137 0.1094 -0.9038
vn 0.4986 0.8541 -0.1483
vn 0.5404 0.7184 0.4380
vn 0.9065 0.1799 0.3819
vn 0.8615 0.3390 -0.3781
vn 0.1635 0.5170 0.8402
vn -0.3889 0.3643 0.8462
vn -0.3115 -0.2713 0.9107
vn 0.4130 -0.0732 0.9078
vn -0.1836 -0.3478 0.9194
vn -0.7016 -0.4327 0.5662
vn -0.7768 -0.1967 0.5983
vn -0.2734 -0.1924 0.9425
vn -0.9771 -0.2083 0.0434
vn -0.9330 -0.3595 -0.0160
vn 0.0997 -0.4582 0.8833
vn -0.4715 -0.7854 0.4011
vn -0.5716 -0.6565 0.4923
vn -0.8745 -0.4546 -0.1691
vn -0.3225 -0.6193 0.7158
vn -0.7448 -0.3236 0.5836
vn -0.8736 -0.4842 0.0481
vn -0.9963 -0.0853 0.0124
vn -0.2564 -0.0515 0.9652
vn -0.2210 -0.2596 -0.9401
vn -0.7322 -0.3087 -0.6071
vn -0.7267 -0.3723 -0.5772
vn -0.1689 -0.2690 -0.9482
vn -0.0473 -0.2467 -0.9679
vn -0.7315 -0.4157 -0.5405
vn -0.6276 -0.7422 -0.2353
vn -0.6827 -0.4541 -0.5725
vn -0.1334 -0.5683 -0.8119
vn -0.1803 -0.2089 -0.9612
vn -0.6543 -0.4916 -0.5747
vn -0.9783 0.0669 0.1961
vn -0.9680 0.0486 0.2462
vn -0.8584 -0.0115 -0.5128
vn -0.8267 0.0378 -0.5614
vn 0.2476 0.0840 0.9652
vn 0.2876 0.0993 0.9526
vn -0.4670 0.1526 0.8710
vn -0.5034 0.0880 0.8596
vn 0.1962 0.0325 0.9800
vn -0.5484 0.0644 0.8337
vn 0.1687 -0.0001 0.9857
vn -0.5738 0.0420 0.8179
vn -0.9523 0.1254 0.2783
vn -0.8830 0.0356 -0.4681
vn -0.9829 0.0637 0.1730
vn -0.8172 0.0521 -0.5740
vn 0.0932 -0.6359 0.7661
vn 0.5972 -0.6652 0.4483
vn 0.8150 -0.0394 0.5782
vn -0.8020 -0.5827 0.1310
vn -0.4856 -0.6019 0.6340
vn -0.1746 0.0129 -0.9846
vn -0.1722 -0.6169 -0.7680
vn -0.6720 -0.5889 -0.4491
vn 0.4075 -0.6513 -0.6401
vn 0.7282 -0.6717 -0.1361
vn -0.1856 -0.0051 -0.9826
vn 0.5635 -0.0364 -0.8253
vn 0.5706 -0.0311 -0.8206
vn -0.2466 -0.0555 -0.9675
vn 0.5137 -0.0580 -0.8560
vn -0.3183 -0.0636 -0.9458
vn 0.4428 -0.1192 -0.8887
vn 0.9836 -0.0528 -0.1725
vn 0.9823 -0.0383 -0.1833
vn 0.8264 -0.0097 0.5630
vn 0.9722 -0.0174 -0.2337
vn 0.8536 0.0411 0.5193
vn 0.9530 -0.0943 -0.2879
vn 0.8755 -0.0019 0.4833
vn 0.3863 0.3684 -0.8456
vn 0.8058 0.4263 -0.4110
vn 0.9393 -0.1920 -0.2842
vn 0.4199 -0.2246 -0.8794
vn 0.7867 0.5969 0.1573
vn 0.3733 0.7664 0.5227
vn 0.3427 0.1549 0.9266
vn 0.8871 -0.0319 0.4604
vn -0.2111 0.8424 0.4957
vn -0.6241 0.7790 0.0607
vn -0.9218 0.2366 0.3070
vn -0.4015 0.2678 0.8759
vn -0.6043 0.6178 -0.5032
vn -0.1957 0.4530 -0.8698
vn -0.3488 -0.1073 -0.9310
vn -0.8944 0.0811 -0.4398
vn 0.2744 0.0669 -0.9593
vn 0.2251 0.0486 -0.9731
vn 0.8494 -0.0115 -0.5277
vn 0.8780 0.0378 -0.4772
vn -0.9713 0.0840 -0.2226
vn -0.9784 0.0993 -0.1812
vn -0.5599 0.1526 -0.8144
vn -0.5330 0.0880 -0.8415
vn -0.9609 0.0325 -0.2750
vn -0.4894 0.0644 -0.8697
vn -0.9533 -0.0001 -0.3021
vn -0.4637 0.0420 -0.8850
vn 0.1894 0.1254 -0.9739
vn 0.8209 0.0356 -0.5700
vn 0.2970 0.0637 -0.9527
vn 0.8848 0.0521 -0.4630
vn -0.7236 -0.6359 -0.2685
vn -0.6722 -0.6652 0.3251
vn -0.8875 -0.0394 0.4591
vn 0.2514 -0.5827 -0.7728
vn -0.3407 -0.6019 -0.7222
vn 0.9550 0.0129 0.2963
vn 0.7614 -0.6169 0.1992
vn 0.7073 -0.5889 -0.3912
vn 0.3819 -0.6514 0.6557
vn -0.2130 -0.6717 0.7095
vn 0.9583 -0.0051 0.2857
vn 0.4750 -0.0364 0.8792
vn 0.4676 -0.0311 0.8834
vn 0.9729 -0.0555 0.2245
vn 0.5251 -0.0580 0.8491
vn 0.9865 -0.0636 0.1509
vn 0.5867 -0.1192 0.8010
vn -0.2977 -0.0528 0.9532
vn -0.2875 -0.0383 0.9570
vn -0.8793 -0.0097 0.4763
vn -0.2381 -0.0174 0.9711
vn -0.8529 0.0411 0.5204
vn -0.1812 -0.0943 0.9789
vn -0.8309 -0.0019 0.5564
vn 0.5743 0.3684 0.7311
vn -0.0043 0.4263 0.9046
vn -0.1782 -0.1920 0.9651
vn 0.5889 -0.2246 0.7764
vn -0.5005 0.5969 0.6270
vn -0.6357 0.7664 0.0920
vn -0.9806 0.1549 -0.1204
vn -0.8160 -0.0319 0.5772
vn -0.3437 0.8424 -0.4149
vn 0.2323 0.7790 -0.5825
vn 0.1499 0.2366 -0.9600
vn -0.5942 0.2678 -0.7584
vn 0.7243 0.6178 -0.3063
vn 0.8627 0.4530 0.2250
vn 0.9873 -0.1073 0.1170
vn 0.8010 0.0811 -0.5931
vn -0.2120 -0.4046 0.8896
vn -0.7600 -0.3280 0.5610
vn -0.7843 -0.2215 0.5795
vn -0.2598 -0.3232 0.9100
vn -0.9959 -0.0818 0.0375
vn -0.9921 -0.1248 0.0085
vn 0.0278 -0.5052 0.8626
vn -0.7052 -0.5198 0.4822
vn -0.7310 -0.4209 0.5371
vn -0.9895 -0.1050 -0.0996
vn -0.3920 -0.6891 0.6094
vn -0.7604 -0.3563 0.5430
vn -0.9225 -0.3859 -0.0101
vn -1.0000 -0.0048 0.0029
vn -0.2150 -0.2351 0.9479
vn -0.5957 -0.1156 -0.7949
vn 0.0642 -0.2049 -0.9767
vn 0.0923 -0.1408 -0.9857
vn -0.5262 -0.0871 -0.8459
vn 0.6490 -0.1898 -0.7368
vn 0.6827 -0.2094 -0.7001
vn -0.8164 -0.1462 -0.5587
vn 0.0895 -0.3363 -0.9375
vn 0.0267 -0.2471 -0.9686
vn 0.7662 -0.2118 -0.6067
vn -0.2051 -0.5943 -0.7776
vn 0.0758 -0.2939 -0.9528
vn 0.5592 -0.5124 -0.6517
vn 0.6931 -0.1479 -0.7055
vn -0.5601 -0.0220 -0.8282
vn 0.2901 -0.3751 0.8804
vn -0.3984 -0.3832 0.8333
vn -0.4213 -0.3184 0.8492
vn 0.2111 -0.3458 0.9143
vn -0.8689 -0.2188 0.4441
vn -0.8906 -0.2244 0.3955
vn 0.5713 -0.3952 0.7193
vn -0.4229 -0.4976 0.7574
vn -0.3649 -0.4288 0.8265
vn -0.9390 -0.1935 0.2842
vn -0.1201 -0.7652 0.6324
vn -0.4107 -0.4622 0.7859
vn -0.7895 -0.5282 0.3124
vn -0.8959 -0.1645 0.4126
vn 0.2553 -0.2854 0.9238
vn 0.6679 -0.3292 0.6675
vn -0.1463 -0.4359 0.8880
vn -0.1759 -0.1993 0.9640
vn 0.6068 -0.2110 0.7664
vn -0.8307 -0.1477 0.5367
vn -0.8377 -0.2613 0.4797
vn 0.8163 -0.3803 0.4348
vn -0.0822 -0.7941 0.6022
vn -0.0897 -0.6591 0.7467
vn -0.8802 -0.3214 0.3493
vn 0.2709 -0.7435 0.6114
vn -0.1610 -0.2905 0.9432
vn -0.7240 -0.4809 0.4945
vn -0.8548 -0.0477 0.5168
vn 0.6381 -0.0757 0.7662
vn 0.7466 -0.4062 -0.5268
vn 0.9278 -0.3622 0.0892
vn 0.9616 -0.2570 0.0967
vn 0.7982 -0.3273 -0.5058
vn 0.7531 -0.1343 0.6441
vn 0.7292 -0.1773 0.6609
vn 0.5493 -0.4941 -0.6739
vn 0.8279 -0.5516 0.1016
vn 0.8873 -0.4537 0.0830
vn 0.6545 -0.1585 0.7393
vn 0.6792 -0.7028 -0.2115
vn 0.9149 -0.3907 0.1015
vn 0.6571 -0.4345 0.6160
vn 0.7350 -0.0580 0.6755
vn 0.7939 -0.2366 -0.5601
vn 0.2035 -0.2041 0.9576
vn -0.3249 -0.9251 -0.1966
vn -0.6385 -0.7411 -0.2075
vn 0.0839 -0.0529 0.9951
vn -0.9072 -0.4017 -0.1248
vn -0.0523 0.0645 0.9965
vn -0.1888 0.2930 -0.9373
vn 0.3550 0.9228 0.1497
vn 0.6724 0.7396 0.0276
vn 0.0174 0.2389 -0.9709
vn 0.9038 0.4263 0.0387
vn 0.1597 -0.0391 -0.9864
vn 0.4117 -0.0606 0.9093
vn -0.3323 0.8941 0.3004
vn -0.8518 0.3100 0.4223
vn -0.1579 -0.4913 0.8566
vn -0.2856 0.2361 -0.9288
vn -0.0989 -0.9797 -0.1746
vn 0.1661 -0.9582 -0.2328
vn -0.3833 0.1647 -0.9088
vn 0.3964 -0.0761 0.9149
vn 0.2905 -0.1116 0.9504
vn -0.1413 0.9775 0.1567
vn 0.0890 0.9855 0.1442
vn 0.4240 -0.8542 -0.3009
vn -0.4541 0.1809 -0.8724
vn -0.0608 -0.9871 -0.1478
vn -0.6199 -0.1128 -0.7765
vn 0.9362 -0.2981 -0.1861
vn 0.1124 0.9288 0.3531
vn 0.9792 0.1981 -0.0427
vn -0.5565 0.6092 -0.5649
vn -0.3217 -0.4036 0.8565
vn -0.2726 -0.0057 0.9621
vn -0.6026 0.2351 -0.7626
vn 0.9908 -0.0426 -0.1282
vn -0.4038 -0.1955 0.8937
vn 0.1926 0.9628 -0.1897
vn -0.3363 0.5034 0.7959
vn 0.9923 0.0462 -0.1148
vn -0.2149 -0.9766 -0.0106
vn 0.8718 -0.4893 -0.0212
vn -0.4871 -0.1407 0.8620
vn -0.4837 0.2389 -0.8420
vn -0.5822 -0.1739 -0.7942
vn -0.4002 0.1847 0.8976
vn 0.9813 -0.1850 -0.0539
vn -0.6274 0.0377 -0.7778
vn 0.1528 0.6010 -0.7845
vn -0.2831 0.9383 0.1987
vn 0.9681 -0.0468 -0.2460
vn -0.1791 -0.7555 0.6302
vn 0.8653 -0.4547 0.2109
vn -0.4305 0.3941 0.8120
vn -0.4895 -0.3471 -0.7999
vn -0.6010 -0.6657 -0.4424
vn -0.3490 0.7361 0.5800
vn 0.9733 -0.2283 -0.0242
vn -0.6543 -0.4570 -0.6025
vn -0.0061 0.9996 0.0265
vn -0.1937 0.2425 0.9506
vn 0.9293 0.2516 -0.2703
vn -0.0643 -0.9774 -0.2012
vn 0.9122 -0.2685 -0.3095
vn -0.2311 -0.4133 0.8808
vn -0.6751 0.3175 -0.6659
vn -0.7010 -0.1125 -0.7042
vn -0.1813 -0.0652 0.9813
vn 0.9592 0.0129 -0.2824
vn -0.7695 0.0844 -0.6330
vn 0.2226 0.9514 0.2131
vn -0.7171 0.3542 0.6002
vn 0.8990 0.0191 0.4376
vn -0.1371 -0.9230 -0.3594
vn 0.7569 -0.5805 0.3003
vn -0.8663 -0.3042 0.3961
vn 0.0162 0.5272 -0.8496
vn -0.0858 0.0513 -0.9950
vn -0.8191 0.0136 0.5736
vn 0.8740 -0.2572 0.4122
vn -0.1519 0.3024 -0.9410
vn -0.1895 0.9746 -0.1191
vn 0.0658 0.4200 0.9052
vn 0.6967 0.3401 -0.6316
vn 0.0430 -0.9988 -0.0254
vn 0.7758 -0.2242 -0.5898
vn 0.1454 -0.2786 0.9493
vn -0.9086 0.0966 -0.4063
vn -0.8610 -0.3331 -0.3844
vn 0.1600 0.0885 0.9831
vn 0.7758 0.0752 -0.6265
vn -0.9434 -0.1300 -0.3051
vn -0.0560 0.9950 0.0825
vn -0.2472 0.2047 0.9471
vn 0.9052 0.3567 -0.2310
vn -0.0177 -0.9604 -0.2779
vn 0.9199 -0.2373 -0.3122
vn -0.2414 -0.5181 0.8205
vn -0.6802 0.3438 -0.6474
vn -0.6722 -0.1225 -0.7301
vn -0.2137 -0.1563 0.9643
vn 0.9616 0.0810 -0.2623
vn -0.7719 0.0901 -0.6294
vn 0.1739 0.9803 -0.0934
vn -0.7575 0.5103 0.4072
vn 0.8730 0.2038 0.4430
vn -0.0612 -0.9956 -0.0710
vn 0.7853 -0.4002 0.4724
vn -0.8673 -0.2591 0.4251
vn 0.0919 0.2244 -0.9702
vn 0.0158 -0.2620 -0.9649
vn -0.8579 0.1343 0.4960
vn 0.8652 -0.0859 0.4940
vn -0.0617 -0.0064 -0.9981
vn -0.0703 0.8449 -0.5303
vn -0.3241 0.7351 0.5955
vn 0.9030 0.1939 -0.3834
vn 0.0121 -0.9384 0.3453
vn 0.9320 -0.3513 -0.0893
vn -0.2934 0.0504 0.9547
vn -0.6319 -0.1411 -0.7621
vn -0.6286 -0.5598 -0.5400
vn -0.2848 0.4355 0.8540
vn 0.9691 -0.0592 -0.2393
vn -0.7325 -0.3300 -0.5954
vn -0.1892 0.7443 -0.6405
vn 0.8929 0.3754 -0.2487
vn -0.4550 -0.4197 -0.7854
vn -0.0083 -0.6749 0.7379
vn -0.3398 -0.8732 -0.3494
vn 0.9570 -0.0940 0.2745
vn -0.5740 0.6876 0.4447
vn -0.5252 0.3470 0.7770
vn 0.9919 0.1213 -0.0390
vn -0.4147 -0.6488 -0.6381
vn -0.4652 0.5694 0.6778
vn -0.7552 -0.1985 -0.6247
vn -0.0178 -0.9858 -0.1672
vn -0.8104 -0.2266 -0.5402
vn 0.1938 -0.9537 0.2299
vn 0.4665 -0.8845 -0.0006
vn -0.7184 -0.1287 -0.6836
vn 0.6744 -0.6648 -0.3213
vn -0.5971 -0.0645 -0.7995
vn 0.8030 0.3127 0.5074
vn -0.1859 0.9667 -0.1761
vn -0.3749 0.9138 0.1562
vn 0.6629 0.3341 0.6700
vn -0.6156 0.6929 0.3755
vn 0.5160 0.1227 0.8478
vn -0.9056 -0.0178 -0.4237
vn 0.2164 0.6948 -0.6858
vn 0.4108 -0.0381 -0.9109
vn -0.5319 -0.6050 -0.5925
vn 0.8582 0.2263 0.4608
vn 0.0032 -0.9320 0.3624
vn -0.1502 -0.8176 0.5559
vn 0.9038 0.1248 0.4094
vn -0.9009 -0.0381 -0.4324
vn -0.8525 -0.1103 -0.5109
vn 0.1850 0.8520 -0.4897
vn 0.0249 0.9375 -0.3471
vn -0.2761 -0.6271 0.7284
vn 0.9353 0.1124 0.3354
vn -0.0437 -0.9292 0.3669
vn 0.9404 -0.2280 0.2524
vn -0.6243 0.0518 0.7795
vn -0.1387 0.8696 -0.4738
vn -0.6569 0.5158 0.5500
vn 0.8909 0.4466 -0.0829
vn -0.3948 -0.5772 -0.7149
vn -0.4257 -0.1995 -0.8826
vn 0.9835 0.1020 0.1492
vn -0.6545 0.3031 0.6926
vn -0.3195 -0.4136 -0.8525
vn 0.1616 0.9865 -0.0276
vn -0.1757 0.2743 -0.9455
vn -0.6478 0.3853 0.6572
vn -0.0174 -0.9853 0.1698
vn -0.7197 -0.1664 0.6740
vn -0.2273 -0.3865 -0.8938
vn 0.9482 0.1537 0.2779
vn 0.9127 -0.2708 0.3059
vn -0.2542 -0.0565 -0.9655
vn -0.7224 0.1585 0.6731
vn 0.9748 -0.0894 0.2045
vn 0.5093 0.6984 0.5029
vn 0.2544 0.7635 -0.5936
vn -0.5621 0.3042 0.7691
vn -0.4186 -0.8352 -0.3567
vn -0.8594 -0.1612 0.4852
vn -0.1371 0.1387 -0.9808
vn 0.8158 -0.4018 0.4160
vn 0.6059 -0.7759 0.1758
vn 0.0174 0.5111 -0.8593
vn -0.7438 0.1121 0.6589
vn 0.7885 -0.5806 0.2029
vn 0.1741 0.9317 -0.3186
vn -0.4299 0.0605 -0.9008
vn -0.4623 0.5737 0.6761
vn -0.0046 -0.9156 0.4022
vn -0.5209 0.0849 0.8494
vn -0.4791 -0.5589 -0.6768
vn 0.9894 0.1447 0.0095
vn 0.9532 -0.2625 0.1502
vn -0.5166 -0.2270 -0.8256
vn -0.5206 0.3611 0.7737
vn 0.9941 -0.1084 -0.0019
vn -0.1246 0.9425 -0.3102
vn 0.2042 0.0290 -0.9785
vn -0.9431 0.2695 0.1946
vn 0.1620 -0.8718 0.4624
vn -0.8611 -0.3247 0.3914
vn 0.3243 -0.6157 -0.7182
vn 0.6386 0.5907 0.4933
vn 0.7195 0.1266 0.6828
vn 0.2330 -0.3211 -0.9179
vn -0.9598 0.0051 0.2807
vn 0.7801 0.3342 0.5290
vn 0.3992 0.8630 -0.3097
vn -0.5585 0.3179 -0.7662
vn -0.0395 0.6182 0.7850
vn -0.2019 -0.9188 0.3393
vn -0.2299 0.1112 0.9668
vn -0.7762 -0.3149 -0.5462
vn 0.9515 -0.1677 -0.2580
vn 0.8221 -0.5567 -0.1195
vn -0.7404 0.0302 -0.6715
vn -0.1506 0.3958 0.9059
vn 0.8691 -0.4024 -0.2877
vn 0.1737 0.9048 -0.3889
vn -0.3954 0.0078 -0.9185
vn -0.4504 0.6600 0.6013
vn 0.0142 -0.8758 0.4824
vn -0.5190 0.1170 0.8467
vn -0.4519 -0.6540 -0.6066
vn 0.9860 0.1658 -0.0152
vn 0.9470 -0.2595 0.1895
vn -0.4986 -0.3212 -0.8051
vn -0.5230 0.4238 0.7395
vn 0.9945 -0.1043 -0.0078
vn 0.5542 0.8253 0.1083
vn -0.0112 0.5169 -0.8560
vn -0.3801 0.5232 0.7628
vn -0.4087 -0.9124 0.0243
vn -0.6940 -0.0099 0.7199
vn -0.3950 -0.1529 -0.9059
vn 0.9346 -0.2601 0.2428
vn 0.7094 -0.6754 0.2017
vn -0.2641 0.2214 -0.9388
vn -0.5694 0.2922 0.7684
vn 0.8651 -0.4885 0.1140
vn 0.2888 0.8590 -0.4228
vn 0.0448 -0.1324 -0.9902
vn -0.6639 0.7017 0.2587
vn -0.1775 -0.8019 0.5705
vn -0.8219 0.1801 0.5405
vn -0.1283 -0.7673 -0.6283
vn 0.8946 0.2563 0.3660
vn 0.7850 -0.1549 0.5998
vn -0.0920 -0.4681 -0.8789
vn -0.7866 0.4711 0.3992
vn 0.9097 -0.0146 0.4150
vn 0.2767 0.3238 -0.9048
vn 0.4207 -0.7680 -0.4829
vn -0.8212 0.3283 -0.4667
vn -0.2621 -0.1410 0.9547
vn -0.9832 0.1656 0.0772
vn 0.2187 -0.9511 0.2181
vn 0.6434 0.7572 0.1127
vn 0.5079 0.6342 0.5829
vn 0.3069 -0.9352 -0.1768
vn -0.9424 0.2473 -0.2254
vn 0.6768 0.6387 0.3661
vn 0.0627 0.7084 -0.7030
vn 0.2659 0.8351 0.4816
vn 0.7111 -0.3018 -0.6350
vn -0.2356 -0.7863 0.5712
vn 0.6368 -0.7489 -0.1832
vn 0.1155 0.3204 0.9402
vn -0.8869 0.1050 -0.4500
vn -0.9578 -0.2514 -0.1391
vn 0.2619 0.6138 0.7448
vn 0.7263 -0.5124 -0.4582
vn -0.9780 -0.0113 -0.2085
vn 0.9254 -0.3696 0.0838
vn -0.0626 -0.9116 0.4064
vt 0.119706 0.722237
vt 0.119685 0.751149
vt 0.119987 0.751052
vt 0.120177 0.722232
vt 0.119557 0.751237
vt 0.120368 0.765535
vt 0.120320 0.765508
vt 0.119522 0.751219
vt 0.119446 0.722240
vt 0.119429 0.722240
vt 0.115254 0.563430
vt 0.115239 0.563430
vt 0.120457 0.765375
vt 0.120729 0.765183
vt 0.115527 0.563534
vt 0.116014 0.563705
vt 0.115640 0.552650
vt 0.115956 0.552650
vt 0.115559 0.563534
vt 0.115923 0.552650
vt 0.115625 0.552650
vt 0.116319 0.563808
vt 0.116746 0.552650
vt 0.116429 0.552650
vt 0.116761 0.552650
vt 0.116462 0.552650
vt 0.120474 0.722228
vt 0.120491 0.722228
vt 0.116334 0.563808
vt 0.120192 0.751004
vt 0.120228 0.751022
vt 0.120922 0.765082
vt 0.120969 0.765110
vt 0.116046 0.563705
vt 0.120214 0.722231
vt 0.119742 0.722236
vt 0.120065 0.751092
vt 0.119762 0.751190
vt 0.120833 0.765243
vt 0.120561 0.765435
vt 0.123991 0.794713
vt 0.123903 0.794871
vt 0.123273 0.790169
vt 0.123367 0.789977
vt 0.123712 0.795105
vt 0.123567 0.795230
vt 0.122924 0.790617
vt 0.123073 0.790457
vt 0.123520 0.795200
vt 0.123609 0.795040
vt 0.122969 0.790390
vt 0.122876 0.790586
vt 0.123801 0.794807
vt 0.123945 0.794683
vt 0.123319 0.789947
vt 0.123169 0.790102
vt 0.124708 0.799900
vt 0.124569 0.800340
vt 0.124766 0.799620
vt 0.124720 0.799591
vt 0.124457 0.800593
vt 0.124410 0.800564
vt 0.124606 0.799837
vt 0.124467 0.800278
vt 0.433981 0.675648
vt 0.433736 0.673774
vt 0.431738 0.582756
vt 0.431986 0.584682
vt 0.432284 0.687848
vt 0.430122 0.695913
vt 0.432024 0.686107
vt 0.433101 0.565473
vt 0.432759 0.564248
vt 0.433211 0.563853
vt 0.467066 0.715304
vt 0.467940 0.704417
vt 0.465694 0.647604
vt 0.464758 0.658970
vt 0.469180 0.736620
vt 0.471755 0.741541
vt 0.469548 0.726619
vt 0.463147 0.556457
vt 0.463695 0.554857
vt 0.463477 0.557390
vt 0.463086 0.563203
vt 0.142705 0.917379
vt 0.144036 0.916808
vt 0.142874 0.911973
vt 0.140790 0.912552
vt 0.143865 0.912990
vt 0.145680 0.917964
vt 0.146316 0.914643
vt 0.148469 0.910830
vt 0.146738 0.914058
vt 0.147693 0.914915
vt 0.141628 0.903738
vt 0.142346 0.904000
vt 0.142373 0.903877
vt 0.142664 0.904633
vt 0.141148 0.904377
vt 0.114719 0.911000
vt 0.113801 0.910218
vt 0.115365 0.902828
vt 0.116368 0.903627
vt 0.114541 0.903882
vt 0.113029 0.911238
vt 0.112969 0.916475
vt 0.111789 0.920045
vt 0.112590 0.915713
vt 0.112183 0.916562
vt 0.117304 0.894343
vt 0.116934 0.894523
vt 0.116848 0.894445
vt 0.116547 0.895224
vt 0.117470 0.895048
vt 0.112927 0.735799
vt 0.113385 0.734453
vt 0.114462 0.715832
vt 0.113954 0.717177
vt 0.115186 0.718538
vt 0.114056 0.737067
vt 0.112278 0.749953
vt 0.111225 0.759483
vt 0.112417 0.748407
vt 0.112806 0.750487
vt 0.112483 0.655424
vt 0.112395 0.656141
vt 0.112814 0.655841
vt 0.112917 0.657808
vt 0.112243 0.657033
vt 0.123304 0.719605
vt 0.124265 0.748106
vt 0.124494 0.747849
vt 0.123640 0.719343
vt 0.123815 0.748202
vt 0.125096 0.761887
vt 0.125261 0.761919
vt 0.124009 0.748240
vt 0.122572 0.719658
vt 0.122900 0.719724
vt 0.118047 0.560984
vt 0.118388 0.561049
vt 0.125488 0.761736
vt 0.125698 0.761402
vt 0.118810 0.561031
vt 0.119162 0.560934
vt 0.118003 0.550159
vt 0.118009 0.549950
vt 0.118054 0.560885
vt 0.118788 0.550101
vt 0.118355 0.550227
vt 0.119169 0.560835
vt 0.119154 0.549617
vt 0.119149 0.549826
vt 0.118802 0.549549
vt 0.118370 0.549675
vt 0.123645 0.719144
vt 0.123317 0.719079
vt 0.118828 0.560769
vt 0.124515 0.747669
vt 0.124321 0.747631
vt 0.125724 0.761180
vt 0.125559 0.761149
vt 0.118407 0.560788
vt 0.122914 0.719198
vt 0.122577 0.719460
vt 0.124065 0.747766
vt 0.123836 0.748024
vt 0.125331 0.761332
vt 0.125122 0.761665
vt 0.129106 0.788872
vt 0.129000 0.788997
vt 0.127649 0.779145
vt 0.127799 0.778976
vt 0.128901 0.789218
vt 0.128887 0.789362
vt 0.127493 0.779642
vt 0.127511 0.779447
vt 0.128962 0.789375
vt 0.129069 0.789249
vt 0.127749 0.779490
vt 0.127600 0.779662
vt 0.129167 0.789028
vt 0.129181 0.788886
vt 0.127906 0.778996
vt 0.127887 0.779189
vt 0.447234 0.638997
vt 0.449145 0.631606
vt 0.452174 0.677524
vt 0.450388 0.684571
vt 0.453685 0.704760
vt 0.454724 0.698631
vt 0.447134 0.563383
vt 0.447695 0.564240
vt 0.446386 0.564058
vt 0.446139 0.569367
vt 0.459266 0.718416
vt 0.123146 0.758176
vt 0.122388 0.756925
vt 0.122536 0.740341
vt 0.123354 0.741581
vt 0.122186 0.743258
vt 0.122065 0.759729
vt 0.122609 0.770723
vt 0.122137 0.778669
vt 0.122218 0.769208
vt 0.122103 0.771393
vt 0.122741 0.721052
vt 0.122475 0.721545
vt 0.122459 0.721564
vt 0.122371 0.723445
vt 0.122946 0.722471
vt 0.122024 0.725383
vt 0.121691 0.754265
vt 0.121467 0.754164
vt 0.121652 0.725363
vt 0.121493 0.754243
vt 0.120862 0.768569
vt 0.121064 0.768606
vt 0.121701 0.754295
vt 0.121779 0.725222
vt 0.122072 0.725330
vt 0.121910 0.714098
vt 0.122211 0.714209
vt 0.121069 0.768511
vt 0.120874 0.768318
vt 0.122158 0.714371
vt 0.121771 0.714526
vt 0.117510 0.555676
vt 0.117079 0.555597
vt 0.121492 0.714125
vt 0.117766 0.555850
vt 0.117820 0.555790
vt 0.121353 0.714552
vt 0.116936 0.555755
vt 0.117367 0.555834
vt 0.116626 0.555640
vt 0.116680 0.555581
vt 0.121248 0.725285
vt 0.120955 0.725177
vt 0.121052 0.714442
vt 0.121204 0.754070
vt 0.120995 0.754018
vt 0.120634 0.768178
vt 0.120432 0.768141
vt 0.121105 0.714280
vt 0.121003 0.725124
vt 0.121375 0.725145
vt 0.121005 0.754049
vt 0.121230 0.754150
vt 0.120427 0.768236
vt 0.120621 0.768429
vt 0.118118 0.797840
vt 0.118107 0.797926
vt 0.119005 0.787314
vt 0.119014 0.787201
vt 0.118195 0.798082
vt 0.118314 0.798185
vt 0.119293 0.787664
vt 0.119131 0.787524
vt 0.118419 0.798197
vt 0.118429 0.798110
vt 0.119445 0.787568
vt 0.119435 0.787684
vt 0.118341 0.797954
vt 0.118223 0.797852
vt 0.119156 0.787222
vt 0.119319 0.787359
vt 0.120775 0.759026
vt 0.119753 0.757730
vt 0.120873 0.744875
vt 0.121963 0.746220
vt 0.120659 0.746458
vt 0.119540 0.759250
vt 0.119154 0.765421
vt 0.116825 0.770654
vt 0.118631 0.764057
vt 0.118580 0.765446
vt 0.121686 0.726539
vt 0.121141 0.727037
vt 0.121386 0.726648
vt 0.121254 0.728011
vt 0.121864 0.727844
vt 0.468306 0.600401
vt 0.467239 0.593911
vt 0.463907 0.636253
vt 0.464892 0.642520
vt 0.461626 0.672799
vt 0.461018 0.667719
vt 0.470034 0.545113
vt 0.469573 0.546258
vt 0.470451 0.545949
vt 0.470490 0.550521
vt 0.457885 0.692356
vt 0.054262 0.581109
vt 0.060595 0.629401
vt 0.059149 0.629179
vt 0.051912 0.580990
vt 0.059337 0.629318
vt 0.059537 0.653165
vt 0.060823 0.653274
vt 0.060666 0.629453
vt 0.052672 0.580784
vt 0.054550 0.581031
vt 0.050255 0.562185
vt 0.052182 0.562439
vt 0.060826 0.653116
vt 0.059544 0.652747
vt 0.051897 0.562698
vt 0.049500 0.562868
vt 0.046247 0.544123
vt 0.043508 0.543892
vt 0.047627 0.562134
vt 0.047912 0.544473
vt 0.048236 0.544386
vt 0.046873 0.562818
vt 0.042651 0.544123
vt 0.045391 0.544355
vt 0.040663 0.543861
vt 0.040986 0.543773
vt 0.049344 0.580767
vt 0.047467 0.580520
vt 0.044945 0.562563
vt 0.057464 0.628962
vt 0.056134 0.628827
vt 0.057986 0.652457
vt 0.056702 0.652349
vt 0.045230 0.562305
vt 0.047754 0.580442
vt 0.050104 0.580561
vt 0.056205 0.628881
vt 0.057651 0.629103
vt 0.056699 0.652507
vt 0.057978 0.652876
vt 0.050780 0.701555
vt 0.050738 0.701696
vt 0.053303 0.684132
vt 0.053329 0.683944
vt 0.051341 0.701978
vt 0.052116 0.702177
vt 0.055222 0.684783
vt 0.054157 0.684512
vt 0.052785 0.702222
vt 0.052824 0.702078
vt 0.056148 0.684657
vt 0.056120 0.684849
vt 0.052221 0.701797
vt 0.051450 0.701599
vt 0.054228 0.684012
vt 0.055294 0.684279
vt 0.030160 0.579456
vt 0.036493 0.627748
vt 0.035047 0.627527
vt 0.027810 0.579337
vt 0.035235 0.627666
vt 0.035435 0.651513
vt 0.036721 0.651621
vt 0.036564 0.627800
vt 0.028570 0.579131
vt 0.030447 0.579378
vt 0.026153 0.560532
vt 0.028080 0.560787
vt 0.036724 0.651463
vt 0.035442 0.651094
vt 0.027795 0.561045
vt 0.025398 0.561216
vt 0.022145 0.542470
vt 0.019406 0.542239
vt 0.023525 0.560481
vt 0.023810 0.542821
vt 0.024134 0.542733
vt 0.022771 0.561165
vt 0.018549 0.542471
vt 0.021289 0.542702
vt 0.016561 0.542208
vt 0.016884 0.542121
vt 0.025242 0.579114
vt 0.023365 0.578867
vt 0.020843 0.560910
vt 0.033361 0.627310
vt 0.032032 0.627175
vt 0.033884 0.650805
vt 0.032600 0.650696
vt 0.021128 0.560652
vt 0.023651 0.578790
vt 0.026002 0.578909
vt 0.032103 0.627228
vt 0.033549 0.627450
vt 0.032596 0.650854
vt 0.033876 0.651223
vt 0.026678 0.699902
vt 0.026636 0.700044
vt 0.029201 0.682479
vt 0.029227 0.682292
vt 0.027239 0.700325
vt 0.028014 0.700525
vt 0.031120 0.683131
vt 0.030055 0.682860
vt 0.028683 0.700569
vt 0.028722 0.700426
vt 0.032046 0.683005
vt 0.032018 0.683196
vt 0.028119 0.700144
vt 0.027347 0.699947
vt 0.030126 0.682359
vt 0.031192 0.682626
vt 0.133766 0.721333
vt 0.133520 0.720006
vt 0.131522 0.655587
vt 0.131770 0.656950
vt 0.132121 0.657124
vt 0.134075 0.721499
vt 0.132069 0.729967
vt 0.129906 0.735675
vt 0.131808 0.728735
vt 0.132214 0.730007
vt 0.132996 0.642209
vt 0.132543 0.642488
vt 0.133128 0.642309
vt 0.133155 0.643511
vt 0.132886 0.643355
vt 0.133822 0.911717
vt 0.134162 0.910779
vt 0.137494 0.900790
vt 0.137105 0.901740
vt 0.138561 0.902321
vt 0.135147 0.912257
vt 0.131259 0.919180
vt 0.128140 0.924013
vt 0.131273 0.918201
vt 0.131882 0.919399
vt 0.140289 0.889279
vt 0.139828 0.889549
vt 0.140706 0.889476
vt 0.140745 0.890555
vt 0.139891 0.890194
vt 0.125017 0.755740
vt 0.125891 0.753863
vt 0.123645 0.744067
vt 0.122709 0.746027
vt 0.124090 0.746219
vt 0.126323 0.755899
vt 0.127132 0.759415
vt 0.129706 0.760264
vt 0.127499 0.757691
vt 0.127731 0.759420
vt 0.121098 0.728351
vt 0.121647 0.728075
vt 0.121428 0.728512
vt 0.121701 0.729792
vt 0.121037 0.729514
vt 0.130287 0.803205
vt 0.130198 0.802993
vt 0.132019 0.800531
vt 0.132107 0.800700
vt 0.133977 0.790991
vt 0.134070 0.791145
vt 0.130274 0.803383
vt 0.130368 0.803612
vt 0.132192 0.800909
vt 0.132103 0.800766
vt 0.134177 0.791508
vt 0.134071 0.791263
vt 0.126329 0.802673
vt 0.126267 0.803243
vt 0.124041 0.797616
vt 0.124181 0.797065
vt 0.128587 0.804389
vt 0.128583 0.803980
vt 0.127203 0.803485
vt 0.127221 0.803919
vt 0.127229 0.803810
vt 0.128614 0.804294
vt 0.127247 0.804244
vt 0.128618 0.804705
vt 0.126317 0.802268
vt 0.126255 0.802838
vt 0.230920 0.705657
vt 0.230385 0.713402
vt 0.231749 0.710966
vt 0.231252 0.726920
vt 0.231886 0.721308
vt 0.230526 0.723489
vt 0.230774 0.710516
vt 0.230923 0.720802
vt 0.230356 0.718546
vt 0.232012 0.715727
vt 0.230644 0.715331
vt 0.232107 0.722100
vt 0.231377 0.716490
vt 0.232690 0.713745
vt 0.230920 0.696710
vt 0.232122 0.701458
vt 0.230825 0.704189
vt 0.231332 0.715964
vt 0.230767 0.703738
vt 0.231075 0.710923
vt 0.232661 0.707589
vt 0.230826 0.710774
vt 0.227880 0.742953
vt 0.227147 0.742773
vt 0.228697 0.737285
vt 0.226901 0.725008
vt 0.228240 0.728562
vt 0.226666 0.734446
vt 0.227101 0.736793
vt 0.226601 0.728003
vt 0.226877 0.739943
vt 0.228781 0.733064
vt 0.226577 0.732853
vt 0.229418 0.737135
vt 0.229233 0.728466
vt 0.230467 0.728614
vt 0.229324 0.706800
vt 0.230421 0.713813
vt 0.229164 0.713550
vt 0.228747 0.730244
vt 0.228673 0.715659
vt 0.229238 0.721318
vt 0.230749 0.721485
vt 0.228424 0.723774
vt 0.227214 0.745313
vt 0.226141 0.740227
vt 0.227695 0.738371
vt 0.226302 0.724607
vt 0.227253 0.728100
vt 0.225684 0.730247
vt 0.226862 0.741114
vt 0.226417 0.731244
vt 0.225780 0.735547
vt 0.227684 0.733159
vt 0.226475 0.737077
vt 0.224697 0.749505
vt 0.225086 0.744476
vt 0.225605 0.744344
vt 0.225427 0.729114
vt 0.225963 0.734458
vt 0.225439 0.734739
vt 0.224316 0.744120
vt 0.224668 0.734466
vt 0.225343 0.740078
vt 0.225976 0.739854
vt 0.224281 0.739662
vt 0.222980 0.752858
vt 0.222854 0.746965
vt 0.223879 0.747512
vt 0.223176 0.733167
vt 0.223972 0.737956
vt 0.222946 0.737490
vt 0.222536 0.748111
vt 0.222631 0.738663
vt 0.222912 0.742382
vt 0.224160 0.742997
vt 0.222352 0.743778
vt 0.220288 0.753477
vt 0.219285 0.749318
vt 0.220783 0.748116
vt 0.219757 0.734786
vt 0.220514 0.739068
vt 0.219017 0.740353
vt 0.220115 0.748569
vt 0.219848 0.739550
vt 0.219001 0.745290
vt 0.220824 0.743811
vt 0.219836 0.744514
vt 0.221424 0.753350
vt 0.221188 0.750294
vt 0.222491 0.747894
vt 0.221761 0.733549
vt 0.222655 0.738374
vt 0.221353 0.740867
vt 0.221005 0.747314
vt 0.221165 0.737781
vt 0.221256 0.746425
vt 0.222839 0.743415
vt 0.220822 0.742926
vt 0.233414 0.715375
vt 0.234564 0.711374
vt 0.233389 0.708203
vt 0.233999 0.699836
vt 0.233692 0.700666
vt 0.234835 0.704040
vt 0.233269 0.713064
vt 0.233564 0.705681
vt 0.234912 0.707754
vt 0.233484 0.703855
vt 0.233439 0.710433
vt 0.124070 0.797315
vt 0.124209 0.796763
vt 0.116832 0.799266
vt 0.116942 0.799067
vt 0.116012 0.798911
vt 0.115898 0.799075
vt 0.114360 0.793412
vt 0.114248 0.793572
vt 0.116969 0.799453
vt 0.116858 0.799668
vt 0.115907 0.799329
vt 0.116023 0.799183
vt 0.114273 0.793972
vt 0.114382 0.793730
vt 0.118388 0.795108
vt 0.118508 0.795512
vt 0.119141 0.789194
vt 0.118991 0.788877
vt 0.117737 0.798626
vt 0.117662 0.798287
vt 0.118215 0.796619
vt 0.118277 0.796986
vt 0.118153 0.796852
vt 0.117583 0.798508
vt 0.118214 0.797219
vt 0.117660 0.798851
vt 0.118470 0.794845
vt 0.118591 0.795249
vt 0.180620 0.713498
vt 0.181486 0.718913
vt 0.180300 0.718237
vt 0.180624 0.729310
vt 0.180323 0.725908
vt 0.181485 0.726390
vt 0.180456 0.716720
vt 0.180471 0.724361
vt 0.181664 0.722700
vt 0.180235 0.721985
vt 0.180536 0.720077
vt 0.179670 0.726378
vt 0.179254 0.721109
vt 0.178814 0.720592
vt 0.178978 0.706042
vt 0.178468 0.710751
vt 0.178904 0.711278
vt 0.180070 0.721161
vt 0.179728 0.711372
vt 0.178994 0.716530
vt 0.178461 0.715890
vt 0.180111 0.716766
vt 0.183492 0.738181
vt 0.182883 0.736717
vt 0.182003 0.734264
vt 0.180822 0.722310
vt 0.180699 0.726570
vt 0.181619 0.729303
vt 0.183298 0.732583
vt 0.181996 0.724786
vt 0.182269 0.733946
vt 0.181177 0.730826
vt 0.182909 0.728811
vt 0.181817 0.734995
vt 0.181021 0.728004
vt 0.181019 0.729737
vt 0.181003 0.712451
vt 0.180601 0.718725
vt 0.180597 0.716874
vt 0.182318 0.729429
vt 0.181925 0.718552
vt 0.180646 0.722617
vt 0.180640 0.724727
vt 0.182324 0.724330
vt 0.183649 0.739103
vt 0.183984 0.734212
vt 0.183069 0.734370
vt 0.184155 0.723236
vt 0.183286 0.726493
vt 0.184230 0.726543
vt 0.184240 0.735959
vt 0.184493 0.728390
vt 0.184094 0.730420
vt 0.182967 0.730526
vt 0.184569 0.732728
vt 0.184907 0.739572
vt 0.183940 0.735868
vt 0.184328 0.736689
vt 0.183497 0.724945
vt 0.183633 0.729597
vt 0.183259 0.728884
vt 0.184976 0.735218
vt 0.184302 0.728298
vt 0.183474 0.732746
vt 0.183939 0.733699
vt 0.184740 0.731807
vt 0.185896 0.740328
vt 0.185358 0.735577
vt 0.185326 0.737305
vt 0.185457 0.726087
vt 0.185102 0.730385
vt 0.185141 0.728718
vt 0.186297 0.736551
vt 0.186082 0.729718
vt 0.185127 0.732202
vt 0.185084 0.734266
vt 0.186333 0.733200
vt 0.186486 0.738987
vt 0.185635 0.735955
vt 0.185310 0.735742
vt 0.184123 0.723695
vt 0.184164 0.728386
vt 0.184498 0.728673
vt 0.186353 0.733991
vt 0.185207 0.726620
vt 0.185017 0.732876
vt 0.184614 0.732543
vt 0.185979 0.730353
vt 0.188602 0.734755
vt 0.188231 0.729825
vt 0.187694 0.732168
vt 0.187502 0.721237
vt 0.187152 0.725557
vt 0.187703 0.723332
vt 0.188806 0.731274
vt 0.188273 0.724746
vt 0.187925 0.726556
vt 0.187263 0.729337
vt 0.188738 0.728037
vt 0.188194 0.737984
vt 0.188117 0.734606
vt 0.187345 0.737262
vt 0.187125 0.734509
vt 0.186826 0.735506
vt 0.187602 0.732877
vt 0.188246 0.738218
vt 0.187734 0.736523
vt 0.187886 0.733233
vt 0.186945 0.736452
vt 0.188170 0.737472
vt 0.178803 0.722718
vt 0.177450 0.720528
vt 0.178238 0.717161
vt 0.175871 0.710491
vt 0.176811 0.711252
vt 0.176048 0.714738
vt 0.178097 0.720431
vt 0.176686 0.714633
vt 0.176674 0.717902
vt 0.177628 0.713775
vt 0.177385 0.718324
vt 0.119226 0.789054
vt 0.119073 0.788736
s 1
usemtl Material.081
f 23/1/1 22/2/2 31/3/3
f 23/1/1 31/3/3 30/4/4
f 1/5/5 2/6/6 26/7/7
f 1/5/5 26/7/7 25/8/8
f 17/9/9 1/5/5 25/8/8
f 17/9/9 25/8/8 24/10/10
f 36/11/11 17/9/9 24/10/10
f 36/11/11 24/10/10 39/12/12
f 22/2/2 21/13/13 32/14/14
f 22/2/2 32/14/14 31/3/3
f 37/15/15 23/1/1 30/4/4
f 37/15/15 30/4/4 40/16/16
f 36/11/11 12/17/17 11/18/18
f 36/11/11 11/18/18 34/19/19
f 37/15/15 16/20/20 15/21/21
f 37/15/15 15/21/21 39/12/12
f 38/22/22 14/23/23 13/24/24
f 38/22/22 13/24/24 40/16/16
f 11/18/18 12/17/17 15/21/21
f 11/18/18 15/21/21 16/20/20
f 11/18/18 16/20/20 13/24/24
f 11/18/18 13/24/24 14/23/23
f 11/18/18 14/23/23 9/25/25
f 11/18/18 9/25/25 10/26/26
f 38/22/22 29/27/27 8/28/28
f 38/22/22 8/28/28 33/29/29
f 29/27/27 28/30/30 7/31/31
f 29/27/27 7/31/31 8/28/28
f 28/30/30 27/32/32 6/33/33
f 28/30/30 6/33/33 7/31/31
f 35/34/34 3/35/35 18/36/36
f 35/34/34 18/36/36 34/19/19
f 3/35/35 4/37/37 19/38/38
f 3/35/35 19/38/38 18/36/36
f 4/37/37 5/39/39 20/40/40
f 4/37/37 20/40/40 19/38/38
f 27/32/32 28/30/30 31/3/3
f 27/32/32 31/3/3 32/14/14
f 28/30/30 29/27/27 30/4/4
f 28/30/30 30/4/4 31/3/3
f 21/13/13 22/2/2 25/8/8
f 21/13/13 25/8/8 26/7/7
f 22/2/2 23/1/1 24/10/10
f 22/2/2 24/10/10 25/8/8
f 2/6/6 1/5/5 19/38/38
f 2/6/6 19/38/38 20/40/40
f 1/5/5 17/9/9 18/36/36
f 1/5/5 18/36/36 19/38/38
f 33/29/29 8/28/28 3/35/35
f 33/29/29 3/35/35 35/34/34
f 8/28/28 7/31/31 4/37/37
f 8/28/28 4/37/37 3/35/35
f 7/31/31 6/33/33 5/39/39
f 7/31/31 5/39/39 4/37/37
f 9/25/25 33/29/29 35/34/34
f 9/25/25 35/34/34 10/26/26
f 10/26/26 35/34/34 34/19/19
f 10/26/26 34/19/19 11/18/18
f 14/23/23 38/22/22 33/29/29
f 14/23/23 33/29/29 9/25/25
f 29/27/27 38/22/22 40/16/16
f 29/27/27 40/16/16 30/4/4
f 23/1/1 37/15/15 39/12/12
f 23/1/1 39/12/12 24/10/10
f 17/9/9 36/11/11 34/19/19
f 17/9/9 34/19/19 18/36/36
f 16/20/20 37/15/15 40/16/16
f 16/20/20 40/16/16 13/24/24
f 12/17/17 36/11/11 39/12/12
f 12/17/17 39/12/12 15/21/21
f 52/41/41 49/42/42 50/43/43
f 52/41/41 50/43/43 51/44/44
f 56/45/45 53/46/46 54/47/47
f 56/45/45 54/47/47 55/48/48
f 64/49/49 61/50/50 62/51/51
f 64/49/49 62/51/51 63/52/52
f 60/53/53 57/54/54 58/55/55
f 60/53/53 58/55/55 59/56/56
f 49/42/42 56/45/45 55/48/48
f 49/42/42 55/48/48 50/43/43
f 57/54/54 52/41/41 51/44/44
f 57/54/54 51/44/44 58/55/55
f 59/56/56 62/51/51 61/50/50
f 59/56/56 61/50/50 60/53/53
f 63/52/52 54/47/47 53/46/46
f 63/52/52 53/46/46 64/49/49
f 5/39/39 50/43/43 55/48/48
f 5/39/39 55/48/48 20/40/40
f 56/45/45 49/42/42 42/57/57
f 56/45/45 42/57/57 43/58/58
f 6/33/33 51/44/44 50/43/43
f 6/33/33 50/43/43 5/39/39
f 49/42/42 52/41/41 41/59/59
f 49/42/42 41/59/59 42/57/57
f 27/32/32 58/55/55 51/44/44
f 27/32/32 51/44/44 6/33/33
f 52/41/41 57/54/54 48/60/60
f 52/41/41 48/60/60 41/59/59
f 54/47/47 2/6/6 20/40/40
f 54/47/47 20/40/40 55/48/48
f 53/46/46 56/45/45 43/58/58
f 53/46/46 43/58/58 44/61/61
f 2/6/6 54/47/47 63/52/52
f 2/6/6 63/52/52 26/7/7
f 64/49/49 53/46/46 44/61/61
f 64/49/49 44/61/61 45/62/62
f 57/54/54 60/53/53 47/63/63
f 57/54/54 47/63/63 48/60/60
f 58/55/55 27/32/32 32/14/14
f 58/55/55 32/14/14 59/56/56
f 21/13/13 62/51/51 59/56/56
f 21/13/13 59/56/56 32/14/14
f 60/53/53 61/50/50 46/64/64
f 60/53/53 46/64/64 47/63/63
f 61/50/50 64/49/49 45/62/62
f 61/50/50 45/62/62 46/64/64
f 62/51/51 21/13/13 26/7/7
f 62/51/51 26/7/7 63/52/52
f 67/65/65 69/66/66 70/67/67
f 67/65/65 70/67/67 68/68/68
f 73/69/69 65/70/70 74/71/71
f 66/72/72 68/68/68 70/67/67
f 66/72/72 70/67/67 72/73/73
f 66/72/72 72/73/73 71/74/74
f 67/65/65 73/69/69 74/71/71
f 67/65/65 74/71/71 69/66/66
f 77/75/75 79/76/76 80/77/77
f 77/75/75 80/77/77 78/78/78
f 84/79/79 75/80/80 85/81/81
f 81/82/82 82/83/83 83/84/84
f 76/85/85 78/78/78 80/77/77
f 76/85/85 80/77/77 82/83/83
f 76/85/85 82/83/83 81/82/82
f 77/75/75 84/79/79 85/81/81
f 77/75/75 85/81/81 79/76/76
f 89/86/86 93/87/87 94/88/88
f 89/86/86 94/88/88 90/89/89
f 91/90/90 94/88/88 93/87/87
f 91/90/90 93/87/87 92/91/91
f 98/92/92 86/93/93 99/94/94
f 100/95/95 92/91/91 93/87/87
f 100/95/95 93/87/87 99/94/94
f 95/96/96 96/97/97 97/98/98
f 91/90/90 88/99/99 97/98/98
f 91/90/90 97/98/98 96/97/97
f 91/90/90 96/97/97 94/88/88
f 87/100/100 90/89/89 94/88/88
f 87/100/100 94/88/88 96/97/97
f 87/100/100 96/97/97 95/96/96
f 86/93/93 100/95/95 99/94/94
f 89/86/86 98/92/92 99/94/94
f 89/86/86 99/94/94 93/87/87
f 104/101/101 108/102/102 109/103/103
f 104/101/101 109/103/103 105/104/104
f 106/105/105 109/103/103 108/102/102
f 106/105/105 108/102/102 107/106/106
f 113/107/107 101/108/108 114/109/109
f 115/110/110 107/106/106 108/102/102
f 115/110/110 108/102/102 114/109/109
f 110/111/111 111/112/112 112/113/113
f 106/105/105 103/114/114 112/113/113
f 106/105/105 112/113/113 111/112/112
f 106/105/105 111/112/112 109/103/103
f 102/115/115 105/104/104 109/103/103
f 102/115/115 109/103/103 111/112/112
f 102/115/115 111/112/112 110/111/111
f 101/108/108 115/110/110 114/109/109
f 104/101/101 113/107/107 114/109/109
f 104/101/101 114/109/109 108/102/102
f 119/116/116 123/117/117 124/118/118
f 119/116/116 124/118/118 120/119/119
f 121/120/120 124/118/118 123/117/117
f 121/120/120 123/117/117 122/121/121
f 128/122/122 116/123/123 129/124/124
f 130/125/125 122/121/121 123/117/117
f 130/125/125 123/117/117 129/124/124
f 125/126/126 126/127/127 127/128/128
f 121/120/120 118/129/129 127/128/128
f 121/120/120 127/128/128 126/127/127
f 121/120/120 126/127/127 124/118/118
f 117/130/130 120/119/119 124/118/118
f 117/130/130 124/118/118 126/127/127
f 117/130/130 126/127/127 125/126/126
f 116/123/123 130/125/125 129/124/124
f 119/116/116 128/122/122 129/124/124
f 119/116/116 129/124/124 123/117/117
f 153/131/131 152/132/132 161/133/133
f 153/131/131 161/133/133 160/134/134
f 131/135/135 132/136/136 156/137/137
f 131/135/135 156/137/137 155/138/138
f 147/139/139 131/135/135 155/138/138
f 147/139/139 155/138/138 154/140/140
f 166/141/141 147/139/139 154/140/140
f 166/141/141 154/140/140 169/142/142
f 152/132/132 151/143/143 162/144/144
f 152/132/132 162/144/144 161/133/133
f 167/145/145 153/131/131 160/134/134
f 167/145/145 160/134/134 170/146/146
f 166/141/141 142/147/147 141/148/148
f 166/141/141 141/148/148 164/149/149
f 167/145/145 146/150/150 145/151/151
f 167/145/145 145/151/151 169/142/142
f 168/152/152 144/153/153 143/154/154
f 168/152/152 143/154/154 170/146/146
f 141/148/148 142/147/147 145/151/151
f 141/148/148 145/151/151 146/150/150
f 141/148/148 146/150/150 143/154/154
f 141/148/148 143/154/154 144/153/153
f 141/148/148 144/153/153 139/155/155
f 141/148/148 139/155/155 140/156/156
f 168/152/152 159/157/157 138/158/158
f 168/152/152 138/158/158 163/159/159
f 159/157/157 158/160/160 137/161/161
f 159/157/157 137/161/161 138/158/158
f 158/160/160 157/162/162 136/163/163
f 158/160/160 136/163/163 137/161/161
f 165/164/164 133/165/165 148/166/166
f 165/164/164 148/166/166 164/149/149
f 133/165/165 134/167/167 149/168/168
f 133/165/165 149/168/168 148/166/166
f 134/167/167 135/169/169 150/170/170
f 134/167/167 150/170/170 149/168/168
f 157/162/162 158/160/160 161/133/133
f 157/162/162 161/133/133 162/144/144
f 158/160/160 159/157/157 160/134/134
f 158/160/160 160/134/134 161/133/133
f 151/143/143 152/132/132 155/138/138
f 151/143/143 155/138/138 156/137/137
f 152/132/132 153/131/131 154/140/140
f 152/132/132 154/140/140 155/138/138
f 132/136/136 131/135/135 149/168/168
f 132/136/136 149/168/168 150/170/170
f 131/135/135 147/139/139 148/166/166
f 131/135/135 148/166/166 149/168/168
f 163/159/159 138/158/158 133/165/165
f 163/159/159 133/165/165 165/164/164
f 138/158/158 137/161/161 134/167/167
f 138/158/158 134/167/167 133/165/165
f 137/161/161 136/163/163 135/169/169
f 137/161/161 135/169/169 134/167/167
f 139/155/155 163/159/159 165/164/164
f 139/155/155 165/164/164 140/156/156
f 140/156/156 165/164/164 164/149/149
f 140/156/156 164/149/149 141/148/148
f 144/153/153 168/152/152 163/159/159
f 144/153/153 163/159/159 139/155/155
f 159/157/157 168/152/152 170/146/146
f 159/157/157 170/146/146 160/134/134
f 153/131/131 167/145/145 169/142/142
f 153/131/131 169/142/142 154/140/140
f 147/139/139 166/141/141 164/149/149
f 147/139/139 164/149/149 148/166/166
f 146/150/150 167/145/145 170/146/146
f 146/150/150 170/146/146 143/154/154
f 142/147/147 166/141/141 169/142/142
f 142/147/147 169/142/142 145/151/151
f 174/171/171 171/172/172 172/173/173
f 174/171/171 172/173/173 173/174/174
f 178/175/175 175/176/176 176/177/177
f 178/175/175 176/177/177 177/178/178
f 186/179/179 183/180/180 184/181/181
f 186/179/179 184/181/181 185/182/182
f 182/183/183 179/184/184 180/185/185
f 182/183/183 180/185/185 181/186/186
f 171/172/172 178/175/175 177/178/178
f 171/172/172 177/178/178 172/173/173
f 179/184/184 174/171/171 173/174/174
f 179/184/184 173/174/174 180/185/185
f 181/186/186 184/181/181 183/180/180
f 181/186/186 183/180/180 182/183/183
f 185/182/182 176/177/177 175/176/176
f 185/182/182 175/176/176 186/179/179
f 135/169/169 172/173/173 177/178/178
f 135/169/169 177/178/178 150/170/170
f 136/163/163 173/174/174 172/173/173
f 136/163/163 172/173/173 135/169/169
f 157/162/162 180/185/185 173/174/174
f 157/162/162 173/174/174 136/163/163
f 176/177/177 132/136/136 150/170/170
f 176/177/177 150/170/170 177/178/178
f 132/136/136 176/177/177 185/182/182
f 132/136/136 185/182/182 156/137/137
f 180/185/185 157/162/162 162/144/144
f 180/185/185 162/144/144 181/186/186
f 151/143/143 184/181/181 181/186/186
f 151/143/143 181/186/186 162/144/144
f 184/181/181 151/143/143 156/137/137
f 184/181/181 156/137/137 185/182/182
f 174/171/171 179/184/184 182/183/183
f 174/171/171 182/183/183 183/180/180
f 174/171/171 183/180/180 186/179/179
f 174/171/171 186/179/179 175/176/176
f 174/171/171 175/176/176 178/175/175
f 174/171/171 178/175/175 171/172/172
f 189/187/187 192/188/188 191/189/189
f 189/187/187 191/189/189 190/190/190
f 197/191/191 190/190/190 191/189/189
f 197/191/191 191/189/189 196/192/192
f 193/193/193 194/194/194 195/195/195
f 189/187/187 188/196/196 195/195/195
f 189/187/187 195/195/195 194/194/194
f 189/187/187 194/194/194 192/188/188
f 187/197/197 197/191/191 196/192/192
f 201/198/198 205/199/199 206/200/200
f 201/198/198 206/200/200 202/201/201
f 203/202/202 206/200/200 205/199/199
f 203/202/202 205/199/199 204/203/203
f 210/204/204 198/205/205 211/206/206
f 212/207/207 204/203/203 205/199/199
f 212/207/207 205/199/199 211/206/206
f 207/208/208 208/209/209 209/210/210
f 203/202/202 200/211/211 209/210/210
f 203/202/202 209/210/210 208/209/209
f 203/202/202 208/209/209 206/200/200
f 199/212/212 202/201/201 206/200/200
f 199/212/212 206/200/200 208/209/209
f 199/212/212 208/209/209 207/208/208
f 198/205/205 212/207/207 211/206/206
f 201/198/198 210/204/204 211/206/206
f 201/198/198 211/206/206 205/199/199
f 45/62/62 44/61/61 43/58/58
f 45/62/62 43/58/58 42/57/57
f 45/62/62 42/57/57 41/59/59
f 45/62/62 41/59/59 48/60/60
f 45/62/62 48/60/60 47/63/63
f 45/62/62 47/63/63 46/64/64
f 235/213/213 234/214/214 243/215/215
f 235/213/213 243/215/215 242/216/216
f 213/217/217 214/218/218 238/219/219
f 213/217/217 238/219/219 237/220/220
f 229/221/221 213/217/217 237/220/220
f 229/221/221 237/220/220 236/222/222
f 248/223/223 229/221/221 236/222/222
f 248/223/223 236/222/222 251/224/224
f 234/214/214 233/225/225 244/226/226
f 234/214/214 244/226/226 243/215/215
f 249/227/227 235/213/213 242/216/216
f 249/227/227 242/216/216 252/228/228
f 248/223/223 224/229/229 223/230/230
f 248/223/223 223/230/230 246/231/231
f 249/227/227 228/232/232 227/233/233
f 249/227/227 227/233/233 251/224/224
f 250/234/234 226/235/235 225/236/236
f 250/234/234 225/236/236 252/228/228
f 223/230/230 224/229/229 227/233/233
f 223/230/230 227/233/233 228/232/232
f 223/230/230 228/232/232 225/236/236
f 223/230/230 225/236/236 226/235/235
f 223/230/230 226/235/235 221/237/237
f 223/230/230 221/237/237 222/238/238
f 250/234/234 241/239/239 220/240/240
f 250/234/234 220/240/240 245/241/241
f 241/239/239 240/242/242 219/243/243
f 241/239/239 219/243/243 220/240/240
f 240/242/242 239/244/244 218/245/245
f 240/242/242 218/245/245 219/243/243
f 247/246/246 215/247/247 230/248/248
f 247/246/246 230/248/248 246/231/231
f 215/247/247 216/249/249 231/250/250
f 215/247/247 231/250/250 230/248/248
f 216/249/249 217/251/251 232/252/252
f 216/249/249 232/252/252 231/250/250
f 239/244/244 240/242/242 243/215/215
f 239/244/244 243/215/215 244/226/226
f 240/242/242 241/239/239 242/216/216
f 240/242/242 242/216/216 243/215/215
f 233/225/225 234/214/214 237/220/220
f 233/225/225 237/220/220 238/219/219
f 234/214/214 235/213/213 236/222/222
f 234/214/214 236/222/222 237/220/220
f 214/218/218 213/217/217 231/250/250
f 214/218/218 231/250/250 232/252/252
f 213/217/217 229/221/221 230/248/248
f 213/217/217 230/248/248 231/250/250
f 245/241/241 220/240/240 215/247/247
f 245/241/241 215/247/247 247/246/246
f 220/240/240 219/243/243 216/249/249
f 220/240/240 216/249/249 215/247/247
f 219/243/243 218/245/245 217/251/251
f 219/243/243 217/251/251 216/249/249
f 221/237/237 245/241/241 247/246/246
f 221/237/237 247/246/246 222/238/238
f 222/238/238 247/246/246 246/231/231
f 222/238/238 246/231/231 223/230/230
f 226/235/235 250/234/234 245/241/241
f 226/235/235 245/241/241 221/237/237
f 241/239/239 250/234/234 252/228/228
f 241/239/239 252/228/228 242/216/216
f 235/213/213 249/227/227 251/224/224
f 235/213/213 251/224/224 236/222/222
f 229/221/221 248/223/223 246/231/231
f 229/221/221 246/231/231 230/248/248
f 228/232/232 249/227/227 252/228/228
f 228/232/232 252/228/228 225/236/236
f 224/229/229 248/223/223 251/224/224
f 224/229/229 251/224/224 227/233/233
f 256/253/253 253/254/254 254/255/255
f 256/253/253 254/255/255 255/256/256
f 260/257/257 257/258/258 258/259/259
f 260/257/257 258/259/259 259/260/260
f 268/261/261 265/262/262 266/263/263
f 268/261/261 266/263/263 267/264/264
f 264/265/265 261/266/266 262/267/267
f 264/265/265 262/267/267 263/268/268
f 253/254/254 260/257/257 259/260/260
f 253/254/254 259/260/260 254/255/255
f 261/266/266 256/253/253 255/256/256
f 261/266/266 255/256/256 262/267/267
f 263/268/268 266/263/263 265/262/262
f 263/268/268 265/262/262 264/265/265
f 267/264/264 258/259/259 257/258/258
f 267/264/264 257/258/258 268/261/261
f 217/251/251 254/255/255 259/260/260
f 217/251/251 259/260/260 232/252/252
f 218/245/245 255/256/256 254/255/255
f 218/245/245 254/255/255 217/251/251
f 239/244/244 262/267/267 255/256/256
f 239/244/244 255/256/256 218/245/245
f 258/259/259 214/218/218 232/252/252
f 258/259/259 232/252/252 259/260/260
f 214/218/218 258/259/259 267/264/264
f 214/218/218 267/264/264 238/219/219
f 262/267/267 239/244/244 244/226/226
f 262/267/267 244/226/226 263/268/268
f 233/225/225 266/263/263 263/268/268
f 233/225/225 263/268/268 244/226/226
f 266/263/263 233/225/225 238/219/219
f 266/263/263 238/219/219 267/264/264
f 256/253/253 261/266/266 264/265/265
f 256/253/253 264/265/265 265/262/262
f 256/253/253 265/262/262 268/261/261
f 256/253/253 268/261/261 257/258/258
f 256/253/253 257/258/258 260/257/257
f 256/253/253 260/257/257 253/254/254
f 272/269/269 276/270/270 277/271/271
f 272/269/269 277/271/271 273/272/272
f 274/273/273 277/271/271 276/270/270
f 274/273/273 276/270/270 275/274/274
f 281/275/275 269/276/276 282/277/277
f 283/278/278 275/274/274 276/270/270
f 283/278/278 276/270/270 282/277/277
f 278/279/279 279/280/280 280/281/281
f 274/273/273 271/282/282 280/281/281
f 274/273/273 280/281/281 279/280/280
f 274/273/273 279/280/280 277/271/271
f 270/283/283 273/272/272 277/271/271
f 270/283/283 277/271/271 279/280/280
f 270/283/283 279/280/280 278/279/279
f 269/276/276 283/278/278 282/277/277
f 272/269/269 281/275/275 282/277/277
f 272/269/269 282/277/277 276/270/270
f 286/284/284 289/285/285 288/286/286
f 286/284/284 288/286/286 287/287/287
f 294/288/288 287/287/287 288/286/286
f 294/288/288 288/286/286 293/289/289
f 290/290/290 291/291/291 292/292/292
f 286/284/284 285/293/293 292/292/292
f 286/284/284 292/292/292 291/291/291
f 286/284/284 291/291/291 289/285/285
f 284/294/294 294/288/288 293/289/289
f 317/295/295 316/296/296 325/297/297
f 317/295/295 325/297/297 324/298/298
f 295/299/299 296/300/300 320/301/301
f 295/299/299 320/301/301 319/302/302
f 311/303/303 295/299/299 319/302/302
f 311/303/303 319/302/302 318/304/304
f 330/305/305 311/303/303 318/304/304
f 330/305/305 318/304/304 333/306/306
f 316/296/296 315/307/307 326/308/308
f 316/296/296 326/308/308 325/297/297
f 331/309/309 317/295/295 324/298/298
f 331/309/309 324/298/298 334/310/310
f 330/305/305 306/311/311 305/312/312
f 330/305/305 305/312/312 328/313/313
f 331/309/309 310/314/314 309/315/315
f 331/309/309 309/315/315 333/306/306
f 332/316/316 308/317/317 307/318/318
f 332/316/316 307/318/318 334/310/310
f 305/312/312 306/311/311 309/315/315
f 305/312/312 309/315/315 310/314/314
f 305/312/312 310/314/314 307/318/318
f 305/312/312 307/318/318 308/317/317
f 305/312/312 308/317/317 303/319/319
f 305/312/312 303/319/319 304/320/320
f 332/316/316 323/321/321 302/322/322
f 332/316/316 302/322/322 327/323/323
f 323/321/321 322/324/324 301/325/325
f 323/321/321 301/325/325 302/322/322
f 322/324/324 321/326/326 300/327/327
f 322/324/324 300/327/327 301/325/325
f 329/328/328 297/329/329 312/330/330
f 329/328/328 312/330/330 328/313/313
f 297/329/329 298/331/331 313/332/332
f 297/329/329 313/332/332 312/330/330
f 298/331/331 299/333/333 314/334/334
f 298/331/331 314/334/334 313/332/332
f 321/326/326 322/324/324 325/297/297
f 321/326/326 325/297/297 326/308/308
f 322/324/324 323/321/321 324/298/298
f 322/324/324 324/298/298 325/297/297
f 315/307/307 316/296/296 319/302/302
f 315/307/307 319/302/302 320/301/301
f 316/296/296 317/295/295 318/304/304
f 316/296/296 318/304/304 319/302/302
f 296/300/300 295/299/299 313/332/332
f 296/300/300 313/332/332 314/334/334
f 295/299/299 311/303/303 312/330/330
f 295/299/299 312/330/330 313/332/332
f 327/323/323 302/322/322 297/329/329
f 327/323/323 297/329/329 329/328/328
f 302/322/322 301/325/325 298/331/331
f 302/322/322 298/331/331 297/329/329
f 301/325/325 300/327/327 299/333/333
f 301/325/325 299/333/333 298/331/331
f 303/319/319 327/323/323 329/328/328
f 303/319/319 329/328/328 304/320/320
f 304/320/320 329/328/328 328/313/313
f 304/320/320 328/313/313 305/312/312
f 308/317/317 332/316/316 327/323/323
f 308/317/317 327/323/323 303/319/319
f 323/321/321 332/316/316 334/310/310
f 323/321/321 334/310/310 324/298/298
f 317/295/295 331/309/309 333/306/306
f 317/295/295 333/306/306 318/304/304
f 311/303/303 330/305/305 328/313/313
f 311/303/303 328/313/313 312/330/330
f 310/314/314 331/309/309 334/310/310
f 310/314/314 334/310/310 307/318/318
f 306/311/311 330/305/305 333/306/306
f 306/311/311 333/306/306 309/315/315
f 338/335/335 335/336/336 336/337/337
f 338/335/335 336/337/337 337/338/338
f 342/339/339 339/340/340 340/341/341
f 342/339/339 340/341/341 341/342/342
f 350/343/343 347/344/344 348/345/345
f 350/343/343 348/345/345 349/346/346
f 346/347/347 343/348/348 344/349/349
f 346/347/347 344/349/349 345/350/350
f 335/336/336 342/339/339 341/342/342
f 335/336/336 341/342/342 336/337/337
f 343/348/348 338/335/335 337/338/338
f 343/348/348 337/338/338 344/349/349
f 345/350/350 348/345/345 347/344/344
f 345/350/350 347/344/344 346/347/347
f 349/346/346 340/341/341 339/340/340
f 349/346/346 339/340/340 350/343/343
f 299/333/333 336/337/337 341/342/342
f 299/333/333 341/342/342 314/334/334
f 300/327/327 337/338/338 336/337/337
f 300/327/327 336/337/337 299/333/333
f 321/326/326 344/349/349 337/338/338
f 321/326/326 337/338/338 300/327/327
f 340/341/341 296/300/300 314/334/334
f 340/341/341 314/334/334 341/342/342
f 296/300/300 340/341/341 349/346/346
f 296/300/300 349/346/346 320/301/301
f 344/349/349 321/326/326 326/308/308
f 344/349/349 326/308/308 345/350/350
f 315/307/307 348/345/345 345/350/350
f 315/307/307 345/350/350 326/308/308
f 348/345/345 315/307/307 320/301/301
f 348/345/345 320/301/301 349/346/346
f 338/335/335 343/348/348 346/347/347
f 338/335/335 346/347/347 347/344/344
f 338/335/335 347/344/344 350/343/343
f 338/335/335 350/343/343 339/340/340
f 338/335/335 339/340/340 342/339/339
f 338/335/335 342/339/339 335/336/336
f 373/351/351 372/352/352 381/353/353
f 373/351/351 381/353/353 380/354/354
f 351/355/355 352/356/356 376/357/357
f 351/355/355 376/357/357 375/358/358
f 367/359/359 351/355/355 375/358/358
f 367/359/359 375/358/358 374/360/360
f 386/361/361 367/359/359 374/360/360
f 386/361/361 374/360/360 389/362/362
f 372/352/352 371/363/363 382/364/364
f 372/352/352 382/364/364 381/353/353
f 387/365/365 373/351/351 380/354/354
f 387/365/365 380/354/354 390/366/366
f 386/361/361 362/367/367 361/368/368
f 386/361/361 361/368/368 384/369/369
f 387/365/365 366/370/370 365/371/371
f 387/365/365 365/371/371 389/362/362
f 388/372/372 364/373/373 363/374/374
f 388/372/372 363/374/374 390/366/366
f 361/368/368 362/367/367 365/371/371
f 361/368/368 365/371/371 366/370/370
f 361/368/368 366/370/370 363/374/374
f 361/368/368 363/374/374 364/373/373
f 361/368/368 364/373/373 359/375/375
f 361/368/368 359/375/375 360/376/376
f 388/372/372 379/377/377 358/378/378
f 388/372/372 358/378/378 383/379/379
f 379/377/377 378/380/380 357/381/381
f 379/377/377 357/381/381 358/378/378
f 378/380/380 377/382/382 356/383/383
f 378/380/380 356/383/383 357/381/381
f 385/384/384 353/385/385 368/386/386
f 385/384/384 368/386/386 384/369/369
f 353/385/385 354/387/387 369/388/388
f 353/385/385 369/388/388 368/386/386
f 354/387/387 355/389/389 370/390/390
f 354/387/387 370/390/390 369/388/388
f 377/382/382 378/380/380 381/353/353
f 377/382/382 381/353/353 382/364/364
f 378/380/380 379/377/377 380/354/354
f 378/380/380 380/354/354 381/353/353
f 371/363/363 372/352/352 375/358/358
f 371/363/363 375/358/358 376/357/357
f 372/352/352 373/351/351 374/360/360
f 372/352/352 374/360/360 375/358/358
f 352/356/356 351/355/355 369/388/388
f 352/356/356 369/388/388 370/390/390
f 351/355/355 367/359/359 368/386/386
f 351/355/355 368/386/386 369/388/388
f 383/379/379 358/378/378 353/385/385
f 383/379/379 353/385/385 385/384/384
f 358/378/378 357/381/381 354/387/387
f 358/378/378 354/387/387 353/385/385
f 357/381/381 356/383/383 355/389/389
f 357/381/381 355/389/389 354/387/387
f 359/375/375 383/379/379 385/384/384
f 359/375/375 385/384/384 360/376/376
f 360/376/376 385/384/384 384/369/369
f 360/376/376 384/369/369 361/368/368
f 364/373/373 388/372/372 383/379/379
f 364/373/373 383/379/379 359/375/375
f 379/377/377 388/372/372 390/366/366
f 379/377/377 390/366/366 380/354/354
f 373/351/351 387/365/365 389/362/362
f 373/351/351 389/362/362 374/360/360
f 367/359/359 386/361/361 384/369/369
f 367/359/359 384/369/369 368/386/386
f 366/370/370 387/365/365 390/366/366
f 366/370/370 390/366/366 363/374/374
f 362/367/367 386/361/361 389/362/362
f 362/367/367 389/362/362 365/371/371
f 394/391/391 391/392/392 392/393/393
f 394/391/391 392/393/393 393/394/394
f 398/395/395 395/396/396 396/397/397
f 398/395/395 396/397/397 397/398/398
f 406/399/399 403/400/400 404/401/401
f 406/399/399 404/401/401 405/402/402
f 402/403/403 399/404/404 400/405/405
f 402/403/403 400/405/405 401/406/406
f 391/392/392 398/395/395 397/398/398
f 391/392/392 397/398/398 392/393/393
f 399/404/404 394/391/391 393/394/394
f 399/404/404 393/394/394 400/405/405
f 401/406/406 404/401/401 403/400/400
f 401/406/406 403/400/400 402/403/403
f 405/402/402 396/397/397 395/396/396
f 405/402/402 395/396/396 406/399/399
f 355/389/389 392/393/393 397/398/398
f 355/389/389 397/398/398 370/390/390
f 356/383/383 393/394/394 392/393/393
f 356/383/383 392/393/393 355/389/389
f 377/382/382 400/405/405 393/394/394
f 377/382/382 393/394/394 356/383/383
f 396/397/397 352/356/356 370/390/390
f 396/397/397 370/390/390 397/398/398
f 352/356/356 396/397/397 405/402/402
f 352/356/356 405/402/402 376/357/357
f 400/405/405 377/382/382 382/364/364
f 400/405/405 382/364/364 401/406/406
f 371/363/363 404/401/401 401/406/406
f 371/363/363 401/406/406 382/364/364
f 404/401/401 371/363/363 376/357/357
f 404/401/401 376/357/357 405/402/402
f 394/391/391 399/404/404 402/403/403
f 394/391/391 402/403/403 403/400/400
f 394/391/391 403/400/400 406/399/399
f 394/391/391 406/399/399 395/396/396
f 394/391/391 395/396/396 398/395/395
f 394/391/391 398/395/395 391/392/392
f 410/407/407 414/408/408 415/409/409
f 410/407/407 415/409/409 411/410/410
f 412/411/411 415/409/409 414/408/408
f 412/411/411 414/408/408 413/412/412
f 419/413/413 407/414/414 420/415/415
f 421/416/416 413/412/412 414/408/408
f 421/416/416 414/408/408 420/415/415
f 416/417/417 417/418/418 418/419/419
f 412/411/411 409/420/420 418/419/419
f 412/411/411 418/419/419 417/418/418
f 412/411/411 417/418/418 415/409/409
f 408/421/421 411/410/410 415/409/409
f 408/421/421 415/409/409 417/418/418
f 408/421/421 417/418/418 416/417/417
f 407/414/414 421/416/416 420/415/415
f 410/407/407 419/413/413 420/415/415
f 410/407/407 420/415/415 414/408/408
usemtl Material.075
f 425/422/422 429/423/423 430/424/424
f 425/422/422 430/424/424 426/425/425
f 427/426/426 430/424/424 429/423/423
f 427/426/426 429/423/423 428/427/427
f 434/428/428 422/429/429 435/430/430
f 436/431/431 428/427/427 429/423/423
f 436/431/431 429/423/423 435/430/430
f 431/432/432 432/433/433 433/434/434
f 427/426/426 424/435/435 433/434/434
f 427/426/426 433/434/434 432/433/433
f 427/426/426 432/433/433 430/424/424
f 423/436/436 426/425/425 430/424/424
f 423/436/436 430/424/424 432/433/433
f 423/436/436 432/433/433 431/432/432
f 422/429/429 436/431/431 435/430/430
f 425/422/422 434/428/428 435/430/430
f 425/422/422 435/430/430 429/423/423
f 440/198/437 444/199/438 445/200/439
f 440/198/437 445/200/439 441/201/440
f 442/202/441 445/200/439 444/199/438
f 442/202/441 444/199/438 443/203/442
f 449/204/443 437/205/444 450/206/445
f 451/207/446 443/203/442 444/199/438
f 451/207/446 444/199/438 450/206/445
f 446/208/447 447/209/448 448/210/449
f 442/202/441 439/211/450 448/210/449
f 442/202/441 448/210/449 447/209/448
f 442/202/441 447/209/448 445/200/439
f 438/212/451 441/201/440 445/200/439
f 438/212/451 445/200/439 447/209/448
f 438/212/451 447/209/448 446/208/447
f 437/205/444 451/207/446 450/206/445
f 440/198/437 449/204/443 450/206/445
f 440/198/437 450/206/445 444/199/438
f 455/437/452 459/438/453 460/439/454
f 455/437/452 460/439/454 456/440/455
f 457/441/456 460/439/454 459/438/453
f 457/441/456 459/438/453 458/442/457
f 464/443/458 452/444/459 465/445/460
f 466/446/461 458/442/457 459/438/453
f 466/446/461 459/438/453 465/445/460
f 461/447/462 462/448/463 463/449/464
f 457/441/456 454/450/465 463/449/464
f 457/441/456 463/449/464 462/448/463
f 457/441/456 462/448/463 460/439/454
f 453/451/466 456/440/455 460/439/454
f 453/451/466 460/439/454 462/448/463
f 453/451/466 462/448/463 461/447/462
f 452/444/459 466/446/461 465/445/460
f 455/437/452 464/443/458 465/445/460
f 455/437/452 465/445/460 459/438/453
f 470/407/467 474/408/468 475/409/469
f 470/407/467 475/409/469 471/410/470
f 472/411/471 475/409/469 474/408/468
f 472/411/471 474/408/468 473/412/472
f 479/413/473 467/414/474 480/415/475
f 481/416/476 473/412/472 474/408/468
f 481/416/476 474/408/468 480/415/475
f 476/417/477 477/418/478 478/419/479
f 472/411/471 469/420/480 478/419/479
f 472/411/471 478/419/479 477/418/478
f 472/411/471 477/418/478 475/409/469
f 468/421/481 471/410/470 475/409/469
f 468/421/481 475/409/469 477/418/478
f 468/421/481 477/418/478 476/417/477
f 467/414/474 481/416/476 480/415/475
f 470/407/467 479/413/473 480/415/475
f 470/407/467 480/415/475 474/408/468
f 482/452/482 493/453/483 492/454/484
f 482/452/482 492/454/484 483/455/485
f 483/455/485 492/454/484 491/456/486
f 483/455/485 491/456/486 484/457/487
f 488/458/488 487/459/489 486/460/490
f 488/458/488 486/460/490 489/461/491
f 489/461/491 486/460/490 485/462/492
f 489/461/491 485/462/492 490/463/493
f 493/453/483 488/458/488 489/461/491
f 493/453/483 489/461/491 492/454/484
f 492/454/484 489/461/491 490/463/493
f 492/454/484 490/463/493 491/456/486
f 487/459/489 482/452/482 483/455/485
f 487/459/489 483/455/485 486/460/490
f 486/460/490 483/455/485 484/457/487
f 486/460/490 484/457/487 485/462/492
f 496/464/494 497/465/495 619/466/496
f 496/464/494 619/466/496 618/467/497
f 499/468/498 500/469/499 501/470/500
f 499/468/498 501/470/500 498/471/501
f 503/472/502 501/470/500 500/469/499
f 503/472/502 500/469/499 502/473/503
f 505/474/504 503/472/502 502/473/503
f 505/474/504 502/473/503 504/475/505
f 504/475/505 499/468/498 498/471/501
f 504/475/505 498/471/501 505/474/504
f 498/471/501 501/470/500 495/476/506
f 498/471/501 495/476/506 494/477/507
f 499/468/498 504/475/505 487/459/489
f 499/468/498 487/459/489 488/458/488
f 500/469/499 499/468/498 488/458/488
f 500/469/499 488/458/488 493/453/483
f 505/474/504 498/471/501 494/477/507
f 505/474/504 494/477/507 497/465/495
f 501/470/500 503/472/502 496/464/494
f 501/470/500 496/464/494 495/476/506
f 502/473/503 500/469/499 493/453/483
f 502/473/503 493/453/483 482/452/482
f 503/472/502 505/474/504 497/465/495
f 503/472/502 497/465/495 496/464/494
f 504/475/505 502/473/503 482/452/482
f 504/475/505 482/452/482 487/459/489
f 513/478/508 509/479/509 511/480/510
f 515/481/511 512/482/512 510/483/513
f 513/478/508 511/480/510 514/484/514
f 515/481/511 516/485/515 512/482/512
f 513/478/508 514/484/514 509/479/509
f 515/481/511 510/483/513 516/485/515
f 509/479/509 506/486/516 507/487/517
f 509/479/509 507/487/517 511/480/510
f 514/484/514 508/488/518 506/486/516
f 514/484/514 506/486/516 509/479/509
f 508/488/518 516/485/515 510/483/513
f 508/488/518 510/483/513 506/486/516
f 506/486/516 510/483/513 512/482/512
f 506/486/516 512/482/512 507/487/517
f 511/480/510 507/487/517 508/488/518
f 511/480/510 508/488/518 514/484/514
f 507/487/517 512/482/512 516/485/515
f 507/487/517 516/485/515 508/488/518
f 484/457/487 491/456/486 490/463/493
f 484/457/487 490/463/493 485/462/492
f 524/489/519 520/490/520 522/491/521
f 526/492/522 523/493/523 521/494/524
f 524/489/519 522/491/521 525/495/525
f 526/492/522 527/496/526 523/493/523
f 524/489/519 525/495/525 520/490/520
f 526/492/522 521/494/524 527/496/526
f 520/490/520 517/497/527 518/498/528
f 520/490/520 518/498/528 522/491/521
f 525/495/525 519/499/529 517/497/527
f 525/495/525 517/497/527 520/490/520
f 519/499/529 527/496/526 521/494/524
f 519/499/529 521/494/524 517/497/527
f 517/497/527 521/494/524 523/493/523
f 517/497/527 523/493/523 518/498/528
f 522/491/521 518/498/528 519/499/529
f 522/491/521 519/499/529 525/495/525
f 518/498/528 523/493/523 527/496/526
f 518/498/528 527/496/526 519/499/529
f 535/500/530 531/501/531 533/502/532
f 537/503/533 534/504/534 532/505/535
f 535/500/530 533/502/532 536/506/536
f 537/503/533 538/507/537 534/504/534
f 535/500/530 536/506/536 531/501/531
f 537/503/533 532/505/535 538/507/537
f 531/501/531 528/508/538 529/509/539
f 531/501/531 529/509/539 533/502/532
f 536/506/536 530/510/540 528/508/538
f 536/506/536 528/508/538 531/501/531
f 530/510/540 538/507/537 532/505/535
f 530/510/540 532/505/535 528/508/538
f 528/508/538 532/505/535 534/504/534
f 528/508/538 534/504/534 529/509/539
f 533/502/532 529/509/539 530/510/540
f 533/502/532 530/510/540 536/506/536
f 529/509/539 534/504/534 538/507/537
f 529/509/539 538/507/537 530/510/540
f 546/511/541 542/512/542 544/513/543
f 548/514/544 545/515/545 543/516/546
f 546/511/541 544/513/543 547/517/547
f 548/514/544 549/518/548 545/515/545
f 546/511/541 547/517/547 542/512/542
f 548/514/544 543/516/546 549/518/548
f 542/512/542 539/519/549 540/520/550
f 542/512/542 540/520/550 544/513/543
f 547/517/547 541/521/551 539/519/549
f 547/517/547 539/519/549 542/512/542
f 541/521/551 549/518/548 543/516/546
f 541/521/551 543/516/546 539/519/549
f 539/519/549 543/516/546 545/515/545
f 539/519/549 545/515/545 540/520/550
f 544/513/543 540/520/550 541/521/551
f 544/513/543 541/521/551 547/517/547
f 540/520/550 545/515/545 549/518/548
f 540/520/550 549/518/548 541/521/551
f 557/522/552 553/523/553 555/524/554
f 559/525/555 556/526/556 554/527/557
f 557/522/552 555/524/554 558/528/558
f 559/525/555 560/529/559 556/526/556
f 557/522/552 558/528/558 553/523/553
f 559/525/555 554/527/557 560/529/559
f 553/523/553 550/530/560 551/531/561
f 553/523/553 551/531/561 555/524/554
f 558/528/558 552/532/562 550/530/560
f 558/528/558 550/530/560 553/523/553
f 552/532/562 560/529/559 554/527/557
f 552/532/562 554/527/557 550/530/560
f 550/530/560 554/527/557 556/526/556
f 550/530/560 556/526/556 551/531/561
f 555/524/554 551/531/561 552/532/562
f 555/524/554 552/532/562 558/528/558
f 551/531/561 556/526/556 560/529/559
f 551/531/561 560/529/559 552/532/562
f 568/533/563 564/534/564 566/535/565
f 570/536/566 567/537/567 565/538/568
f 568/533/563 566/535/565 569/539/569
f 570/536/566 571/540/570 567/537/567
f 568/533/563 569/539/569 564/534/564
f 570/536/566 565/538/568 571/540/570
f 564/534/564 561/541/571 562/542/572
f 564/534/564 562/542/572 566/535/565
f 569/539/569 563/543/573 561/541/571
f 569/539/569 561/541/571 564/534/564
f 563/543/573 571/540/570 565/538/568
f 563/543/573 565/538/568 561/541/571
f 561/541/571 565/538/568 567/537/567
f 561/541/571 567/537/567 562/542/572
f 566/535/565 562/542/572 563/543/573
f 566/535/565 563/543/573 569/539/569
f 562/542/572 567/537/567 571/540/570
f 562/542/572 571/540/570 563/543/573
f 579/544/574 575/545/575 577/546/576
f 581/547/577 578/548/578 576/549/579
f 579/544/574 577/546/576 580/550/580
f 581/547/577 582/551/581 578/548/578
f 579/544/574 580/550/580 575/545/575
f 581/547/577 576/549/579 582/551/581
f 575/545/575 572/552/582 573/553/583
f 575/545/575 573/553/583 577/546/576
f 580/550/580 574/554/584 572/552/582
f 580/550/580 572/552/582 575/545/575
f 574/554/584 582/551/581 576/549/579
f 574/554/584 576/549/579 572/552/582
f 572/552/582 576/549/579 578/548/578
f 572/552/582 578/548/578 573/553/583
f 577/546/576 573/553/583 574/554/584
f 577/546/576 574/554/584 580/550/580
f 573/553/583 578/548/578 582/551/581
f 573/553/583 582/551/581 574/554/584
f 590/555/585 586/556/586 588/557/587
f 592/558/588 589/559/589 587/560/590
f 590/555/585 588/557/587 591/561/591
f 592/558/588 593/562/592 589/559/589
f 590/555/585 591/561/591 586/556/586
f 592/558/588 587/560/590 593/562/592
f 586/556/586 583/563/593 584/564/594
f 586/556/586 584/564/594 588/557/587
f 591/561/591 585/565/595 583/563/593
f 591/561/591 583/563/593 586/556/586
f 585/565/595 593/562/592 587/560/590
f 585/565/595 587/560/590 583/563/593
f 583/563/593 587/560/590 589/559/589
f 583/563/593 589/559/589 584/564/594
f 588/557/587 584/564/594 585/565/595
f 588/557/587 585/565/595 591/561/591
f 584/564/594 589/559/589 593/562/592
f 584/564/594 593/562/592 585/565/595
f 601/566/596 597/567/597 599/568/598
f 603/569/599 600/570/600 598/571/601
f 601/566/596 599/568/598 602/572/602
f 603/569/599 604/573/603 600/570/600
f 601/566/596 602/572/602 597/567/597
f 603/569/599 598/571/601 604/573/603
f 597/567/597 594/574/604 595/575/605
f 597/567/597 595/575/605 599/568/598
f 602/572/602 596/576/606 594/574/604
f 602/572/602 594/574/604 597/567/597
f 596/576/606 604/573/603 598/571/601
f 596/576/606 598/571/601 594/574/604
f 594/574/604 598/571/601 600/570/600
f 594/574/604 600/570/600 595/575/605
f 599/568/598 595/575/605 596/576/606
f 599/568/598 596/576/606 602/572/602
f 595/575/605 600/570/600 604/573/603
f 595/575/605 604/573/603 596/576/606
f 612/577/607 608/578/608 610/579/609
f 614/580/610 611/581/611 609/582/612
f 612/577/607 610/579/609 613/583/613
f 614/580/610 615/584/614 611/581/611
f 612/577/607 613/583/613 608/578/608
f 614/580/610 609/582/612 615/584/614
f 608/578/608 605/585/615 606/586/616
f 608/578/608 606/586/616 610/579/609
f 613/583/613 607/587/617 605/585/615
f 613/583/613 605/585/615 608/578/608
f 607/587/617 615/584/614 609/582/612
f 607/587/617 609/582/612 605/585/615
f 605/585/615 609/582/612 611/581/611
f 605/585/615 611/581/611 606/586/616
f 610/579/609 606/586/616 607/587/617
f 610/579/609 607/587/617 613/583/613
f 606/586/616 611/581/611 615/584/614
f 606/586/616 615/584/614 607/587/617
f 618/467/497 619/466/496 616/588/618
f 618/467/497 616/588/618 617/589/619
f 494/477/507 495/476/506 617/589/619
f 494/477/507 617/589/619 616/588/618
f 497/465/495 494/477/507 616/588/618
f 497/465/495 616/588/618 619/466/496
f 495/476/506 496/464/494 618/467/497
f 495/476/506 618/467/497 617/589/619
f 620/590/620 631/591/621 630/592/622
f 620/590/620 630/592/622 621/593/623
f 621/593/623 630/592/622 629/594/624
f 621/593/623 629/594/624 622/595/625
f 626/596/626 625/597/627 624/598/628
f 626/596/626 624/598/628 627/599/629
f 627/599/629 624/598/628 623/600/630
f 627/599/629 623/600/630 628/601/631
f 631/591/621 626/596/626 627/599/629
f 631/591/621 627/599/629 630/592/622
f 630/592/622 627/599/629 628/601/631
f 630/592/622 628/601/631 629/594/624
f 625/597/627 620/590/620 621/593/623
f 625/597/627 621/593/623 624/598/628
f 624/598/628 621/593/623 622/595/625
f 624/598/628 622/595/625 623/600/630
f 634/602/632 635/603/633 768/604/634
f 634/602/632 768/604/634 767/605/635
f 637/606/636 638/607/637 639/608/638
f 637/606/636 639/608/638 636/609/639
f 641/610/640 639/608/638 638/607/637
f 641/610/640 638/607/637 640/611/641
f 643/612/642 641/610/640 640/611/641
f 643/612/642 640/611/641 642/613/643
f 642/613/643 637/606/636 636/609/639
f 642/613/643 636/609/639 643/612/642
f 636/609/639 639/608/638 633/614/644
f 636/609/639 633/614/644 632/615/645
f 637/606/636 642/613/643 625/597/627
f 637/606/636 625/597/627 626/596/626
f 638/607/637 637/606/636 626/596/626
f 638/607/637 626/596/626 631/591/621
f 643/612/642 636/609/639 632/615/645
f 643/612/642 632/615/645 635/603/633
f 639/608/638 641/610/640 634/602/632
f 639/608/638 634/602/632 633/614/644
f 640/611/641 638/607/637 631/591/621
f 640/611/641 631/591/621 620/590/620
f 641/610/640 643/612/642 635/603/633
f 641/610/640 635/603/633 634/602/632
f 642/613/643 640/611/641 620/590/620
f 642/613/643 620/590/620 625/597/627
f 651/616/646 647/617/647 649/618/648
f 653/619/649 650/620/650 648/621/651
f 651/616/646 649/618/648 652/622/652
f 653/619/649 654/623/653 650/620/650
f 651/616/646 652/622/652 647/617/647
f 653/619/649 648/621/651 654/623/653
f 647/617/647 644/624/654 645/625/655
f 647/617/647 645/625/655 649/618/648
f 652/622/652 646/626/656 644/624/654
f 652/622/652 644/624/654 647/617/647
f 646/626/656 654/623/653 648/621/651
f 646/626/656 648/621/651 644/624/654
f 644/624/654 648/621/651 650/620/650
f 644/624/654 650/620/650 645/625/655
f 649/618/648 645/625/655 646/626/656
f 649/618/648 646/626/656 652/622/652
f 645/625/655 650/620/650 654/623/653
f 645/625/655 654/623/653 646/626/656
f 662/627/657 658/628/658 660/629/659
f 664/630/660 661/631/661 659/632/662
f 662/627/657 660/629/659 663/633/663
f 664/630/660 665/634/664 661/631/661
f 662/627/657 663/633/663 658/628/658
f 664/630/660 659/632/662 665/634/664
f 658/628/658 655/635/665 656/636/666
f 658/628/658 656/636/666 660/629/659
f 663/633/663 657/637/667 655/635/665
f 663/633/663 655/635/665 658/628/658
f 657/637/667 665/634/664 659/632/662
f 657/637/667 659/632/662 655/635/665
f 655/635/665 659/632/662 661/631/661
f 655/635/665 661/631/661 656/636/666
f 660/629/659 656/636/666 657/637/667
f 660/629/659 657/637/667 663/633/663
f 656/636/666 661/631/661 665/634/664
f 656/636/666 665/634/664 657/637/667
f 673/638/668 669/639/669 671/640/670
f 675/641/671 672/642/672 670/643/673
f 673/638/668 671/640/670 674/644/674
f 675/641/671 676/645/675 672/642/672
f 673/638/668 674/644/674 669/639/669
f 675/641/671 670/643/673 676/645/675
f 669/639/669 666/646/676 667/647/677
f 669/639/669 667/647/677 671/640/670
f 674/644/674 668/648/678 666/646/676
f 674/644/674 666/646/676 669/639/669
f 668/648/678 676/645/675 670/643/673
f 668/648/678 670/643/673 666/646/676
f 666/646/676 670/643/673 672/642/672
f 666/646/676 672/642/672 667/647/677
f 671/640/670 667/647/677 668/648/678
f 671/640/670 668/648/678 674/644/674
f 667/647/677 672/642/672 676/645/675
f 667/647/677 676/645/675 668/648/678
f 684/649/679 680/650/680 682/651/681
f 686/652/682 683/653/683 681/654/684
f 684/649/679 682/651/681 685/655/685
f 686/652/682 687/656/686 683/653/683
f 684/649/679 685/655/685 680/650/680
f 686/652/682 681/654/684 687/656/686
f 680/650/680 677/657/687 678/658/688
f 680/650/680 678/658/688 682/651/681
f 685/655/685 679/659/689 677/657/687
f 685/655/685 677/657/687 680/650/680
f 679/659/689 687/656/686 681/654/684
f 679/659/689 681/654/684 677/657/687
f 677/657/687 681/654/684 683/653/683
f 677/657/687 683/653/683 678/658/688
f 682/651/681 678/658/688 679/659/689
f 682/651/681 679/659/689 685/655/685
f 678/658/688 683/653/683 687/656/686
f 678/658/688 687/656/686 679/659/689
f 695/660/690 691/661/691 693/662/692
f 697/663/693 694/664/694 692/665/695
f 695/660/690 693/662/692 696/666/696
f 697/663/693 698/667/697 694/664/694
f 695/660/690 696/666/696 691/661/691
f 697/663/693 692/665/695 698/667/697
f 691/661/691 688/668/698 689/669/699
f 691/661/691 689/669/699 693/662/692
f 696/666/696 690/670/700 688/668/698
f 696/666/696 688/668/698 691/661/691
f 690/670/700 698/667/697 692/665/695
f 690/670/700 692/665/695 688/668/698
f 688/668/698 692/665/695 694/664/694
f 688/668/698 694/664/694 689/669/699
f 693/662/692 689/669/699 690/670/700
f 693/662/692 690/670/700 696/666/696
f 689/669/699 694/664/694 698/667/697
f 689/669/699 698/667/697 690/670/700
f 706/671/701 702/672/702 704/673/703
f 708/674/704 705/675/705 703/676/706
f 706/671/701 704/673/703 707/677/707
f 708/674/704 709/678/708 705/675/705
f 706/671/701 707/677/707 702/672/702
f 708/674/704 703/676/706 709/678/708
f 702/672/702 699/679/709 700/680/710
f 702/672/702 700/680/710 704/673/703
f 707/677/707 701/681/711 699/679/709
f 707/677/707 699/679/709 702/672/702
f 701/681/711 709/678/708 703/676/706
f 701/681/711 703/676/706 699/679/709
f 699/679/709 703/676/706 705/675/705
f 699/679/709 705/675/705 700/680/710
f 704/673/703 700/680/710 701/681/711
f 704/673/703 701/681/711 707/677/707
f 700/680/710 705/675/705 709/678/708
f 700/680/710 709/678/708 701/681/711
f 717/682/712 713/683/713 715/684/714
f 719/685/715 716/686/716 714/687/717
f 717/682/712 715/684/714 718/688/718
f 719/685/715 720/689/719 716/686/716
f 717/682/712 718/688/718 713/683/713
f 719/685/715 714/687/717 720/689/719
f 713/683/713 710/690/720 711/691/721
f 713/683/713 711/691/721 715/684/714
f 718/688/718 712/692/722 710/690/720
f 718/688/718 710/690/720 713/683/713
f 712/692/722 720/689/719 714/687/717
f 712/692/722 714/687/717 710/690/720
f 710/690/720 714/687/717 716/686/716
f 710/690/720 716/686/716 711/691/721
f 715/684/714 711/691/721 712/692/722
f 715/684/714 712/692/722 718/688/718
f 711/691/721 716/686/716 720/689/719
f 711/691/721 720/689/719 712/692/722
f 728/693/723 724/694/724 726/695/725
f 730/696/726 727/697/727 725/698/728
f 728/693/723 726/695/725 729/699/729
f 730/696/726 731/700/730 727/697/727
f 728/693/723 729/699/729 724/694/724
f 730/696/726 725/698/728 731/700/730
f 724/694/724 721/701/731 722/702/732
f 724/694/724 722/702/732 726/695/725
f 729/699/729 723/703/733 721/701/731
f 729/699/729 721/701/731 724/694/724
f 723/703/733 731/700/730 725/698/728
f 723/703/733 725/698/728 721/701/731
f 721/701/731 725/698/728 727/697/727
f 721/701/731 727/697/727 722/702/732
f 726/695/725 722/702/732 723/703/733
f 726/695/725 723/703/733 729/699/729
f 722/702/732 727/697/727 731/700/730
f 722/702/732 731/700/730 723/703/733
f 739/704/734 735/705/735 737/706/736
f 741/707/737 738/708/738 736/709/739
f 739/704/734 737/706/736 740/710/740
f 741/707/737 742/711/741 738/708/738
f 739/704/734 740/710/740 735/705/735
f 741/707/737 736/709/739 742/711/741
f 735/705/735 732/712/742 733/713/743
f 735/705/735 733/713/743 737/706/736
f 740/710/740 734/714/744 732/712/742
f 740/710/740 732/712/742 735/705/735
f 734/714/744 742/711/741 736/709/739
f 734/714/744 736/709/739 732/712/742
f 732/712/742 736/709/739 738/708/738
f 732/712/742 738/708/738 733/713/743
f 737/706/736 733/713/743 734/714/744
f 737/706/736 734/714/744 740/710/740
f 733/713/743 738/708/738 742/711/741
f 733/713/743 742/711/741 734/714/744
f 750/715/745 746/716/746 748/717/747
f 752/718/748 749/719/749 747/720/750
f 750/715/745 748/717/747 751/721/751
f 752/718/748 753/722/752 749/719/749
f 750/715/745 751/721/751 746/716/746
f 752/718/748 747/720/750 753/722/752
f 746/716/746 743/723/753 744/724/754
f 746/716/746 744/724/754 748/717/747
f 751/721/751 745/725/755 743/723/753
f 751/721/751 743/723/753 746/716/746
f 745/725/755 753/722/752 747/720/750
f 745/725/755 747/720/750 743/723/753
f 743/723/753 747/720/750 749/719/749
f 743/723/753 749/719/749 744/724/754
f 748/717/747 744/724/754 745/725/755
f 748/717/747 745/725/755 751/721/751
f 744/724/754 749/719/749 753/722/752
f 744/724/754 753/722/752 745/725/755
f 622/595/625 629/594/624 628/601/631
f 622/595/625 628/601/631 623/600/630
f 761/726/756 757/727/757 759/728/758
f 763/729/759 760/730/760 758/731/761
f 761/726/756 759/728/758 762/732/762
f 763/729/759 764/733/763 760/730/760
f 761/726/756 762/732/762 757/727/757
f 763/729/759 758/731/761 764/733/763
f 757/727/757 754/734/764 755/735/765
f 757/727/757 755/735/765 759/728/758
f 762/732/762 756/736/766 754/734/764
f 762/732/762 754/734/764 757/727/757
f 756/736/766 764/733/763 758/731/761
f 756/736/766 758/731/761 754/734/764
f 754/734/764 758/731/761 760/730/760
f 754/734/764 760/730/760 755/735/765
f 759/728/758 755/735/765 756/736/766
f 759/728/758 756/736/766 762/732/762
f 755/735/765 760/730/760 764/733/763
f 755/735/765 764/733/763 756/736/766
f 767/605/635 768/604/634 765/737/767
f 767/605/635 765/737/767 766/738/768
f 632/615/645 633/614/644 766/738/768
f 632/615/645 766/738/768 765/737/767
f 635/603/633 632/615/645 765/737/767
f 635/603/633 765/737/767 768/604/634
f 633/614/644 634/602/632 767/605/635
f 633/614/644 767/605/635 766/738/768
