# Blender 4.5.5 LTS
# www.blender.org
o SM_Reproductive_Severe.001
v -0.213645 1.418327 0.013016
v -0.137086 1.839708 -0.027059
v -0.151590 0.563480 0.080661
v -0.165688 1.414063 0.025944
v -0.093152 1.831104 -0.016754
v -0.080270 1.827178 -0.034821
v -0.150331 1.411986 0.006689
v -0.125493 0.563382 0.052656
v -0.075161 -0.082671 0.050441
v -0.103336 -0.082671 0.080312
v -0.151114 -0.082671 0.081708
v -0.180985 -0.082671 0.053532
v -0.106428 -0.082671 -0.025512
v -0.076557 -0.082671 0.002663
v -0.182381 -0.082671 0.005755
v -0.154206 -0.082671 -0.024117
v -0.224145 0.563737 0.055603
v -0.196134 0.563639 0.081992
v -0.194277 1.416928 0.028803
v -0.118800 1.836762 -0.013250
v -0.128689 1.834988 -0.071326
v -0.201593 1.415745 -0.035050
v -0.199617 0.563663 -0.017159
v -0.225714 0.563748 0.010837
v -0.216946 1.417793 -0.015813
v -0.141571 1.838911 -0.053267
v -0.084715 1.826372 -0.061050
v -0.153644 1.411455 -0.022134
v -0.127072 0.563390 0.007890
v -0.155087 0.563501 -0.018489
v -0.173018 1.412885 -0.037901
v -0.103002 1.829323 -0.074849
v -0.115466 0.246179 0.050892
v -0.188648 0.238084 0.081187
v -0.142605 0.243119 0.079842
v -0.217441 0.235026 0.053867
v -0.191646 0.238084 -0.021405
v -0.116824 0.246180 0.004577
v -0.218794 0.235026 0.007549
v -0.145608 0.243120 -0.022747
v 0.247854 2.848399 -0.133786
v 0.245187 2.854187 -0.124770
v 0.238731 2.863264 -0.123428
v 0.233559 2.868480 -0.130823
v 0.231431 2.867880 -0.144313
v 0.234024 2.861969 -0.153320
v 0.240482 2.852892 -0.154647
v 0.245727 2.847798 -0.147260
v 0.194429 2.704274 -0.104484
v 0.152879 2.565698 -0.094123
v 0.159032 2.560068 -0.108078
v 0.200237 2.699614 -0.117994
v 0.172247 2.714857 -0.111511
v 0.129795 2.578904 -0.101332
v 0.139685 2.574200 -0.091087
v 0.181797 2.711166 -0.101558
v 0.197182 2.698741 -0.137269
v 0.155904 2.559164 -0.127945
v 0.145976 2.563727 -0.138155
v 0.187682 2.702386 -0.147208
v 0.175047 2.709276 -0.144281
v 0.132776 2.572233 -0.135102
v 0.126663 2.578002 -0.121186
v 0.169189 2.713983 -0.130786
v -0.717350 1.294249 -0.021452
v -0.185825 0.323621 0.078701
v -0.167297 0.328225 0.038957
v -0.360018 1.128541 0.043886
v -0.262483 0.724297 0.079073
v -0.238374 0.729404 0.001443
v -0.337318 1.134646 0.014268
v -0.363810 1.079314 0.029891
v -0.279523 0.684128 0.035887
v -0.178258 0.289833 0.067857
v -0.209371 0.298075 0.056851
v -0.169187 0.292784 0.048293
v -0.535850 1.348995 0.011034
v -0.525988 1.304497 0.010482
v -0.519862 1.305282 -0.004871
v 0.172742 1.603995 -0.508088
v -0.027570 0.778236 -0.061170
v -0.003757 0.789068 -0.009389
v 0.091821 1.601761 -0.314585
v 0.013912 1.263161 -0.190744
v 0.063952 1.273824 -0.099445
v 0.104917 1.585024 -0.228842
v 0.088383 1.543616 -0.280805
v 0.050514 1.208009 -0.154338
v -0.023979 0.744763 -0.038897
v -0.003482 0.737053 -0.052344
v -0.012201 0.750807 -0.013567
v 0.140133 1.638246 -0.379542
v 0.130771 1.595935 -0.367074
v 0.142245 1.635481 -0.339230
v 0.391568 1.412892 -0.313149
v 0.197632 1.092303 0.112379
v 0.232297 1.102164 0.147035
v 0.336538 1.733704 -0.069178
v 0.239658 1.495885 0.062788
v 0.287963 1.513447 0.119918
v 0.348954 1.759926 -0.024798
v 0.337211 1.703631 -0.023654
v 0.269907 1.465526 0.066143
v 0.206708 1.059905 0.122484
v 0.223297 1.072591 0.100783
v 0.223779 1.065445 0.139530
v 0.379046 1.599230 -0.206997
v 0.377581 1.569208 -0.177129
v 0.387785 1.611104 -0.185077
v -0.490881 1.893150 0.582362
v -0.178760 0.519748 0.070503
v -0.229472 0.529436 0.047180
v -0.329907 1.396192 0.324126
v -0.239319 0.991121 0.181271
v -0.339708 1.005111 0.145254
v -0.422772 1.409283 0.291705
v -0.380346 1.353212 0.324995
v -0.294421 0.947209 0.181363
v -0.187887 0.481042 0.057928
v -0.208234 0.490937 0.082285
v -0.212941 0.486619 0.046569
v -0.426072 1.696989 0.443036
v -0.446884 1.655146 0.449908
v -0.469208 1.701786 0.427742
v -0.374240 2.499690 -0.187726
v -0.179582 0.348250 -0.014143
v -0.141957 0.374780 -0.031074
v -0.284628 1.712265 -0.092341
v -0.235485 1.067342 -0.018992
v -0.166723 1.113920 -0.058660
v -0.248263 1.759065 -0.109861
v -0.267144 1.666419 -0.106701
v -0.207157 1.021273 -0.060562
v -0.166175 0.293145 -0.020490
v -0.171068 0.317719 -0.043363
v -0.147715 0.307422 -0.028790
v -0.325919 2.186053 -0.141261
v -0.318949 2.132684 -0.148978
v -0.308833 2.205920 -0.149363
v 0.188467 1.328885 0.139255
v 0.309397 1.732192 0.227283
v 0.103341 0.474091 0.103608
v 0.212004 1.316021 0.181275
v 0.331624 1.715838 0.264011
v 0.353105 1.710439 0.259866
v 0.236221 1.312063 0.178312
v 0.141439 0.470573 0.102369
v 0.117661 -0.174057 0.040644
v 0.076780 -0.170349 0.041712
v 0.042716 -0.162241 0.009176
v 0.042212 -0.156100 -0.031422
v 0.150391 -0.165912 -0.034249
v 0.150895 -0.172054 0.006349
v 0.075446 -0.154097 -0.065717
v 0.116327 -0.157805 -0.066785
v 0.071090 0.487660 0.035285
v 0.071577 0.481805 0.073319
v 0.190439 1.323617 0.163641
v 0.311893 1.725659 0.249302
v 0.346455 1.727745 0.201606
v 0.230973 1.326060 0.113810
v 0.140142 0.486085 0.001739
v 0.102050 0.489592 0.002971
v 0.206769 1.329987 0.116758
v 0.324978 1.733141 0.205744
v 0.368729 1.711374 0.238341
v 0.254510 1.313171 0.155811
v 0.172390 0.472503 0.070047
v 0.171895 0.478370 0.032020
v 0.252523 1.318469 0.131440
v 0.366226 1.717911 0.216329
v 0.120085 0.156601 0.061292
v 0.047000 0.160009 0.029893
v 0.080296 0.157153 0.061992
v 0.046345 0.162924 -0.009804
v 0.118362 0.164310 -0.043748
v 0.152299 0.158544 0.028043
v 0.078564 0.164866 -0.043051
v 0.151653 0.161456 -0.011651
v 0.678016 2.531168 0.527487
v 0.550478 2.240824 0.427361
v 0.564598 2.235827 0.423883
v 0.688028 2.527488 0.524628
v 0.667360 2.541923 0.510386
v 0.535735 2.255459 0.403436
v 0.537476 2.249713 0.418132
v 0.668689 2.537691 0.521061
v 0.695171 2.527887 0.513514
v 0.574745 2.236430 0.408902
v 0.572951 2.242115 0.394173
v 0.693865 2.532081 0.502875
v 0.684536 2.538604 0.496447
v 0.559896 2.250982 0.384957
v 0.545841 2.256040 0.388468
v 0.674499 2.542323 0.499271
v 0.391400 1.254261 0.367216
v 0.164534 0.578603 0.076359
v 0.145813 0.590601 0.122305
v 0.325400 1.357411 0.264846
v 0.240295 1.052131 0.130150
v 0.208220 1.071324 0.224427
v 0.317067 1.453729 0.312525
v 0.310627 1.352349 0.293877
v 0.225655 1.009433 0.194305
v 0.153075 0.543279 0.084755
v 0.161313 0.548199 0.116513
v 0.143984 0.549940 0.107452
v 0.355526 1.402945 0.315866
v 0.342671 1.387547 0.328629
v 0.355150 1.454286 0.338425
v 0.107310 1.779934 0.800881
v 0.102618 0.123705 0.003866
v 0.065555 0.152408 -0.022657
v 0.144039 1.175971 0.422655
v 0.141081 0.686906 0.197505
v 0.066675 0.736326 0.156758
v 0.075229 1.221753 0.386074
v 0.097356 1.139112 0.419219
v 0.090646 0.650356 0.193078
v 0.088637 0.081874 -0.016070
v 0.074564 0.096401 0.015167
v 0.070468 0.096974 -0.028877
v 0.114906 1.545746 0.605933
v 0.103136 1.501121 0.609521
v 0.098931 1.565518 0.588498
v -0.030832 1.506919 -0.070080
v -0.090460 1.929131 -0.013417
v -0.077070 0.648754 -0.045477
v -0.076898 1.501188 -0.051909
v -0.131515 1.919303 0.004702
v -0.131051 1.916501 0.027055
v -0.077825 1.500283 -0.027226
v -0.081600 0.650310 -0.007498
v -0.087877 0.005450 0.056055
v -0.082767 0.003691 0.015349
v -0.045069 0.004162 -0.014033
v -0.004379 0.006494 -0.009025
v -0.017903 0.011150 0.098689
v -0.058593 0.008818 0.093681
v 0.024905 0.009862 0.028601
v 0.019794 0.011622 0.069307
v -0.003817 0.651633 -0.068236
v -0.041950 0.649350 -0.072902
v -0.055680 1.504185 -0.071261
v -0.113191 1.925006 -0.013569
v -0.070898 1.927428 0.027409
v -0.012088 1.507571 -0.024140
v 0.019295 0.656370 0.004834
v 0.023831 0.654803 -0.033136
v -0.011152 1.508447 -0.048804
v -0.071356 1.930228 0.005061
v -0.111969 1.917589 0.045575
v -0.058139 1.501815 -0.005963
v -0.053943 0.653477 0.027596
v -0.015815 0.655771 0.032250
v -0.033300 1.504578 -0.004803
v -0.089243 1.921719 0.045719
v -0.072444 0.333915 0.015564
v -0.030883 0.324588 -0.051701
v -0.067469 0.329155 -0.023635
v 0.008589 0.323797 -0.046593
v 0.031999 0.331820 0.029093
v -0.044052 0.337181 0.052036
v 0.036979 0.327062 -0.010116
v -0.004585 0.336388 0.057153
v -0.350563 2.794311 0.206069
v -0.265769 2.481583 0.131224
v -0.264881 2.478244 0.146208
v -0.349561 2.791772 0.216771
v -0.331061 2.801945 0.196955
v -0.238554 2.491878 0.118685
v -0.253887 2.487769 0.118824
v -0.342214 2.798911 0.197126
v -0.339588 2.792129 0.225436
v -0.251503 2.478857 0.158390
v -0.236137 2.482897 0.158212
v -0.328477 2.795132 0.225287
v -0.320126 2.799730 0.216342
v -0.224262 2.489054 0.145759
v -0.225185 2.492466 0.130827
v -0.321085 2.802300 0.205618
v -0.155218 1.990583 0.224693
v -0.053818 0.728912 0.029307
v -0.066095 0.733826 -0.019104
v -0.075742 1.647876 0.097038
v -0.051839 1.270470 0.050464
v -0.078079 1.277479 -0.034228
v -0.100603 1.654473 0.018160
v -0.096302 1.609689 0.074094
v -0.073761 1.230818 0.025425
v -0.057414 0.690450 0.015840
v -0.068366 0.705128 0.026574
v -0.063453 0.693647 -0.007985
v -0.108354 1.836356 0.127661
v -0.118879 1.796157 0.123920
v -0.119903 1.837076 0.090780
v -0.337219 2.444940 -0.236762
v -0.065244 0.749434 -0.025340
v -0.045490 0.767502 -0.055121
v -0.205713 1.828463 -0.124941
v -0.129726 1.328299 -0.060159
v -0.096039 1.357415 -0.121238
v -0.175046 1.855551 -0.181596
v -0.197837 1.781428 -0.161859
v -0.120734 1.280658 -0.100164
v -0.056031 0.703543 -0.031455
v -0.066714 0.717088 -0.049156
v -0.046382 0.713430 -0.046153
v -0.265029 2.202618 -0.208029
v -0.264704 2.153566 -0.216782
v -0.250622 2.213640 -0.221013
v 0.047794 1.437512 0.150418
v 0.050813 1.862943 0.104230
v 0.071730 0.592225 0.148367
v 0.071776 1.434618 0.106810
v 0.070936 1.856103 0.063503
v 0.056354 1.854694 0.046381
v 0.056798 1.435144 0.087155
v 0.051082 0.593781 0.116171
v 0.015525 -0.051079 0.115480
v 0.037458 -0.052838 0.150150
v 0.027039 -0.052367 0.196797
v -0.007554 -0.050035 0.218799
v -0.065593 -0.045379 0.127057
v -0.031001 -0.047711 0.105054
v -0.054079 -0.046667 0.208373
v -0.076012 -0.044907 0.173703
v 0.029656 0.595104 0.212505
v 0.062056 0.592821 0.191864
v 0.067712 1.435688 0.135377
v 0.068434 1.859829 0.089618
v 0.009753 1.862944 0.085088
v 0.004129 1.440023 0.126981
v -0.034639 0.599841 0.170795
v -0.014000 0.598273 0.202988
v 0.019087 1.439469 0.146626
v 0.024326 1.864351 0.102208
v 0.029857 1.856097 0.044314
v 0.028095 1.437103 0.083376
v 0.007423 0.596947 0.106665
v -0.024967 0.599242 0.127312
v 0.008197 1.438955 0.098430
v 0.012245 1.859216 0.058930
v 0.029353 0.277386 0.116770
v 0.040035 0.268059 0.195114
v 0.050434 0.272626 0.150190
v 0.006319 0.267268 0.216265
v -0.059867 0.275291 0.172726
v -0.015750 0.280652 0.106667
v -0.038785 0.270533 0.206157
v -0.049468 0.279859 0.127808
v 0.171897 2.565433 -0.070754
v 0.123572 2.248223 0.016614
v 0.113167 2.246723 0.005392
v 0.164167 2.564218 -0.078549
v 0.163268 2.572408 -0.050790
v 0.111384 2.257624 0.044309
v 0.122756 2.253177 0.034165
v 0.171492 2.569138 -0.058226
v 0.151056 2.565858 -0.078865
v 0.095243 2.249123 0.004547
v 0.083862 2.253498 0.014737
v 0.142848 2.569099 -0.071475
v 0.142443 2.572802 -0.058945
v 0.083083 2.258417 0.032321
v 0.093489 2.259995 0.043487
v 0.150156 2.574048 -0.051104
v -0.157814 1.421051 0.184827
v -0.118154 1.846482 0.208691
v -0.166968 0.575763 0.207039
v -0.130060 1.418157 0.226137
v -0.091189 1.839641 0.245249
v -0.069287 1.838232 0.240143
v -0.105725 1.418682 0.221840
v -0.128888 0.577320 0.203454
v -0.111969 -0.067540 0.172172
v -0.152837 -0.069300 0.175765
v -0.189511 -0.068829 0.145115
v -0.193201 -0.066497 0.104284
v -0.085058 -0.061840 0.094778
v -0.081368 -0.064173 0.135609
v -0.162600 -0.063129 0.067721
v -0.121732 -0.061369 0.064128
v -0.204671 0.578642 0.140237
v -0.201186 0.576359 0.178495
v -0.153582 1.419227 0.209425
v -0.113249 1.843367 0.231051
v -0.082314 1.846482 0.180980
v -0.116964 1.423561 0.156772
v -0.138121 0.583379 0.102228
v -0.176194 0.581812 0.105806
v -0.141280 1.423007 0.161056
v -0.104211 1.847889 0.186080
v -0.055299 1.839635 0.217545
v -0.089204 1.420641 0.198065
v -0.100420 0.580486 0.169016
v -0.103915 0.582780 0.130764
v -0.093457 1.422494 0.173479
v -0.060211 1.842754 0.195191
v -0.119456 0.260924 0.183870
v -0.193976 0.251597 0.157436
v -0.158823 0.256165 0.187277
v -0.197310 0.250806 0.117775
v -0.128268 0.258829 0.078923
v -0.089796 0.264190 0.148422
v -0.167644 0.254071 0.082328
v -0.093120 0.263397 0.108764
v -0.018179 2.548971 0.396536
v -0.073659 2.231761 0.313527
v -0.058915 2.230262 0.309427
v -0.007708 2.547756 0.393241
v -0.031963 2.555946 0.379713
v -0.092681 2.241162 0.289996
v -0.088881 2.236715 0.304754
v -0.029127 2.552676 0.390432
v -0.001414 2.549396 0.381735
v -0.049945 2.232661 0.293886
v -0.053781 2.237036 0.279100
v -0.004218 2.552638 0.371052
v -0.015167 2.556340 0.364946
v -0.069050 2.241955 0.270343
v -0.083745 2.243533 0.274470
v -0.025672 2.557586 0.368205
v -0.311356 1.663182 0.652478
v -0.114041 1.056500 0.213526
v -0.152344 1.075021 0.160393
v -0.108551 1.507137 0.373081
v -0.077676 1.353530 0.300516
v -0.160484 1.388148 0.206642
v -0.154223 1.547094 0.296935
v -0.133234 1.495173 0.344077
v -0.150649 1.344880 0.271416
v -0.130131 1.035993 0.194966
v -0.160920 1.049894 0.211022
v -0.148875 1.045609 0.168892
v -0.198806 1.690669 0.503129
v -0.199350 1.675255 0.484498
v -0.222971 1.716357 0.474777
v 0.237529 2.180995 -0.356634
v 0.061293 0.393314 0.032661
v 0.129238 0.403378 0.043179
v 0.144669 1.515009 -0.114373
v 0.091400 0.989612 -0.009410
v 0.222136 1.005484 -0.001433
v 0.265274 1.530066 -0.107991
v 0.203285 1.466828 -0.143532
v 0.155755 0.940457 -0.039588
v 0.076595 0.344555 0.034974
v 0.091362 0.363154 0.001828
v 0.110103 0.350515 0.040162
v 0.213254 1.909909 -0.217585
v 0.235007 1.862386 -0.242586
v 0.269362 1.915304 -0.214644
v -0.240754 1.929097 0.892096
v -0.129809 0.253690 0.144355
v -0.189260 0.277306 0.117218
v -0.142248 1.319813 0.531652
v -0.111327 0.825252 0.321055
v -0.230056 0.864855 0.279311
v -0.252052 1.356550 0.494147
v -0.211725 1.277666 0.529585
v -0.186630 0.782957 0.318010
v -0.148389 0.209810 0.125746
v -0.171159 0.223622 0.156624
v -0.177607 0.222419 0.112607
v -0.200235 1.691588 0.704055
v -0.233630 1.644515 0.709100
v -0.251490 1.707123 0.686237
v 0.027395 2.139922 0.775063
v 0.061511 0.892586 0.175780
v -0.002792 0.895589 0.151228
v 0.092734 1.807333 0.349091
v 0.098045 1.433461 0.205877
v -0.024938 1.436515 0.178041
v -0.022729 1.810191 0.324507
v 0.028752 1.766416 0.383680
v 0.029407 1.390893 0.242021
v 0.042065 0.853648 0.168896
v 0.026796 0.866952 0.218065
v 0.010450 0.855904 0.156814
v 0.050452 1.991424 0.496026
v 0.023301 1.949921 0.523932
v -0.003439 1.990411 0.484255
v 0.442206 2.372506 -0.072212
v 0.048056 1.454199 0.082561
v 0.040647 1.470114 0.148326
v 0.196443 2.023514 -0.036544
v 0.090025 1.753614 0.007021
v 0.088093 1.782820 0.133557
v 0.195640 2.050684 0.080066
v 0.228611 2.010204 0.028127
v 0.123487 1.740798 0.077468
v 0.046588 1.432678 0.106194
v 0.080516 1.445083 0.115890
v 0.042931 1.441017 0.138455
v 0.302192 2.231689 -0.042354
v 0.328454 2.212513 -0.013932
v 0.301851 2.243538 0.012172
v 0.684388 2.640444 -0.297451
v 0.856273 2.566607 -0.343633
v 1.041612 2.285001 -0.334270
v 1.051726 2.295696 -0.347148
v 0.864258 2.572777 -0.352468
v 0.692064 2.652420 -0.307515
v 0.683209 2.645683 -0.319636
v 0.855884 2.568540 -0.365311
v 1.041739 2.288472 -0.357732
v 1.032816 2.280457 -0.345995
v 0.847990 2.561612 -0.356366
v 0.675984 2.634178 -0.309771
v 0.303666 2.629614 -0.189211
v 0.309494 2.612825 -0.178627
v 0.310645 2.624765 -0.161481
v 0.304836 2.641549 -0.171874
v 0.394861 2.661480 -0.226262
v 0.523866 2.675310 -0.270227
v 0.523530 2.663272 -0.259654
v 0.393202 2.648695 -0.216662
v 0.526409 2.672528 -0.245828
v 0.395679 2.658263 -0.205543
v 0.526845 2.684646 -0.256913
v 0.397371 2.671054 -0.214857
v 0.917568 2.372467 -0.392950
v 0.965168 2.350178 -0.374119
v 0.925844 2.347045 -0.347141
v 0.918411 2.331795 -0.395767
v 0.922460 2.411546 -0.377364
v 0.957622 2.312539 -0.380023
v 0.961570 2.394300 -0.362233
v 0.933784 2.270561 -0.382811
v 0.929601 2.308981 -0.357880
v 0.943344 2.438671 -0.345488
v 0.933869 2.390301 -0.340179
v 0.938233 2.312200 -0.285661
v 0.983831 2.285836 -0.315437
v 0.931073 2.311020 -0.339831
v 0.946914 2.356208 -0.297310
v 0.931049 2.258959 -0.287832
v 0.984675 2.334505 -0.321988
v 0.968334 2.237367 -0.312188
v 0.967907 2.400565 -0.331419
v 0.945639 2.352050 -0.342283
v 0.933792 2.199830 -0.312070
v 0.929381 2.255392 -0.332711
v 0.817575 2.541628 -0.264439
v 0.872306 2.487242 -0.281573
v 0.808961 2.485578 -0.306243
v 0.825320 2.564006 -0.300841
v 0.811513 2.498168 -0.234006
v 0.869892 2.520617 -0.315060
v 0.856744 2.451648 -0.247650
v 0.846389 2.565431 -0.358090
v 0.823998 2.516722 -0.335925
v 0.818261 2.423555 -0.218935
v 0.809632 2.447234 -0.267417
v 0.885425 2.394384 -0.293738
v 0.928872 2.395697 -0.342327
v 0.862043 2.413800 -0.354684
v 0.885291 2.450891 -0.298113
v 0.883300 2.332967 -0.306287
v 0.920780 2.452061 -0.337918
v 0.919452 2.335043 -0.346903
v 0.890625 2.519432 -0.328586
v 0.871320 2.464947 -0.350175
v 0.887918 2.279600 -0.349383
v 0.869205 2.349640 -0.359153
v 0.786027 2.506876 -0.339863
v 0.840772 2.487994 -0.344885
v 0.806007 2.518970 -0.385368
v 0.796401 2.543872 -0.334835
v 0.783269 2.464972 -0.356285
v 0.841086 2.529201 -0.339011
v 0.828394 2.448001 -0.360005
v 0.827250 2.584084 -0.339716
v 0.817140 2.550888 -0.370543
v 0.801031 2.420381 -0.385136
v 0.804345 2.472857 -0.392546
v 0.773463 2.542698 -0.280873
v 0.791667 2.540925 -0.327866
v 0.742938 2.539407 -0.317400
v 0.766098 2.577465 -0.288379
v 0.776226 2.500487 -0.284263
v 0.781000 2.576422 -0.327109
v 0.791309 2.498263 -0.322724
v 0.754914 2.617223 -0.317872
v 0.743943 2.574658 -0.321492
v 0.775904 2.456012 -0.309888
v 0.754073 2.498332 -0.317601
v 0.703607 2.560912 -0.288066
v 0.739475 2.565771 -0.325000
v 0.687511 2.571954 -0.333512
v 0.701922 2.597149 -0.288525
v 0.704563 2.522235 -0.301066
v 0.731387 2.601468 -0.318984
v 0.734065 2.525920 -0.331335
v 0.705550 2.643736 -0.309085
v 0.692778 2.606204 -0.327632
v 0.711184 2.488061 -0.335941
v 0.695517 2.531512 -0.340323
v 0.591170 2.583905 -0.262781
v 0.643587 2.572211 -0.262710
v 0.615183 2.577765 -0.304325
v 0.599347 2.615746 -0.267749
v 0.591637 2.544876 -0.266552
v 0.642399 2.606245 -0.267696
v 0.634667 2.534711 -0.266256
v 0.628174 2.648630 -0.282682
v 0.623196 2.609823 -0.300212
v 0.612909 2.500861 -0.280602
v 0.615517 2.538524 -0.298892
v 0.656003 2.592880 -0.218790
v 0.701490 2.569081 -0.254871
v 0.643527 2.565213 -0.265961
v 0.654039 2.623469 -0.242033
v 0.658793 2.548939 -0.205781
v 0.691496 2.604489 -0.271944
v 0.696194 2.529229 -0.235400
v 0.660811 2.647628 -0.289929
v 0.648770 2.599908 -0.282646
v 0.670523 2.491080 -0.214952
v 0.653369 2.524540 -0.245990
v 1.048550 2.287141 -0.289392
v 1.007501 2.256315 -0.304602
v 1.006202 2.308323 -0.274662
v 1.038544 2.315766 -0.312819
v 1.046316 2.257778 -0.260574
v 1.004771 2.290698 -0.325401
v 1.013484 2.231106 -0.273315
v 1.005467 2.347398 -0.341246
v 1.001314 2.329120 -0.302641
v 1.022300 2.224547 -0.233064
v 1.009796 2.270754 -0.250802
v 0.097305 2.466849 -0.117468
v 0.110509 2.450567 -0.109434
v 0.107794 2.459476 -0.088720
v 0.094622 2.475723 -0.096551
v -0.448285 2.285404 0.150290
v -0.598388 2.305218 0.177035
v -0.839211 2.186978 0.156091
v -0.842462 2.198627 0.165954
v -0.601810 2.312833 0.183731
v -0.449200 2.296899 0.158058
v -0.446503 2.288862 0.168083
v -0.598464 2.306720 0.194339
v -0.839107 2.189773 0.174808
v -0.835642 2.180465 0.165827
v -0.595407 2.298619 0.187540
v -0.445715 2.277877 0.160456
v -0.186330 2.121686 0.083996
v -0.196590 2.112362 0.075041
v -0.191637 2.120766 0.061490
v -0.181382 2.130091 0.070292
v -0.237765 2.181173 0.109121
v -0.322779 2.243735 0.137521
v -0.326889 2.235170 0.128962
v -0.241323 2.171572 0.101396
v -0.324381 2.242483 0.117928
v -0.238554 2.178977 0.092541
v -0.320334 2.251152 0.126890
v -0.235002 2.188590 0.100037
v -0.731514 2.190904 0.212352
v -0.773033 2.194719 0.194191
v -0.745408 2.175797 0.174335
v -0.749118 2.162786 0.214044
v -0.717902 2.220081 0.199955
v -0.783679 2.165298 0.198883
v -0.751591 2.223970 0.185325
v -0.784569 2.126033 0.201858
v -0.764390 2.150841 0.182343
v -0.719560 2.247255 0.173297
v -0.732712 2.209336 0.168834
v -0.765254 2.155545 0.123233
v -0.809645 2.156435 0.144627
v -0.763614 2.152598 0.167625
v -0.753693 2.190175 0.132832
v -0.782425 2.115279 0.124660
v -0.790402 2.191004 0.150566
v -0.818737 2.115983 0.142160
v -0.751787 2.230506 0.160027
v -0.756914 2.187436 0.169392
v -0.810148 2.075347 0.143407
v -0.785121 2.112790 0.161174
v -0.584638 2.266013 0.115578
v -0.646362 2.250849 0.125827
v -0.604078 2.223807 0.149253
v -0.582707 2.285481 0.145050
v -0.596806 2.232558 0.090582
v -0.632613 2.273768 0.153625
v -0.648441 2.218915 0.098610
v -0.599885 2.296111 0.190464
v -0.603252 2.252338 0.172991
v -0.631663 2.182817 0.076958
v -0.618385 2.196598 0.117143
v -0.694685 2.191387 0.133748
v -0.727095 2.211081 0.170921
v -0.673524 2.196257 0.184797
v -0.671392 2.231010 0.138078
v -0.719334 2.147649 0.143226
v -0.697831 2.247168 0.168538
v -0.745905 2.164730 0.174322
v -0.648318 2.281745 0.163488
v -0.658561 2.235887 0.181328
v -0.746981 2.112830 0.177277
v -0.705374 2.154322 0.187172
v -0.580998 2.229754 0.178095
v -0.627367 2.239294 0.178982
v -0.592368 2.247228 0.214168
v -0.572643 2.259910 0.173955
v -0.597319 2.199494 0.191020
v -0.610188 2.268217 0.174752
v -0.636101 2.206365 0.191391
v -0.577794 2.300964 0.176812
v -0.586129 2.273986 0.201957
v -0.629759 2.176052 0.212908
v -0.610709 2.214328 0.219464
v -0.554228 2.248732 0.131317
v -0.570186 2.255772 0.168505
v -0.536192 2.234341 0.162595
v -0.535061 2.270167 0.138284
v -0.573843 2.220341 0.133350
v -0.547969 2.276221 0.168945
v -0.587353 2.225639 0.163767
v -0.512322 2.293862 0.163392
v -0.522495 2.259532 0.166346
v -0.593422 2.189433 0.153588
v -0.561020 2.210169 0.161603
v -0.498221 2.232650 0.141158
v -0.523243 2.251505 0.169315
v -0.484803 2.234429 0.179106
v -0.482040 2.257361 0.142114
v -0.515618 2.206138 0.151147
v -0.502466 2.273081 0.165345
v -0.536322 2.221427 0.174213
v -0.466351 2.291843 0.159261
v -0.473970 2.260529 0.174510
v -0.536270 2.185474 0.178669
v -0.507531 2.209506 0.183662
v -0.448006 2.234237 0.087848
v -0.491591 2.236979 0.114407
v -0.453261 2.210410 0.126478
v -0.435183 2.255229 0.107259
v -0.467487 2.204388 0.076530
v -0.470828 2.257923 0.129299
v -0.503380 2.206543 0.098326
v -0.432442 2.275723 0.146148
v -0.443426 2.237166 0.140227
v -0.500167 2.168837 0.082568
v -0.475948 2.185667 0.109167
v -0.372171 2.187855 0.115532
v -0.405904 2.215811 0.128868
v -0.376081 2.196640 0.156001
v -0.354209 2.211243 0.117531
v -0.396571 2.165019 0.123536
v -0.381683 2.234628 0.128647
v -0.424571 2.187562 0.134325
v -0.342735 2.248231 0.132498
v -0.360453 2.220974 0.150536
v -0.431305 2.152028 0.145376
v -0.403022 2.174505 0.156467
v -0.395015 2.220516 0.152309
v -0.408254 2.251410 0.134710
v -0.389024 2.252795 0.167655
v -0.372484 2.228637 0.142283
v -0.420717 2.221043 0.165700
v -0.383315 2.254098 0.127831
v -0.431680 2.246322 0.151184
v -0.348284 2.253331 0.128904
v -0.369149 2.256767 0.152504
v -0.448231 2.238482 0.177676
v -0.417261 2.249427 0.176034
v -0.833880 2.171506 0.208957
v -0.805859 2.139430 0.199579
v -0.833871 2.165370 0.169034
v -0.816804 2.193107 0.194257
v -0.850966 2.143259 0.215005
v -0.793735 2.166930 0.186421
v -0.827884 2.116418 0.208537
v -0.789055 2.209239 0.164328
v -0.814110 2.184963 0.162114
v -0.859693 2.104455 0.209028
v -0.848151 2.135246 0.183574
v -0.107394 1.925014 0.035567
v -0.122632 1.919073 0.028261
v -0.116076 1.923769 0.012032
v -0.100864 1.929697 0.019175
vn -0.4293 -0.0091 -0.9031
vn -0.4878 -0.0020 -0.8730
vn 0.2730 -0.0710 -0.9594
vn 0.3422 0.0042 -0.9396
vn -0.8781 0.1165 0.4641
vn -0.8331 0.2703 0.4827
vn -0.9438 0.2324 -0.2351
vn -0.9574 0.0758 -0.2787
vn -0.9032 0.0061 0.4291
vn -0.9436 -0.0080 -0.3310
vn -0.9121 -0.0631 0.4052
vn -0.9345 -0.0608 -0.3507
vn -0.5305 0.0697 -0.8448
vn 0.2203 -0.1377 -0.9657
vn -0.4191 -0.0195 -0.9077
vn 0.3444 0.0362 -0.9381
vn -0.6743 -0.6690 0.3127
vn -0.2522 -0.6439 0.7223
vn -0.3650 -0.0257 0.9307
vn -0.2939 -0.6439 -0.7064
vn -0.6914 -0.6690 -0.2728
vn 0.9072 0.0732 -0.4143
vn 0.7417 -0.5871 -0.3244
vn 0.3001 -0.6100 -0.7334
vn 0.7593 -0.5871 0.2806
vn 0.3424 -0.6100 0.7146
vn 0.9069 0.0233 -0.4207
vn 0.9388 0.0365 0.3426
vn 0.9315 0.0702 0.3570
vn 0.8757 -0.0882 -0.4748
vn 0.9525 -0.0430 0.3015
vn 0.8283 -0.2510 -0.5009
vn 0.9474 -0.2110 0.2404
vn 0.4003 0.0294 0.9159
vn 0.4214 0.0368 0.9061
vn -0.3415 0.0244 0.9396
vn 0.4493 0.0364 0.8927
vn -0.3084 0.1009 0.9459
vn 0.5074 -0.0403 0.8608
vn -0.2534 0.1648 0.9532
vn 0.9463 -0.2771 0.1667
vn 0.6045 -0.1115 0.7887
vn 0.5762 -0.1073 0.8102
vn 0.9417 -0.2770 0.1911
vn -0.2291 0.1832 0.9560
vn -0.8273 0.3392 0.4478
vn -0.8244 0.3165 0.4692
vn -0.2185 0.1609 0.9625
vn -0.9320 0.3205 -0.1691
vn -0.5912 0.1552 -0.7914
vn -0.5596 0.1234 -0.8195
vn -0.9345 0.2977 -0.1953
vn 0.2449 -0.1356 -0.9600
vn 0.8443 -0.2928 -0.4488
vn 0.8289 -0.2975 -0.4737
vn 0.2394 -0.1479 -0.9596
vn 0.4752 -0.1764 0.8620
vn -0.0849 0.2290 0.9697
vn 0.8211 -0.5228 0.2289
vn 0.6996 -0.5698 -0.4312
vn -0.5892 0.6216 0.5162
vn -0.7467 0.6140 -0.2558
vn 0.0918 -0.2616 -0.9608
vn -0.5763 0.3369 -0.7446
vn -0.4509 -0.1688 0.8765
vn -0.9395 -0.2742 -0.2053
vn -0.9489 -0.2143 -0.2316
vn -0.8059 -0.1522 0.5722
vn -0.4674 -0.1177 -0.8762
vn -0.3426 -0.2714 -0.8994
vn -0.2107 -0.0767 0.9745
vn -0.1336 -0.3698 0.9194
vn -0.3739 -0.6867 0.6235
vn -0.1676 -0.7456 -0.6450
vn -0.5715 -0.7983 0.1901
vn -0.8957 -0.3982 -0.1980
vn -0.3859 -0.5376 -0.7497
vn -0.4240 -0.1467 -0.8937
vn -0.7678 -0.1373 0.6258
vn -0.7413 -0.1959 -0.6419
vn 0.7658 -0.4146 -0.4916
vn 0.7989 -0.2555 -0.5445
vn 0.4012 -0.3545 -0.8446
vn 0.9857 -0.1527 -0.0717
vn 0.9530 -0.3028 0.0077
vn -0.9234 0.0349 -0.3822
vn -0.6743 -0.6982 -0.2406
vn 0.0585 -0.8645 -0.4992
vn 0.8859 -0.4324 0.1678
vn 0.0636 -0.9070 -0.4162
vn 0.7174 -0.5204 -0.4632
vn 0.9010 -0.4183 0.1154
vn 0.9917 -0.1264 0.0222
vn 0.2664 -0.2623 -0.9275
vn -0.8614 -0.3147 -0.3987
vn 0.8251 -0.4942 -0.2738
vn 0.6487 -0.2789 -0.7081
vn 0.1607 -0.3863 -0.9083
vn 0.9723 -0.2243 -0.0655
vn 0.9474 -0.2063 0.2447
vn -0.9896 -0.0964 -0.1072
vn -0.7881 -0.4427 0.4277
vn -0.1413 -0.7551 0.6402
vn 0.9184 -0.1694 0.3575
vn 0.2266 -0.7273 -0.6478
vn 0.5137 -0.3336 -0.7905
vn 0.8787 -0.4434 -0.1769
vn 0.9780 -0.1392 -0.1552
vn -0.2299 -0.0907 -0.9690
vn 0.3380 -0.2615 0.9041
vn -0.3400 -0.3825 0.8592
vn -0.3730 -0.3212 0.8705
vn 0.2551 -0.2428 0.9359
vn -0.8270 -0.3227 0.4603
vn -0.8471 -0.3352 0.4123
vn 0.6203 -0.2478 0.7442
vn -0.3452 -0.5043 0.7915
vn -0.2995 -0.4224 0.8555
vn -0.8989 -0.3202 0.2992
vn -0.0026 -0.7284 0.6852
vn -0.3391 -0.4655 0.8175
vn -0.6983 -0.6240 0.3507
vn -0.8621 -0.2758 0.4251
vn 0.2890 -0.1756 0.9411
vn -0.8939 -0.1279 -0.4296
vn -0.4231 -0.1082 -0.8996
vn -0.4256 -0.0709 -0.9021
vn -0.8723 -0.1064 -0.4772
vn 0.1712 -0.0519 -0.9839
vn 0.2159 -0.0595 -0.9746
vn -0.9892 -0.1408 0.0398
vn -0.2510 -0.1390 -0.9580
vn -0.4410 -0.1244 -0.8889
vn 0.3181 -0.0511 -0.9467
vn -0.4244 -0.5002 -0.7548
vn -0.4074 -0.1879 -0.8937
vn 0.2233 -0.3679 -0.9026
vn 0.2499 -0.0217 -0.9680
vn -0.9157 -0.0696 -0.3958
vn 0.3486 0.0977 -0.9322
vn 0.2871 0.1136 -0.9511
vn 0.8691 -0.0811 -0.4880
vn 0.9098 -0.0196 -0.4145
vn -0.9290 0.2475 -0.2750
vn -0.9044 0.3805 -0.1930
vn -0.4582 0.3889 -0.7993
vn -0.4560 0.2484 -0.8546
vn -0.9317 0.1444 -0.3334
vn -0.4168 0.1655 -0.8938
vn -0.9271 0.0786 -0.3665
vn -0.4014 0.1127 -0.9089
vn 0.2642 0.1779 -0.9479
vn 0.8315 -0.1314 -0.5398
vn 0.3579 0.0859 -0.9298
vn 0.9133 0.0115 -0.4072
vn -0.7528 -0.5551 -0.3537
vn -0.7516 -0.6177 0.2316
vn -0.9212 0.0027 0.3892
vn 0.2422 -0.5578 -0.7939
vn -0.3455 -0.5306 -0.7740
vn 0.9312 -0.0675 0.3582
vn 0.6908 -0.6927 0.2072
vn 0.6758 -0.6248 -0.3910
vn 0.2700 -0.7181 0.6414
vn -0.3314 -0.6855 0.6483
vn 0.9309 -0.1164 0.3462
vn 0.4079 -0.1370 0.9027
vn 0.3956 -0.1031 0.9126
vn 0.9376 -0.2188 0.2701
vn 0.4394 -0.2161 0.8719
vn 0.9162 -0.3575 0.1813
vn 0.4585 -0.3670 0.8094
vn -0.3759 -0.0732 0.9238
vn -0.3536 -0.0692 0.9328
vn -0.9066 0.0476 0.4193
vn -0.3247 -0.0738 0.9429
vn -0.8811 0.1171 0.4582
vn -0.2835 -0.1435 0.9482
vn -0.8387 0.1665 0.5186
vn 0.6055 0.1887 0.7732
vn 0.0504 0.3834 0.9222
vn -0.2640 -0.1967 0.9443
vn 0.4598 -0.4427 0.7698
vn -0.3716 0.6817 0.6302
vn -0.4302 0.8974 0.0979
vn -0.8858 0.4434 -0.1370
vn -0.8135 0.1713 0.5558
vn -0.1004 0.9150 -0.3908
vn 0.4504 0.7153 -0.5343
vn 0.2712 0.2306 -0.9345
vn -0.4465 0.4739 -0.7590
vn 0.8708 0.4272 -0.2434
vn 0.9339 0.2154 0.2854
vn 0.9005 -0.4110 0.1421
vn 0.8223 -0.1361 -0.5525
vn 0.8667 -0.4778 0.1431
vn 0.4897 -0.4805 0.7275
vn 0.7458 -0.2680 0.6099
vn 0.9624 -0.2480 0.1105
vn 0.1403 -0.2699 0.9526
vn -0.5721 -0.0852 0.8157
vn 0.4107 -0.8327 -0.3714
vn -0.9179 -0.2453 0.3119
vn -0.6142 -0.5630 0.5530
vn -0.6318 -0.0434 0.7739
vn 0.8492 -0.5127 0.1264
vn 0.6785 -0.4665 0.5674
vn 0.0367 -0.7477 0.6630
vn 0.2909 -0.2233 0.9303
vn 0.9856 -0.1606 0.0539
vn 0.4403 -0.3888 0.8093
vn -0.4541 -0.3694 0.8108
vn -0.4677 -0.3089 0.8281
vn 0.2693 -0.3835 0.8834
vn -0.9463 -0.1166 0.3016
vn -0.9621 -0.1001 0.2536
vn 0.8717 -0.2621 0.4140
vn -0.8524 -0.2871 0.4369
vn -0.3606 -0.4083 0.8386
vn -0.9908 -0.0539 0.1243
vn -0.3600 -0.7831 0.5071
vn -0.4524 -0.4184 0.7876
vn -0.9053 -0.3741 0.2011
vn -0.9580 -0.0752 0.2766
vn 0.3442 -0.3188 0.8831
vn 0.8788 0.0594 0.4734
vn 0.9079 0.0651 0.4141
vn 0.3490 -0.0068 0.9371
vn 0.2776 0.0660 0.9584
vn 0.4284 0.0941 -0.8987
vn 0.3588 0.2361 -0.9031
vn 0.8934 0.2499 -0.3732
vn 0.9323 0.1065 -0.3457
vn 0.4750 -0.0132 -0.8799
vn 0.9563 0.0265 -0.2913
vn 0.4998 -0.0805 -0.8624
vn 0.9632 -0.0249 -0.2675
vn 0.9150 0.1257 0.3834
vn 0.3998 -0.0661 0.9142
vn 0.8739 0.0492 0.4836
vn 0.2733 0.0979 0.9569
vn 0.3935 -0.6812 -0.6174
vn -0.1895 -0.6900 -0.6986
vn -0.2529 -0.0865 -0.9636
vn 0.6862 -0.5893 0.4265
vn 0.7524 -0.6399 -0.1562
vn -0.4910 0.0913 0.8664
vn -0.3767 -0.5717 0.7289
vn 0.2214 -0.5606 0.7980
vn -0.7476 -0.6144 0.2524
vn -0.6661 -0.6627 -0.3424
vn -0.4844 0.0419 0.8738
vn -0.9607 0.0012 0.2777
vn -0.9650 0.0339 0.2601
vn -0.4217 -0.0651 0.9044
vn -0.9434 -0.0753 0.3229
vn -0.3465 -0.2128 0.9136
vn -0.9010 -0.2273 0.3694
vn -0.8641 -0.0397 -0.5018
vn -0.8757 -0.0319 -0.4818
vn -0.2797 -0.0375 -0.9594
vn -0.8902 -0.0317 -0.4545
vn -0.3140 0.0379 -0.9487
vn -0.9087 -0.0943 -0.4066
vn -0.3740 0.0979 -0.9223
vn -0.8255 0.3376 0.4524
vn -0.8727 0.4682 -0.1384
vn -0.9134 -0.1446 -0.3804
vn -0.8706 -0.3054 0.3858
vn -0.4934 0.6794 -0.5432
vn 0.0622 0.8363 -0.5448
vn 0.3080 0.3057 -0.9010
vn -0.4137 0.1094 -0.9038
vn 0.4986 0.8541 -0.1483
vn 0.5404 0.7184 0.4380
vn 0.9065 0.1799 0.3819
vn 0.8615 0.3390 -0.3781
vn 0.1635 0.5170 0.8402
vn -0.3889 0.3643 0.8462
vn -0.3115 -0.2713 0.9107
vn 0.4130 -0.0732 0.9078
vn -0.3084 -0.2183 0.9259
vn -0.8836 -0.1306 0.4496
vn -0.8933 -0.0447 0.4473
vn -0.6127 -0.1120 0.7823
vn -0.9986 -0.0497 0.0188
vn -0.9961 -0.0871 -0.0152
vn 0.5669 -0.2536 0.7838
vn -0.8854 -0.3334 0.3240
vn -0.7644 -0.2460 0.5960
vn -0.9895 -0.1139 -0.0888
vn -0.7831 -0.5256 0.3324
vn -0.8755 -0.1272 0.4663
vn -0.9785 -0.2032 0.0348
vn -0.9998 -0.0183 0.0048
vn -0.5716 -0.0245 0.8202
vn -0.9855 -0.1463 0.0858
vn -0.7863 -0.1948 -0.5863
vn -0.7790 -0.1556 -0.6073
vn -0.9897 -0.1425 -0.0152
vn -0.2870 -0.1560 -0.9451
vn -0.1329 -0.1498 -0.9798
vn -0.7623 -0.1336 0.6333
vn -0.5512 -0.1928 -0.8118
vn -0.7671 -0.2065 -0.6074
vn -0.0184 -0.0808 -0.9966
vn -0.7221 -0.5908 -0.3600
vn -0.7291 -0.3185 -0.6057
vn -0.1594 -0.4947 -0.8543
vn -0.2263 -0.1211 -0.9665
vn -0.9942 -0.1056 0.0197
vn -0.9783 0.0669 0.1961
vn -0.9680 0.0486 0.2462
vn -0.8584 -0.0115 -0.5128
vn -0.8267 0.0378 -0.5614
vn 0.2476 0.0840 0.9652
vn 0.2876 0.0993 0.9526
vn -0.4670 0.1526 0.8710
vn -0.5034 0.0880 0.8596
vn 0.1962 0.0325 0.9800
vn -0.5484 0.0644 0.8337
vn 0.1687 -0.0001 0.9857
vn -0.5738 0.0420 0.8179
vn -0.9523 0.1254 0.2783
vn -0.8830 0.0356 -0.4681
vn -0.9829 0.0637 0.1730
vn -0.8172 0.0521 -0.5740
vn 0.0932 -0.6359 0.7661
vn 0.5972 -0.6652 0.4483
vn 0.8150 -0.0394 0.5782
vn -0.8020 -0.5827 0.1310
vn -0.4856 -0.6019 0.6340
vn -0.1746 0.0129 -0.9846
vn -0.1722 -0.6169 -0.7680
vn -0.6720 -0.5889 -0.4491
vn 0.4075 -0.6513 -0.6401
vn 0.7282 -0.6717 -0.1361
vn -0.1856 -0.0051 -0.9826
vn 0.5635 -0.0364 -0.8253
vn 0.5706 -0.0311 -0.8206
vn -0.2466 -0.0555 -0.9675
vn 0.5137 -0.0580 -0.8560
vn -0.3183 -0.0636 -0.9458
vn 0.4428 -0.1192 -0.8887
vn 0.9836 -0.0528 -0.1725
vn 0.9823 -0.0383 -0.1833
vn 0.8264 -0.0097 0.5630
vn 0.9722 -0.0174 -0.2337
vn 0.8536 0.0411 0.5193
vn 0.9530 -0.0943 -0.2879
vn 0.8755 -0.0019 0.4833
vn 0.3863 0.3684 -0.8456
vn 0.8058 0.4263 -0.4110
vn 0.9393 -0.1920 -0.2842
vn 0.4199 -0.2246 -0.8794
vn 0.7867 0.5969 0.1573
vn 0.3733 0.7664 0.5227
vn 0.3427 0.1549 0.9266
vn 0.8871 -0.0319 0.4604
vn -0.2111 0.8424 0.4957
vn -0.6241 0.7790 0.0607
vn -0.9218 0.2366 0.3070
vn -0.4015 0.2678 0.8759
vn -0.6043 0.6178 -0.5032
vn -0.1957 0.4530 -0.8698
vn -0.3488 -0.1073 -0.9310
vn -0.8944 0.0811 -0.4398
vn 0.2744 0.0669 -0.9593
vn 0.2251 0.0486 -0.9731
vn 0.8494 -0.0115 -0.5277
vn 0.8780 0.0378 -0.4772
vn -0.9713 0.0840 -0.2226
vn -0.9784 0.0993 -0.1812
vn -0.5599 0.1526 -0.8144
vn -0.5330 0.0880 -0.8415
vn -0.9609 0.0325 -0.2750
vn -0.4894 0.0644 -0.8697
vn -0.9533 -0.0001 -0.3021
vn -0.4637 0.0420 -0.8850
vn 0.1894 0.1254 -0.9739
vn 0.8209 0.0356 -0.5700
vn 0.2970 0.0637 -0.9527
vn 0.8848 0.0521 -0.4630
vn -0.7236 -0.6359 -0.2685
vn -0.6722 -0.6652 0.3251
vn -0.8875 -0.0394 0.4591
vn 0.2514 -0.5827 -0.7728
vn -0.3407 -0.6019 -0.7222
vn 0.9550 0.0129 0.2963
vn 0.7614 -0.6169 0.1992
vn 0.7073 -0.5889 -0.3912
vn 0.3819 -0.6514 0.6557
vn -0.2130 -0.6717 0.7095
vn 0.9583 -0.0051 0.2857
vn 0.4750 -0.0364 0.8792
vn 0.4676 -0.0311 0.8834
vn 0.9729 -0.0555 0.2245
vn 0.5251 -0.0580 0.8491
vn 0.9865 -0.0636 0.1509
vn 0.5867 -0.1192 0.8010
vn -0.2977 -0.0528 0.9532
vn -0.2875 -0.0383 0.9570
vn -0.8793 -0.0097 0.4763
vn -0.2381 -0.0174 0.9711
vn -0.8529 0.0411 0.5204
vn -0.1812 -0.0943 0.9789
vn -0.8309 -0.0019 0.5564
vn 0.5743 0.3684 0.7311
vn -0.0043 0.4263 0.9046
vn -0.1782 -0.1920 0.9651
vn 0.5889 -0.2246 0.7764
vn -0.5005 0.5969 0.6270
vn -0.6357 0.7664 0.0920
vn -0.9806 0.1549 -0.1204
vn -0.8160 -0.0319 0.5772
vn -0.3437 0.8424 -0.4149
vn 0.2323 0.7790 -0.5825
vn 0.1499 0.2366 -0.9600
vn -0.5942 0.2678 -0.7584
vn 0.7243 0.6178 -0.3063
vn 0.8627 0.4530 0.2250
vn 0.9873 -0.1073 0.1170
vn 0.8010 0.0811 -0.5931
vn -0.4386 -0.5705 0.6944
vn -0.7638 -0.3850 0.5181
vn -0.7992 -0.1874 0.5711
vn -0.3244 -0.3378 0.8835
vn -0.9901 -0.0294 0.1374
vn -0.9580 -0.2537 0.1336
vn 0.5582 -0.6410 0.5269
vn -0.4244 -0.8379 -0.3432
vn -0.6560 -0.7088 0.2594
vn -0.8230 -0.4929 -0.2825
vn -0.3920 -0.6891 0.6094
vn -0.7604 -0.3563 0.5430
vn -0.9225 -0.3859 -0.0101
vn -1.0000 -0.0048 0.0029
vn -0.2150 -0.2351 0.9479
vn -0.5957 -0.1156 -0.7949
vn 0.0642 -0.2049 -0.9767
vn 0.0923 -0.1408 -0.9857
vn -0.5262 -0.0871 -0.8459
vn 0.6490 -0.1898 -0.7368
vn 0.6827 -0.2094 -0.7001
vn -0.8164 -0.1462 -0.5587
vn 0.0895 -0.3363 -0.9375
vn 0.0267 -0.2471 -0.9686
vn 0.7662 -0.2118 -0.6067
vn -0.2051 -0.5943 -0.7776
vn 0.0758 -0.2939 -0.9528
vn 0.5592 -0.5124 -0.6517
vn 0.6931 -0.1479 -0.7055
vn -0.5601 -0.0220 -0.8282
vn 0.2901 -0.3751 0.8804
vn -0.3984 -0.3832 0.8333
vn -0.4213 -0.3184 0.8492
vn 0.2111 -0.3458 0.9143
vn -0.8689 -0.2188 0.4441
vn -0.8906 -0.2244 0.3955
vn 0.5713 -0.3952 0.7193
vn -0.4229 -0.4976 0.7574
vn -0.3649 -0.4288 0.8265
vn -0.9390 -0.1935 0.2842
vn -0.1201 -0.7652 0.6324
vn -0.4107 -0.4622 0.7859
vn -0.7895 -0.5282 0.3124
vn -0.8959 -0.1645 0.4126
vn 0.2553 -0.2854 0.9238
vn 0.6679 -0.3292 0.6675
vn -0.1463 -0.4359 0.8880
vn -0.1759 -0.1993 0.9640
vn 0.6068 -0.2110 0.7664
vn -0.8307 -0.1477 0.5367
vn -0.8377 -0.2613 0.4797
vn 0.8163 -0.3803 0.4348
vn -0.0822 -0.7941 0.6022
vn -0.0897 -0.6591 0.7467
vn -0.8802 -0.3214 0.3493
vn 0.2709 -0.7435 0.6114
vn -0.1610 -0.2905 0.9432
vn -0.7240 -0.4809 0.4945
vn -0.8548 -0.0477 0.5168
vn 0.6381 -0.0757 0.7662
vn 0.7466 -0.4062 -0.5268
vn 0.9278 -0.3622 0.0892
vn 0.9616 -0.2570 0.0967
vn 0.7982 -0.3273 -0.5058
vn 0.7531 -0.1343 0.6441
vn 0.7292 -0.1773 0.6609
vn 0.5493 -0.4941 -0.6739
vn 0.8279 -0.5516 0.1016
vn 0.8873 -0.4537 0.0830
vn 0.6545 -0.1585 0.7393
vn 0.6792 -0.7028 -0.2115
vn 0.9149 -0.3907 0.1015
vn 0.6571 -0.4345 0.6160
vn 0.7350 -0.0580 0.6755
vn 0.7939 -0.2366 -0.5601
vn 0.2035 -0.2041 0.9576
vn -0.3249 -0.9251 -0.1966
vn -0.6385 -0.7411 -0.2075
vn 0.0839 -0.0529 0.9951
vn -0.9072 -0.4017 -0.1248
vn -0.0523 0.0645 0.9965
vn -0.1888 0.2930 -0.9373
vn 0.3550 0.9228 0.1497
vn 0.6724 0.7396 0.0276
vn 0.0174 0.2389 -0.9709
vn 0.9038 0.4263 0.0387
vn 0.1597 -0.0391 -0.9864
vn 0.4117 -0.0606 0.9093
vn -0.3323 0.8941 0.3004
vn -0.8518 0.3100 0.4223
vn -0.1579 -0.4913 0.8566
vn -0.2856 0.2361 -0.9288
vn -0.0989 -0.9797 -0.1746
vn 0.1661 -0.9582 -0.2328
vn -0.3833 0.1647 -0.9088
vn 0.3964 -0.0761 0.9149
vn 0.2905 -0.1116 0.9504
vn -0.1413 0.9775 0.1567
vn 0.0890 0.9855 0.1442
vn 0.4240 -0.8542 -0.3009
vn -0.4541 0.1809 -0.8724
vn -0.0608 -0.9871 -0.1478
vn -0.6199 -0.1128 -0.7765
vn 0.9362 -0.2981 -0.1861
vn 0.1124 0.9288 0.3531
vn 0.9792 0.1981 -0.0427
vn -0.5565 0.6092 -0.5649
vn -0.3217 -0.4036 0.8565
vn -0.2726 -0.0057 0.9621
vn -0.6026 0.2351 -0.7626
vn 0.9908 -0.0426 -0.1282
vn -0.4038 -0.1955 0.8937
vn 0.1926 0.9628 -0.1897
vn -0.3363 0.5034 0.7959
vn 0.9923 0.0462 -0.1148
vn -0.2149 -0.9766 -0.0106
vn 0.8718 -0.4893 -0.0212
vn -0.4871 -0.1407 0.8620
vn -0.4837 0.2389 -0.8420
vn -0.5822 -0.1739 -0.7942
vn -0.4002 0.1847 0.8976
vn 0.9813 -0.1850 -0.0539
vn -0.6274 0.0377 -0.7778
vn 0.1528 0.6010 -0.7845
vn -0.2831 0.9383 0.1987
vn 0.9681 -0.0468 -0.2460
vn -0.1791 -0.7555 0.6302
vn 0.8653 -0.4547 0.2109
vn -0.4305 0.3941 0.8120
vn -0.4895 -0.3471 -0.7999
vn -0.6010 -0.6657 -0.4424
vn -0.3490 0.7361 0.5800
vn 0.9733 -0.2283 -0.0242
vn -0.6543 -0.4570 -0.6025
vn -0.0061 0.9996 0.0265
vn -0.1937 0.2425 0.9506
vn 0.9293 0.2516 -0.2703
vn -0.0643 -0.9774 -0.2012
vn 0.9122 -0.2685 -0.3095
vn -0.2311 -0.4133 0.8808
vn -0.6751 0.3175 -0.6659
vn -0.7010 -0.1125 -0.7042
vn -0.1813 -0.0652 0.9813
vn 0.9592 0.0129 -0.2824
vn -0.7695 0.0844 -0.6330
vn 0.2226 0.9514 0.2131
vn -0.7171 0.3542 0.6002
vn 0.8990 0.0191 0.4376
vn -0.1371 -0.9230 -0.3594
vn 0.7569 -0.5805 0.3003
vn -0.8663 -0.3042 0.3961
vn 0.0162 0.5272 -0.8496
vn -0.0858 0.0513 -0.9950
vn -0.8191 0.0136 0.5736
vn 0.8740 -0.2572 0.4122
vn -0.1519 0.3024 -0.9410
vn -0.1895 0.9746 -0.1191
vn 0.0658 0.4200 0.9052
vn 0.6967 0.3401 -0.6316
vn 0.0430 -0.9988 -0.0254
vn 0.7758 -0.2242 -0.5898
vn 0.1454 -0.2786 0.9493
vn -0.9086 0.0966 -0.4063
vn -0.8610 -0.3331 -0.3844
vn 0.1600 0.0885 0.9831
vn 0.7758 0.0752 -0.6265
vn -0.9434 -0.1300 -0.3051
vn -0.0560 0.9950 0.0825
vn -0.2472 0.2047 0.9471
vn 0.9052 0.3567 -0.2310
vn -0.0177 -0.9604 -0.2779
vn 0.9199 -0.2373 -0.3122
vn -0.2414 -0.5181 0.8205
vn -0.6802 0.3438 -0.6474
vn -0.6722 -0.1225 -0.7301
vn -0.2137 -0.1563 0.9643
vn 0.9616 0.0810 -0.2623
vn -0.7719 0.0901 -0.6294
vn 0.1739 0.9803 -0.0934
vn -0.7575 0.5103 0.4072
vn 0.8730 0.2038 0.4430
vn -0.0612 -0.9956 -0.0710
vn 0.7853 -0.4002 0.4724
vn -0.8673 -0.2591 0.4251
vn 0.0919 0.2244 -0.9702
vn 0.0158 -0.2620 -0.9649
vn -0.8579 0.1343 0.4960
vn 0.8652 -0.0859 0.4940
vn -0.0617 -0.0064 -0.9981
vn -0.0703 0.8449 -0.5303
vn -0.3241 0.7351 0.5955
vn 0.9030 0.1939 -0.3834
vn 0.0121 -0.9384 0.3453
vn 0.9320 -0.3513 -0.0893
vn -0.2934 0.0504 0.9547
vn -0.6319 -0.1411 -0.7621
vn -0.6286 -0.5598 -0.5400
vn -0.2848 0.4355 0.8540
vn 0.9691 -0.0592 -0.2393
vn -0.7325 -0.3300 -0.5954
vn -0.1892 0.7443 -0.6405
vn 0.8929 0.3754 -0.2486
vn -0.4550 -0.4197 -0.7854
vn -0.0083 -0.6749 0.7379
vn -0.3398 -0.8732 -0.3494
vn 0.9570 -0.0940 0.2745
vn -0.5740 0.6876 0.4447
vn -0.5252 0.3470 0.7770
vn 0.9919 0.1213 -0.0390
vn -0.4147 -0.6488 -0.6381
vn -0.4652 0.5694 0.6778
vn -0.7552 -0.1985 -0.6247
vn -0.0178 -0.9858 -0.1672
vn -0.8104 -0.2266 -0.5402
vn 0.1938 -0.9537 0.2299
vn 0.4665 -0.8845 -0.0006
vn -0.7184 -0.1287 -0.6836
vn 0.6744 -0.6648 -0.3213
vn -0.5971 -0.0645 -0.7995
vn 0.8030 0.3127 0.5074
vn -0.1859 0.9667 -0.1761
vn -0.3749 0.9138 0.1562
vn 0.6629 0.3341 0.6700
vn -0.6156 0.6929 0.3755
vn 0.5160 0.1227 0.8478
vn -0.9056 -0.0178 -0.4237
vn 0.2164 0.6948 -0.6858
vn 0.4108 -0.0381 -0.9109
vn -0.5319 -0.6050 -0.5925
vn 0.8582 0.2263 0.4608
vn 0.0032 -0.9320 0.3624
vn -0.1502 -0.8176 0.5559
vn 0.9038 0.1248 0.4094
vn -0.9009 -0.0381 -0.4324
vn -0.8525 -0.1103 -0.5109
vn 0.1850 0.8520 -0.4897
vn 0.0249 0.9375 -0.3471
vn -0.2761 -0.6271 0.7284
vn 0.9353 0.1124 0.3354
vn -0.0437 -0.9292 0.3669
vn 0.9404 -0.2280 0.2524
vn -0.6243 0.0518 0.7795
vn -0.1387 0.8696 -0.4738
vn -0.6569 0.5158 0.5500
vn 0.8909 0.4466 -0.0829
vn -0.3948 -0.5772 -0.7149
vn -0.4257 -0.1995 -0.8826
vn 0.9835 0.1020 0.1492
vn -0.6545 0.3031 0.6926
vn -0.3195 -0.4136 -0.8525
vn 0.1616 0.9865 -0.0276
vn -0.1757 0.2743 -0.9455
vn -0.6478 0.3853 0.6572
vn -0.0174 -0.9853 0.1698
vn -0.7197 -0.1664 0.6740
vn -0.2273 -0.3865 -0.8938
vn 0.9482 0.1537 0.2779
vn 0.9127 -0.2708 0.3059
vn -0.2542 -0.0565 -0.9655
vn -0.7224 0.1585 0.6731
vn 0.9748 -0.0894 0.2045
vn 0.5093 0.6984 0.5029
vn 0.2544 0.7635 -0.5936
vn -0.5621 0.3042 0.7691
vn -0.4186 -0.8352 -0.3567
vn -0.8594 -0.1612 0.4852
vn -0.1371 0.1387 -0.9808
vn 0.8158 -0.4018 0.4160
vn 0.6059 -0.7759 0.1758
vn 0.0174 0.5111 -0.8593
vn -0.7438 0.1121 0.6589
vn 0.7885 -0.5806 0.2029
vn 0.1741 0.9317 -0.3186
vn -0.4299 0.0605 -0.9008
vn -0.4623 0.5737 0.6761
vn -0.0046 -0.9156 0.4022
vn -0.5209 0.0849 0.8494
vn -0.4791 -0.5589 -0.6768
vn 0.9894 0.1447 0.0095
vn 0.9532 -0.2625 0.1502
vn -0.5166 -0.2270 -0.8256
vn -0.5206 0.3611 0.7737
vn 0.9941 -0.1084 -0.0019
vn -0.1246 0.9425 -0.3102
vn 0.2042 0.0290 -0.9785
vn -0.9431 0.2695 0.1946
vn 0.1620 -0.8718 0.4624
vn -0.8611 -0.3247 0.3914
vn 0.3243 -0.6157 -0.7182
vn 0.6386 0.5907 0.4933
vn 0.7195 0.1266 0.6828
vn 0.2330 -0.3211 -0.9179
vn -0.9598 0.0051 0.2807
vn 0.7801 0.3342 0.5290
vn 0.3992 0.8630 -0.3097
vn -0.5585 0.3179 -0.7662
vn -0.0395 0.6182 0.7850
vn -0.2019 -0.9188 0.3393
vn -0.2299 0.1112 0.9668
vn -0.7762 -0.3149 -0.5462
vn 0.9515 -0.1677 -0.2580
vn 0.8221 -0.5567 -0.1195
vn -0.7404 0.0302 -0.6715
vn -0.1506 0.3958 0.9059
vn 0.8691 -0.4024 -0.2877
vn 0.1737 0.9048 -0.3889
vn -0.3954 0.0078 -0.9185
vn -0.4504 0.6600 0.6013
vn 0.0142 -0.8758 0.4824
vn -0.5190 0.1170 0.8467
vn -0.4519 -0.6540 -0.6066
vn 0.9860 0.1658 -0.0152
vn 0.9470 -0.2595 0.1895
vn -0.4986 -0.3212 -0.8051
vn -0.5230 0.4238 0.7395
vn 0.9945 -0.1043 -0.0078
vn 0.5542 0.8253 0.1083
vn -0.0112 0.5169 -0.8560
vn -0.3801 0.5232 0.7628
vn -0.4087 -0.9124 0.0243
vn -0.6940 -0.0099 0.7199
vn -0.3950 -0.1529 -0.9059
vn 0.9346 -0.2601 0.2428
vn 0.7094 -0.6754 0.2017
vn -0.2641 0.2214 -0.9388
vn -0.5694 0.2922 0.7684
vn 0.8651 -0.4885 0.1140
vn 0.2888 0.8590 -0.4228
vn 0.0448 -0.1324 -0.9902
vn -0.6639 0.7017 0.2587
vn -0.1775 -0.8019 0.5705
vn -0.8219 0.1801 0.5405
vn -0.1283 -0.7673 -0.6283
vn 0.8946 0.2563 0.3660
vn 0.7850 -0.1549 0.5998
vn -0.0920 -0.4681 -0.8789
vn -0.7866 0.4711 0.3992
vn 0.9097 -0.0146 0.4150
vn 0.2767 0.3238 -0.9048
vn 0.4207 -0.7680 -0.4829
vn -0.8212 0.3283 -0.4667
vn -0.2621 -0.1410 0.9547
vn -0.9832 0.1656 0.0772
vn 0.2187 -0.9511 0.2181
vn 0.6434 0.7572 0.1127
vn 0.5079 0.6342 0.5829
vn 0.3069 -0.9352 -0.1768
vn -0.9424 0.2473 -0.2254
vn 0.6768 0.6387 0.3661
vn 0.0627 0.7084 -0.7030
vn 0.2659 0.8351 0.4816
vn 0.7111 -0.3018 -0.6350
vn -0.2356 -0.7863 0.5712
vn 0.6368 -0.7489 -0.1832
vn 0.1155 0.3204 0.9402
vn -0.8869 0.1050 -0.4499
vn -0.9578 -0.2514 -0.1391
vn 0.2619 0.6138 0.7448
vn 0.7263 -0.5124 -0.4582
vn -0.9780 -0.0113 -0.2085
vn 0.9254 -0.3696 0.0838
vn -0.0626 -0.9116 0.4064
vt 0.452789 0.644462
vt 0.452779 0.667146
vt 0.452922 0.667070
vt 0.453012 0.644458
vt 0.452719 0.667215
vt 0.453103 0.678432
vt 0.453080 0.678411
vt 0.452702 0.667200
vt 0.452666 0.644464
vt 0.452658 0.644464
vt 0.450682 0.524340
vt 0.452666 0.564908
vt 0.452658 0.564908
vt 0.450675 0.524340
vt 0.453145 0.678307
vt 0.453273 0.678156
vt 0.450811 0.519948
vt 0.451042 0.520082
vt 0.450682 0.519866
vt 0.450864 0.511409
vt 0.451014 0.511409
vt 0.450826 0.519948
vt 0.450999 0.511409
vt 0.450857 0.511409
vt 0.450675 0.519866
vt 0.451186 0.520163
vt 0.451388 0.511409
vt 0.451238 0.511409
vt 0.451395 0.511409
vt 0.451254 0.511409
vt 0.451186 0.524436
vt 0.453153 0.564905
vt 0.453161 0.564905
vt 0.451193 0.524436
vt 0.453153 0.644455
vt 0.453020 0.667032
vt 0.453036 0.667046
vt 0.453161 0.644455
vt 0.453365 0.678077
vt 0.453387 0.678099
vt 0.451057 0.524410
vt 0.453030 0.564905
vt 0.452807 0.564907
vt 0.450826 0.524366
vt 0.453030 0.644457
vt 0.452959 0.667101
vt 0.452816 0.667177
vt 0.452807 0.644461
vt 0.453323 0.678203
vt 0.453194 0.678354
vt 0.451193 0.520163
vt 0.451057 0.520082
vt 0.452789 0.564907
vt 0.450811 0.524366
vt 0.454818 0.701324
vt 0.454776 0.701448
vt 0.454478 0.697759
vt 0.454522 0.697609
vt 0.454686 0.701632
vt 0.454617 0.701730
vt 0.454312 0.698111
vt 0.454383 0.697986
vt 0.454595 0.701707
vt 0.454637 0.701581
vt 0.454334 0.697933
vt 0.454290 0.698087
vt 0.454728 0.701398
vt 0.454796 0.701301
vt 0.454500 0.697585
vt 0.454429 0.697707
vt 0.455157 0.705394
vt 0.455091 0.705740
vt 0.455185 0.705174
vt 0.455163 0.705151
vt 0.455038 0.705938
vt 0.455016 0.705915
vt 0.455109 0.705345
vt 0.455043 0.705690
vt 0.470669 0.583248
vt 0.470674 0.580015
vt 0.470555 0.554060
vt 0.470531 0.556698
vt 0.470497 0.557034
vt 0.470637 0.583649
vt 0.473715 0.524092
vt 0.473444 0.548347
vt 0.473717 0.544770
vt 0.473726 0.544444
vt 0.473940 0.624623
vt 0.473887 0.650098
vt 0.470411 0.528164
vt 0.470456 0.528705
vt 0.470399 0.528357
vt 0.470396 0.530685
vt 0.470422 0.530383
vt 0.473906 0.627313
vt 0.469884 0.614448
vt 0.469899 0.610573
vt 0.470036 0.588402
vt 0.470127 0.592195
vt 0.469993 0.592567
vt 0.469850 0.613136
vt 0.472594 0.517542
vt 0.472668 0.554757
vt 0.472554 0.565996
vt 0.472599 0.522367
vt 0.472481 0.581651
vt 0.472422 0.626151
vt 0.470284 0.557982
vt 0.470231 0.557448
vt 0.470252 0.558293
vt 0.470225 0.560771
vt 0.470290 0.560234
vt 0.472453 0.558231
vt 0.470169 0.633721
vt 0.470164 0.631832
vt 0.470290 0.616144
vt 0.470363 0.618022
vt 0.470256 0.619443
vt 0.470145 0.635562
vt 0.472583 0.563995
vt 0.472547 0.520580
vt 0.472582 0.553209
vt 0.472565 0.568693
vt 0.472676 0.624673
vt 0.472695 0.603795
vt 0.470385 0.589428
vt 0.470349 0.590280
vt 0.470348 0.589881
vt 0.470333 0.592332
vt 0.470410 0.591503
vt 0.472700 0.614418
vt 0.470554 0.600827
vt 0.470606 0.598004
vt 0.470518 0.571338
vt 0.470461 0.574223
vt 0.470564 0.575141
vt 0.470650 0.601686
vt 0.472034 0.635171
vt 0.472019 0.609533
vt 0.472002 0.640596
vt 0.471631 0.667688
vt 0.472236 0.592036
vt 0.472418 0.564199
vt 0.471796 0.644595
vt 0.470408 0.540722
vt 0.470429 0.541372
vt 0.470434 0.541088
vt 0.470451 0.543900
vt 0.470398 0.543264
vt 0.471991 0.634492
vt 0.472196 0.585143
vt 0.471608 0.665119
vt 0.470648 0.621586
vt 0.470613 0.618575
vt 0.470491 0.576203
vt 0.470548 0.579229
vt 0.470409 0.582288
vt 0.470574 0.624659
vt 0.472085 0.571358
vt 0.472070 0.530377
vt 0.472085 0.578329
vt 0.470697 0.654008
vt 0.470718 0.649198
vt 0.470408 0.528381
vt 0.470418 0.529995
vt 0.470370 0.529319
vt 0.470359 0.533743
vt 0.470435 0.532000
vt 0.472125 0.568812
vt 0.470732 0.652703
vt 0.454492 0.564235
vt 0.454948 0.571515
vt 0.455056 0.571449
vt 0.454652 0.564168
vt 0.454735 0.664833
vt 0.455341 0.675570
vt 0.455419 0.675595
vt 0.454826 0.664863
vt 0.454146 0.564248
vt 0.454735 0.571540
vt 0.454826 0.571549
vt 0.454301 0.564265
vt 0.452004 0.523715
vt 0.452166 0.523732
vt 0.454948 0.664758
vt 0.455527 0.675452
vt 0.455626 0.675190
vt 0.455056 0.664556
vt 0.452365 0.523727
vt 0.452532 0.523702
vt 0.452004 0.517947
vt 0.451983 0.509454
vt 0.451986 0.509290
vt 0.452007 0.517869
vt 0.452365 0.517984
vt 0.452355 0.509408
vt 0.452150 0.509507
vt 0.452166 0.517998
vt 0.452535 0.517830
vt 0.452528 0.509029
vt 0.452526 0.509193
vt 0.452532 0.517908
vt 0.452362 0.508976
vt 0.452157 0.509075
vt 0.452535 0.523677
vt 0.454654 0.564117
vt 0.454499 0.564100
vt 0.452374 0.523660
vt 0.455066 0.571404
vt 0.454974 0.571394
vt 0.455066 0.664415
vt 0.455638 0.675016
vt 0.455560 0.674991
vt 0.454974 0.664386
vt 0.452174 0.523665
vt 0.454308 0.564131
vt 0.454149 0.564197
vt 0.452007 0.523690
vt 0.454853 0.571428
vt 0.454745 0.571494
vt 0.454853 0.664491
vt 0.455452 0.675135
vt 0.455353 0.675396
vt 0.454745 0.664693
vt 0.454146 0.642439
vt 0.454149 0.642283
vt 0.452374 0.517778
vt 0.452174 0.517793
vt 0.457239 0.696742
vt 0.457189 0.696840
vt 0.456550 0.689111
vt 0.456620 0.688978
vt 0.457142 0.697014
vt 0.457136 0.697126
vt 0.456476 0.689500
vt 0.456484 0.689347
vt 0.457171 0.697137
vt 0.457222 0.697038
vt 0.456597 0.689381
vt 0.456526 0.689516
vt 0.457268 0.696864
vt 0.457275 0.696753
vt 0.456671 0.688994
vt 0.456662 0.689145
vt 0.469831 0.597792
vt 0.469886 0.597308
vt 0.469987 0.573986
vt 0.469950 0.576897
vt 0.470084 0.577824
vt 0.469910 0.603981
vt 0.473181 0.554260
vt 0.473353 0.620234
vt 0.473134 0.562137
vt 0.473168 0.530551
vt 0.473020 0.533369
vt 0.473018 0.580555
vt 0.470041 0.542792
vt 0.470012 0.543224
vt 0.470079 0.543132
vt 0.470092 0.545804
vt 0.470013 0.545216
vt 0.473074 0.577376
vt 0.470038 0.586363
vt 0.470113 0.583942
vt 0.470123 0.551842
vt 0.470043 0.554242
vt 0.470162 0.557488
vt 0.470148 0.589370
vt 0.472580 0.535213
vt 0.472564 0.563194
vt 0.472532 0.619157
vt 0.472542 0.579261
vt 0.472413 0.600055
vt 0.472427 0.610865
vt 0.472532 0.587659
vt 0.470127 0.514505
vt 0.470149 0.515459
vt 0.470156 0.515497
vt 0.470164 0.519138
vt 0.470104 0.517253
vt 0.472548 0.591176
vt 0.472511 0.606154
vt 0.472562 0.581868
vt 0.453887 0.565711
vt 0.453729 0.573088
vt 0.453623 0.573063
vt 0.453711 0.565705
vt 0.453635 0.669573
vt 0.453336 0.680813
vt 0.453432 0.680842
vt 0.453734 0.669614
vt 0.453771 0.565669
vt 0.453635 0.573083
vt 0.453734 0.573096
vt 0.453909 0.565697
vt 0.453833 0.562828
vt 0.453975 0.562856
vt 0.453729 0.669590
vt 0.453434 0.680768
vt 0.453342 0.680616
vt 0.453623 0.669511
vt 0.453950 0.562897
vt 0.453767 0.562937
vt 0.451750 0.522359
vt 0.451546 0.522339
vt 0.453635 0.562835
vt 0.451871 0.522403
vt 0.451897 0.522388
vt 0.453569 0.562944
vt 0.451478 0.522379
vt 0.451682 0.522399
vt 0.451546 0.513720
vt 0.451750 0.513782
vt 0.451897 0.513872
vt 0.451871 0.513919
vt 0.451682 0.513906
vt 0.451478 0.513844
vt 0.451331 0.513755
vt 0.451357 0.513708
vt 0.453519 0.565685
vt 0.453381 0.565658
vt 0.453427 0.562916
vt 0.453498 0.573039
vt 0.453400 0.573025
vt 0.453498 0.669437
vt 0.453229 0.680506
vt 0.453133 0.680477
vt 0.453400 0.669396
vt 0.453452 0.562874
vt 0.453403 0.565645
vt 0.453579 0.565650
vt 0.453404 0.573033
vt 0.453511 0.573059
vt 0.453404 0.669420
vt 0.453130 0.680551
vt 0.453222 0.680703
vt 0.453511 0.669500
vt 0.451331 0.522350
vt 0.451357 0.522335
vt 0.452037 0.703778
vt 0.452032 0.703845
vt 0.452457 0.695520
vt 0.452462 0.695431
vt 0.452074 0.703968
vt 0.452130 0.704048
vt 0.452594 0.695794
vt 0.452517 0.695685
vt 0.452180 0.704058
vt 0.452185 0.703990
vt 0.452666 0.695719
vt 0.452661 0.695810
vt 0.452143 0.703867
vt 0.452087 0.703787
vt 0.452529 0.695447
vt 0.452606 0.695555
vt 0.470316 0.617357
vt 0.470415 0.614849
vt 0.470306 0.589965
vt 0.470200 0.592570
vt 0.470327 0.593030
vt 0.470436 0.617790
vt 0.472251 0.617232
vt 0.472065 0.596863
vt 0.472189 0.622407
vt 0.470529 0.629783
vt 0.470524 0.627096
vt 0.470227 0.554475
vt 0.470280 0.555439
vt 0.470256 0.554685
vt 0.470269 0.557324
vt 0.470210 0.557001
vt 0.472195 0.617070
vt 0.470474 0.629736
vt 0.470654 0.629217
vt 0.470637 0.626128
vt 0.470464 0.593239
vt 0.470484 0.596368
vt 0.470409 0.598280
vt 0.470586 0.630996
vt 0.472034 0.569133
vt 0.471937 0.537367
vt 0.472022 0.575525
vt 0.472069 0.567736
vt 0.472144 0.614595
vt 0.472073 0.624190
vt 0.470320 0.555335
vt 0.470344 0.556225
vt 0.470298 0.555984
vt 0.470296 0.559536
vt 0.470340 0.558349
vt 0.472068 0.618041
vt 0.437788 0.527239
vt 0.440553 0.553780
vt 0.439922 0.553659
vt 0.436762 0.527173
vt 0.440004 0.553735
vt 0.440091 0.566841
vt 0.440653 0.566901
vt 0.440584 0.553809
vt 0.437094 0.527060
vt 0.437914 0.527196
vt 0.436038 0.516838
vt 0.436880 0.516978
vt 0.440654 0.566814
vt 0.440095 0.566611
vt 0.436756 0.517120
vt 0.435709 0.517214
vt 0.434289 0.506911
vt 0.433093 0.506784
vt 0.434891 0.516810
vt 0.435016 0.507104
vt 0.435157 0.507056
vt 0.434562 0.517186
vt 0.432719 0.506912
vt 0.433915 0.507039
vt 0.431850 0.506767
vt 0.431992 0.506719
vt 0.435641 0.527051
vt 0.434821 0.526915
vt 0.433720 0.517046
vt 0.439186 0.553539
vt 0.438606 0.553465
vt 0.439414 0.566452
vt 0.438853 0.566393
vt 0.433845 0.516904
vt 0.434946 0.526872
vt 0.435973 0.526938
vt 0.438637 0.553494
vt 0.439268 0.553616
vt 0.438852 0.566480
vt 0.439411 0.566682
vt 0.436268 0.593436
vt 0.436250 0.593514
vt 0.437369 0.583861
vt 0.437381 0.583758
vt 0.436513 0.593669
vt 0.436851 0.593778
vt 0.438207 0.584218
vt 0.437742 0.584070
vt 0.437143 0.593803
vt 0.437160 0.593724
vt 0.438612 0.584149
vt 0.438599 0.584255
vt 0.436897 0.593569
vt 0.436560 0.593461
vt 0.437773 0.583794
vt 0.438239 0.583941
vt 0.437756 0.527609
vt 0.440521 0.554150
vt 0.439890 0.554028
vt 0.436730 0.527543
vt 0.439972 0.554105
vt 0.440059 0.567211
vt 0.440620 0.567271
vt 0.440552 0.554179
vt 0.437062 0.527430
vt 0.437881 0.527566
vt 0.436006 0.517208
vt 0.436848 0.517348
vt 0.440622 0.567184
vt 0.440062 0.566981
vt 0.436723 0.517490
vt 0.435677 0.517584
vt 0.434256 0.507281
vt 0.433060 0.507154
vt 0.434859 0.517180
vt 0.434983 0.507474
vt 0.435125 0.507425
vt 0.434530 0.517556
vt 0.432686 0.507281
vt 0.433882 0.507408
vt 0.431818 0.507137
vt 0.431959 0.507089
vt 0.435609 0.527420
vt 0.434789 0.527285
vt 0.433688 0.517416
vt 0.439154 0.553909
vt 0.438573 0.553835
vt 0.439382 0.566822
vt 0.438821 0.566762
vt 0.433812 0.517274
vt 0.434914 0.527242
vt 0.435940 0.527308
vt 0.438604 0.553864
vt 0.439236 0.553986
vt 0.438820 0.566849
vt 0.439378 0.567052
vt 0.436236 0.593806
vt 0.436217 0.593884
vt 0.437337 0.584230
vt 0.437349 0.584127
vt 0.436481 0.594039
vt 0.436819 0.594148
vt 0.438175 0.584588
vt 0.437710 0.584439
vt 0.437111 0.594173
vt 0.437128 0.594094
vt 0.438579 0.584519
vt 0.438567 0.584624
vt 0.436865 0.593939
vt 0.436528 0.593830
vt 0.437741 0.584164
vt 0.438206 0.584311
vt 0.470326 0.608113
vt 0.470351 0.607328
vt 0.470369 0.597457
vt 0.470294 0.598025
vt 0.470379 0.600298
vt 0.470373 0.610738
vt 0.473595 0.518015
vt 0.473472 0.530249
vt 0.473591 0.525155
vt 0.473577 0.506005
vt 0.473603 0.584737
vt 0.473611 0.608887
vt 0.470348 0.577170
vt 0.470380 0.578083
vt 0.470367 0.577801
vt 0.470371 0.579733
vt 0.470332 0.578517
vt 0.473640 0.603454
vt 0.480197 0.583998
vt 0.480262 0.580675
vt 0.480671 0.545571
vt 0.480563 0.548977
vt 0.482123 0.549482
vt 0.481620 0.584494
vt 0.479820 0.610295
vt 0.478175 0.628686
vt 0.479560 0.607147
vt 0.480479 0.610419
vt 0.480141 0.506088
vt 0.479773 0.507383
vt 0.480596 0.506331
vt 0.480934 0.509750
vt 0.480014 0.509391
vt 0.494447 0.601945
vt 0.493689 0.598872
vt 0.493837 0.558120
vt 0.494655 0.561168
vt 0.493487 0.565288
vt 0.493366 0.605763
vt 0.493910 0.632777
vt 0.493439 0.652303
vt 0.493519 0.629056
vt 0.493404 0.634425
vt 0.494042 0.510721
vt 0.493777 0.511932
vt 0.493760 0.511980
vt 0.493673 0.516602
vt 0.494247 0.514209
vt 0.496318 0.595960
vt 0.497192 0.591347
vt 0.494946 0.567276
vt 0.494010 0.572091
vt 0.495391 0.572564
vt 0.497624 0.596352
vt 0.498433 0.604991
vt 0.501007 0.607076
vt 0.498800 0.600754
vt 0.499032 0.605004
vt 0.492400 0.528658
vt 0.492948 0.527980
vt 0.492729 0.529053
vt 0.493003 0.532199
vt 0.492338 0.531516
vt 0.487977 0.635159
vt 0.487731 0.633023
vt 0.485733 0.529287
vt 0.485981 0.531482
vt 0.486332 0.531761
vt 0.488287 0.635426
vt 0.486280 0.649063
vt 0.484117 0.658255
vt 0.486020 0.647079
vt 0.486425 0.649128
vt 0.487207 0.507743
vt 0.486754 0.508193
vt 0.487339 0.507904
vt 0.487367 0.509841
vt 0.487097 0.509589
vt 0.436927 0.716291
vt 0.436838 0.716079
vt 0.438660 0.713616
vt 0.438748 0.713786
vt 0.440617 0.704077
vt 0.440710 0.704231
vt 0.436915 0.716469
vt 0.437009 0.716698
vt 0.438832 0.713995
vt 0.438743 0.713852
vt 0.440817 0.704594
vt 0.440712 0.704349
vt 0.432969 0.715759
vt 0.432908 0.716329
vt 0.430682 0.710702
vt 0.430821 0.710151
vt 0.435227 0.717474
vt 0.435224 0.717066
vt 0.433844 0.716571
vt 0.433861 0.717005
vt 0.433870 0.716896
vt 0.435254 0.717380
vt 0.433888 0.717330
vt 0.435259 0.717791
vt 0.432957 0.715354
vt 0.432896 0.715924
vt 0.312951 0.860463
vt 0.312416 0.862557
vt 0.313780 0.861899
vt 0.313284 0.866212
vt 0.313918 0.864695
vt 0.312557 0.865285
vt 0.312806 0.861777
vt 0.312954 0.864558
vt 0.312387 0.863948
vt 0.314043 0.863186
vt 0.312675 0.863079
vt 0.314138 0.864909
vt 0.313408 0.863392
vt 0.314721 0.862650
vt 0.312951 0.858044
vt 0.314153 0.859328
vt 0.312856 0.860066
vt 0.313363 0.863250
vt 0.312798 0.859944
vt 0.313106 0.861887
vt 0.314692 0.860985
vt 0.312857 0.861847
vt 0.309911 0.870548
vt 0.309178 0.870499
vt 0.310728 0.869015
vt 0.308932 0.865695
vt 0.310271 0.866656
vt 0.308698 0.868247
vt 0.309132 0.868882
vt 0.308632 0.866505
vt 0.308908 0.869734
vt 0.310812 0.867874
vt 0.308609 0.867817
vt 0.311450 0.868975
vt 0.311264 0.866630
vt 0.312499 0.866670
vt 0.311356 0.860772
vt 0.312453 0.862668
vt 0.311195 0.862597
vt 0.310778 0.867111
vt 0.310705 0.863168
vt 0.311269 0.864698
vt 0.312780 0.864743
vt 0.310455 0.865362
vt 0.309245 0.871186
vt 0.308172 0.869810
vt 0.309726 0.869309
vt 0.308333 0.865587
vt 0.309285 0.866532
vt 0.307715 0.867112
vt 0.308893 0.870050
vt 0.308448 0.867382
vt 0.307811 0.868545
vt 0.309715 0.867899
vt 0.308506 0.868959
vt 0.306729 0.872319
vt 0.307118 0.870959
vt 0.307636 0.870924
vt 0.307459 0.866805
vt 0.307995 0.868251
vt 0.307470 0.868327
vt 0.306347 0.870863
vt 0.306699 0.868253
vt 0.307374 0.869770
vt 0.308007 0.869710
vt 0.306312 0.869658
vt 0.305011 0.873226
vt 0.304885 0.871632
vt 0.305910 0.871780
vt 0.305207 0.867902
vt 0.306003 0.869196
vt 0.304977 0.869070
vt 0.304567 0.871942
vt 0.304662 0.869388
vt 0.304944 0.870393
vt 0.306191 0.870559
vt 0.304384 0.870771
vt 0.302319 0.873393
vt 0.301317 0.872268
vt 0.302814 0.871944
vt 0.301788 0.868339
vt 0.302545 0.869497
vt 0.301048 0.869845
vt 0.302146 0.872066
vt 0.301879 0.869628
vt 0.301032 0.871179
vt 0.302856 0.870780
vt 0.301868 0.870970
vt 0.303455 0.873359
vt 0.303219 0.872533
vt 0.304522 0.871883
vt 0.303793 0.868005
vt 0.304686 0.869310
vt 0.303385 0.869984
vt 0.303036 0.871727
vt 0.303196 0.869149
vt 0.303288 0.871486
vt 0.304870 0.870673
vt 0.302854 0.870540
vt 0.315445 0.863091
vt 0.316595 0.862009
vt 0.315421 0.861152
vt 0.316030 0.858889
vt 0.315724 0.859114
vt 0.316866 0.860026
vt 0.315300 0.862466
vt 0.315595 0.860470
vt 0.316944 0.861030
vt 0.315516 0.859976
vt 0.315470 0.861754
vt 0.430710 0.710401
vt 0.430850 0.709849
vt 0.423472 0.712352
vt 0.423583 0.712153
vt 0.422653 0.711997
vt 0.422539 0.712161
vt 0.421001 0.706498
vt 0.420889 0.706658
vt 0.423610 0.712539
vt 0.423499 0.712754
vt 0.422548 0.712415
vt 0.422664 0.712269
vt 0.420913 0.707058
vt 0.421022 0.706815
vt 0.425029 0.708194
vt 0.425148 0.708598
vt 0.425782 0.702280
vt 0.425631 0.701963
vt 0.424378 0.711712
vt 0.424303 0.711373
vt 0.424855 0.709705
vt 0.424918 0.710072
vt 0.424794 0.709938
vt 0.424223 0.711594
vt 0.424855 0.710304
vt 0.424301 0.711937
vt 0.425111 0.707931
vt 0.425232 0.708335
vt 0.262652 0.862583
vt 0.263517 0.864047
vt 0.262332 0.863865
vt 0.262655 0.866859
vt 0.262354 0.865939
vt 0.263517 0.866069
vt 0.262487 0.863454
vt 0.262502 0.865520
vt 0.263695 0.865071
vt 0.262266 0.864878
vt 0.262568 0.864362
vt 0.261701 0.866066
vt 0.261286 0.864641
vt 0.260846 0.864501
vt 0.261009 0.860567
vt 0.260499 0.861840
vt 0.260935 0.861983
vt 0.262101 0.864655
vt 0.261760 0.862008
vt 0.261025 0.863403
vt 0.260492 0.863230
vt 0.262142 0.863467
vt 0.265523 0.869257
vt 0.264915 0.868862
vt 0.264034 0.868198
vt 0.262854 0.864966
vt 0.262730 0.866118
vt 0.263650 0.866857
vt 0.265329 0.867744
vt 0.264027 0.865635
vt 0.264301 0.868112
vt 0.263208 0.867268
vt 0.264940 0.866724
vt 0.263848 0.868396
vt 0.263052 0.866505
vt 0.263050 0.866974
vt 0.263034 0.862300
vt 0.262632 0.863996
vt 0.262628 0.863496
vt 0.264349 0.866891
vt 0.263956 0.863950
vt 0.262677 0.865049
vt 0.262671 0.865619
vt 0.264355 0.865512
vt 0.265680 0.869506
vt 0.266015 0.868184
vt 0.265100 0.868227
vt 0.266186 0.865216
vt 0.265317 0.866097
vt 0.266261 0.866111
vt 0.266271 0.868656
vt 0.266524 0.866610
vt 0.266126 0.867159
vt 0.264998 0.867187
vt 0.266600 0.867783
vt 0.266938 0.869633
vt 0.265971 0.868632
vt 0.266359 0.868854
vt 0.265528 0.865678
vt 0.265664 0.866936
vt 0.265290 0.866743
vt 0.267007 0.868456
vt 0.266334 0.866585
vt 0.265505 0.867788
vt 0.265971 0.868045
vt 0.266771 0.867534
vt 0.267927 0.869838
vt 0.267389 0.868553
vt 0.267358 0.869020
vt 0.267488 0.865987
vt 0.267134 0.867149
vt 0.267172 0.866699
vt 0.268328 0.868817
vt 0.268113 0.866969
vt 0.267158 0.867641
vt 0.267116 0.868199
vt 0.268364 0.867910
vt 0.268517 0.869475
vt 0.267666 0.868655
vt 0.267341 0.868598
vt 0.266154 0.865340
vt 0.266196 0.866609
vt 0.266529 0.866686
vt 0.268384 0.868124
vt 0.267238 0.866131
vt 0.267048 0.867823
vt 0.266645 0.867733
vt 0.268011 0.867141
vt 0.270633 0.868331
vt 0.270263 0.866998
vt 0.269725 0.867631
vt 0.269533 0.864676
vt 0.269183 0.865844
vt 0.269734 0.865242
vt 0.270837 0.867390
vt 0.270304 0.865624
vt 0.269956 0.866114
vt 0.269294 0.866866
vt 0.270770 0.866515
vt 0.270225 0.869204
vt 0.270149 0.868291
vt 0.269376 0.869009
vt 0.269156 0.868264
vt 0.268857 0.868534
vt 0.269633 0.867823
vt 0.270277 0.869267
vt 0.269765 0.868809
vt 0.269917 0.867919
vt 0.268976 0.868790
vt 0.270201 0.869066
vt 0.260835 0.865076
vt 0.259481 0.864484
vt 0.260269 0.863574
vt 0.257902 0.861770
vt 0.258842 0.861976
vt 0.258079 0.862918
vt 0.260128 0.864458
vt 0.258717 0.862890
vt 0.258706 0.863774
vt 0.259660 0.862658
vt 0.259416 0.863888
vt 0.425866 0.702140
vt 0.425714 0.701822
s 1
f 23/1/1 22/2/2 31/3/3
f 23/1/1 31/3/3 30/4/4
f 1/5/5 2/6/6 26/7/7
f 1/5/5 26/7/7 25/8/8
f 17/9/9 1/5/5 25/8/8
f 17/9/9 25/8/8 24/10/10
f 36/11/11 17/12/9 24/13/10
f 36/11/11 24/13/10 39/14/12
f 22/2/2 21/15/13 32/16/14
f 22/2/2 32/16/14 31/3/3
f 37/17/15 23/1/1 30/4/4
f 37/17/15 30/4/4 40/18/16
f 36/19/11 12/20/17 11/21/18
f 36/19/11 11/21/18 34/22/19
f 37/17/15 16/23/20 15/24/21
f 37/17/15 15/24/21 39/25/12
f 38/26/22 14/27/23 13/28/24
f 38/26/22 13/28/24 40/18/16
f 11/21/18 12/20/17 15/24/21
f 11/21/18 15/24/21 16/23/20
f 11/21/18 16/23/20 13/28/24
f 11/21/18 13/28/24 14/27/23
f 11/21/18 14/27/23 9/29/25
f 11/21/18 9/29/25 10/30/26
f 38/31/22 29/32/27 8/33/28
f 38/31/22 8/33/28 33/34/29
f 29/35/27 28/36/30 7/37/31
f 29/35/27 7/37/31 8/38/28
f 28/36/30 27/39/32 6/40/33
f 28/36/30 6/40/33 7/37/31
f 35/41/34 3/42/35 18/43/36
f 35/41/34 18/43/36 34/44/19
f 3/45/35 4/46/37 19/47/38
f 3/45/35 19/47/38 18/48/36
f 4/46/37 5/49/39 20/50/40
f 4/46/37 20/50/40 19/47/38
f 27/39/32 28/36/30 31/3/3
f 27/39/32 31/3/3 32/16/14
f 28/36/30 29/35/27 30/4/4
f 28/36/30 30/4/4 31/3/3
f 21/15/13 22/2/2 25/8/8
f 21/15/13 25/8/8 26/7/7
f 22/2/2 23/1/1 24/10/10
f 22/2/2 24/10/10 25/8/8
f 2/6/6 1/5/5 19/47/38
f 2/6/6 19/47/38 20/50/40
f 1/5/5 17/9/9 18/48/36
f 1/5/5 18/48/36 19/47/38
f 33/34/29 8/33/28 3/42/35
f 33/34/29 3/42/35 35/41/34
f 8/38/28 7/37/31 4/46/37
f 8/38/28 4/46/37 3/45/35
f 7/37/31 6/40/33 5/49/39
f 7/37/31 5/49/39 4/46/37
f 9/29/25 33/51/29 35/52/34
f 9/29/25 35/52/34 10/30/26
f 10/30/26 35/52/34 34/22/19
f 10/30/26 34/22/19 11/21/18
f 14/27/23 38/26/22 33/51/29
f 14/27/23 33/51/29 9/29/25
f 29/35/27 38/26/22 40/18/16
f 29/35/27 40/18/16 30/4/4
f 23/53/1 37/54/15 39/14/12
f 23/53/1 39/14/12 24/13/10
f 17/12/9 36/11/11 34/44/19
f 17/12/9 34/44/19 18/43/36
f 16/23/20 37/17/15 40/18/16
f 16/23/20 40/18/16 13/28/24
f 12/20/17 36/19/11 39/25/12
f 12/20/17 39/25/12 15/24/21
f 52/55/41 49/56/42 50/57/43
f 52/55/41 50/57/43 51/58/44
f 56/59/45 53/60/46 54/61/47
f 56/59/45 54/61/47 55/62/48
f 64/63/49 61/64/50 62/65/51
f 64/63/49 62/65/51 63/66/52
f 60/67/53 57/68/54 58/69/55
f 60/67/53 58/69/55 59/70/56
f 49/56/42 56/59/45 55/62/48
f 49/56/42 55/62/48 50/57/43
f 57/68/54 52/55/41 51/58/44
f 57/68/54 51/58/44 58/69/55
f 59/70/56 62/65/51 61/64/50
f 59/70/56 61/64/50 60/67/53
f 63/66/52 54/61/47 53/60/46
f 63/66/52 53/60/46 64/63/49
f 5/49/39 50/57/43 55/62/48
f 5/49/39 55/62/48 20/50/40
f 56/59/45 49/56/42 42/71/57
f 56/59/45 42/71/57 43/72/58
f 6/40/33 51/58/44 50/57/43
f 6/40/33 50/57/43 5/49/39
f 49/56/42 52/55/41 41/73/59
f 49/56/42 41/73/59 42/71/57
f 27/39/32 58/69/55 51/58/44
f 27/39/32 51/58/44 6/40/33
f 52/55/41 57/68/54 48/74/60
f 52/55/41 48/74/60 41/73/59
f 54/61/47 2/6/6 20/50/40
f 54/61/47 20/50/40 55/62/48
f 53/60/46 56/59/45 43/72/58
f 53/60/46 43/72/58 44/75/61
f 2/6/6 54/61/47 63/66/52
f 2/6/6 63/66/52 26/7/7
f 64/63/49 53/60/46 44/75/61
f 64/63/49 44/75/61 45/76/62
f 57/68/54 60/67/53 47/77/63
f 57/68/54 47/77/63 48/74/60
f 58/69/55 27/39/32 32/16/14
f 58/69/55 32/16/14 59/70/56
f 21/15/13 62/65/51 59/70/56
f 21/15/13 59/70/56 32/16/14
f 60/67/53 61/64/50 46/78/64
f 60/67/53 46/78/64 47/77/63
f 61/64/50 64/63/49 45/76/62
f 61/64/50 45/76/62 46/78/64
f 62/65/51 21/15/13 26/7/7
f 62/65/51 26/7/7 63/66/52
f 68/79/65 72/80/66 73/81/67
f 68/79/65 73/81/67 69/82/68
f 70/83/69 73/81/67 72/80/66
f 70/83/69 72/80/66 71/84/70
f 77/85/71 65/86/72 78/87/73
f 79/88/74 71/89/70 72/90/66
f 79/88/74 72/90/66 78/87/73
f 74/91/75 75/92/76 76/93/77
f 70/83/69 67/94/78 76/93/77
f 70/83/69 76/93/77 75/92/76
f 70/83/69 75/92/76 73/81/67
f 66/95/79 69/82/68 73/81/67
f 66/95/79 73/81/67 75/92/76
f 66/95/79 75/92/76 74/91/75
f 65/86/72 79/88/74 78/87/73
f 68/96/65 77/85/71 78/87/73
f 68/96/65 78/87/73 72/90/66
f 83/97/80 87/98/81 88/99/82
f 83/97/80 88/99/82 84/100/83
f 85/101/84 88/99/82 87/98/81
f 85/101/84 87/98/81 86/102/85
f 92/103/86 80/104/87 93/105/88
f 94/106/89 86/107/85 87/108/81
f 94/106/89 87/108/81 93/105/88
f 89/109/90 90/110/91 91/111/92
f 85/101/84 82/112/93 91/111/92
f 85/101/84 91/111/92 90/110/91
f 85/101/84 90/110/91 88/99/82
f 81/113/94 84/100/83 88/99/82
f 81/113/94 88/99/82 90/110/91
f 81/113/94 90/110/91 89/109/90
f 80/104/87 94/106/89 93/105/88
f 83/114/80 92/103/86 93/105/88
f 83/114/80 93/105/88 87/108/81
f 98/115/95 102/116/96 103/117/97
f 98/115/95 103/117/97 99/118/98
f 100/119/99 103/117/97 102/116/96
f 100/119/99 102/116/96 101/120/100
f 107/121/101 95/122/102 108/123/103
f 109/124/104 101/125/100 102/126/96
f 109/124/104 102/126/96 108/123/103
f 104/127/105 105/128/106 106/129/107
f 100/119/99 97/130/108 106/129/107
f 100/119/99 106/129/107 105/128/106
f 100/119/99 105/128/106 103/117/97
f 96/131/109 99/118/98 103/117/97
f 96/131/109 103/117/97 105/128/106
f 96/131/109 105/128/106 104/127/105
f 95/122/102 109/124/104 108/123/103
f 98/132/95 107/121/101 108/123/103
f 98/132/95 108/123/103 102/126/96
f 113/133/110 117/134/111 118/135/112
f 113/133/110 118/135/112 114/136/113
f 115/137/114 118/135/112 117/134/111
f 115/137/114 117/134/111 116/138/115
f 122/139/116 110/140/117 123/141/118
f 124/142/119 116/143/115 117/144/111
f 124/142/119 117/144/111 123/145/118
f 119/146/120 120/147/121 121/148/122
f 115/137/114 112/149/123 121/148/122
f 115/137/114 121/148/122 120/147/121
f 115/137/114 120/147/121 118/135/112
f 111/150/124 114/136/113 118/135/112
f 111/150/124 118/135/112 120/147/121
f 111/150/124 120/147/121 119/146/120
f 110/140/117 124/151/119 123/141/118
f 113/152/110 122/153/116 123/145/118
f 113/152/110 123/145/118 117/144/111
f 128/154/125 132/155/126 133/156/127
f 128/154/125 133/156/127 129/157/128
f 130/158/129 133/156/127 132/155/126
f 130/158/129 132/155/126 131/159/130
f 137/160/131 125/161/132 138/162/133
f 139/163/134 131/159/130 132/155/126
f 139/163/134 132/155/126 138/164/133
f 134/165/135 135/166/136 136/167/137
f 130/158/129 127/168/138 136/167/137
f 130/158/129 136/167/137 135/166/136
f 130/158/129 135/166/136 133/156/127
f 126/169/139 129/157/128 133/156/127
f 126/169/139 133/156/127 135/166/136
f 126/169/139 135/166/136 134/165/135
f 125/161/132 139/170/134 138/162/133
f 128/154/125 137/171/131 138/164/133
f 128/154/125 138/164/133 132/155/126
f 162/172/140 161/173/141 170/174/142
f 162/172/140 170/174/142 169/175/143
f 140/176/144 141/177/145 165/178/146
f 140/176/144 165/178/146 164/179/147
f 156/180/148 140/181/144 164/182/147
f 156/180/148 164/182/147 163/183/149
f 175/184/150 156/180/148 163/183/149
f 175/184/150 163/183/149 178/185/151
f 161/186/141 160/187/152 171/188/153
f 161/186/141 171/188/153 170/189/142
f 176/190/154 162/172/140 169/175/143
f 176/190/154 169/175/143 179/191/155
f 175/192/150 151/193/156 150/194/157
f 175/192/150 150/194/157 173/195/158
f 176/196/154 155/197/159 154/198/160
f 176/196/154 154/198/160 178/199/151
f 177/200/161 153/201/162 152/202/163
f 177/200/161 152/202/163 179/203/155
f 150/194/157 151/193/156 154/198/160
f 150/194/157 154/198/160 155/197/159
f 150/194/157 155/197/159 152/202/163
f 150/194/157 152/202/163 153/201/162
f 150/194/157 153/201/162 148/204/164
f 150/194/157 148/204/164 149/205/165
f 177/206/161 168/207/166 147/208/167
f 177/206/161 147/208/167 172/209/168
f 168/207/166 167/210/169 146/211/170
f 168/207/166 146/211/170 147/208/167
f 167/212/169 166/213/171 145/214/172
f 167/212/169 145/214/172 146/215/170
f 174/216/173 142/217/174 157/218/175
f 174/216/173 157/218/175 173/219/158
f 142/217/174 143/220/176 158/221/177
f 142/217/174 158/221/177 157/218/175
f 143/222/176 144/223/178 159/224/179
f 143/222/176 159/224/179 158/225/177
f 166/213/171 167/212/169 170/189/142
f 166/213/171 170/189/142 171/188/153
f 167/210/169 168/207/166 169/175/143
f 167/210/169 169/175/143 170/174/142
f 160/187/152 161/186/141 164/179/147
f 160/187/152 164/179/147 165/178/146
f 161/173/141 162/172/140 163/183/149
f 161/173/141 163/183/149 164/182/147
f 141/177/145 140/176/144 158/225/177
f 141/177/145 158/225/177 159/224/179
f 140/176/144 156/226/148 157/227/175
f 140/176/144 157/227/175 158/225/177
f 172/209/168 147/208/167 142/217/174
f 172/209/168 142/217/174 174/216/173
f 147/208/167 146/211/170 143/220/176
f 147/208/167 143/220/176 142/217/174
f 146/215/170 145/214/172 144/223/178
f 146/215/170 144/223/178 143/222/176
f 148/204/164 172/228/168 174/229/173
f 148/204/164 174/229/173 149/205/165
f 149/205/165 174/229/173 173/195/158
f 149/205/165 173/195/158 150/194/157
f 153/201/162 177/200/161 172/228/168
f 153/201/162 172/228/168 148/204/164
f 168/207/166 177/206/161 179/191/155
f 168/207/166 179/191/155 169/175/143
f 162/172/140 176/190/154 178/185/151
f 162/172/140 178/185/151 163/183/149
f 156/180/148 175/184/150 173/219/158
f 156/180/148 173/219/158 157/218/175
f 155/197/159 176/196/154 179/203/155
f 155/197/159 179/203/155 152/202/163
f 151/193/156 175/192/150 178/199/151
f 151/193/156 178/199/151 154/198/160
f 183/230/180 180/231/181 181/232/182
f 183/230/180 181/232/182 182/233/183
f 187/234/184 184/235/185 185/236/186
f 187/234/184 185/236/186 186/237/187
f 195/238/188 192/239/189 193/240/190
f 195/238/188 193/240/190 194/241/191
f 191/242/192 188/243/193 189/244/194
f 191/242/192 189/244/194 190/245/195
f 180/231/181 187/234/184 186/237/187
f 180/231/181 186/237/187 181/232/182
f 188/243/193 183/230/180 182/233/183
f 188/243/193 182/233/183 189/244/194
f 190/245/195 193/240/190 192/239/189
f 190/245/195 192/239/189 191/242/192
f 194/241/191 185/236/186 184/235/185
f 194/241/191 184/235/185 195/238/188
f 144/223/178 181/232/182 186/237/187
f 144/223/178 186/237/187 159/224/179
f 145/214/172 182/233/183 181/232/182
f 145/214/172 181/232/182 144/223/178
f 166/213/171 189/244/194 182/233/183
f 166/213/171 182/233/183 145/214/172
f 185/236/186 141/177/145 159/224/179
f 185/236/186 159/224/179 186/237/187
f 141/177/145 185/236/186 194/241/191
f 141/177/145 194/241/191 165/178/146
f 189/244/194 166/213/171 171/188/153
f 189/244/194 171/188/153 190/245/195
f 160/187/152 193/240/190 190/245/195
f 160/187/152 190/245/195 171/188/153
f 193/240/190 160/187/152 165/178/146
f 193/240/190 165/178/146 194/241/191
f 183/230/180 188/243/193 191/242/192
f 183/230/180 191/242/192 192/239/189
f 183/230/180 192/239/189 195/238/188
f 183/230/180 195/238/188 184/235/185
f 183/230/180 184/235/185 187/234/184
f 183/230/180 187/234/184 180/231/181
f 199/246/196 203/247/197 204/248/198
f 199/246/196 204/248/198 200/249/199
f 201/250/200 204/248/198 203/247/197
f 201/250/200 203/247/197 202/251/201
f 208/252/202 196/253/203 209/254/204
f 210/255/205 202/256/201 203/257/197
f 210/255/205 203/257/197 209/254/204
f 205/258/206 206/259/207 207/260/208
f 201/250/200 198/261/209 207/260/208
f 201/250/200 207/260/208 206/259/207
f 201/250/200 206/259/207 204/248/198
f 197/262/210 200/249/199 204/248/198
f 197/262/210 204/248/198 206/259/207
f 197/262/210 206/259/207 205/258/206
f 196/253/203 210/255/205 209/254/204
f 199/263/196 208/252/202 209/254/204
f 199/263/196 209/254/204 203/257/197
f 214/264/211 218/265/212 219/266/213
f 214/264/211 219/266/213 215/267/214
f 216/268/215 219/266/213 218/265/212
f 216/268/215 218/265/212 217/269/216
f 223/270/217 211/271/218 224/272/219
f 225/273/220 217/274/216 218/275/212
f 225/273/220 218/275/212 224/276/219
f 220/277/221 221/278/222 222/279/223
f 216/268/215 213/280/224 222/279/223
f 216/268/215 222/279/223 221/278/222
f 216/268/215 221/278/222 219/266/213
f 212/281/225 215/267/214 219/266/213
f 212/281/225 219/266/213 221/278/222
f 212/281/225 221/278/222 220/277/221
f 211/271/218 225/282/220 224/272/219
f 214/283/211 223/284/217 224/276/219
f 214/283/211 224/276/219 218/275/212
f 45/76/62 44/75/61 43/72/58
f 45/76/62 43/72/58 42/71/57
f 45/76/62 42/71/57 41/73/59
f 45/76/62 41/73/59 48/74/60
f 45/76/62 48/74/60 47/77/63
f 45/76/62 47/77/63 46/78/64
f 248/285/226 247/286/227 256/287/228
f 248/285/226 256/287/228 255/288/229
f 226/289/230 227/290/231 251/291/232
f 226/289/230 251/291/232 250/292/233
f 242/293/234 226/294/230 250/295/233
f 242/293/234 250/295/233 249/296/235
f 261/297/236 242/293/234 249/296/235
f 261/297/236 249/296/235 264/298/237
f 247/299/227 246/300/238 257/301/239
f 247/299/227 257/301/239 256/302/228
f 262/303/240 248/285/226 255/288/229
f 262/303/240 255/288/229 265/304/241
f 261/297/236 237/305/242 236/306/243
f 261/297/236 236/306/243 259/307/244
f 262/303/240 241/308/245 240/309/246
f 262/303/240 240/309/246 264/298/237
f 263/310/247 239/311/248 238/312/249
f 263/310/247 238/312/249 265/304/241
f 236/313/243 237/314/242 240/315/246
f 236/313/243 240/315/246 241/316/245
f 236/313/243 241/316/245 238/317/249
f 236/313/243 238/317/249 239/318/248
f 236/313/243 239/318/248 234/319/250
f 236/313/243 234/319/250 235/320/251
f 263/310/247 254/321/252 233/322/253
f 263/310/247 233/322/253 258/323/254
f 254/321/252 253/324/255 232/325/256
f 254/321/252 232/325/256 233/322/253
f 253/326/255 252/327/257 231/328/258
f 253/326/255 231/328/258 232/329/256
f 260/330/259 228/331/260 243/332/261
f 260/330/259 243/332/261 259/307/244
f 228/331/260 229/333/262 244/334/263
f 228/331/260 244/334/263 243/332/261
f 229/335/262 230/336/264 245/337/265
f 229/335/262 245/337/265 244/338/263
f 252/327/257 253/326/255 256/302/228
f 252/327/257 256/302/228 257/301/239
f 253/324/255 254/321/252 255/288/229
f 253/324/255 255/288/229 256/287/228
f 246/300/238 247/299/227 250/292/233
f 246/300/238 250/292/233 251/291/232
f 247/286/227 248/285/226 249/296/235
f 247/286/227 249/296/235 250/295/233
f 227/290/231 226/289/230 244/338/263
f 227/290/231 244/338/263 245/337/265
f 226/294/230 242/293/234 243/332/261
f 226/294/230 243/332/261 244/334/263
f 258/323/254 233/322/253 228/331/260
f 258/323/254 228/331/260 260/330/259
f 233/322/253 232/325/256 229/333/262
f 233/322/253 229/333/262 228/331/260
f 232/329/256 231/328/258 230/336/264
f 232/329/256 230/336/264 229/335/262
f 234/339/250 258/323/254 260/330/259
f 234/339/250 260/330/259 235/340/251
f 235/340/251 260/330/259 259/307/244
f 235/340/251 259/307/244 236/306/243
f 239/311/248 263/310/247 258/323/254
f 239/311/248 258/323/254 234/339/250
f 254/321/252 263/310/247 265/304/241
f 254/321/252 265/304/241 255/288/229
f 248/285/226 262/303/240 264/298/237
f 248/285/226 264/298/237 249/296/235
f 242/293/234 261/297/236 259/307/244
f 242/293/234 259/307/244 243/332/261
f 241/308/245 262/303/240 265/304/241
f 241/308/245 265/304/241 238/312/249
f 237/305/242 261/297/236 264/298/237
f 237/305/242 264/298/237 240/309/246
f 269/341/266 266/342/267 267/343/268
f 269/341/266 267/343/268 268/344/269
f 273/345/270 270/346/271 271/347/272
f 273/345/270 271/347/272 272/348/273
f 281/349/274 278/350/275 279/351/276
f 281/349/274 279/351/276 280/352/277
f 277/353/278 274/354/279 275/355/280
f 277/353/278 275/355/280 276/356/281
f 266/342/267 273/345/270 272/348/273
f 266/342/267 272/348/273 267/343/268
f 274/354/279 269/341/266 268/344/269
f 274/354/279 268/344/269 275/355/280
f 276/356/281 279/351/276 278/350/275
f 276/356/281 278/350/275 277/353/278
f 280/352/277 271/347/272 270/346/271
f 280/352/277 270/346/271 281/349/274
f 230/336/264 267/343/268 272/348/273
f 230/336/264 272/348/273 245/337/265
f 231/328/258 268/344/269 267/343/268
f 231/328/258 267/343/268 230/336/264
f 252/327/257 275/355/280 268/344/269
f 252/327/257 268/344/269 231/328/258
f 271/347/272 227/290/231 245/337/265
f 271/347/272 245/337/265 272/348/273
f 227/290/231 271/347/272 280/352/277
f 227/290/231 280/352/277 251/291/232
f 275/355/280 252/327/257 257/301/239
f 275/355/280 257/301/239 276/356/281
f 246/300/238 279/351/276 276/356/281
f 246/300/238 276/356/281 257/301/239
f 279/351/276 246/300/238 251/291/232
f 279/351/276 251/291/232 280/352/277
f 269/341/266 274/354/279 277/353/278
f 269/341/266 277/353/278 278/350/275
f 269/341/266 278/350/275 281/349/274
f 269/341/266 281/349/274 270/346/271
f 269/341/266 270/346/271 273/345/270
f 269/341/266 273/345/270 266/342/267
f 285/357/282 289/358/283 290/359/284
f 285/357/282 290/359/284 286/360/285
f 287/361/286 290/359/284 289/358/283
f 287/361/286 289/358/283 288/362/287
f 294/363/288 282/364/289 295/365/290
f 296/366/291 288/362/287 289/358/283
f 296/366/291 289/358/283 295/367/290
f 291/368/292 292/369/293 293/370/294
f 287/361/286 284/371/295 293/370/294
f 287/361/286 293/370/294 292/369/293
f 287/361/286 292/369/293 290/359/284
f 283/372/296 286/360/285 290/359/284
f 283/372/296 290/359/284 292/369/293
f 283/372/296 292/369/293 291/368/292
f 282/364/289 296/373/291 295/365/290
f 285/357/282 294/374/288 295/367/290
f 285/357/282 295/367/290 289/358/283
f 300/375/297 304/376/298 305/377/299
f 300/375/297 305/377/299 301/378/300
f 302/379/301 305/377/299 304/376/298
f 302/379/301 304/376/298 303/380/302
f 309/381/303 297/382/304 310/383/305
f 311/384/306 303/385/302 304/386/298
f 311/384/306 304/386/298 310/383/305
f 306/387/307 307/388/308 308/389/309
f 302/379/301 299/390/310 308/389/309
f 302/379/301 308/389/309 307/388/308
f 302/379/301 307/388/308 305/377/299
f 298/391/311 301/378/300 305/377/299
f 298/391/311 305/377/299 307/388/308
f 298/391/311 307/388/308 306/387/307
f 297/382/304 311/384/306 310/383/305
f 300/392/297 309/381/303 310/383/305
f 300/392/297 310/383/305 304/386/298
f 334/393/312 333/394/313 342/395/314
f 334/393/312 342/395/314 341/396/315
f 312/397/316 313/398/317 337/399/318
f 312/397/316 337/399/318 336/400/319
f 328/401/320 312/397/316 336/400/319
f 328/401/320 336/400/319 335/402/321
f 347/403/322 328/401/320 335/402/321
f 347/403/322 335/402/321 350/404/323
f 333/394/313 332/405/324 343/406/325
f 333/394/313 343/406/325 342/395/314
f 348/407/326 334/393/312 341/396/315
f 348/407/326 341/396/315 351/408/327
f 347/403/322 323/409/328 322/410/329
f 347/403/322 322/410/329 345/411/330
f 348/407/326 327/412/331 326/413/332
f 348/407/326 326/413/332 350/404/323
f 349/414/333 325/415/334 324/416/335
f 349/414/333 324/416/335 351/408/327
f 322/410/329 323/409/328 326/413/332
f 322/410/329 326/413/332 327/412/331
f 322/410/329 327/412/331 324/416/335
f 322/410/329 324/416/335 325/415/334
f 322/410/329 325/415/334 320/417/336
f 322/410/329 320/417/336 321/418/337
f 349/414/333 340/419/338 319/420/339
f 349/414/333 319/420/339 344/421/340
f 340/419/338 339/422/341 318/423/342
f 340/419/338 318/423/342 319/420/339
f 339/422/341 338/424/343 317/425/344
f 339/422/341 317/425/344 318/423/342
f 346/426/345 314/427/346 329/428/347
f 346/426/345 329/428/347 345/411/330
f 314/427/346 315/429/348 330/430/349
f 314/427/346 330/430/349 329/428/347
f 315/429/348 316/431/350 331/432/351
f 315/429/348 331/432/351 330/430/349
f 338/424/343 339/422/341 342/395/314
f 338/424/343 342/395/314 343/406/325
f 339/422/341 340/419/338 341/396/315
f 339/422/341 341/396/315 342/395/314
f 332/405/324 333/394/313 336/400/319
f 332/405/324 336/400/319 337/399/318
f 333/394/313 334/393/312 335/402/321
f 333/394/313 335/402/321 336/400/319
f 313/398/317 312/397/316 330/430/349
f 313/398/317 330/430/349 331/432/351
f 312/397/316 328/401/320 329/428/347
f 312/397/316 329/428/347 330/430/349
f 344/421/340 319/420/339 314/427/346
f 344/421/340 314/427/346 346/426/345
f 319/420/339 318/423/342 315/429/348
f 319/420/339 315/429/348 314/427/346
f 318/423/342 317/425/344 316/431/350
f 318/423/342 316/431/350 315/429/348
f 320/417/336 344/421/340 346/426/345
f 320/417/336 346/426/345 321/418/337
f 321/418/337 346/426/345 345/411/330
f 321/418/337 345/411/330 322/410/329
f 325/415/334 349/414/333 344/421/340
f 325/415/334 344/421/340 320/417/336
f 340/419/338 349/414/333 351/408/327
f 340/419/338 351/408/327 341/396/315
f 334/393/312 348/407/326 350/404/323
f 334/393/312 350/404/323 335/402/321
f 328/401/320 347/403/322 345/411/330
f 328/401/320 345/411/330 329/428/347
f 327/412/331 348/407/326 351/408/327
f 327/412/331 351/408/327 324/416/335
f 323/409/328 347/403/322 350/404/323
f 323/409/328 350/404/323 326/413/332
f 355/433/352 352/434/353 353/435/354
f 355/433/352 353/435/354 354/436/355
f 359/437/356 356/438/357 357/439/358
f 359/437/356 357/439/358 358/440/359
f 367/441/360 364/442/361 365/443/362
f 367/441/360 365/443/362 366/444/363
f 363/445/364 360/446/365 361/447/366
f 363/445/364 361/447/366 362/448/367
f 352/434/353 359/437/356 358/440/359
f 352/434/353 358/440/359 353/435/354
f 360/446/365 355/433/352 354/436/355
f 360/446/365 354/436/355 361/447/366
f 362/448/367 365/443/362 364/442/361
f 362/448/367 364/442/361 363/445/364
f 366/444/363 357/439/358 356/438/357
f 366/444/363 356/438/357 367/441/360
f 316/431/350 353/435/354 358/440/359
f 316/431/350 358/440/359 331/432/351
f 317/425/344 354/436/355 353/435/354
f 317/425/344 353/435/354 316/431/350
f 338/424/343 361/447/366 354/436/355
f 338/424/343 354/436/355 317/425/344
f 357/439/358 313/398/317 331/432/351
f 357/439/358 331/432/351 358/440/359
f 313/398/317 357/439/358 366/444/363
f 313/398/317 366/444/363 337/399/318
f 361/447/366 338/424/343 343/406/325
f 361/447/366 343/406/325 362/448/367
f 332/405/324 365/443/362 362/448/367
f 332/405/324 362/448/367 343/406/325
f 365/443/362 332/405/324 337/399/318
f 365/443/362 337/399/318 366/444/363
f 355/433/352 360/446/365 363/445/364
f 355/433/352 363/445/364 364/442/361
f 355/433/352 364/442/361 367/441/360
f 355/433/352 367/441/360 356/438/357
f 355/433/352 356/438/357 359/437/356
f 355/433/352 359/437/356 352/434/353
f 390/449/368 389/450/369 398/451/370
f 390/449/368 398/451/370 397/452/371
f 368/453/372 369/454/373 393/455/374
f 368/453/372 393/455/374 392/456/375
f 384/457/376 368/453/372 392/456/375
f 384/457/376 392/456/375 391/458/377
f 403/459/378 384/457/376 391/458/377
f 403/459/378 391/458/377 406/460/379
f 389/450/369 388/461/380 399/462/381
f 389/450/369 399/462/381 398/451/370
f 404/463/382 390/449/368 397/452/371
f 404/463/382 397/452/371 407/464/383
f 403/459/378 379/465/384 378/466/385
f 403/459/378 378/466/385 401/467/386
f 404/463/382 383/468/387 382/469/388
f 404/463/382 382/469/388 406/460/379
f 405/470/389 381/471/390 380/472/391
f 405/470/389 380/472/391 407/464/383
f 378/466/385 379/465/384 382/469/388
f 378/466/385 382/469/388 383/468/387
f 378/466/385 383/468/387 380/472/391
f 378/466/385 380/472/391 381/471/390
f 378/466/385 381/471/390 376/473/392
f 378/466/385 376/473/392 377/474/393
f 405/470/389 396/475/394 375/476/395
f 405/470/389 375/476/395 400/477/396
f 396/475/394 395/478/397 374/479/398
f 396/475/394 374/479/398 375/476/395
f 395/478/397 394/480/399 373/481/400
f 395/478/397 373/481/400 374/479/398
f 402/482/401 370/483/402 385/484/403
f 402/482/401 385/484/403 401/467/386
f 370/483/402 371/485/404 386/486/405
f 370/483/402 386/486/405 385/484/403
f 371/485/404 372/487/406 387/488/407
f 371/485/404 387/488/407 386/486/405
f 394/480/399 395/478/397 398/451/370
f 394/480/399 398/451/370 399/462/381
f 395/478/397 396/475/394 397/452/371
f 395/478/397 397/452/371 398/451/370
f 388/461/380 389/450/369 392/456/375
f 388/461/380 392/456/375 393/455/374
f 389/450/369 390/449/368 391/458/377
f 389/450/369 391/458/377 392/456/375
f 369/454/373 368/453/372 386/486/405
f 369/454/373 386/486/405 387/488/407
f 368/453/372 384/457/376 385/484/403
f 368/453/372 385/484/403 386/486/405
f 400/477/396 375/476/395 370/483/402
f 400/477/396 370/483/402 402/482/401
f 375/476/395 374/479/398 371/485/404
f 375/476/395 371/485/404 370/483/402
f 374/479/398 373/481/400 372/487/406
f 374/479/398 372/487/406 371/485/404
f 376/473/392 400/477/396 402/482/401
f 376/473/392 402/482/401 377/474/393
f 377/474/393 402/482/401 401/467/386
f 377/474/393 401/467/386 378/466/385
f 381/471/390 405/470/389 400/477/396
f 381/471/390 400/477/396 376/473/392
f 396/475/394 405/470/389 407/464/383
f 396/475/394 407/464/383 397/452/371
f 390/449/368 404/463/382 406/460/379
f 390/449/368 406/460/379 391/458/377
f 384/457/376 403/459/378 401/467/386
f 384/457/376 401/467/386 385/484/403
f 383/468/387 404/463/382 407/464/383
f 383/468/387 407/464/383 380/472/391
f 379/465/384 403/459/378 406/460/379
f 379/465/384 406/460/379 382/469/388
f 411/489/408 408/490/409 409/491/410
f 411/489/408 409/491/410 410/492/411
f 415/493/412 412/494/413 413/495/414
f 415/493/412 413/495/414 414/496/415
f 423/497/416 420/498/417 421/499/418
f 423/497/416 421/499/418 422/500/419
f 419/501/420 416/502/421 417/503/422
f 419/501/420 417/503/422 418/504/423
f 408/490/409 415/493/412 414/496/415
f 408/490/409 414/496/415 409/491/410
f 416/502/421 411/489/408 410/492/411
f 416/502/421 410/492/411 417/503/422
f 418/504/423 421/499/418 420/498/417
f 418/504/423 420/498/417 419/501/420
f 422/500/419 413/495/414 412/494/413
f 422/500/419 412/494/413 423/497/416
f 372/487/406 409/491/410 414/496/415
f 372/487/406 414/496/415 387/488/407
f 373/481/400 410/492/411 409/491/410
f 373/481/400 409/491/410 372/487/406
f 394/480/399 417/503/422 410/492/411
f 394/480/399 410/492/411 373/481/400
f 413/495/414 369/454/373 387/488/407
f 413/495/414 387/488/407 414/496/415
f 369/454/373 413/495/414 422/500/419
f 369/454/373 422/500/419 393/455/374
f 417/503/422 394/480/399 399/462/381
f 417/503/422 399/462/381 418/504/423
f 388/461/380 421/499/418 418/504/423
f 388/461/380 418/504/423 399/462/381
f 421/499/418 388/461/380 393/455/374
f 421/499/418 393/455/374 422/500/419
f 411/489/408 416/502/421 419/501/420
f 411/489/408 419/501/420 420/498/417
f 411/489/408 420/498/417 423/497/416
f 411/489/408 423/497/416 412/494/413
f 411/489/408 412/494/413 415/493/412
f 411/489/408 415/493/412 408/490/409
f 427/505/424 431/506/425 432/507/426
f 427/505/424 432/507/426 428/508/427
f 429/509/428 432/507/426 431/506/425
f 429/509/428 431/506/425 430/510/429
f 436/511/430 424/512/431 437/513/432
f 438/514/433 430/515/429 431/516/425
f 438/514/433 431/516/425 437/513/432
f 433/517/434 434/518/435 435/519/436
f 429/509/428 426/520/437 435/519/436
f 429/509/428 435/519/436 434/518/435
f 429/509/428 434/518/435 432/507/426
f 425/521/438 428/508/427 432/507/426
f 425/521/438 432/507/426 434/518/435
f 425/521/438 434/518/435 433/517/434
f 424/512/431 438/514/433 437/513/432
f 427/522/424 436/511/430 437/513/432
f 427/522/424 437/513/432 431/516/425
f 442/523/439 446/524/440 447/525/441
f 442/523/439 447/525/441 443/526/442
f 444/527/443 447/525/441 446/524/440
f 444/527/443 446/524/440 445/528/444
f 451/529/445 439/530/446 452/531/447
f 453/532/448 445/528/444 446/524/440
f 453/532/448 446/524/440 452/531/447
f 448/533/449 449/534/450 450/535/451
f 444/527/443 441/536/452 450/535/451
f 444/527/443 450/535/451 449/534/450
f 444/527/443 449/534/450 447/525/441
f 440/537/453 443/526/442 447/525/441
f 440/537/453 447/525/441 449/534/450
f 440/537/453 449/534/450 448/533/449
f 439/530/446 453/532/448 452/531/447
f 442/523/439 451/529/445 452/531/447
f 442/523/439 452/531/447 446/524/440
f 457/538/454 461/539/455 462/540/456
f 457/538/454 462/540/456 458/541/457
f 459/542/458 462/540/456 461/539/455
f 459/542/458 461/539/455 460/543/459
f 466/544/460 454/545/461 467/546/462
f 468/547/463 460/543/459 461/539/455
f 468/547/463 461/539/455 467/546/462
f 463/548/464 464/549/465 465/550/466
f 459/542/458 456/551/467 465/550/466
f 459/542/458 465/550/466 464/549/465
f 459/542/458 464/549/465 462/540/456
f 455/552/468 458/541/457 462/540/456
f 455/552/468 462/540/456 464/549/465
f 455/552/468 464/549/465 463/548/464
f 454/545/461 468/547/463 467/546/462
f 457/538/454 466/544/460 467/546/462
f 457/538/454 467/546/462 461/539/455
f 472/553/469 476/554/470 477/555/471
f 472/553/469 477/555/471 473/556/472
f 474/557/473 477/555/471 476/554/470
f 474/557/473 476/554/470 475/558/474
f 481/559/475 469/560/476 482/561/477
f 483/562/478 475/558/474 476/554/470
f 483/562/478 476/554/470 482/561/477
f 478/563/479 479/564/480 480/565/481
f 474/557/473 471/566/482 480/565/481
f 474/557/473 480/565/481 479/564/480
f 474/557/473 479/564/480 477/555/471
f 470/567/483 473/556/472 477/555/471
f 470/567/483 477/555/471 479/564/480
f 470/567/483 479/564/480 478/563/479
f 469/560/476 483/562/478 482/561/477
f 472/553/469 481/559/475 482/561/477
f 472/553/469 482/561/477 476/554/470
f 487/568/484 491/569/485 492/570/486
f 487/568/484 492/570/486 488/571/487
f 489/572/488 492/570/486 491/569/485
f 489/572/488 491/569/485 490/573/489
f 496/574/490 484/575/491 497/576/492
f 498/577/493 490/573/489 491/569/485
f 498/577/493 491/569/485 497/576/492
f 493/578/494 494/579/495 495/580/496
f 489/572/488 486/581/497 495/580/496
f 489/572/488 495/580/496 494/579/495
f 489/572/488 494/579/495 492/570/486
f 485/582/498 488/571/487 492/570/486
f 485/582/498 492/570/486 494/579/495
f 485/582/498 494/579/495 493/578/494
f 484/575/491 498/577/493 497/576/492
f 487/568/484 496/574/490 497/576/492
f 487/568/484 497/576/492 491/569/485
f 499/583/499 510/584/500 509/585/501
f 499/583/499 509/585/501 500/586/502
f 500/586/502 509/585/501 508/587/503
f 500/586/502 508/587/503 501/588/504
f 505/589/505 504/590/506 503/591/507
f 505/589/505 503/591/507 506/592/508
f 506/592/508 503/591/507 502/593/509
f 506/592/508 502/593/509 507/594/510
f 510/584/500 505/589/505 506/592/508
f 510/584/500 506/592/508 509/585/501
f 509/585/501 506/592/508 507/594/510
f 509/585/501 507/594/510 508/587/503
f 504/590/506 499/583/499 500/586/502
f 504/590/506 500/586/502 503/591/507
f 503/591/507 500/586/502 501/588/504
f 503/591/507 501/588/504 502/593/509
f 513/595/511 514/596/512 636/597/513
f 513/595/511 636/597/513 635/598/514
f 516/599/515 517/600/516 518/601/517
f 516/599/515 518/601/517 515/602/518
f 520/603/519 518/601/517 517/600/516
f 520/603/519 517/600/516 519/604/520
f 522/605/521 520/603/519 519/604/520
f 522/605/521 519/604/520 521/606/522
f 521/606/522 516/599/515 515/602/518
f 521/606/522 515/602/518 522/605/521
f 515/602/518 518/601/517 512/607/523
f 515/602/518 512/607/523 511/608/524
f 516/599/515 521/606/522 504/590/506
f 516/599/515 504/590/506 505/589/505
f 517/600/516 516/599/515 505/589/505
f 517/600/516 505/589/505 510/584/500
f 522/605/521 515/602/518 511/608/524
f 522/605/521 511/608/524 514/596/512
f 518/601/517 520/603/519 513/595/511
f 518/601/517 513/595/511 512/607/523
f 519/604/520 517/600/516 510/584/500
f 519/604/520 510/584/500 499/583/499
f 520/603/519 522/605/521 514/596/512
f 520/603/519 514/596/512 513/595/511
f 521/606/522 519/604/520 499/583/499
f 521/606/522 499/583/499 504/590/506
f 530/609/525 526/610/526 528/611/527
f 532/612/528 529/613/529 527/614/530
f 530/609/525 528/611/527 531/615/531
f 532/612/528 533/616/532 529/613/529
f 530/609/525 531/615/531 526/610/526
f 532/612/528 527/614/530 533/616/532
f 526/610/526 523/617/533 524/618/534
f 526/610/526 524/618/534 528/611/527
f 531/615/531 525/619/535 523/617/533
f 531/615/531 523/617/533 526/610/526
f 525/619/535 533/616/532 527/614/530
f 525/619/535 527/614/530 523/617/533
f 523/617/533 527/614/530 529/613/529
f 523/617/533 529/613/529 524/618/534
f 528/611/527 524/618/534 525/619/535
f 528/611/527 525/619/535 531/615/531
f 524/618/534 529/613/529 533/616/532
f 524/618/534 533/616/532 525/619/535
f 501/588/504 508/587/503 507/594/510
f 501/588/504 507/594/510 502/593/509
f 541/620/536 537/621/537 539/622/538
f 543/623/539 540/624/540 538/625/541
f 541/620/536 539/622/538 542/626/542
f 543/623/539 544/627/543 540/624/540
f 541/620/536 542/626/542 537/621/537
f 543/623/539 538/625/541 544/627/543
f 537/621/537 534/628/544 535/629/545
f 537/621/537 535/629/545 539/622/538
f 542/626/542 536/630/546 534/628/544
f 542/626/542 534/628/544 537/621/537
f 536/630/546 544/627/543 538/625/541
f 536/630/546 538/625/541 534/628/544
f 534/628/544 538/625/541 540/624/540
f 534/628/544 540/624/540 535/629/545
f 539/622/538 535/629/545 536/630/546
f 539/622/538 536/630/546 542/626/542
f 535/629/545 540/624/540 544/627/543
f 535/629/545 544/627/543 536/630/546
f 552/631/547 548/632/548 550/633/549
f 554/634/550 551/635/551 549/636/552
f 552/631/547 550/633/549 553/637/553
f 554/634/550 555/638/554 551/635/551
f 552/631/547 553/637/553 548/632/548
f 554/634/550 549/636/552 555/638/554
f 548/632/548 545/639/555 546/640/556
f 548/632/548 546/640/556 550/633/549
f 553/637/553 547/641/557 545/639/555
f 553/637/553 545/639/555 548/632/548
f 547/641/557 555/638/554 549/636/552
f 547/641/557 549/636/552 545/639/555
f 545/639/555 549/636/552 551/635/551
f 545/639/555 551/635/551 546/640/556
f 550/633/549 546/640/556 547/641/557
f 550/633/549 547/641/557 553/637/553
f 546/640/556 551/635/551 555/638/554
f 546/640/556 555/638/554 547/641/557
f 563/642/558 559/643/559 561/644/560
f 565/645/561 562/646/562 560/647/563
f 563/642/558 561/644/560 564/648/564
f 565/645/561 566/649/565 562/646/562
f 563/642/558 564/648/564 559/643/559
f 565/645/561 560/647/563 566/649/565
f 559/643/559 556/650/566 557/651/567
f 559/643/559 557/651/567 561/644/560
f 564/648/564 558/652/568 556/650/566
f 564/648/564 556/650/566 559/643/559
f 558/652/568 566/649/565 560/647/563
f 558/652/568 560/647/563 556/650/566
f 556/650/566 560/647/563 562/646/562
f 556/650/566 562/646/562 557/651/567
f 561/644/560 557/651/567 558/652/568
f 561/644/560 558/652/568 564/648/564
f 557/651/567 562/646/562 566/649/565
f 557/651/567 566/649/565 558/652/568
f 574/653/569 570/654/570 572/655/571
f 576/656/572 573/657/573 571/658/574
f 574/653/569 572/655/571 575/659/575
f 576/656/572 577/660/576 573/657/573
f 574/653/569 575/659/575 570/654/570
f 576/656/572 571/658/574 577/660/576
f 570/654/570 567/661/577 568/662/578
f 570/654/570 568/662/578 572/655/571
f 575/659/575 569/663/579 567/661/577
f 575/659/575 567/661/577 570/654/570
f 569/663/579 577/660/576 571/658/574
f 569/663/579 571/658/574 567/661/577
f 567/661/577 571/658/574 573/657/573
f 567/661/577 573/657/573 568/662/578
f 572/655/571 568/662/578 569/663/579
f 572/655/571 569/663/579 575/659/575
f 568/662/578 573/657/573 577/660/576
f 568/662/578 577/660/576 569/663/579
f 585/664/580 581/665/581 583/666/582
f 587/667/583 584/668/584 582/669/585
f 585/664/580 583/666/582 586/670/586
f 587/667/583 588/671/587 584/668/584
f 585/664/580 586/670/586 581/665/581
f 587/667/583 582/669/585 588/671/587
f 581/665/581 578/672/588 579/673/589
f 581/665/581 579/673/589 583/666/582
f 586/670/586 580/674/590 578/672/588
f 586/670/586 578/672/588 581/665/581
f 580/674/590 588/671/587 582/669/585
f 580/674/590 582/669/585 578/672/588
f 578/672/588 582/669/585 584/668/584
f 578/672/588 584/668/584 579/673/589
f 583/666/582 579/673/589 580/674/590
f 583/666/582 580/674/590 586/670/586
f 579/673/589 584/668/584 588/671/587
f 579/673/589 588/671/587 580/674/590
f 596/675/591 592/676/592 594/677/593
f 598/678/594 595/679/595 593/680/596
f 596/675/591 594/677/593 597/681/597
f 598/678/594 599/682/598 595/679/595
f 596/675/591 597/681/597 592/676/592
f 598/678/594 593/680/596 599/682/598
f 592/676/592 589/683/599 590/684/600
f 592/676/592 590/684/600 594/677/593
f 597/681/597 591/685/601 589/683/599
f 597/681/597 589/683/599 592/676/592
f 591/685/601 599/682/598 593/680/596
f 591/685/601 593/680/596 589/683/599
f 589/683/599 593/680/596 595/679/595
f 589/683/599 595/679/595 590/684/600
f 594/677/593 590/684/600 591/685/601
f 594/677/593 591/685/601 597/681/597
f 590/684/600 595/679/595 599/682/598
f 590/684/600 599/682/598 591/685/601
f 607/686/602 603/687/603 605/688/604
f 609/689/605 606/690/606 604/691/607
f 607/686/602 605/688/604 608/692/608
f 609/689/605 610/693/609 606/690/606
f 607/686/602 608/692/608 603/687/603
f 609/689/605 604/691/607 610/693/609
f 603/687/603 600/694/610 601/695/611
f 603/687/603 601/695/611 605/688/604
f 608/692/608 602/696/612 600/694/610
f 608/692/608 600/694/610 603/687/603
f 602/696/612 610/693/609 604/691/607
f 602/696/612 604/691/607 600/694/610
f 600/694/610 604/691/607 606/690/606
f 600/694/610 606/690/606 601/695/611
f 605/688/604 601/695/611 602/696/612
f 605/688/604 602/696/612 608/692/608
f 601/695/611 606/690/606 610/693/609
f 601/695/611 610/693/609 602/696/612
f 618/697/613 614/698/614 616/699/615
f 620/700/616 617/701/617 615/702/618
f 618/697/613 616/699/615 619/703/619
f 620/700/616 621/704/620 617/701/617
f 618/697/613 619/703/619 614/698/614
f 620/700/616 615/702/618 621/704/620
f 614/698/614 611/705/621 612/706/622
f 614/698/614 612/706/622 616/699/615
f 619/703/619 613/707/623 611/705/621
f 619/703/619 611/705/621 614/698/614
f 613/707/623 621/704/620 615/702/618
f 613/707/623 615/702/618 611/705/621
f 611/705/621 615/702/618 617/701/617
f 611/705/621 617/701/617 612/706/622
f 616/699/615 612/706/622 613/707/623
f 616/699/615 613/707/623 619/703/619
f 612/706/622 617/701/617 621/704/620
f 612/706/622 621/704/620 613/707/623
f 629/708/624 625/709/625 627/710/626
f 631/711/627 628/712/628 626/713/629
f 629/708/624 627/710/626 630/714/630
f 631/711/627 632/715/631 628/712/628
f 629/708/624 630/714/630 625/709/625
f 631/711/627 626/713/629 632/715/631
f 625/709/625 622/716/632 623/717/633
f 625/709/625 623/717/633 627/710/626
f 630/714/630 624/718/634 622/716/632
f 630/714/630 622/716/632 625/709/625
f 624/718/634 632/715/631 626/713/629
f 624/718/634 626/713/629 622/716/632
f 622/716/632 626/713/629 628/712/628
f 622/716/632 628/712/628 623/717/633
f 627/710/626 623/717/633 624/718/634
f 627/710/626 624/718/634 630/714/630
f 623/717/633 628/712/628 632/715/631
f 623/717/633 632/715/631 624/718/634
f 635/598/514 636/597/513 633/719/635
f 635/598/514 633/719/635 634/720/636
f 511/608/524 512/607/523 634/720/636
f 511/608/524 634/720/636 633/719/635
f 514/596/512 511/608/524 633/719/635
f 514/596/512 633/719/635 636/597/513
f 512/607/523 513/595/511 635/598/514
f 512/607/523 635/598/514 634/720/636
f 637/721/637 648/722/638 647/723/639
f 637/721/637 647/723/639 638/724/640
f 638/724/640 647/723/639 646/725/641
f 638/724/640 646/725/641 639/726/642
f 643/727/643 642/728/644 641/729/645
f 643/727/643 641/729/645 644/730/646
f 644/730/646 641/729/645 640/731/647
f 644/730/646 640/731/647 645/732/648
f 648/722/638 643/727/643 644/730/646
f 648/722/638 644/730/646 647/723/639
f 647/723/639 644/730/646 645/732/648
f 647/723/639 645/732/648 646/725/641
f 642/728/644 637/721/637 638/724/640
f 642/728/644 638/724/640 641/729/645
f 641/729/645 638/724/640 639/726/642
f 641/729/645 639/726/642 640/731/647
f 651/733/649 652/734/650 785/735/651
f 651/733/649 785/735/651 784/736/652
f 654/737/653 655/738/654 656/739/655
f 654/737/653 656/739/655 653/740/656
f 658/741/657 656/739/655 655/738/654
f 658/741/657 655/738/654 657/742/658
f 660/743/659 658/741/657 657/742/658
f 660/743/659 657/742/658 659/744/660
f 659/744/660 654/737/653 653/740/656
f 659/744/660 653/740/656 660/743/659
f 653/740/656 656/739/655 650/745/661
f 653/740/656 650/745/661 649/746/662
f 654/737/653 659/744/660 642/728/644
f 654/737/653 642/728/644 643/727/643
f 655/738/654 654/737/653 643/727/643
f 655/738/654 643/727/643 648/722/638
f 660/743/659 653/740/656 649/746/662
f 660/743/659 649/746/662 652/734/650
f 656/739/655 658/741/657 651/733/649
f 656/739/655 651/733/649 650/745/661
f 657/742/658 655/738/654 648/722/638
f 657/742/658 648/722/638 637/721/637
f 658/741/657 660/743/659 652/734/650
f 658/741/657 652/734/650 651/733/649
f 659/744/660 657/742/658 637/721/637
f 659/744/660 637/721/637 642/728/644
f 668/747/663 664/748/664 666/749/665
f 670/750/666 667/751/667 665/752/668
f 668/747/663 666/749/665 669/753/669
f 670/750/666 671/754/670 667/751/667
f 668/747/663 669/753/669 664/748/664
f 670/750/666 665/752/668 671/754/670
f 664/748/664 661/755/671 662/756/672
f 664/748/664 662/756/672 666/749/665
f 669/753/669 663/757/673 661/755/671
f 669/753/669 661/755/671 664/748/664
f 663/757/673 671/754/670 665/752/668
f 663/757/673 665/752/668 661/755/671
f 661/755/671 665/752/668 667/751/667
f 661/755/671 667/751/667 662/756/672
f 666/749/665 662/756/672 663/757/673
f 666/749/665 663/757/673 669/753/669
f 662/756/672 667/751/667 671/754/670
f 662/756/672 671/754/670 663/757/673
f 679/758/674 675/759/675 677/760/676
f 681/761/677 678/762/678 676/763/679
f 679/758/674 677/760/676 680/764/680
f 681/761/677 682/765/681 678/762/678
f 679/758/674 680/764/680 675/759/675
f 681/761/677 676/763/679 682/765/681
f 675/759/675 672/766/682 673/767/683
f 675/759/675 673/767/683 677/760/676
f 680/764/680 674/768/684 672/766/682
f 680/764/680 672/766/682 675/759/675
f 674/768/684 682/765/681 676/763/679
f 674/768/684 676/763/679 672/766/682
f 672/766/682 676/763/679 678/762/678
f 672/766/682 678/762/678 673/767/683
f 677/760/676 673/767/683 674/768/684
f 677/760/676 674/768/684 680/764/680
f 673/767/683 678/762/678 682/765/681
f 673/767/683 682/765/681 674/768/684
f 690/769/685 686/770/686 688/771/687
f 692/772/688 689/773/689 687/774/690
f 690/769/685 688/771/687 691/775/691
f 692/772/688 693/776/692 689/773/689
f 690/769/685 691/775/691 686/770/686
f 692/772/688 687/774/690 693/776/692
f 686/770/686 683/777/693 684/778/694
f 686/770/686 684/778/694 688/771/687
f 691/775/691 685/779/695 683/777/693
f 691/775/691 683/777/693 686/770/686
f 685/779/695 693/776/692 687/774/690
f 685/779/695 687/774/690 683/777/693
f 683/777/693 687/774/690 689/773/689
f 683/777/693 689/773/689 684/778/694
f 688/771/687 684/778/694 685/779/695
f 688/771/687 685/779/695 691/775/691
f 684/778/694 689/773/689 693/776/692
f 684/778/694 693/776/692 685/779/695
f 701/780/696 697/781/697 699/782/698
f 703/783/699 700/784/700 698/785/701
f 701/780/696 699/782/698 702/786/702
f 703/783/699 704/787/703 700/784/700
f 701/780/696 702/786/702 697/781/697
f 703/783/699 698/785/701 704/787/703
f 697/781/697 694/788/704 695/789/705
f 697/781/697 695/789/705 699/782/698
f 702/786/702 696/790/706 694/788/704
f 702/786/702 694/788/704 697/781/697
f 696/790/706 704/787/703 698/785/701
f 696/790/706 698/785/701 694/788/704
f 694/788/704 698/785/701 700/784/700
f 694/788/704 700/784/700 695/789/705
f 699/782/698 695/789/705 696/790/706
f 699/782/698 696/790/706 702/786/702
f 695/789/705 700/784/700 704/787/703
f 695/789/705 704/787/703 696/790/706
f 712/791/707 708/792/708 710/793/709
f 714/794/710 711/795/711 709/796/712
f 712/791/707 710/793/709 713/797/713
f 714/794/710 715/798/714 711/795/711
f 712/791/707 713/797/713 708/792/708
f 714/794/710 709/796/712 715/798/714
f 708/792/708 705/799/715 706/800/716
f 708/792/708 706/800/716 710/793/709
f 713/797/713 707/801/717 705/799/715
f 713/797/713 705/799/715 708/792/708
f 707/801/717 715/798/714 709/796/712
f 707/801/717 709/796/712 705/799/715
f 705/799/715 709/796/712 711/795/711
f 705/799/715 711/795/711 706/800/716
f 710/793/709 706/800/716 707/801/717
f 710/793/709 707/801/717 713/797/713
f 706/800/716 711/795/711 715/798/714
f 706/800/716 715/798/714 707/801/717
f 723/802/718 719/803/719 721/804/720
f 725/805/721 722/806/722 720/807/723
f 723/802/718 721/804/720 724/808/724
f 725/805/721 726/809/725 722/806/722
f 723/802/718 724/808/724 719/803/719
f 725/805/721 720/807/723 726/809/725
f 719/803/719 716/810/726 717/811/727
f 719/803/719 717/811/727 721/804/720
f 724/808/724 718/812/728 716/810/726
f 724/808/724 716/810/726 719/803/719
f 718/812/728 726/809/725 720/807/723
f 718/812/728 720/807/723 716/810/726
f 716/810/726 720/807/723 722/806/722
f 716/810/726 722/806/722 717/811/727
f 721/804/720 717/811/727 718/812/728
f 721/804/720 718/812/728 724/808/724
f 717/811/727 722/806/722 726/809/725
f 717/811/727 726/809/725 718/812/728
f 734/813/729 730/814/730 732/815/731
f 736/816/732 733/817/733 731/818/734
f 734/813/729 732/815/731 735/819/735
f 736/816/732 737/820/736 733/817/733
f 734/813/729 735/819/735 730/814/730
f 736/816/732 731/818/734 737/820/736
f 730/814/730 727/821/737 728/822/738
f 730/814/730 728/822/738 732/815/731
f 735/819/735 729/823/739 727/821/737
f 735/819/735 727/821/737 730/814/730
f 729/823/739 737/820/736 731/818/734
f 729/823/739 731/818/734 727/821/737
f 727/821/737 731/818/734 733/817/733
f 727/821/737 733/817/733 728/822/738
f 732/815/731 728/822/738 729/823/739
f 732/815/731 729/823/739 735/819/735
f 728/822/738 733/817/733 737/820/736
f 728/822/738 737/820/736 729/823/739
f 745/824/740 741/825/741 743/826/742
f 747/827/743 744/828/744 742/829/745
f 745/824/740 743/826/742 746/830/746
f 747/827/743 748/831/747 744/828/744
f 745/824/740 746/830/746 741/825/741
f 747/827/743 742/829/745 748/831/747
f 741/825/741 738/832/748 739/833/749
f 741/825/741 739/833/749 743/826/742
f 746/830/746 740/834/750 738/832/748
f 746/830/746 738/832/748 741/825/741
f 740/834/750 748/831/747 742/829/745
f 740/834/750 742/829/745 738/832/748
f 738/832/748 742/829/745 744/828/744
f 738/832/748 744/828/744 739/833/749
f 743/826/742 739/833/749 740/834/750
f 743/826/742 740/834/750 746/830/746
f 739/833/749 744/828/744 748/831/747
f 739/833/749 748/831/747 740/834/750
f 756/835/751 752/836/752 754/837/753
f 758/838/754 755/839/755 753/840/756
f 756/835/751 754/837/753 757/841/757
f 758/838/754 759/842/758 755/839/755
f 756/835/751 757/841/757 752/836/752
f 758/838/754 753/840/756 759/842/758
f 752/836/752 749/843/759 750/844/760
f 752/836/752 750/844/760 754/837/753
f 757/841/757 751/845/761 749/843/759
f 757/841/757 749/843/759 752/836/752
f 751/845/761 759/842/758 753/840/756
f 751/845/761 753/840/756 749/843/759
f 749/843/759 753/840/756 755/839/755
f 749/843/759 755/839/755 750/844/760
f 754/837/753 750/844/760 751/845/761
f 754/837/753 751/845/761 757/841/757
f 750/844/760 755/839/755 759/842/758
f 750/844/760 759/842/758 751/845/761
f 767/846/762 763/847/763 765/848/764
f 769/849/765 766/850/766 764/851/767
f 767/846/762 765/848/764 768/852/768
f 769/849/765 770/853/769 766/850/766
f 767/846/762 768/852/768 763/847/763
f 769/849/765 764/851/767 770/853/769
f 763/847/763 760/854/770 761/855/771
f 763/847/763 761/855/771 765/848/764
f 768/852/768 762/856/772 760/854/770
f 768/852/768 760/854/770 763/847/763
f 762/856/772 770/853/769 764/851/767
f 762/856/772 764/851/767 760/854/770
f 760/854/770 764/851/767 766/850/766
f 760/854/770 766/850/766 761/855/771
f 765/848/764 761/855/771 762/856/772
f 765/848/764 762/856/772 768/852/768
f 761/855/771 766/850/766 770/853/769
f 761/855/771 770/853/769 762/856/772
f 639/726/642 646/725/641 645/732/648
f 639/726/642 645/732/648 640/731/647
f 778/857/773 774/858/774 776/859/775
f 780/860/776 777/861/777 775/862/778
f 778/857/773 776/859/775 779/863/779
f 780/860/776 781/864/780 777/861/777
f 778/857/773 779/863/779 774/858/774
f 780/860/776 775/862/778 781/864/780
f 774/858/774 771/865/781 772/866/782
f 774/858/774 772/866/782 776/859/775
f 779/863/779 773/867/783 771/865/781
f 779/863/779 771/865/781 774/858/774
f 773/867/783 781/864/780 775/862/778
f 773/867/783 775/862/778 771/865/781
f 771/865/781 775/862/778 777/861/777
f 771/865/781 777/861/777 772/866/782
f 776/859/775 772/866/782 773/867/783
f 776/859/775 773/867/783 779/863/779
f 772/866/782 777/861/777 781/864/780
f 772/866/782 781/864/780 773/867/783
f 784/736/652 785/735/651 782/868/784
f 784/736/652 782/868/784 783/869/785
f 649/746/662 650/745/661 783/869/785
f 649/746/662 783/869/785 782/868/784
f 652/734/650 649/746/662 782/868/784
f 652/734/650 782/868/784 785/735/651
f 650/745/661 651/733/649 784/736/652
f 650/745/661 784/736/652 783/869/785
