# Blender 4.5.5 LTS
# www.blender.org
o GLF
v -0.013189 0.084953 -0.124724
v -0.007390 0.081078 -0.148560
v -0.010269 0.075704 -0.126676
v -0.007037 0.074975 -0.146765
v -0.000000 0.071536 -0.127523
v -0.000000 0.069865 -0.146410
v -0.000000 0.100251 -0.127371
v -0.000000 0.088556 -0.148830
v -0.010269 0.093708 -0.128682
v -0.007037 0.085023 -0.148809
v -0.010082 0.093835 -0.138864
v -0.009558 0.071989 -0.136584
v -0.000000 0.067230 -0.136371
v -0.000000 0.094569 -0.144750
v -0.009904 0.094318 -0.139541
v -0.002411 0.081889 -0.172214
v -0.002498 0.084096 -0.172083
v -0.000000 0.076816 -0.172751
v -0.002399 0.086781 -0.171796
v -0.000000 0.091016 -0.170538
v -0.000000 0.089562 -0.160554
v -0.007463 0.082638 -0.160238
v -0.007183 0.077914 -0.160018
v -0.007183 0.087211 -0.160867
v -0.000000 0.073069 -0.159756
v -0.013189 0.084953 -0.124724
v -0.010269 0.075704 -0.126676
v -0.000000 0.071536 -0.127523
v -0.000000 0.100251 -0.127371
v -0.010269 0.093708 -0.128682
v -0.013189 0.084953 -0.124724
v -0.010269 0.075704 -0.126676
v -0.000000 0.071536 -0.127523
v -0.000000 0.100251 -0.127371
v -0.010269 0.093708 -0.128682
v -0.016891 0.085516 -0.117361
v -0.000000 0.066662 -0.110220
v -0.000000 0.107299 -0.115784
v -0.011181 0.097810 -0.115535
v -0.018899 0.084632 -0.095765
v -0.000000 0.058705 -0.096163
v -0.000000 0.110426 -0.093663
v -0.012617 0.105157 -0.096348
v -0.022902 0.063856 -0.069575
v -0.000000 0.047330 -0.074700
v -0.000000 0.083265 -0.063405
v -0.015159 0.075836 -0.066733
v -0.028216 0.048171 -0.037343
v -0.018437 0.033432 -0.042748
v -0.000000 0.026858 -0.045851
v -0.000000 0.073085 -0.033196
v -0.018437 0.062420 -0.035047
v -0.028793 0.023982 0.020039
v -0.019938 0.012251 0.015687
v 0.000000 0.007222 0.012757
v 0.000000 0.049032 0.025384
v -0.019938 0.043014 0.024518
v -0.023510 0.021966 0.059838
v -0.018224 0.012566 0.058433
v 0.000000 0.010026 0.058153
v 0.000000 0.036129 0.060006
v -0.018224 0.032320 0.060407
v -0.012011 0.024585 0.076047
v -0.011267 0.020196 0.082428
v 0.000000 0.020061 0.082531
v 0.000000 0.028370 0.085954
v -0.011267 0.027475 0.086061
v -0.019081 0.037211 0.044124
v 0.000000 0.040950 0.045084
v -0.019081 0.011887 0.040690
v -0.026151 0.020731 0.041814
v 0.000000 0.006288 0.039293
v -0.013147 0.030587 0.075244
v 0.000000 0.033419 0.074816
v -0.015196 0.024622 0.075113
v 0.000000 0.014265 0.073175
v -0.013147 0.016755 0.073403
v -0.019188 0.050359 0.000597
v 0.000000 0.060045 0.001073
v -0.019188 0.019772 -0.008126
v -0.028504 0.033030 -0.002264
v -0.000000 0.013731 -0.014538
v -0.000000 0.077243 -0.048812
v -0.025559 0.054157 -0.054577
v -0.016798 0.068467 -0.051464
v -0.000000 0.035694 -0.059104
v -0.013888 0.095737 -0.083637
v -0.000000 0.053339 -0.085431
v -0.000000 0.101764 -0.076673
v -0.020900 0.079010 -0.083140
v -0.009810 0.073608 -0.130905
v -0.000000 0.069413 -0.131804
v -0.000000 0.102392 -0.130919
v -0.010017 0.095841 -0.137488
v -0.010156 0.095043 -0.137321
v -0.013189 0.084953 -0.124724
v -0.013189 0.084953 -0.124724
v -0.013189 0.084953 -0.124724
v -0.011181 0.077016 -0.112217
v -0.012617 0.067280 -0.093833
v -0.013888 0.061531 -0.084207
v -0.015159 0.052682 -0.072549
v -0.016798 0.041749 -0.056670
v -0.012649 0.083847 -0.131145
v -0.010775 0.081099 -0.145396
v -0.008972 0.091886 -0.144309
v -0.010079 0.099656 -0.131880
v -0.006293 0.080613 -0.172622
v -0.006442 0.084113 -0.172320
v -0.006293 0.088281 -0.171824
v -0.000560 0.080810 -0.172441
v -0.000000 0.082724 -0.179669
v -0.000574 0.087559 -0.171253
v -0.000000 0.088362 -0.178676
v -0.001517 0.083573 -0.179725
v -0.001589 0.085487 -0.179756
v -0.001507 0.087114 -0.179780
v -0.012456 0.113506 -0.154393
v -0.012382 0.112214 -0.155587
v -0.012204 0.112605 -0.156321
v -0.012317 0.114565 -0.154404
v -0.014005 0.132678 -0.182033
v -0.013963 0.132030 -0.182793
v -0.013862 0.132300 -0.183181
v -0.013926 0.133276 -0.181969
v -0.015344 0.147288 -0.194770
v -0.015323 0.146970 -0.195142
v -0.015274 0.147102 -0.195333
v -0.015305 0.147582 -0.194738
v -0.008325 0.071489 -0.127495
v -0.009232 0.066625 -0.110358
v -0.003116 0.068747 -0.125625
v -0.003110 0.061263 -0.109301
v -0.014874 0.050563 -0.077707
v -0.014479 0.052627 -0.081041
v -0.009318 0.051396 -0.081230
v -0.009327 0.049161 -0.078036
v -0.009442 0.049433 -0.078392
v -0.015141 0.050041 -0.078438
v -0.008952 0.039903 -0.068874
v -0.008126 0.041272 -0.075373
v -0.005388 0.036411 -0.076420
v -0.005965 0.034439 -0.070056
v 0.013189 0.084953 -0.124724
v 0.007390 0.081078 -0.148560
v 0.010269 0.075704 -0.126676
v 0.007037 0.074975 -0.146765
v 0.010269 0.093708 -0.128682
v 0.007037 0.085023 -0.148809
v 0.010082 0.093835 -0.138864
v 0.009558 0.071989 -0.136584
v 0.009904 0.094318 -0.139541
v 0.002411 0.081889 -0.172214
v 0.002498 0.084096 -0.172083
v 0.002399 0.086781 -0.171796
v 0.007463 0.082638 -0.160238
v 0.007183 0.077914 -0.160018
v 0.007183 0.087211 -0.160867
v 0.013189 0.084953 -0.124724
v 0.010269 0.075704 -0.126676
v 0.010269 0.093708 -0.128682
v 0.013189 0.084953 -0.124724
v 0.010269 0.075704 -0.126676
v 0.010269 0.093708 -0.128682
v 0.016891 0.085516 -0.117361
v 0.011181 0.097810 -0.115535
v 0.018899 0.084632 -0.095765
v 0.012617 0.105157 -0.096348
v 0.022902 0.063856 -0.069575
v 0.015159 0.075836 -0.066733
v 0.028216 0.048171 -0.037343
v 0.018437 0.033432 -0.042748
v 0.018437 0.062420 -0.035047
v 0.028793 0.023982 0.020039
v 0.019938 0.012251 0.015687
v 0.019938 0.043014 0.024518
v 0.023510 0.021966 0.059838
v 0.018224 0.012566 0.058433
v 0.018224 0.032320 0.060407
v 0.012011 0.024585 0.076047
v 0.011267 0.020196 0.082428
v 0.011267 0.027475 0.086061
v 0.019081 0.037211 0.044124
v 0.019081 0.011887 0.040690
v 0.026151 0.020731 0.041814
v 0.013147 0.030587 0.075244
v 0.015196 0.024622 0.075113
v 0.013147 0.016755 0.073403
v 0.019188 0.050359 0.000597
v 0.019188 0.019772 -0.008126
v 0.028504 0.033030 -0.002264
v 0.025559 0.054157 -0.054577
v 0.016798 0.068467 -0.051464
v 0.013888 0.095737 -0.083637
v 0.020900 0.079010 -0.083140
v 0.009810 0.073608 -0.130905
v 0.010017 0.095841 -0.137488
v 0.010156 0.095043 -0.137321
v 0.013189 0.084953 -0.124724
v 0.013189 0.084953 -0.124724
v 0.013189 0.084953 -0.124724
v 0.011181 0.077016 -0.112217
v 0.012617 0.067280 -0.093833
v 0.013888 0.061531 -0.084207
v 0.015159 0.052682 -0.072549
v 0.016798 0.041749 -0.056670
v 0.012649 0.083847 -0.131145
v 0.010775 0.081099 -0.145396
v 0.008972 0.091886 -0.144309
v 0.010079 0.099656 -0.131880
v 0.006293 0.080613 -0.172622
v 0.006442 0.084113 -0.172320
v 0.006293 0.088281 -0.171824
v 0.000560 0.080810 -0.172441
v 0.000574 0.087559 -0.171253
v 0.001517 0.083573 -0.179725
v 0.001589 0.085487 -0.179756
v 0.001507 0.087114 -0.179780
v 0.012456 0.113506 -0.154393
v 0.012382 0.112214 -0.155587
v 0.012204 0.112605 -0.156321
v 0.012317 0.114565 -0.154404
v 0.014005 0.132678 -0.182033
v 0.013963 0.132030 -0.182793
v 0.013862 0.132300 -0.183181
v 0.013926 0.133276 -0.181969
v 0.015344 0.147288 -0.194770
v 0.015323 0.146970 -0.195142
v 0.015274 0.147102 -0.195333
v 0.015305 0.147582 -0.194738
v 0.008325 0.071489 -0.127495
v 0.009232 0.066625 -0.110358
v 0.003116 0.068747 -0.125625
v 0.003110 0.061263 -0.109301
v 0.014874 0.050563 -0.077707
v 0.014479 0.052627 -0.081041
v 0.009318 0.051396 -0.081230
v 0.009327 0.049161 -0.078036
v 0.009442 0.049433 -0.078392
v 0.015141 0.050041 -0.078438
v 0.008952 0.039903 -0.068874
v 0.008126 0.041272 -0.075373
v 0.005388 0.036411 -0.076420
v 0.005965 0.034439 -0.070056
v 0.013946 0.036007 -0.074161
v 0.014667 0.034703 -0.068699
v 0.013490 0.040685 -0.073161
v 0.014090 0.039919 -0.067579
v 0.017875 0.037085 -0.074439
v 0.018768 0.035868 -0.068982
v 0.014416 0.040237 -0.073346
v 0.014858 0.039339 -0.067769
v 0.027988 0.045798 -0.072836
v 0.028882 0.045081 -0.065747
v 0.021921 0.045533 -0.072316
v 0.022110 0.044700 -0.065181
v 0.030126 0.066193 -0.063882
v 0.031115 0.059314 -0.059804
v 0.026189 0.065798 -0.063431
v 0.026720 0.058824 -0.059327
v -0.015155 0.078637 -0.139433
v -0.010829 0.074802 -0.141729
v -0.007523 0.073593 -0.142070
v -0.014968 0.080646 -0.141055
v -0.012728 0.079448 -0.145709
v -0.009323 0.079302 -0.146908
v -0.015357 0.083158 -0.140561
v -0.012338 0.085910 -0.144804
v -0.009139 0.087094 -0.145743
v -0.016094 0.084700 -0.138241
v -0.012839 0.090580 -0.139381
v -0.010029 0.092580 -0.139091
v -0.016747 0.084371 -0.135454
v -0.014271 0.088977 -0.132175
v -0.011807 0.090802 -0.130410
v -0.016933 0.082362 -0.133832
v -0.015438 0.083835 -0.128497
v -0.013073 0.084597 -0.125874
v -0.016544 0.079850 -0.134326
v -0.012661 0.077825 -0.129191
v -0.010090 0.077258 -0.126829
v -0.015808 0.078307 -0.136645
v -0.012403 0.074218 -0.135450
v -0.009442 0.072834 -0.134316
v 0.015155 0.078637 -0.139433
v 0.010829 0.074802 -0.141729
v 0.007523 0.073593 -0.142070
v 0.014968 0.080646 -0.141055
v 0.012728 0.079448 -0.145709
v 0.009323 0.079302 -0.146908
v 0.015357 0.083158 -0.140561
v 0.012338 0.085910 -0.144804
v 0.009139 0.087094 -0.145743
v 0.016094 0.084700 -0.138241
v 0.012839 0.090580 -0.139381
v 0.010029 0.092580 -0.139091
v 0.016746 0.084371 -0.135454
v 0.014271 0.088977 -0.132175
v 0.011807 0.090802 -0.130410
v 0.016933 0.082362 -0.133832
v 0.015438 0.083835 -0.128497
v 0.013073 0.084597 -0.125874
v 0.016544 0.079850 -0.134326
v 0.012661 0.077825 -0.129191
v 0.010090 0.077258 -0.126829
v 0.015808 0.078307 -0.136645
v 0.012403 0.074218 -0.135450
v 0.009442 0.072834 -0.134316
v -0.057967 0.139235 0.081402
v -0.018314 0.093061 -0.091828
v -0.094199 0.266311 0.096604
v -0.012853 0.087912 -0.104918
v -0.031323 0.099100 0.027658
v -0.095504 0.266942 0.049037
v -0.023330 0.095115 -0.020011
v -0.072669 0.232982 0.002032
v -0.044175 0.117674 0.062020
v -0.099233 0.271388 0.086774
v -0.018628 0.090892 -0.063087
v -0.038271 0.153746 -0.064762
v -0.018314 0.090466 -0.088664
v -0.012905 0.109977 -0.093980
v -0.018314 0.090339 -0.083506
v -0.018480 0.130882 -0.080657
v -0.021206 0.090482 -0.098384
v -0.076114 0.195659 0.102106
v -0.063468 0.183164 0.038366
v -0.048041 0.164166 -0.008971
v -0.071751 0.194662 0.074418
v -0.028466 0.122373 -0.063926
v -0.021232 0.100238 -0.091326
v -0.018397 0.110645 -0.082079
v -0.053087 0.141549 0.073863
v -0.013670 0.095645 -0.083332
v -0.016826 0.041420 0.051941
v -0.017713 0.078947 -0.083070
v -0.052016 0.144409 0.030859
v -0.017578 0.033342 0.022270
v -0.039399 0.120339 -0.050649
v -0.022364 0.066589 -0.076206
v -0.018707 0.039257 -0.008891
v -0.046366 0.132374 -0.009895
v -0.033131 0.103173 0.091222
v -0.015152 0.089528 -0.083236
v -0.037011 0.097700 0.027712
v -0.029933 0.097074 -0.059824
v -0.036547 0.098260 -0.009527
v -0.016451 0.084163 -0.083152
v -0.029953 0.065587 0.025329
v -0.024552 0.079615 -0.066907
v -0.032221 0.068340 -0.009769
v -0.022487 0.069120 0.075527
v -0.047341 0.127251 0.087056
v -0.014411 0.092587 -0.083284
v -0.047844 0.121055 0.029286
v -0.035972 0.112092 -0.055425
v -0.043677 0.115317 -0.009711
v 0.057967 0.139235 0.081402
v 0.018314 0.093061 -0.091828
v 0.094199 0.266311 0.096604
v 0.012853 0.087912 -0.104918
v 0.031323 0.099100 0.027658
v 0.095504 0.266942 0.049037
v 0.023330 0.095115 -0.020011
v 0.072669 0.232982 0.002032
v 0.044175 0.117674 0.062020
v 0.099233 0.271388 0.086774
v 0.018628 0.090892 -0.063087
v 0.038271 0.153746 -0.064762
v 0.018314 0.090466 -0.088664
v 0.012905 0.109977 -0.093980
v 0.018314 0.090339 -0.083506
v 0.018480 0.130882 -0.080657
v 0.021206 0.090482 -0.098384
v 0.076114 0.195659 0.102106
v 0.063468 0.183164 0.038366
v 0.048041 0.164166 -0.008971
v 0.071751 0.194662 0.074418
v 0.028466 0.122373 -0.063926
v 0.021232 0.100238 -0.091326
v 0.018397 0.110645 -0.082079
v 0.053087 0.141549 0.073863
v 0.013670 0.095645 -0.083332
v 0.016826 0.041420 0.051941
v 0.017713 0.078947 -0.083070
v 0.052016 0.144409 0.030859
v 0.017578 0.033342 0.022270
v 0.039399 0.120339 -0.050649
v 0.022364 0.066589 -0.076206
v 0.018707 0.039257 -0.008891
v 0.046366 0.132374 -0.009895
v 0.033131 0.103173 0.091222
v 0.015152 0.089528 -0.083236
v 0.037011 0.097700 0.027712
v 0.029933 0.097074 -0.059824
v 0.036547 0.098260 -0.009527
v 0.016451 0.084163 -0.083152
v 0.029953 0.065587 0.025329
v 0.024552 0.079615 -0.066907
v 0.032221 0.068340 -0.009769
v 0.022487 0.069120 0.075527
v 0.047341 0.127251 0.087056
v 0.014411 0.092587 -0.083284
v 0.047844 0.121055 0.029286
v 0.035972 0.112092 -0.055425
v 0.043677 0.115317 -0.009711
v -0.000000 0.071536 -0.127523
v -0.000000 0.066662 -0.110220
v -0.008325 0.071489 -0.127495
v -0.009232 0.066625 -0.110358
v -0.003116 0.068747 -0.125625
v -0.003622 0.063701 -0.121826
v -0.003110 0.061263 -0.109301
v -0.003615 0.060606 -0.109404
v -0.008830 0.068798 -0.125875
v -0.009737 0.062830 -0.109115
v -0.005851 0.051305 -0.110308
v -0.005845 0.051578 -0.101711
v -0.010274 0.053004 -0.110135
v -0.011044 0.053467 -0.101465
v -0.008405 0.046788 -0.101180
v -0.008401 0.044558 -0.097388
v -0.013361 0.048047 -0.100531
v -0.012714 0.045942 -0.096625
v -0.008230 0.045679 -0.099587
v -0.011350 0.041817 -0.099851
v -0.014273 0.047822 -0.101325
v -0.015799 0.043337 -0.100685
v -0.009302 0.049118 -0.103904
v -0.009348 0.042221 -0.105659
v -0.015250 0.049407 -0.103942
v -0.016290 0.045419 -0.104927
v -0.009085 0.052771 -0.112113
v -0.009128 0.047802 -0.115386
v -0.014639 0.053041 -0.112149
v -0.015611 0.050400 -0.113743
v -0.009924 0.055839 -0.118931
v -0.009947 0.052329 -0.123093
v -0.012949 0.055987 -0.118951
v -0.013478 0.052519 -0.123184
v -0.010327 0.057332 -0.122772
v -0.010341 0.055697 -0.122790
v -0.012207 0.057346 -0.122864
v -0.012536 0.055676 -0.122919
v -0.009424 0.055881 -0.125877
v -0.009450 0.052544 -0.123253
v -0.012732 0.055753 -0.125977
v -0.013311 0.052327 -0.123332
v -0.008691 0.043700 -0.131946
v -0.008723 0.043021 -0.125343
v -0.012797 0.043541 -0.132070
v -0.013515 0.042753 -0.125441
v -0.007687 0.030986 -0.137548
v -0.007724 0.029943 -0.132821
v -0.012525 0.030799 -0.137694
v -0.013372 0.029626 -0.132936
v -0.008917 0.030850 -0.137386
v -0.008939 0.029872 -0.133135
v -0.011483 0.030771 -0.137462
v -0.011948 0.029683 -0.133197
v -0.007687 0.030986 -0.137548
v -0.007724 0.029943 -0.132821
v -0.012525 0.030799 -0.137694
v -0.013372 0.029626 -0.132936
v -0.008491 0.012595 -0.149453
v -0.008505 0.010228 -0.146818
v -0.010053 0.012589 -0.149514
v -0.010342 0.010149 -0.146921
v -0.008246 0.012752 -0.149631
v -0.008263 0.010180 -0.146715
v -0.010261 0.012736 -0.149715
v -0.010626 0.010087 -0.146840
v -0.008071 0.003908 -0.160938
v -0.008083 0.001674 -0.158248
v -0.009452 0.003883 -0.160983
v -0.009711 0.001568 -0.158301
v -0.007973 0.003934 -0.161029
v -0.007987 0.001655 -0.158150
v -0.009535 0.003902 -0.161081
v -0.009824 0.001541 -0.158209
v -0.008209 -0.000238 -0.164573
v -0.008214 -0.000526 -0.163995
v -0.008744 -0.000243 -0.164592
v -0.008845 -0.000560 -0.164025
v 0.008325 0.071489 -0.127495
v 0.009232 0.066625 -0.110358
v 0.003116 0.068747 -0.125625
v 0.003622 0.063701 -0.121826
v 0.003110 0.061263 -0.109301
v 0.003615 0.060606 -0.109404
v 0.008830 0.068798 -0.125875
v 0.009737 0.062830 -0.109115
v 0.005851 0.051305 -0.110308
v 0.005845 0.051578 -0.101711
v 0.010274 0.053004 -0.110135
v 0.011044 0.053467 -0.101465
v 0.008405 0.046788 -0.101180
v 0.008401 0.044558 -0.097388
v 0.013361 0.048047 -0.100531
v 0.012714 0.045942 -0.096625
v 0.008230 0.045679 -0.099587
v 0.011350 0.041817 -0.099851
v 0.014273 0.047822 -0.101325
v 0.015799 0.043337 -0.100685
v 0.009302 0.049118 -0.103904
v 0.009348 0.042221 -0.105659
v 0.015250 0.049407 -0.103942
v 0.016290 0.045419 -0.104927
v 0.009085 0.052771 -0.112113
v 0.009128 0.047802 -0.115386
v 0.014639 0.053041 -0.112149
v 0.015611 0.050400 -0.113743
v 0.009924 0.055839 -0.118931
v 0.009947 0.052329 -0.123093
v 0.012949 0.055987 -0.118951
v 0.013478 0.052519 -0.123184
v 0.010327 0.057332 -0.122772
v 0.010341 0.055697 -0.122790
v 0.012207 0.057346 -0.122864
v 0.012536 0.055676 -0.122919
v 0.009424 0.055881 -0.125877
v 0.009450 0.052544 -0.123253
v 0.012732 0.055753 -0.125977
v 0.013311 0.052327 -0.123332
v 0.008691 0.043700 -0.131946
v 0.008723 0.043021 -0.125343
v 0.012797 0.043541 -0.132070
v 0.013515 0.042753 -0.125441
v 0.007687 0.030986 -0.137548
v 0.007724 0.029943 -0.132821
v 0.012525 0.030799 -0.137694
v 0.013372 0.029626 -0.132936
v 0.008917 0.030850 -0.137386
v 0.008939 0.029872 -0.133135
v 0.011483 0.030771 -0.137462
v 0.011948 0.029683 -0.133197
v 0.007687 0.030986 -0.137548
v 0.007724 0.029943 -0.132821
v 0.012525 0.030799 -0.137694
v 0.013372 0.029626 -0.132936
v 0.008491 0.012595 -0.149453
v 0.008505 0.010228 -0.146818
v 0.010053 0.012589 -0.149514
v 0.010342 0.010149 -0.146921
v 0.008246 0.012752 -0.149631
v 0.008263 0.010180 -0.146715
v 0.010261 0.012736 -0.149715
v 0.010626 0.010087 -0.146840
v 0.008071 0.003908 -0.160938
v 0.008083 0.001674 -0.158248
v 0.009452 0.003883 -0.160983
v 0.009711 0.001568 -0.158301
v 0.007973 0.003934 -0.161029
v 0.007987 0.001655 -0.158150
v 0.009535 0.003902 -0.161081
v 0.009824 0.001541 -0.158209
v 0.008209 -0.000238 -0.164573
v 0.008214 -0.000526 -0.163995
v 0.008744 -0.000243 -0.164592
v 0.008845 -0.000560 -0.164025
v -0.014874 0.050563 -0.077707
v -0.014479 0.052627 -0.081041
v -0.009318 0.051396 -0.081230
v -0.009327 0.049161 -0.078036
v -0.009776 0.049356 -0.082276
v -0.009442 0.049433 -0.078392
v -0.015141 0.050041 -0.078438
v -0.015066 0.049794 -0.082371
v -0.011236 0.044195 -0.081824
v -0.010852 0.044282 -0.077366
v -0.017392 0.044980 -0.077419
v -0.017306 0.044697 -0.081932
v -0.012377 0.039676 -0.079276
v -0.012068 0.037540 -0.076400
v -0.017325 0.038009 -0.076090
v -0.017255 0.040049 -0.079099
v -0.012731 0.040153 -0.079041
v -0.012438 0.036819 -0.079744
v -0.017437 0.036738 -0.079216
v -0.017371 0.040147 -0.078648
v -0.012731 0.040153 -0.079041
v -0.012438 0.036819 -0.079744
v -0.017437 0.036738 -0.079216
v -0.017371 0.040147 -0.078648
v -0.012791 0.043877 -0.082336
v -0.013024 0.040651 -0.084389
v -0.018579 0.041171 -0.083620
v -0.017935 0.044470 -0.081697
v -0.012791 0.043877 -0.082336
v -0.013024 0.040651 -0.084389
v -0.018579 0.041171 -0.083620
v -0.017935 0.044470 -0.081697
v -0.012598 0.048849 -0.086973
v -0.012883 0.045385 -0.090132
v -0.019693 0.045851 -0.089093
v -0.018904 0.049431 -0.086076
v -0.013113 0.055812 -0.092786
v -0.013398 0.052348 -0.095946
v -0.020209 0.052814 -0.094907
v -0.019419 0.056394 -0.091890
v -0.014653 0.062439 -0.098580
v -0.014852 0.060021 -0.100785
v -0.019605 0.060346 -0.100060
v -0.019054 0.062845 -0.097954
v -0.016841 0.071464 -0.105183
v -0.016817 0.071028 -0.106744
v -0.018197 0.069219 -0.106035
v -0.018160 0.069825 -0.104514
v -0.018425 0.072433 -0.105508
v -0.018702 0.072035 -0.107054
v -0.018816 0.069802 -0.106231
v -0.018577 0.070379 -0.104716
v -0.018425 0.072433 -0.105508
v -0.018702 0.072035 -0.107054
v -0.018816 0.069802 -0.106231
v -0.018577 0.070379 -0.104716
v -0.019887 0.073187 -0.103646
v -0.021261 0.073506 -0.104385
v -0.020354 0.070661 -0.107107
v -0.019070 0.071212 -0.106250
v -0.022617 0.069650 -0.100364
v -0.024284 0.069116 -0.101260
v -0.022704 0.065092 -0.103452
v -0.021147 0.065760 -0.102413
v -0.022617 0.069650 -0.100364
v -0.024284 0.069116 -0.101260
v -0.022704 0.065092 -0.103452
v -0.021147 0.065760 -0.102413
v -0.027480 0.053404 -0.088624
v -0.030201 0.052534 -0.090088
v -0.027621 0.048229 -0.092486
v -0.025080 0.049320 -0.090790
v -0.035745 0.032311 -0.074788
v -0.037062 0.032196 -0.075591
v -0.035499 0.030684 -0.077433
v -0.034276 0.030813 -0.076458
v -0.035541 0.031931 -0.073632
v -0.038036 0.031749 -0.075183
v -0.035670 0.029431 -0.077969
v -0.033339 0.029711 -0.076140
v -0.043196 0.004029 -0.063413
v -0.044340 0.004155 -0.064091
v -0.042561 0.003315 -0.066661
v -0.041507 0.003088 -0.065826
v -0.043051 0.004097 -0.062766
v -0.045029 0.004367 -0.063955
v -0.042682 0.003234 -0.067352
v -0.040844 0.002891 -0.065914
v -0.047066 -0.012322 -0.059340
v -0.047776 -0.012126 -0.059706
v -0.046293 -0.011994 -0.061950
v -0.045647 -0.012338 -0.061523
v -0.046991 -0.012410 -0.059013
v -0.048135 -0.012048 -0.059600
v -0.046356 -0.011904 -0.062301
v -0.045302 -0.012417 -0.061603
v -0.050016 -0.018247 -0.059912
v -0.050349 -0.018167 -0.060090
v -0.049653 -0.018178 -0.061144
v -0.049350 -0.018325 -0.060933
v 0.014874 0.050563 -0.077707
v 0.014479 0.052627 -0.081041
v 0.009318 0.051396 -0.081230
v 0.009327 0.049161 -0.078036
v 0.009776 0.049356 -0.082276
v 0.009442 0.049433 -0.078392
v 0.015141 0.050041 -0.078438
v 0.015066 0.049794 -0.082371
v 0.011236 0.044195 -0.081824
v 0.010852 0.044282 -0.077366
v 0.017392 0.044980 -0.077419
v 0.017306 0.044697 -0.081932
v 0.012377 0.039676 -0.079276
v 0.012068 0.037540 -0.076400
v 0.017325 0.038009 -0.076090
v 0.017255 0.040049 -0.079099
v 0.012731 0.040153 -0.079041
v 0.012438 0.036819 -0.079744
v 0.017437 0.036738 -0.079216
v 0.017371 0.040147 -0.078648
v 0.012731 0.040153 -0.079041
v 0.012438 0.036819 -0.079744
v 0.017437 0.036738 -0.079216
v 0.017371 0.040147 -0.078648
v 0.012791 0.043877 -0.082336
v 0.013024 0.040651 -0.084389
v 0.018579 0.041171 -0.083620
v 0.017935 0.044470 -0.081697
v 0.012791 0.043877 -0.082336
v 0.013024 0.040651 -0.084389
v 0.018579 0.041171 -0.083620
v 0.017935 0.044470 -0.081697
v 0.012598 0.048849 -0.086973
v 0.012883 0.045385 -0.090132
v 0.019693 0.045851 -0.089093
v 0.018904 0.049431 -0.086076
v 0.013113 0.055812 -0.092786
v 0.013398 0.052348 -0.095946
v 0.020209 0.052814 -0.094907
v 0.019419 0.056394 -0.091890
v 0.014653 0.062439 -0.098580
v 0.014852 0.060021 -0.100785
v 0.019605 0.060346 -0.100060
v 0.019054 0.062845 -0.097954
v 0.016841 0.071464 -0.105183
v 0.016817 0.071028 -0.106744
v 0.018197 0.069219 -0.106035
v 0.018160 0.069825 -0.104514
v 0.018425 0.072433 -0.105508
v 0.018702 0.072035 -0.107054
v 0.018816 0.069802 -0.106231
v 0.018577 0.070379 -0.104716
v 0.018425 0.072433 -0.105508
v 0.018702 0.072035 -0.107054
v 0.018816 0.069802 -0.106231
v 0.018577 0.070379 -0.104716
v 0.019887 0.073187 -0.103646
v 0.021261 0.073506 -0.104385
v 0.020354 0.070661 -0.107107
v 0.019070 0.071212 -0.106250
v 0.022617 0.069650 -0.100364
v 0.024284 0.069116 -0.101260
v 0.022704 0.065092 -0.103452
v 0.021147 0.065760 -0.102413
v 0.022617 0.069650 -0.100364
v 0.024284 0.069116 -0.101260
v 0.022704 0.065092 -0.103452
v 0.021147 0.065760 -0.102413
v 0.027480 0.053404 -0.088624
v 0.030201 0.052534 -0.090088
v 0.027621 0.048229 -0.092486
v 0.025080 0.049320 -0.090790
v 0.035745 0.032311 -0.074788
v 0.037062 0.032196 -0.075591
v 0.035499 0.030684 -0.077433
v 0.034276 0.030813 -0.076458
v 0.035541 0.031931 -0.073632
v 0.038036 0.031749 -0.075183
v 0.035670 0.029431 -0.077969
v 0.033339 0.029711 -0.076140
v 0.043196 0.004029 -0.063413
v 0.044340 0.004155 -0.064091
v 0.042561 0.003315 -0.066661
v 0.041507 0.003088 -0.065826
v 0.043051 0.004097 -0.062766
v 0.045029 0.004367 -0.063955
v 0.042682 0.003234 -0.067352
v 0.040844 0.002891 -0.065914
v 0.047066 -0.012322 -0.059340
v 0.047776 -0.012126 -0.059706
v 0.046293 -0.011994 -0.061950
v 0.045647 -0.012338 -0.061523
v 0.046991 -0.012410 -0.059013
v 0.048135 -0.012048 -0.059600
v 0.046356 -0.011904 -0.062301
v 0.045302 -0.012417 -0.061603
v 0.050016 -0.018247 -0.059912
v 0.050349 -0.018167 -0.060090
v 0.049653 -0.018178 -0.061144
v 0.049350 -0.018325 -0.060933
v -0.008952 0.039903 -0.068874
v -0.008126 0.041272 -0.075373
v -0.005388 0.036411 -0.076420
v -0.005965 0.034439 -0.070056
v -0.013946 0.036007 -0.074161
v -0.014667 0.034703 -0.068699
v -0.013490 0.040685 -0.073161
v -0.014090 0.039919 -0.067579
v -0.017875 0.037085 -0.074439
v -0.018768 0.035868 -0.068982
v -0.014416 0.040237 -0.073346
v -0.014858 0.039339 -0.067769
v -0.027988 0.045798 -0.072836
v -0.028882 0.045081 -0.065747
v -0.021921 0.045533 -0.072316
v -0.022110 0.044700 -0.065181
v -0.030126 0.066193 -0.063882
v -0.031115 0.059314 -0.059804
v -0.026189 0.065798 -0.063431
v -0.026720 0.058824 -0.059327
v -0.030126 0.068370 -0.057920
v -0.030924 0.058972 -0.058651
v -0.026471 0.067937 -0.057897
v -0.026842 0.058495 -0.058677
v -0.031143 0.061815 -0.053650
v -0.031723 0.055084 -0.055839
v -0.027930 0.061528 -0.053745
v -0.028134 0.054790 -0.055982
v -0.031822 0.048769 -0.044849
v -0.032585 0.043267 -0.048419
v -0.026678 0.048309 -0.045001
v -0.026838 0.042795 -0.048649
v -0.032488 0.015925 -0.023238
v -0.033087 0.012247 -0.027037
v -0.027986 0.015615 -0.023425
v -0.028059 0.011950 -0.027287
v -0.032118 -0.006420 -0.000388
v -0.032537 -0.009168 -0.002422
v -0.029287 -0.006657 -0.000481
v -0.029365 -0.009402 -0.002565
v -0.032468 -0.006071 -0.000134
v -0.032984 -0.009455 -0.002645
v -0.028879 -0.006368 -0.000257
v -0.028975 -0.009754 -0.002821
v -0.031605 -0.019739 0.020727
v -0.031780 -0.020918 0.020404
v -0.030592 -0.019849 0.020718
v -0.030645 -0.021036 0.020377
v 0.030126 0.066193 -0.063882
v 0.031115 0.059314 -0.059804
v 0.026189 0.065798 -0.063431
v 0.026720 0.058824 -0.059327
v 0.030126 0.068370 -0.057920
v 0.030924 0.058972 -0.058651
v 0.026471 0.067937 -0.057897
v 0.026842 0.058495 -0.058677
v 0.031143 0.061815 -0.053650
v 0.031723 0.055084 -0.055839
v 0.027930 0.061528 -0.053745
v 0.028134 0.054790 -0.055982
v 0.031822 0.048769 -0.044849
v 0.032585 0.043267 -0.048419
v 0.026678 0.048309 -0.045001
v 0.026838 0.042795 -0.048649
v 0.032488 0.015925 -0.023238
v 0.033087 0.012247 -0.027037
v 0.027986 0.015615 -0.023425
v 0.028059 0.011950 -0.027287
v 0.032118 -0.006420 -0.000388
v 0.032537 -0.009168 -0.002422
v 0.029287 -0.006657 -0.000481
v 0.029365 -0.009402 -0.002565
v 0.032468 -0.006071 -0.000134
v 0.032984 -0.009455 -0.002645
v 0.028879 -0.006368 -0.000257
v 0.028975 -0.009754 -0.002821
v 0.031605 -0.019739 0.020727
v 0.031780 -0.020918 0.020404
v 0.030592 -0.019849 0.020718
v 0.030645 -0.021036 0.020377
vn -0.6131 0.7899 0.0116
vn -0.9579 -0.0542 -0.2818
vn -0.8571 0.4875 0.1665
vn -0.7484 -0.5988 -0.2851
vn -0.0000 0.0332 0.9994
vn -0.0000 -0.9587 -0.2845
vn -0.0000 0.9028 0.4302
vn -0.0000 0.8698 -0.4934
vn -0.5736 0.8027 0.1632
vn -0.7801 0.4492 -0.4355
vn -0.9861 0.0489 -0.1588
vn -0.7474 -0.6621 -0.0544
vn -0.0000 -1.0000 0.0077
vn -0.0000 0.7293 -0.6842
vn -0.7434 0.1794 -0.6443
vn -0.3791 -0.1702 -0.9096
vn -0.6358 0.0685 -0.7688
vn -0.0000 -0.6682 -0.7440
vn -0.3825 0.4302 -0.8177
vn -0.0000 0.8887 -0.4586
vn -0.0000 0.9928 0.1195
vn -0.9994 0.0052 -0.0341
vn -0.8653 -0.4828 -0.1350
vn -0.8110 0.5834 0.0443
vn -0.0000 -0.9706 -0.2409
vn -0.0000 1.0000 -0.0000
vn -0.7547 0.6304 -0.1818
vn -0.9415 0.1292 -0.3113
vn -0.0000 0.0615 -0.9981
vn -0.0000 0.9743 -0.2251
vn -0.3941 0.9027 -0.1730
vn -0.9778 -0.0427 -0.2052
vn -0.0000 -0.9370 0.3493
vn -0.0000 0.9419 -0.3359
vn -0.7620 0.5946 -0.2567
vn -0.9924 0.0063 -0.1232
vn -0.0000 -0.8627 -0.5057
vn -0.0000 0.9861 0.1662
vn -0.7251 0.6871 0.0458
vn -0.9889 0.0031 -0.1488
vn -0.0000 -0.6190 -0.7854
vn -0.0000 0.7914 0.6113
vn -0.7077 0.5832 0.3989
vn -0.9968 0.0274 -0.0756
vn -0.6282 -0.6850 -0.3689
vn -0.0000 -0.8844 -0.4667
vn -0.0000 0.9527 0.3041
vn -0.6916 0.6935 0.2020
vn -0.9909 -0.1327 0.0207
vn -0.5771 -0.8067 -0.1275
vn -0.0000 -0.9881 -0.1537
vn -0.0000 0.9388 0.3444
vn -0.6643 0.7024 0.2558
vn -0.9543 -0.0673 0.2912
vn -0.5519 -0.7947 0.2527
vn -0.0000 -0.9782 0.2079
vn -0.0000 0.9694 0.2453
vn -0.6393 0.7179 0.2756
vn -0.8367 -0.1445 0.5282
vn -0.3912 -0.5887 0.7074
vn -0.0000 -0.6953 0.7187
vn -0.0000 0.4303 0.9027
vn -0.4530 0.3148 0.8341
vn -0.6301 0.7327 0.2572
vn -0.0000 0.9473 0.3202
vn -0.5510 -0.8324 0.0591
vn -0.9818 -0.1489 0.1175
vn -0.0000 -0.9988 0.0484
vn -0.6168 0.6911 0.3768
vn -0.0000 0.9638 0.2667
vn -0.9043 -0.0122 0.4266
vn -0.0000 -0.9282 0.3721
vn -0.5309 -0.7064 0.4682
vn -0.6787 0.6921 0.2457
vn -0.0000 0.9400 0.3410
vn -0.6192 -0.7379 -0.2685
vn -0.9987 -0.0348 -0.0366
vn -0.0000 -0.9433 -0.3320
vn -0.0000 0.9432 0.3321
vn -0.9845 -0.0045 -0.1755
vn -0.6933 0.6889 0.2113
vn -0.0000 -0.9431 -0.3324
vn -0.7407 0.5465 0.3907
vn -0.0000 -0.9621 -0.2726
vn -0.0000 0.7532 0.6578
vn -0.9977 0.0679 0.0007
vn -0.7332 -0.6496 0.2009
vn -0.0000 -0.9258 0.3779
vn -0.0000 0.9820 0.1889
vn -0.8364 0.5220 -0.1669
vn -0.9943 0.0936 -0.0505
vn -0.8314 -0.5449 -0.1086
vn -0.7391 -0.5704 -0.3583
vn -0.7841 -0.5609 -0.2657
vn -0.6186 -0.6524 -0.4377
vn -0.6803 -0.6335 -0.3686
vn -0.9982 -0.0399 -0.0440
vn -0.9120 -0.1090 -0.3954
vn -0.6237 0.5091 -0.5932
vn -0.6651 0.7433 0.0717
vn -0.6376 -0.3075 -0.7063
vn -0.6606 0.0652 -0.7479
vn -0.5928 0.5380 -0.5993
vn 0.3440 -0.1172 -0.9316
vn -0.0000 -0.7084 -0.7058
vn 0.3948 0.3769 -0.8379
vn -0.0000 0.9303 -0.3667
vn -0.5394 -0.3404 -0.7701
vn -0.5419 0.0833 -0.8363
vn -0.4734 0.4412 -0.7624
vn -0.9873 0.0460 0.1521
vn -0.9062 -0.3402 -0.2511
vn 0.5820 -0.6195 -0.5268
vn 0.0720 0.7963 0.6006
vn -0.9965 0.0149 0.0822
vn -0.8000 -0.5010 -0.3303
vn 0.3903 -0.5874 -0.7090
vn 0.0999 0.7107 0.6964
vn -0.9972 0.0720 0.0213
vn -0.9274 -0.2178 -0.3042
vn 0.0736 0.2455 -0.9666
vn -0.0082 0.9954 0.0953
vn -0.5215 -0.2596 -0.8128
vn -0.4333 0.0516 0.8997
vn -0.0025 -0.1518 -0.9884
vn -0.0155 0.1743 0.9846
vn 0.6735 -0.6931 0.2571
vn 0.8473 0.1586 0.5068
vn 0.2520 0.3756 0.8919
vn -0.0258 -0.8561 -0.5162
vn -0.2558 -0.9293 0.2664
vn -0.7044 -0.6930 -0.1536
vn -0.8548 -0.4752 -0.2087
vn 0.6533 -0.3118 -0.6899
vn 0.4389 -0.8772 -0.1948
vn 0.6131 0.7899 0.0116
vn 0.9579 -0.0542 -0.2818
vn 0.8571 0.4875 0.1665
vn 0.7484 -0.5988 -0.2851
vn 0.5736 0.8027 0.1632
vn 0.7801 0.4492 -0.4355
vn 0.9861 0.0489 -0.1588
vn 0.7474 -0.6621 -0.0544
vn 0.7434 0.1794 -0.6443
vn 0.3791 -0.1702 -0.9096
vn 0.6358 0.0685 -0.7688
vn 0.3825 0.4302 -0.8177
vn 0.9994 0.0052 -0.0341
vn 0.8653 -0.4828 -0.1350
vn 0.8110 0.5834 0.0443
vn 0.7547 0.6304 -0.1818
vn 0.9415 0.1292 -0.3113
vn 0.3941 0.9027 -0.1730
vn 0.9778 -0.0427 -0.2052
vn 0.7620 0.5946 -0.2567
vn 0.9924 0.0063 -0.1232
vn 0.7251 0.6871 0.0458
vn 0.9889 0.0031 -0.1488
vn 0.7077 0.5832 0.3989
vn 0.9968 0.0274 -0.0756
vn 0.6282 -0.6850 -0.3689
vn 0.6916 0.6935 0.2020
vn 0.9909 -0.1327 0.0207
vn 0.5771 -0.8067 -0.1275
vn 0.6643 0.7024 0.2558
vn 0.9543 -0.0673 0.2912
vn 0.5519 -0.7947 0.2527
vn 0.6393 0.7179 0.2756
vn 0.8367 -0.1445 0.5282
vn 0.3912 -0.5887 0.7074
vn 0.4530 0.3148 0.8341
vn 0.6301 0.7327 0.2572
vn 0.5510 -0.8324 0.0591
vn 0.9818 -0.1489 0.1175
vn 0.6168 0.6911 0.3768
vn 0.9043 -0.0122 0.4266
vn 0.5309 -0.7064 0.4682
vn 0.6787 0.6921 0.2457
vn 0.6192 -0.7379 -0.2685
vn 0.9987 -0.0348 -0.0366
vn 0.9845 -0.0045 -0.1755
vn 0.6933 0.6889 0.2113
vn 0.7407 0.5465 0.3907
vn 0.9977 0.0679 0.0007
vn 0.7332 -0.6496 0.2009
vn 0.8364 0.5220 -0.1669
vn 0.9943 0.0936 -0.0505
vn 0.8314 -0.5449 -0.1086
vn 0.7391 -0.5704 -0.3583
vn 0.7841 -0.5609 -0.2657
vn 0.6186 -0.6524 -0.4377
vn 0.6803 -0.6335 -0.3686
vn 0.9982 -0.0399 -0.0440
vn 0.9120 -0.1090 -0.3954
vn 0.6237 0.5091 -0.5932
vn 0.6651 0.7433 0.0717
vn 0.6376 -0.3075 -0.7063
vn 0.6606 0.0652 -0.7479
vn 0.5928 0.5380 -0.5993
vn -0.3440 -0.1172 -0.9316
vn -0.3948 0.3769 -0.8379
vn 0.5394 -0.3404 -0.7701
vn 0.5419 0.0833 -0.8363
vn 0.4734 0.4412 -0.7624
vn 0.9873 0.0460 0.1521
vn 0.9062 -0.3402 -0.2511
vn -0.5820 -0.6195 -0.5268
vn -0.0720 0.7963 0.6006
vn 0.9965 0.0149 0.0822
vn 0.8000 -0.5010 -0.3303
vn -0.3903 -0.5873 -0.7090
vn -0.0999 0.7107 0.6964
vn 0.9972 0.0720 0.0213
vn 0.9274 -0.2178 -0.3042
vn -0.0736 0.2455 -0.9666
vn 0.0082 0.9954 0.0953
vn 0.5215 -0.2596 -0.8128
vn 0.4333 0.0516 0.8997
vn 0.0025 -0.1518 -0.9884
vn 0.0155 0.1743 0.9846
vn -0.6735 -0.6931 0.2571
vn -0.8473 0.1586 0.5068
vn -0.2520 0.3756 0.8919
vn 0.0258 -0.8561 -0.5162
vn 0.2558 -0.9293 0.2664
vn 0.7702 -0.4331 0.4682
vn 0.6673 0.2064 -0.7156
vn -0.2860 -0.4967 -0.8195
vn -0.2941 -0.9557 -0.0120
vn 0.1628 -0.6055 -0.7790
vn 0.0864 -0.8357 0.5423
vn 0.2747 0.8447 -0.4593
vn 0.1773 0.6028 0.7779
vn 0.2890 -0.4766 -0.8303
vn 0.4052 -0.8244 0.3952
vn -0.1035 0.6675 -0.7374
vn 0.0348 0.3227 0.9459
vn 0.6077 -0.1080 -0.7868
vn 0.7531 -0.5125 0.4125
vn -0.5178 0.5596 -0.6471
vn -0.5166 -0.0303 0.8557
vn 0.4465 0.3133 -0.8381
vn 0.9103 -0.2553 0.3258
vn -0.5569 0.4428 -0.7027
vn -0.6519 -0.1420 0.7449
vn -0.8612 -0.4193 -0.2872
vn -0.5036 -0.7589 -0.4129
vn -0.3396 -0.8374 -0.4283
vn -0.9083 -0.1799 -0.3777
vn -0.6233 -0.2719 -0.7332
vn -0.3419 -0.3099 -0.8872
vn -0.9185 0.1018 -0.3821
vn -0.6160 0.3466 -0.7074
vn -0.3967 0.4536 -0.7980
vn -0.9410 0.2250 -0.2527
vn -0.6865 0.6609 -0.3033
vn -0.5497 0.7876 -0.2784
vn -0.9729 0.2229 -0.0619
vn -0.7913 0.5813 0.1895
vn -0.6813 0.6769 0.2788
vn -0.9915 -0.0577 0.1164
vn -0.8618 0.0394 0.5057
vn -0.7618 0.0601 0.6450
vn -0.9235 -0.3632 0.1238
vn -0.6808 -0.5526 0.4807
vn -0.6088 -0.5659 0.5560
vn -0.8883 -0.4522 -0.0805
vn -0.6078 -0.7918 0.0599
vn -0.4669 -0.8736 0.1370
vn 0.8612 -0.4193 -0.2872
vn 0.5036 -0.7589 -0.4129
vn 0.3396 -0.8374 -0.4283
vn 0.9083 -0.1799 -0.3777
vn 0.6233 -0.2719 -0.7332
vn 0.3419 -0.3099 -0.8872
vn 0.9185 0.1018 -0.3821
vn 0.6160 0.3466 -0.7074
vn 0.3967 0.4536 -0.7980
vn 0.9410 0.2250 -0.2527
vn 0.6865 0.6609 -0.3033
vn 0.5497 0.7876 -0.2784
vn 0.9729 0.2229 -0.0619
vn 0.7913 0.5813 0.1895
vn 0.6813 0.6769 0.2788
vn 0.9915 -0.0577 0.1164
vn 0.8618 0.0394 0.5057
vn 0.7618 0.0601 0.6450
vn 0.9235 -0.3632 0.1238
vn 0.6808 -0.5526 0.4807
vn 0.6088 -0.5659 0.5560
vn 0.8883 -0.4522 -0.0805
vn 0.6078 -0.7918 0.0599
vn 0.4669 -0.8736 0.1370
vn -0.9359 -0.2624 -0.2352
vn -0.8871 -0.3791 0.2633
vn -0.9555 -0.2947 -0.0150
vn -0.5684 0.4039 -0.7168
vn -0.9339 -0.3255 -0.1481
vn -0.9366 -0.3310 -0.1150
vn -0.9407 -0.3199 -0.1128
vn -0.9310 -0.3160 -0.1827
vn -0.9358 -0.3144 -0.1593
vn -0.9472 -0.3169 -0.0492
vn -0.9578 -0.2478 -0.1459
vn -0.9361 -0.2853 -0.2057
vn -0.9523 -0.1654 0.2566
vn -0.7966 0.2910 -0.5299
vn -0.9901 -0.1354 0.0364
vn -0.8366 -0.0807 -0.5418
vn -0.7742 0.2589 -0.5775
vn -0.9530 -0.2827 -0.1091
vn -0.9335 -0.3247 -0.1519
vn -0.9384 -0.3184 -0.1341
vn -0.9443 -0.3058 -0.1216
vn -0.9284 -0.2444 -0.2798
vn -0.9675 0.1071 -0.2290
vn -0.9512 -0.0077 -0.3085
vn -0.9672 -0.2539 0.0030
vn -0.7492 0.0960 -0.6553
vn -0.9277 -0.3438 0.1454
vn -0.9081 0.1512 -0.3905
vn -0.9759 -0.2154 -0.0349
vn -0.9271 -0.3693 0.0649
vn -0.9625 -0.1701 -0.2114
vn -0.9593 -0.1035 -0.2629
vn -0.9299 -0.3637 -0.0541
vn -0.9778 -0.1833 -0.1019
vn -0.9164 -0.3889 0.0944
vn -0.8550 -0.0553 -0.5157
vn -0.9410 -0.3351 0.0467
vn -0.9262 -0.1737 -0.3346
vn -0.9557 -0.2860 -0.0701
vn -0.8863 0.0575 -0.4596
vn -0.9504 -0.3031 0.0697
vn -0.9482 -0.1153 -0.2960
vn -0.9607 -0.2696 -0.0661
vn -0.9444 -0.3037 0.1259
vn -0.9205 -0.3876 0.0495
vn -0.8101 -0.0343 -0.5852
vn -0.9470 -0.3211 -0.0086
vn -0.8996 -0.1242 -0.4188
vn -0.9524 -0.2914 -0.0891
vn 0.9359 -0.2624 -0.2352
vn 0.8871 -0.3791 0.2633
vn 0.9555 -0.2947 -0.0150
vn 0.5684 0.4039 -0.7168
vn 0.9339 -0.3255 -0.1481
vn 0.9366 -0.3310 -0.1150
vn 0.9407 -0.3199 -0.1128
vn 0.9310 -0.3160 -0.1827
vn 0.9358 -0.3144 -0.1593
vn 0.9472 -0.3169 -0.0492
vn 0.9578 -0.2478 -0.1459
vn 0.9361 -0.2853 -0.2057
vn 0.9523 -0.1654 0.2566
vn 0.7966 0.2910 -0.5299
vn 0.9901 -0.1354 0.0364
vn 0.8366 -0.0807 -0.5418
vn 0.7742 0.2589 -0.5775
vn 0.9530 -0.2827 -0.1091
vn 0.9335 -0.3247 -0.1519
vn 0.9384 -0.3184 -0.1341
vn 0.9443 -0.3058 -0.1216
vn 0.9284 -0.2444 -0.2798
vn 0.9675 0.1071 -0.2290
vn 0.9512 -0.0077 -0.3085
vn 0.9672 -0.2539 0.0030
vn 0.7492 0.0960 -0.6553
vn 0.9277 -0.3438 0.1454
vn 0.9081 0.1512 -0.3905
vn 0.9759 -0.2154 -0.0349
vn 0.9271 -0.3693 0.0649
vn 0.9625 -0.1701 -0.2114
vn 0.9593 -0.1035 -0.2629
vn 0.9299 -0.3637 -0.0541
vn 0.9778 -0.1833 -0.1019
vn 0.9164 -0.3889 0.0944
vn 0.8550 -0.0553 -0.5157
vn 0.9410 -0.3351 0.0467
vn 0.9262 -0.1737 -0.3346
vn 0.9557 -0.2860 -0.0701
vn 0.8863 0.0575 -0.4596
vn 0.9504 -0.3031 0.0697
vn 0.9482 -0.1153 -0.2960
vn 0.9607 -0.2696 -0.0661
vn 0.9444 -0.3037 0.1259
vn 0.9205 -0.3876 0.0495
vn 0.8101 -0.0343 -0.5852
vn 0.9470 -0.3211 -0.0086
vn 0.8996 -0.1242 -0.4188
vn 0.9524 -0.2914 -0.0891
vn -0.0000 0.9386 0.3451
vn -0.5416 -0.4230 -0.7265
vn -0.8845 0.2376 0.4015
vn -0.6750 0.0843 -0.7330
vn 0.5693 -0.6005 -0.5615
vn 0.5209 0.3072 0.7964
vn 0.8381 0.0894 0.5381
vn -0.7192 -0.3496 -0.6005
vn -0.6952 0.3607 0.6217
vn 0.4928 -0.7324 -0.4698
vn 0.8294 0.1006 0.5496
vn -0.7605 -0.4581 -0.4603
vn -0.4876 0.6147 0.6201
vn 0.3963 -0.7508 -0.5285
vn 0.6227 -0.3640 0.6927
vn -0.9534 -0.0313 -0.3002
vn -0.4117 0.0626 0.9092
vn 0.9107 -0.3484 -0.2217
vn 0.1776 -0.9514 0.2516
vn -0.6709 0.5848 0.4558
vn -0.8040 -0.5114 0.3034
vn 0.7084 0.5908 0.3862
vn 0.4921 -0.8120 -0.3139
vn -0.5943 0.6942 0.4060
vn -0.9158 -0.3869 -0.1078
vn 0.7330 0.6304 0.2554
vn 0.5867 -0.7066 -0.3955
vn -0.6002 0.7638 0.2374
vn -0.9141 -0.2887 -0.2847
vn 0.6969 0.6885 0.2007
vn 0.5208 -0.4202 -0.7431
vn -0.5713 0.8018 0.1753
vn -0.6730 -0.2826 -0.6835
vn 0.5539 0.8326 0.0010
vn 0.9892 0.0960 0.1107
vn -0.5054 0.8607 -0.0612
vn -0.9742 0.2225 -0.0378
vn 0.6673 0.6027 -0.4376
vn 0.6822 -0.0624 0.7285
vn -0.6220 0.5813 -0.5245
vn -0.7495 -0.0594 0.6593
vn 0.6996 0.3453 -0.6256
vn 0.6742 -0.2243 0.7037
vn -0.6525 0.3186 -0.6876
vn -0.7203 -0.2499 0.6471
vn 0.3204 0.8912 -0.3212
vn 0.5506 0.7295 0.4059
vn -0.3123 0.8775 -0.3639
vn -0.5567 0.7608 0.3334
vn 0.4542 -0.7044 -0.5455
vn 0.2646 -0.9480 0.1768
vn -0.3545 -0.7096 -0.6090
vn -0.1758 -0.9734 0.1469
vn 0.0864 0.9706 -0.2249
vn 0.0870 0.9811 -0.1728
vn 0.0140 0.9581 -0.2862
vn 0.0122 0.9871 -0.1594
vn 0.4062 -0.4593 -0.7900
vn 0.3057 -0.9012 -0.3074
vn -0.3174 -0.4488 -0.8353
vn -0.2029 -0.9190 -0.3381
vn 0.6146 -0.1000 -0.7824
vn 0.5900 -0.7949 0.1412
vn -0.5282 -0.1087 -0.8422
vn -0.5561 -0.8281 0.0704
vn 0.3803 -0.6492 -0.6587
vn 0.2425 -0.9384 -0.2462
vn -0.2917 -0.6473 -0.7042
vn -0.1200 -0.9522 -0.2809
vn 0.6473 -0.0714 -0.7589
vn 0.5872 -0.8051 0.0839
vn -0.5621 -0.0948 -0.8216
vn -0.5545 -0.8317 0.0292
vn 0.5760 -0.1491 -0.8038
vn 0.6365 -0.7701 -0.0425
vn -0.4734 -0.1754 -0.8632
vn -0.5864 -0.8024 -0.1110
vn 0.5416 -0.4230 -0.7265
vn 0.8845 0.2376 0.4015
vn 0.6750 0.0843 -0.7330
vn -0.5693 -0.6005 -0.5615
vn -0.5209 0.3072 0.7964
vn -0.8381 0.0894 0.5381
vn 0.7192 -0.3496 -0.6005
vn 0.6952 0.3607 0.6217
vn -0.4928 -0.7324 -0.4698
vn -0.8294 0.1006 0.5496
vn 0.7605 -0.4581 -0.4603
vn 0.4876 0.6147 0.6201
vn -0.3963 -0.7508 -0.5285
vn -0.6227 -0.3640 0.6927
vn 0.9534 -0.0313 -0.3002
vn 0.4117 0.0626 0.9092
vn -0.9107 -0.3484 -0.2217
vn -0.1776 -0.9514 0.2516
vn 0.6709 0.5848 0.4558
vn 0.8040 -0.5114 0.3034
vn -0.7084 0.5908 0.3862
vn -0.4921 -0.8120 -0.3139
vn 0.5943 0.6942 0.4060
vn 0.9158 -0.3869 -0.1078
vn -0.7330 0.6304 0.2554
vn -0.5867 -0.7066 -0.3955
vn 0.6002 0.7638 0.2374
vn 0.9141 -0.2887 -0.2847
vn -0.6969 0.6885 0.2007
vn -0.5208 -0.4202 -0.7431
vn 0.5713 0.8018 0.1753
vn 0.6730 -0.2826 -0.6835
vn -0.5539 0.8326 0.0010
vn -0.9892 0.0960 0.1107
vn 0.5054 0.8607 -0.0612
vn 0.9742 0.2225 -0.0378
vn -0.6673 0.6027 -0.4376
vn -0.6822 -0.0624 0.7285
vn 0.6220 0.5813 -0.5245
vn 0.7495 -0.0594 0.6593
vn -0.6996 0.3453 -0.6256
vn -0.6742 -0.2243 0.7037
vn 0.6525 0.3186 -0.6876
vn 0.7203 -0.2499 0.6471
vn -0.3204 0.8912 -0.3212
vn -0.5506 0.7295 0.4059
vn 0.3123 0.8775 -0.3639
vn 0.5567 0.7608 0.3334
vn -0.4542 -0.7044 -0.5455
vn -0.2646 -0.9480 0.1768
vn 0.3545 -0.7096 -0.6090
vn 0.1758 -0.9734 0.1469
vn -0.0864 0.9706 -0.2249
vn -0.0870 0.9811 -0.1728
vn -0.0140 0.9581 -0.2862
vn -0.0122 0.9871 -0.1594
vn -0.4062 -0.4593 -0.7900
vn -0.3057 -0.9012 -0.3073
vn 0.3174 -0.4488 -0.8353
vn 0.2029 -0.9190 -0.3380
vn -0.6146 -0.1000 -0.7824
vn -0.5900 -0.7949 0.1412
vn 0.5282 -0.1087 -0.8422
vn 0.5561 -0.8281 0.0704
vn -0.3803 -0.6492 -0.6587
vn -0.2425 -0.9384 -0.2462
vn 0.2917 -0.6473 -0.7042
vn 0.1200 -0.9522 -0.2809
vn -0.6473 -0.0714 -0.7589
vn -0.5872 -0.8051 0.0839
vn 0.5622 -0.0949 -0.8216
vn 0.5545 -0.8317 0.0292
vn -0.5760 -0.1491 -0.8038
vn -0.6365 -0.7701 -0.0425
vn 0.4734 -0.1754 -0.8632
vn 0.5864 -0.8024 -0.1110
vn -0.7393 -0.6224 0.2569
vn -0.6060 0.4691 -0.6424
vn 0.6750 0.1753 -0.7167
vn 0.3239 -0.0173 0.9459
vn 0.6391 -0.0152 -0.7690
vn 0.8365 -0.2582 0.4833
vn -0.8877 0.0831 0.4528
vn -0.5549 0.3138 -0.7705
vn 0.5725 -0.3588 -0.7373
vn 0.7348 -0.0578 0.6758
vn -0.7285 0.2524 0.6369
vn -0.7048 -0.0644 -0.7065
vn 0.8301 -0.4359 -0.3478
vn 0.5929 -0.4977 0.6330
vn -0.5815 -0.3860 0.7161
vn -0.8470 -0.5292 -0.0503
vn 0.2737 0.7243 0.6328
vn 0.5564 0.8249 0.1001
vn -0.5143 0.8140 0.2701
vn -0.4415 0.8362 0.3255
vn 0.4813 0.8462 0.2286
vn 0.3688 0.8176 -0.4421
vn -0.4707 0.8039 -0.3637
vn -0.4166 0.8334 0.3632
vn 0.3235 0.9114 0.2545
vn 0.5471 0.7240 -0.4201
vn -0.6591 0.7310 -0.1765
vn -0.2194 0.9223 0.3182
vn 0.4405 0.8664 0.2354
vn 0.4954 0.7492 -0.4396
vn -0.6264 0.7296 -0.2743
vn -0.3095 0.8869 0.3431
vn 0.7955 0.4113 0.4450
vn 0.6162 -0.5511 -0.5627
vn -0.8022 -0.4759 -0.3605
vn -0.5839 0.4864 0.6500
vn 0.7888 0.4655 0.4014
vn 0.6124 -0.4158 -0.6723
vn -0.8138 -0.3525 -0.4621
vn -0.5873 0.5358 0.6067
vn 0.7619 0.5127 0.3958
vn 0.6133 -0.3211 -0.7217
vn -0.7936 -0.2695 -0.5455
vn -0.6205 0.5577 0.5513
vn 0.6840 0.6415 0.3474
vn 0.6036 0.1597 -0.7811
vn -0.5698 -0.5217 -0.6349
vn -0.6091 0.2920 0.7374
vn 0.1832 0.9773 0.1061
vn 0.1631 0.9282 -0.3345
vn -0.4672 0.5753 -0.6714
vn -0.2736 0.7119 0.6468
vn 0.0652 0.9822 0.1762
vn -0.0286 0.9330 -0.3588
vn -0.4906 0.8698 0.0528
vn -0.2746 0.8807 0.3859
vn 0.4031 0.7457 0.5304
vn -0.5177 0.8295 -0.2096
vn -0.4036 -0.1543 -0.9018
vn 0.0725 -0.5885 0.8052
vn 0.1570 0.9039 0.3979
vn -0.4176 0.9067 -0.0597
vn -0.0897 0.8710 -0.4830
vn 0.7296 0.6760 -0.1031
vn 0.0689 0.9387 0.3379
vn -0.4291 0.8990 0.0877
vn -0.1773 0.6786 -0.7127
vn 0.6942 0.7182 0.0481
vn 0.2364 0.5178 0.8222
vn -0.9356 0.3521 0.0244
vn -0.1418 -0.5364 -0.8320
vn 0.9503 -0.3110 0.0111
vn -0.1170 -0.9072 0.4042
vn -0.1096 -0.8481 0.5183
vn -0.1933 -0.8715 0.4507
vn -0.2290 -0.8553 0.4648
vn -0.1661 -0.2936 0.9414
vn -0.8187 -0.3846 0.4263
vn -0.3431 -0.9225 -0.1768
vn 0.4564 -0.7792 0.4296
vn -0.0963 -0.7821 0.6156
vn -0.6002 -0.7684 0.2221
vn -0.3371 -0.9087 -0.2462
vn 0.1427 -0.9890 0.0399
vn 0.0250 -0.3602 0.9325
vn -0.9119 -0.2886 0.2917
vn -0.2764 -0.7009 -0.6575
vn 0.6400 -0.7636 0.0853
vn -0.0754 -0.9638 0.2558
vn -0.6558 -0.7529 -0.0558
vn -0.2903 -0.8007 -0.5241
vn 0.0280 -0.9553 -0.2943
vn 0.0275 -0.5982 0.8009
vn -0.9018 -0.3544 0.2473
vn -0.3113 -0.5313 -0.7880
vn 0.6478 -0.7553 -0.0990
vn -0.0408 -0.6794 0.7327
vn -0.9343 -0.3223 0.1522
vn -0.4081 -0.4196 -0.8108
vn 0.4949 -0.8477 -0.1909
vn 0.7393 -0.6224 0.2569
vn 0.6060 0.4691 -0.6424
vn -0.6750 0.1753 -0.7167
vn -0.3239 -0.0173 0.9459
vn -0.6391 -0.0152 -0.7690
vn -0.8365 -0.2582 0.4833
vn 0.8877 0.0831 0.4528
vn 0.5549 0.3138 -0.7705
vn -0.5725 -0.3588 -0.7373
vn -0.7348 -0.0578 0.6758
vn 0.7285 0.2524 0.6369
vn 0.7048 -0.0644 -0.7065
vn -0.8301 -0.4359 -0.3478
vn -0.5929 -0.4977 0.6330
vn 0.5815 -0.3860 0.7161
vn 0.8470 -0.5292 -0.0503
vn -0.2737 0.7243 0.6328
vn -0.5564 0.8249 0.1001
vn 0.5143 0.8140 0.2701
vn 0.4415 0.8362 0.3255
vn -0.4813 0.8462 0.2286
vn -0.3688 0.8176 -0.4421
vn 0.4707 0.8039 -0.3637
vn 0.4166 0.8334 0.3632
vn -0.3235 0.9114 0.2545
vn -0.5471 0.7240 -0.4201
vn 0.6591 0.7310 -0.1765
vn 0.2194 0.9223 0.3182
vn -0.4405 0.8664 0.2354
vn -0.4954 0.7492 -0.4396
vn 0.6264 0.7296 -0.2743
vn 0.3095 0.8869 0.3431
vn -0.7955 0.4113 0.4450
vn -0.6162 -0.5511 -0.5627
vn 0.8022 -0.4759 -0.3605
vn 0.5839 0.4864 0.6500
vn -0.7888 0.4655 0.4014
vn -0.6124 -0.4158 -0.6723
vn 0.8138 -0.3525 -0.4621
vn 0.5873 0.5358 0.6067
vn -0.7619 0.5127 0.3958
vn -0.6133 -0.3211 -0.7217
vn 0.7936 -0.2695 -0.5455
vn 0.6205 0.5577 0.5513
vn -0.6840 0.6415 0.3474
vn -0.6036 0.1597 -0.7811
vn 0.5698 -0.5217 -0.6349
vn 0.6091 0.2920 0.7374
vn -0.1832 0.9773 0.1061
vn -0.1631 0.9282 -0.3345
vn 0.4672 0.5753 -0.6714
vn 0.2736 0.7119 0.6468
vn -0.0652 0.9822 0.1762
vn 0.0286 0.9330 -0.3588
vn 0.4906 0.8698 0.0528
vn 0.2746 0.8807 0.3859
vn -0.4031 0.7457 0.5304
vn 0.5177 0.8295 -0.2096
vn 0.4036 -0.1543 -0.9018
vn -0.0725 -0.5885 0.8052
vn -0.1570 0.9039 0.3979
vn 0.4176 0.9067 -0.0597
vn 0.0897 0.8710 -0.4830
vn -0.7296 0.6760 -0.1031
vn -0.0689 0.9387 0.3379
vn 0.4291 0.8990 0.0877
vn 0.1773 0.6786 -0.7127
vn -0.6942 0.7182 0.0481
vn -0.2364 0.5178 0.8222
vn 0.9356 0.3521 0.0244
vn 0.1418 -0.5364 -0.8320
vn -0.9503 -0.3110 0.0111
vn 0.1170 -0.9072 0.4042
vn 0.1096 -0.8481 0.5183
vn 0.1933 -0.8715 0.4507
vn 0.2290 -0.8553 0.4648
vn 0.1661 -0.2936 0.9414
vn 0.8187 -0.3846 0.4263
vn 0.3431 -0.9225 -0.1768
vn -0.4564 -0.7792 0.4296
vn 0.0963 -0.7821 0.6156
vn 0.6002 -0.7684 0.2221
vn 0.3371 -0.9087 -0.2462
vn -0.1427 -0.9890 0.0399
vn -0.0250 -0.3602 0.9325
vn 0.9119 -0.2886 0.2917
vn 0.2764 -0.7009 -0.6575
vn -0.6400 -0.7636 0.0853
vn 0.0754 -0.9638 0.2558
vn 0.6558 -0.7529 -0.0558
vn 0.2903 -0.8007 -0.5241
vn -0.0280 -0.9553 -0.2943
vn -0.0275 -0.5982 0.8009
vn 0.9018 -0.3544 0.2473
vn 0.3113 -0.5313 -0.7880
vn -0.6478 -0.7553 -0.0990
vn 0.0408 -0.6794 0.7327
vn 0.9343 -0.3223 0.1522
vn 0.4081 -0.4196 -0.8108
vn -0.4949 -0.8477 -0.1909
vn 0.1370 0.5426 0.8288
vn -0.2790 0.5763 -0.7682
vn -0.2265 -0.5951 -0.7711
vn 0.0501 -0.9652 0.2565
vn -0.1628 -0.6055 -0.7790
vn -0.0864 -0.8357 0.5423
vn -0.2747 0.8447 -0.4593
vn -0.1773 0.6028 0.7779
vn -0.2890 -0.4766 -0.8303
vn -0.4052 -0.8244 0.3952
vn 0.1035 0.6675 -0.7374
vn -0.0348 0.3227 0.9459
vn -0.6077 -0.1080 -0.7868
vn -0.7531 -0.5125 0.4125
vn 0.5178 0.5596 -0.6471
vn 0.5166 -0.0303 0.8557
vn -0.5646 0.5974 -0.5695
vn -0.9457 -0.3161 0.0752
vn 0.6736 0.5744 -0.4650
vn 0.8499 -0.3882 0.3563
vn -0.4996 0.8294 0.2500
vn -0.7954 -0.4267 -0.4304
vn 0.6480 0.7020 0.2955
vn 0.7563 -0.6119 -0.2316
vn -0.6877 0.4663 0.5564
vn -0.7657 -0.3055 -0.5660
vn 0.6611 0.3403 0.6687
vn 0.6370 -0.4273 -0.6416
vn -0.6462 0.4438 0.6209
vn -0.7676 -0.3330 -0.5476
vn 0.7611 0.3828 0.5236
vn 0.6745 -0.3984 -0.6215
vn -0.6633 0.4831 0.5715
vn -0.7484 -0.4359 -0.4999
vn 0.7631 0.3966 0.5102
vn 0.6456 -0.5204 -0.5588
vn -0.3079 -0.2590 0.9155
vn -0.2930 -0.7488 0.5945
vn 0.3325 -0.3088 0.8911
vn 0.2185 -0.7848 0.5799
vn -0.5269 0.1144 0.8422
vn -0.6299 -0.7680 0.1156
vn 0.5948 0.0316 0.8032
vn 0.5325 -0.8438 0.0668
vn -0.5206 0.3446 0.7811
vn -0.6216 -0.7012 0.3491
vn 0.6054 0.2433 0.7578
vn 0.5112 -0.7961 0.3237
vn 0.5911 0.7644 -0.2576
vn 0.9202 -0.3540 -0.1669
vn -0.7299 0.6527 -0.2030
vn -0.8361 -0.5361 -0.1166
vn 0.4996 0.8294 0.2500
vn 0.7954 -0.4267 -0.4304
vn -0.6480 0.7020 0.2955
vn -0.7563 -0.6119 -0.2316
vn 0.6877 0.4663 0.5564
vn 0.7657 -0.3055 -0.5660
vn -0.6611 0.3403 0.6687
vn -0.6370 -0.4273 -0.6416
vn 0.6462 0.4438 0.6209
vn 0.7676 -0.3330 -0.5476
vn -0.7611 0.3828 0.5236
vn -0.6745 -0.3984 -0.6215
vn 0.6633 0.4831 0.5715
vn 0.7484 -0.4359 -0.4999
vn -0.7631 0.3966 0.5102
vn -0.6456 -0.5204 -0.5588
vn 0.3079 -0.2590 0.9155
vn 0.2930 -0.7488 0.5945
vn -0.3325 -0.3088 0.8911
vn -0.2185 -0.7848 0.5799
vn 0.5269 0.1144 0.8422
vn 0.6299 -0.7680 0.1156
vn -0.5948 0.0316 0.8032
vn -0.5325 -0.8438 0.0668
vn 0.5206 0.3446 0.7811
vn 0.6216 -0.7012 0.3491
vn -0.6054 0.2433 0.7578
vn -0.5112 -0.7961 0.3237
vt 0.520320 0.674492
vt 0.519702 0.674488
vt 0.520053 0.673295
vt 0.522042 0.672712
vt 0.520122 0.672297
vt 0.522084 0.671782
vt 0.517464 0.673869
vt 0.517421 0.674792
vt 0.515061 0.675080
vt 0.515002 0.674397
vt 0.520447 0.677123
vt 0.519650 0.675949
vt 0.519654 0.675258
vt 0.520533 0.676599
vt 0.523149 0.678651
vt 0.522961 0.678117
vt 0.523151 0.673028
vt 0.522976 0.672209
vt 0.523105 0.675029
vt 0.523842 0.678233
vt 0.523586 0.676955
vt 0.517298 0.675686
vt 0.515157 0.675895
vt 0.517359 0.676145
vt 0.515409 0.676429
vt 0.517515 0.672923
vt 0.514976 0.673655
vt 0.524359 0.675245
vt 0.523978 0.673438
vt 0.523812 0.672624
vt 0.525797 0.675355
vt 0.526154 0.677756
vt 0.526105 0.679610
vt 0.529902 0.679192
vt 0.530427 0.680221
vt 0.527192 0.671671
vt 0.526802 0.673694
vt 0.530394 0.671792
vt 0.530016 0.675182
vt 0.538671 0.672024
vt 0.538063 0.669228
vt 0.541430 0.668059
vt 0.541878 0.670843
vt 0.533746 0.678529
vt 0.532386 0.677351
vt 0.535688 0.673464
vt 0.536338 0.674915
vt 0.532483 0.674084
vt 0.532274 0.670669
vt 0.534552 0.668940
vt 0.535133 0.671123
vt 0.548935 0.670379
vt 0.548842 0.668486
vt 0.553515 0.667051
vt 0.553684 0.668227
vt 0.537654 0.666804
vt 0.537178 0.665621
vt 0.539768 0.663895
vt 0.540374 0.665180
vt 0.539189 0.673738
vt 0.542240 0.672926
vt 0.557533 0.666648
vt 0.557345 0.665918
vt 0.560526 0.664962
vt 0.560448 0.665706
vt 0.548283 0.665101
vt 0.547137 0.662511
vt 0.551790 0.661042
vt 0.552640 0.663333
vt 0.545885 0.661331
vt 0.551217 0.660059
vt 0.563341 0.665177
vt 0.563425 0.664624
vt 0.565538 0.664016
vt 0.565517 0.664191
vt 0.556894 0.662698
vt 0.556674 0.660971
vt 0.560140 0.661103
vt 0.560415 0.662940
vt 0.556401 0.659877
vt 0.560086 0.660607
vt 0.564848 0.662567
vt 0.563581 0.663451
vt 0.564828 0.662594
vt 0.563399 0.663458
vt 0.563065 0.661921
vt 0.563020 0.661435
vt 0.529939 0.670117
vt 0.532035 0.669069
vt 0.534132 0.667895
vt 0.533796 0.665761
vt 0.521898 0.677216
vt 0.521596 0.676980
vt 0.521464 0.677074
vt 0.521865 0.677372
vt 0.518186 0.680647
vt 0.518561 0.681030
vt 0.515081 0.674646
vt 0.515107 0.675077
vt 0.513608 0.675349
vt 0.513614 0.674975
vt 0.515037 0.674435
vt 0.515269 0.675754
vt 0.515163 0.675602
vt 0.513603 0.675667
vt 0.513819 0.675911
vt 0.513625 0.674809
vt 0.512939 0.684494
vt 0.513176 0.684685
vt 0.518563 0.680823
vt 0.518330 0.680570
vt 0.513163 0.684568
vt 0.510681 0.687480
vt 0.510675 0.687422
vt 0.513015 0.684442
vt 0.510565 0.687386
vt 0.510602 0.687360
vt 0.527165 0.671664
vt 0.523818 0.672614
vt 0.524183 0.672079
vt 0.527372 0.670617
vt 0.532856 0.668689
vt 0.532893 0.668929
vt 0.533544 0.668526
vt 0.533480 0.668252
vt 0.533401 0.668424
vt 0.533410 0.668305
vt 0.535039 0.665376
vt 0.535270 0.666444
vt 0.534000 0.666711
vt 0.535304 0.665428
vt 0.535523 0.666447
vt 0.535486 0.666334
vt 0.534396 0.666509
vt 0.534432 0.666596
vt 0.534237 0.665683
vt 0.534183 0.665893
vt 0.534496 0.667595
vt 0.535881 0.667455
vt 0.535249 0.665655
vt 0.537042 0.670236
vt 0.537135 0.670140
vt 0.535991 0.667381
vt 0.534597 0.667544
vt 0.536333 0.671503
vt 0.536245 0.671580
vt 0.945231 0.243326
vt 0.944997 0.244125
vt 0.944453 0.244190
vt 0.944004 0.243440
vt 0.945452 0.243056
vt 0.943938 0.243204
vt 0.943227 0.244348
vt 0.942992 0.244320
vt 0.944136 0.244582
vt 0.943403 0.245611
vt 0.943220 0.245842
vt 0.944232 0.245073
vt 0.944463 0.246523
vt 0.944520 0.246914
vt 0.944686 0.245374
vt 0.945230 0.245310
vt 0.945871 0.246210
vt 0.946215 0.246566
vt 0.945547 0.244917
vt 0.946589 0.245205
vt 0.947102 0.245354
vt 0.945451 0.244427
vt 0.946454 0.244031
vt 0.946915 0.243920
vt 0.435431 0.872728
vt 0.434204 0.871013
vt 0.435423 0.871619
vt 0.435999 0.871214
vt 0.466200 0.889509
vt 0.459330 0.887358
vt 0.455549 0.873117
vt 0.461666 0.876002
vt 0.450218 0.883821
vt 0.447677 0.872375
vt 0.471231 0.889646
vt 0.465833 0.879468
vt 0.440196 0.876492
vt 0.440447 0.871499
vt 0.437071 0.874639
vt 0.436911 0.871239
vt 0.439922 0.881926
vt 0.437231 0.878065
vt 0.435045 0.874602
vt 0.453316 0.897777
vt 0.472977 0.904706
vt 0.471892 0.906467
vt 0.464273 0.905974
vt 0.433221 0.870855
vt 0.439827 0.869358
vt 0.437021 0.870296
vt 0.437045 0.869385
vt 0.438260 0.867202
vt 0.462051 0.869218
vt 0.455089 0.867838
vt 0.454054 0.863535
vt 0.458324 0.865148
vt 0.449615 0.867773
vt 0.449375 0.863936
vt 0.456702 0.876317
vt 0.449964 0.875210
vt 0.449772 0.872524
vt 0.455840 0.872709
vt 0.441776 0.874567
vt 0.441015 0.872142
vt 0.465750 0.877628
vt 0.465134 0.874134
vt 0.436981 0.871759
vt 0.436996 0.871229
vt 0.442638 0.875956
vt 0.436967 0.872287
vt 0.464255 0.879898
vt 0.457240 0.880308
vt 0.450014 0.878137
vt 0.548441 0.759204
vt 0.552376 0.751666
vt 0.552006 0.755793
vt 0.548158 0.765016
vt 0.548227 0.768416
vt 0.546407 0.779383
vt 0.546466 0.782271
vt 0.551948 0.755871
vt 0.551079 0.763613
vt 0.548202 0.767411
vt 0.548401 0.780043
vt 0.546197 0.787679
vt 0.545301 0.790923
vt 0.548442 0.782640
vt 0.545478 0.793034
vt 0.546237 0.794885
vt 0.546046 0.797215
vt 0.546348 0.789602
vt 0.547210 0.791675
vt 0.547381 0.796563
vt 0.545982 0.791307
vt 0.546380 0.788020
vt 0.546972 0.786023
vt 0.549612 0.787971
vt 0.548856 0.780388
vt 0.546981 0.785580
vt 0.549232 0.784005
vt 0.548864 0.779975
vt 0.550425 0.775430
vt 0.551401 0.780711
vt 0.551380 0.781003
vt 0.551337 0.775884
vt 0.551308 0.775852
vt 0.550421 0.775656
vt 0.551323 0.773328
vt 0.552040 0.775748
vt 0.551435 0.781003
vt 0.551302 0.773350
vt 0.551417 0.780673
vt 0.551928 0.795639
vt 0.551905 0.795229
vt 0.552017 0.775552
vt 0.553451 0.794396
vt 0.554755 0.813858
vt 0.553662 0.815679
vt 0.553423 0.794154
vt 0.553635 0.815195
vt 0.554721 0.813572
vt 0.554701 0.813902
vt 0.554684 0.813782
vt 0.557514 0.841399
vt 0.557533 0.841423
vt 0.553707 0.815302
vt 0.553722 0.815591
vt 0.556870 0.845277
vt 0.556893 0.845397
vt 0.559495 0.858502
vt 0.559482 0.858328
vt 0.556875 0.845492
vt 0.556846 0.845350
vt 0.557473 0.841640
vt 0.557487 0.841650
vt 0.560121 0.854866
vt 0.559504 0.858299
vt 0.560827 0.861631
vt 0.560960 0.861188
vt 0.560141 0.854825
vt 0.560153 0.854873
vt 0.560131 0.854903
vt 0.559516 0.858460
vt 0.560964 0.861195
vt 0.560834 0.861684
vt 0.548409 0.759147
vt 0.552382 0.751594
vt 0.541758 0.782663
vt 0.541107 0.785684
vt 0.540949 0.783958
vt 0.541025 0.786101
vt 0.541713 0.780783
vt 0.542021 0.785109
vt 0.541117 0.784754
vt 0.540887 0.792501
vt 0.540876 0.793569
vt 0.542000 0.785779
vt 0.541925 0.792909
vt 0.541277 0.800036
vt 0.540588 0.803173
vt 0.541900 0.793678
vt 0.541174 0.799887
vt 0.541307 0.805100
vt 0.540659 0.803889
vt 0.541319 0.800606
vt 0.541264 0.799877
vt 0.541429 0.804973
vt 0.542316 0.798294
vt 0.542493 0.799084
vt 0.542018 0.794161
vt 0.541871 0.793257
vt 0.543080 0.786529
vt 0.542874 0.785644
vt 0.543570 0.791103
vt 0.544204 0.774959
vt 0.544901 0.780418
vt 0.543809 0.791811
vt 0.544410 0.775844
vt 0.545737 0.765674
vt 0.545593 0.765056
vt 0.545140 0.781125
vt 0.546079 0.768866
vt 0.547095 0.754340
vt 0.547445 0.755259
vt 0.546246 0.769360
vt 0.547247 0.751830
vt 0.547321 0.750345
vt 0.547141 0.753492
vt 0.547606 0.752487
vt 0.547489 0.754366
vt 0.547677 0.750945
vt 0.546892 0.749203
vt 0.547493 0.752208
vt 0.547690 0.753047
vt 0.546615 0.760571
vt 0.546855 0.761588
vt 0.547062 0.748710
vt 0.546141 0.754632
vt 0.546347 0.755443
vt 0.544348 0.787446
vt 0.543793 0.780874
vt 0.543957 0.785786
vt 0.540606 0.815866
vt 0.541027 0.816285
vt 0.543456 0.779550
vt 0.540902 0.814371
vt 0.540678 0.814179
vt 0.538278 0.856954
vt 0.538608 0.856422
vt 0.540384 0.812755
vt 0.540028 0.812485
vt 0.540478 0.812068
vt 0.540293 0.811897
vt 0.538449 0.856301
vt 0.538257 0.856654
vt 0.537300 0.880398
vt 0.537460 0.879608
vt 0.537826 0.854707
vt 0.537553 0.855127
vt 0.537858 0.855031
vt 0.537702 0.855227
vt 0.537379 0.879748
vt 0.537281 0.880277
vt 0.537151 0.889440
vt 0.537199 0.889212
vt 0.536839 0.879845
vt 0.536704 0.880402
vt 0.536864 0.879963
vt 0.536780 0.880264
vt 0.536957 0.889203
vt 0.536916 0.889326
vt 0.539204 0.808669
vt 0.538927 0.800315
vt 0.538629 0.800298
vt 0.538891 0.808272
vt 0.539912 0.799096
vt 0.539955 0.799779
vt 0.538674 0.801184
vt 0.540420 0.798186
vt 0.540665 0.805616
vt 0.540146 0.806247
vt 0.540209 0.804596
vt 0.538955 0.806488
vt 0.538204 0.792413
vt 0.539833 0.791276
vt 0.538074 0.792998
vt 0.536717 0.771424
vt 0.536826 0.770671
vt 0.539714 0.791684
vt 0.537654 0.760731
vt 0.536380 0.757491
vt 0.536567 0.771930
vt 0.537758 0.760125
vt 0.535431 0.767318
vt 0.535951 0.777614
vt 0.536561 0.771201
vt 0.536385 0.756828
vt 0.535409 0.766879
vt 0.533397 0.786887
vt 0.533432 0.787590
vt 0.535918 0.777164
vt 0.534276 0.796005
vt 0.528500 0.837727
vt 0.529391 0.843313
vt 0.534222 0.795283
vt 0.529333 0.842859
vt 0.523785 0.876653
vt 0.523744 0.876196
vt 0.528457 0.837255
vt 0.523693 0.875759
vt 0.523726 0.876115
vt 0.518462 0.894042
vt 0.518456 0.893862
vt 0.523164 0.871034
vt 0.523193 0.871487
vt 0.523223 0.871566
vt 0.523245 0.871929
vt 0.518380 0.892059
vt 0.518382 0.892228
s 1
f 105/1/98 2/2/2 4/3/4
f 105/1/98 4/3/4 12/4/12
f 12/4/12 4/3/4 6/5/6
f 12/4/12 6/5/6 13/6/13
f 23/7/23 22/8/22 109/9/102
f 23/7/23 109/9/102 108/10/101
f 14/11/14 8/12/8 10/13/10
f 14/11/14 10/13/10 106/14/99
f 106/14/99 10/13/10 2/2/2
f 106/14/99 2/2/2 105/1/98
f 93/15/89 14/11/14 106/14/99
f 93/15/89 106/14/99 107/16/100
f 91/17/87 12/4/12 13/6/13
f 91/17/87 13/6/13 92/18/88
f 104/19/97 105/1/98 12/4/12
f 104/19/97 12/4/12 91/17/87
f 7/20/7 9/21/9 30/21/26
f 7/20/7 30/21/26 29/20/26
f 22/8/22 24/22/24 110/23/103
f 22/8/22 110/23/103 109/9/102
f 24/22/24 21/24/21 20/25/20
f 24/22/24 20/25/20 110/23/103
f 25/26/25 23/7/23 108/10/101
f 25/26/25 108/10/101 18/27/18
f 6/5/6 4/3/4 23/7/23
f 6/5/6 23/7/23 25/26/25
f 10/13/10 8/12/8 21/24/21
f 10/13/10 21/24/21 24/22/24
f 2/2/2 10/13/10 24/22/24
f 2/2/2 24/22/24 22/8/22
f 4/3/4 2/2/2 22/8/22
f 4/3/4 22/8/22 23/7/23
f 30/21/26 26/28/26 31/28/27
f 30/21/26 31/28/27 35/21/31
f 3/29/3 5/30/5 28/30/26
f 3/29/3 28/30/26 27/29/26
f 1/28/1 3/29/3 27/29/26
f 1/28/1 27/29/26 26/28/26
f 9/21/9 1/28/1 26/28/26
f 9/21/9 26/28/26 30/21/26
f 35/21/31 31/28/27 36/31/32
f 35/21/31 36/31/32 39/32/35
f 27/29/26 28/30/26 33/30/29
f 27/29/26 33/30/29 32/29/28
f 29/20/26 30/21/26 35/21/31
f 29/20/26 35/21/31 34/20/30
f 26/28/26 27/29/26 32/29/28
f 26/28/26 32/29/28 31/28/27
f 38/33/34 39/32/35 43/34/39
f 38/33/34 43/34/39 42/35/38
f 32/29/28 33/30/29 37/36/33
f 32/29/28 37/36/33 99/37/92
f 34/20/30 35/21/31 39/32/35
f 34/20/30 39/32/35 38/33/34
f 31/28/27 32/29/28 99/37/92
f 31/28/27 99/37/92 36/31/32
f 36/31/32 99/37/92 100/38/93
f 36/31/32 100/38/93 40/39/36
f 39/32/35 36/31/32 40/39/36
f 39/32/35 40/39/36 43/34/39
f 85/40/81 84/41/80 48/42/44
f 85/40/81 48/42/44 52/43/48
f 89/44/85 87/45/83 47/46/43
f 89/44/85 47/46/43 46/47/42
f 90/48/86 101/49/94 102/50/95
f 90/48/86 102/50/95 44/51/40
f 87/45/83 90/48/86 44/51/40
f 87/45/83 44/51/40 47/46/43
f 79/52/75 78/53/74 57/54/53
f 79/52/75 57/54/53 56/55/52
f 103/56/96 86/57/82 50/58/46
f 103/56/96 50/58/46 49/59/45
f 83/60/79 85/40/81 52/43/48
f 83/60/79 52/43/48 51/61/47
f 84/41/80 103/56/96 49/59/45
f 84/41/80 49/59/45 48/42/44
f 69/62/65 68/63/64 62/64/58
f 69/62/65 62/64/58 61/65/57
f 81/66/77 80/67/76 54/68/50
f 81/66/77 54/68/50 53/69/49
f 78/53/74 81/66/77 53/69/49
f 78/53/74 53/69/49 57/54/53
f 80/67/76 82/70/78 55/71/51
f 80/67/76 55/71/51 54/68/50
f 74/72/70 73/73/69 67/74/63
f 74/72/70 67/74/63 66/75/62
f 71/76/67 70/77/66 59/78/55
f 71/76/67 59/78/55 58/79/54
f 68/63/64 71/76/67 58/79/54
f 68/63/64 58/79/54 62/64/58
f 70/77/66 72/80/68 60/81/56
f 70/77/66 60/81/56 59/78/55
f 65/82/61 66/75/62 67/74/63
f 65/82/61 67/74/63 63/83/59
f 65/82/61 63/83/59 64/84/60
f 73/73/69 75/85/71 63/83/59
f 73/73/69 63/83/59 67/74/63
f 77/86/73 76/87/72 65/82/61
f 77/86/73 65/82/61 64/84/60
f 75/85/71 77/86/73 64/84/60
f 75/85/71 64/84/60 63/83/59
f 54/68/50 55/71/51 72/80/68
f 54/68/50 72/80/68 70/77/66
f 57/54/53 53/69/49 71/76/67
f 57/54/53 71/76/67 68/63/64
f 53/69/49 54/68/50 70/77/66
f 53/69/49 70/77/66 71/76/67
f 56/55/52 57/54/53 68/63/64
f 56/55/52 68/63/64 69/62/65
f 58/79/54 59/78/55 77/86/73
f 58/79/54 77/86/73 75/85/71
f 59/78/55 60/81/56 76/87/72
f 59/78/55 76/87/72 77/86/73
f 62/64/58 58/79/54 75/85/71
f 62/64/58 75/85/71 73/73/69
f 61/65/57 62/64/58 73/73/69
f 61/65/57 73/73/69 74/72/70
f 49/59/45 50/58/46 82/70/78
f 49/59/45 82/70/78 80/67/76
f 52/43/48 48/42/44 81/66/77
f 52/43/48 81/66/77 78/53/74
f 48/42/44 49/59/45 80/67/76
f 48/42/44 80/67/76 81/66/77
f 51/61/47 52/43/48 78/53/74
f 51/61/47 78/53/74 79/52/75
f 44/51/40 102/50/95 103/56/96
f 44/51/40 103/56/96 84/41/80
f 46/47/42 47/46/43 85/40/81
f 46/47/42 85/40/81 83/60/79
f 47/46/43 44/51/40 84/41/80
f 47/46/43 84/41/80 85/40/81
f 43/34/39 40/39/36 90/48/86
f 43/34/39 90/48/86 87/45/83
f 40/39/36 100/38/93 101/49/94
f 40/39/36 101/49/94 90/48/86
f 42/35/38 43/34/39 87/45/83
f 42/35/38 87/45/83 89/44/85
f 100/38/93 41/88/37 88/89/84
f 100/38/93 88/89/84 101/49/94
f 1/28/1 104/19/97 91/17/87
f 1/28/1 91/17/87 3/29/3
f 3/29/3 91/17/87 92/18/88
f 3/29/3 92/18/88 5/30/5
f 7/20/7 93/15/89 107/16/100
f 7/20/7 107/16/100 9/21/9
f 9/21/9 107/16/100 104/19/97
f 9/21/9 104/19/97 1/28/1
f 37/36/33 41/88/37 100/38/93
f 37/36/33 100/38/93 99/37/92
f 45/90/41 142/91/134 102/50/95
f 95/92/91 11/93/11 105/1/98
f 95/92/91 105/1/98 104/19/97
f 11/93/11 15/94/15 106/14/99
f 11/93/11 106/14/99 105/1/98
f 15/94/15 94/95/90 107/16/100
f 15/94/15 107/16/100 106/14/99
f 94/95/90 95/92/91 104/19/97
f 94/95/90 104/19/97 107/16/100
f 94/95/90 15/94/15 120/96/113
f 94/95/90 120/96/113 121/97/114
f 16/98/16 17/99/17 116/100/109
f 16/98/16 116/100/109 115/101/108
f 17/99/17 16/98/16 108/10/101
f 17/99/17 108/10/101 109/9/102
f 16/98/16 111/102/104 18/27/18
f 16/98/16 18/27/18 108/10/101
f 113/103/106 19/104/19 110/23/103
f 113/103/106 110/23/103 20/25/20
f 19/104/19 17/99/17 109/9/102
f 19/104/19 109/9/102 110/23/103
f 111/102/104 113/103/106 20/25/20
f 111/102/104 20/25/20 18/27/18
f 115/101/108 116/100/109 117/105/110
f 115/101/108 117/105/110 114/106/107
f 115/101/108 114/106/107 112/107/105
f 17/99/17 19/104/19 117/105/110
f 17/99/17 117/105/110 116/100/109
f 111/102/104 16/98/16 115/101/108
f 111/102/104 115/101/108 112/107/105
f 113/103/106 111/102/104 112/107/105
f 113/103/106 112/107/105 114/106/107
f 19/104/19 113/103/106 114/106/107
f 19/104/19 114/106/107 117/105/110
f 121/97/114 120/96/113 124/108/117
f 121/97/114 124/108/117 125/109/118
f 11/93/11 95/92/91 118/110/111
f 11/93/11 118/110/111 119/111/112
f 95/92/91 94/95/90 121/97/114
f 95/92/91 121/97/114 118/110/111
f 15/94/15 11/93/11 119/111/112
f 15/94/15 119/111/112 120/96/113
f 122/112/115 125/109/118 129/113/122
f 122/112/115 129/113/122 126/114/119
f 119/111/112 118/110/111 122/112/115
f 119/111/112 122/112/115 123/115/116
f 118/110/111 121/97/114 125/109/118
f 118/110/111 125/109/118 122/112/115
f 120/96/113 119/111/112 123/115/116
f 120/96/113 123/115/116 124/108/117
f 126/114/119 129/113/122 128/116/121
f 126/114/119 128/116/121 127/117/120
f 124/108/117 123/115/116 127/117/120
f 124/108/117 127/117/120 128/116/121
f 125/109/118 124/108/117 128/116/121
f 125/109/118 128/116/121 129/113/122
f 123/115/116 122/112/115 126/114/119
f 123/115/116 126/114/119 127/117/120
f 131/118/124 99/37/92 32/29/28
f 131/118/124 32/29/28 130/119/123
f 130/119/123 32/29/28 33/30/29
f 130/119/123 33/30/29 132/120/125
f 99/37/92 131/118/124 133/121/126
f 99/37/92 133/121/126 37/36/33
f 136/122/129 88/89/84 101/49/94
f 136/122/129 101/49/94 135/123/128
f 102/50/95 134/124/127 135/123/128
f 102/50/95 135/123/128 101/49/94
f 88/89/84 45/90/41 137/125/130
f 88/89/84 137/125/130 139/126/130
f 45/90/41 102/50/95 134/124/127
f 45/90/41 134/124/127 138/127/131
f 142/91/134 45/90/41 86/57/82
f 142/91/134 86/57/82 143/128/135
f 103/56/96 140/129/132 143/128/135
f 103/56/96 143/128/135 86/57/82
f 102/50/95 140/129/132 103/56/96
f 140/129/132 102/50/95 141/130/133
f 208/1/194 151/4/143 147/3/139
f 208/1/194 147/3/139 145/2/137
f 151/4/143 13/6/13 6/5/6
f 151/4/143 6/5/6 147/3/139
f 157/7/149 211/10/197 212/9/198
f 157/7/149 212/9/198 156/8/148
f 14/11/14 209/14/195 149/13/141
f 14/11/14 149/13/141 8/12/8
f 209/14/195 208/1/194 145/2/137
f 209/14/195 145/2/137 149/13/141
f 93/15/89 210/16/196 209/14/195
f 93/15/89 209/14/195 14/11/14
f 196/17/185 92/18/88 13/6/13
f 196/17/185 13/6/13 151/4/143
f 207/19/193 196/17/185 151/4/143
f 207/19/193 151/4/143 208/1/194
f 7/20/7 29/20/26 161/21/26
f 7/20/7 161/21/26 148/21/140
f 156/8/148 212/9/198 213/23/199
f 156/8/148 213/23/199 158/22/150
f 158/22/150 213/23/199 20/25/20
f 158/22/150 20/25/20 21/24/21
f 25/26/25 18/27/18 211/10/197
f 25/26/25 211/10/197 157/7/149
f 6/5/6 25/26/25 157/7/149
f 6/5/6 157/7/149 147/3/139
f 149/13/141 158/22/150 21/24/21
f 149/13/141 21/24/21 8/12/8
f 145/2/137 156/8/148 158/22/150
f 145/2/137 158/22/150 149/13/141
f 147/3/139 157/7/149 156/8/148
f 147/3/139 156/8/148 145/2/137
f 161/21/26 164/21/153 162/28/151
f 161/21/26 162/28/151 159/28/26
f 146/29/138 160/29/26 28/30/26
f 146/29/138 28/30/26 5/30/5
f 144/28/136 159/28/26 160/29/26
f 144/28/136 160/29/26 146/29/138
f 148/21/140 161/21/26 159/28/26
f 148/21/140 159/28/26 144/28/136
f 164/21/153 166/32/155 165/31/154
f 164/21/153 165/31/154 162/28/151
f 160/29/26 163/29/152 33/30/29
f 160/29/26 33/30/29 28/30/26
f 29/20/26 34/20/30 164/21/153
f 29/20/26 164/21/153 161/21/26
f 159/28/26 162/28/151 163/29/152
f 159/28/26 163/29/152 160/29/26
f 38/33/34 42/35/38 168/34/157
f 38/33/34 168/34/157 166/32/155
f 163/29/152 202/37/188 37/36/33
f 163/29/152 37/36/33 33/30/29
f 34/20/30 38/33/34 166/32/155
f 34/20/30 166/32/155 164/21/153
f 162/28/151 165/31/154 202/37/188
f 162/28/151 202/37/188 163/29/152
f 165/31/154 167/39/156 203/38/189
f 165/31/154 203/38/189 202/37/188
f 166/32/155 168/34/157 167/39/156
f 166/32/155 167/39/156 165/31/154
f 193/40/182 173/43/162 171/42/160
f 193/40/182 171/42/160 192/41/181
f 89/44/85 46/47/42 170/46/159
f 89/44/85 170/46/159 194/45/183
f 195/48/184 169/51/158 205/50/191
f 195/48/184 205/50/191 204/49/190
f 194/45/183 170/46/159 169/51/158
f 194/45/183 169/51/158 195/48/184
f 79/52/75 56/55/52 176/54/165
f 79/52/75 176/54/165 189/53/178
f 206/56/192 172/59/161 50/58/46
f 206/56/192 50/58/46 86/57/82
f 83/60/79 51/61/47 173/43/162
f 83/60/79 173/43/162 193/40/182
f 192/41/181 171/42/160 172/59/161
f 192/41/181 172/59/161 206/56/192
f 69/62/65 61/65/57 179/64/168
f 69/62/65 179/64/168 183/63/172
f 191/66/180 174/69/163 175/68/164
f 191/66/180 175/68/164 190/67/179
f 189/53/178 176/54/165 174/69/163
f 189/53/178 174/69/163 191/66/180
f 190/67/179 175/68/164 55/71/51
f 190/67/179 55/71/51 82/70/78
f 74/72/70 66/75/62 182/74/171
f 74/72/70 182/74/171 186/73/175
f 185/76/174 177/79/166 178/78/167
f 185/76/174 178/78/167 184/77/173
f 183/63/172 179/64/168 177/79/166
f 183/63/172 177/79/166 185/76/174
f 184/77/173 178/78/167 60/81/56
f 184/77/173 60/81/56 72/80/68
f 65/82/61 181/84/170 180/83/169
f 65/82/61 180/83/169 182/74/171
f 65/82/61 182/74/171 66/75/62
f 186/73/175 182/74/171 180/83/169
f 186/73/175 180/83/169 187/85/176
f 188/86/177 181/84/170 65/82/61
f 188/86/177 65/82/61 76/87/72
f 187/85/176 180/83/169 181/84/170
f 187/85/176 181/84/170 188/86/177
f 175/68/164 184/77/173 72/80/68
f 175/68/164 72/80/68 55/71/51
f 176/54/165 183/63/172 185/76/174
f 176/54/165 185/76/174 174/69/163
f 174/69/163 185/76/174 184/77/173
f 174/69/163 184/77/173 175/68/164
f 56/55/52 69/62/65 183/63/172
f 56/55/52 183/63/172 176/54/165
f 177/79/166 187/85/176 188/86/177
f 177/79/166 188/86/177 178/78/167
f 178/78/167 188/86/177 76/87/72
f 178/78/167 76/87/72 60/81/56
f 179/64/168 186/73/175 187/85/176
f 179/64/168 187/85/176 177/79/166
f 61/65/57 74/72/70 186/73/175
f 61/65/57 186/73/175 179/64/168
f 172/59/161 190/67/179 82/70/78
f 172/59/161 82/70/78 50/58/46
f 173/43/162 189/53/178 191/66/180
f 173/43/162 191/66/180 171/42/160
f 171/42/160 191/66/180 190/67/179
f 171/42/160 190/67/179 172/59/161
f 51/61/47 79/52/75 189/53/178
f 51/61/47 189/53/178 173/43/162
f 169/51/158 192/41/181 206/56/192
f 169/51/158 206/56/192 205/50/191
f 46/47/42 83/60/79 193/40/182
f 46/47/42 193/40/182 170/46/159
f 170/46/159 193/40/182 192/41/181
f 170/46/159 192/41/181 169/51/158
f 168/34/157 194/45/183 195/48/184
f 168/34/157 195/48/184 167/39/156
f 167/39/156 195/48/184 204/49/190
f 167/39/156 204/49/190 203/38/189
f 42/35/38 89/44/85 194/45/183
f 42/35/38 194/45/183 168/34/157
f 203/38/189 204/49/190 88/89/84
f 203/38/189 88/89/84 41/88/37
f 144/28/136 146/29/138 196/17/185
f 144/28/136 196/17/185 207/19/193
f 146/29/138 5/30/5 92/18/88
f 146/29/138 92/18/88 196/17/185
f 7/20/7 148/21/140 210/16/196
f 7/20/7 210/16/196 93/15/89
f 148/21/140 144/28/136 207/19/193
f 148/21/140 207/19/193 210/16/196
f 37/36/33 202/37/188 203/38/189
f 37/36/33 203/38/189 41/88/37
f 45/90/41 205/50/191 243/91/228
f 198/92/187 207/19/193 208/1/194
f 198/92/187 208/1/194 150/93/142
f 150/93/142 208/1/194 209/14/195
f 150/93/142 209/14/195 152/94/144
f 152/94/144 209/14/195 210/16/196
f 152/94/144 210/16/196 197/95/186
f 197/95/186 210/16/196 207/19/193
f 197/95/186 207/19/193 198/92/187
f 197/95/186 222/97/208 221/96/207
f 197/95/186 221/96/207 152/94/144
f 153/98/145 216/101/202 217/100/203
f 153/98/145 217/100/203 154/99/146
f 154/99/146 212/9/198 211/10/197
f 154/99/146 211/10/197 153/98/145
f 153/98/145 211/10/197 18/27/18
f 153/98/145 18/27/18 214/102/200
f 215/103/201 20/25/20 213/23/199
f 215/103/201 213/23/199 155/104/147
f 155/104/147 213/23/199 212/9/198
f 155/104/147 212/9/198 154/99/146
f 214/102/200 18/27/18 20/25/20
f 214/102/200 20/25/20 215/103/201
f 216/101/202 112/107/105 114/106/107
f 216/101/202 114/106/107 218/105/204
f 216/101/202 218/105/204 217/100/203
f 154/99/146 217/100/203 218/105/204
f 154/99/146 218/105/204 155/104/147
f 214/102/200 112/107/105 216/101/202
f 214/102/200 216/101/202 153/98/145
f 215/103/201 114/106/107 112/107/105
f 215/103/201 112/107/105 214/102/200
f 155/104/147 218/105/204 114/106/107
f 155/104/147 114/106/107 215/103/201
f 222/97/208 226/109/212 225/108/211
f 222/97/208 225/108/211 221/96/207
f 150/93/142 220/111/206 219/110/205
f 150/93/142 219/110/205 198/92/187
f 198/92/187 219/110/205 222/97/208
f 198/92/187 222/97/208 197/95/186
f 152/94/144 221/96/207 220/111/206
f 152/94/144 220/111/206 150/93/142
f 223/112/209 227/114/213 230/113/216
f 223/112/209 230/113/216 226/109/212
f 220/111/206 224/115/210 223/112/209
f 220/111/206 223/112/209 219/110/205
f 219/110/205 223/112/209 226/109/212
f 219/110/205 226/109/212 222/97/208
f 221/96/207 225/108/211 224/115/210
f 221/96/207 224/115/210 220/111/206
f 227/114/213 228/117/214 229/116/215
f 227/114/213 229/116/215 230/113/216
f 225/108/211 229/116/215 228/117/214
f 225/108/211 228/117/214 224/115/210
f 226/109/212 230/113/216 229/116/215
f 226/109/212 229/116/215 225/108/211
f 224/115/210 228/117/214 227/114/213
f 224/115/210 227/114/213 223/112/209
f 244/128/229 246/131/231 248/132/233
f 244/128/229 248/132/233 241/129/226
f 248/132/233 252/133/237 251/134/236
f 248/132/233 251/134/236 247/135/232
f 241/129/226 248/132/233 247/135/232
f 241/129/226 247/135/232 242/130/227
f 243/91/228 245/136/230 246/131/231
f 243/91/228 246/131/231 244/128/229
f 242/130/227 247/135/232 245/136/230
f 242/130/227 245/136/230 243/91/228
f 249/137/234 253/138/238 254/139/239
f 249/137/234 254/139/239 250/140/235
f 245/136/230 249/137/234 250/140/235
f 245/136/230 250/140/235 246/131/231
f 246/131/231 250/140/235 252/133/237
f 246/131/231 252/133/237 248/132/233
f 247/135/232 251/134/236 249/137/234
f 247/135/232 249/137/234 245/136/230
f 254/139/239 258/141/243 260/142/245
f 254/139/239 260/142/245 256/143/241
f 250/140/235 254/139/239 256/143/241
f 250/140/235 256/143/241 252/133/237
f 251/134/236 255/144/240 253/138/238
f 251/134/236 253/138/238 249/137/234
f 252/133/237 256/143/241 255/144/240
f 252/133/237 255/144/240 251/134/236
f 255/144/240 259/145/244 257/146/242
f 255/144/240 257/146/242 253/138/238
f 256/143/241 260/142/245 259/145/244
f 256/143/241 259/145/244 255/144/240
f 253/138/238 257/146/242 258/141/243
f 253/138/238 258/141/243 254/139/239
f 232/118/218 231/119/217 163/29/152
f 232/118/218 163/29/152 202/37/188
f 231/119/217 233/120/219 33/30/29
f 231/119/217 33/30/29 163/29/152
f 202/37/188 37/36/33 234/121/220
f 202/37/188 234/121/220 232/118/218
f 237/122/223 236/123/222 204/49/190
f 237/122/223 204/49/190 88/89/84
f 205/50/191 204/49/190 236/123/222
f 205/50/191 236/123/222 235/124/221
f 88/89/84 240/126/224 238/125/224
f 88/89/84 238/125/224 45/90/41
f 45/90/41 239/127/225 235/124/221
f 45/90/41 235/124/221 205/50/191
f 243/91/228 244/128/229 86/57/82
f 243/91/228 86/57/82 45/90/41
f 206/56/192 86/57/82 244/128/229
f 206/56/192 244/128/229 241/129/226
f 205/50/191 206/56/192 241/129/226
f 241/129/226 242/130/227 205/50/191
f 283/147/268 282/148/267 261/149/246
f 283/147/268 261/149/246 262/150/247
f 284/151/269 283/147/268 262/150/247
f 284/151/269 262/150/247 263/152/248
f 263/152/248 262/150/247 265/153/250
f 263/152/248 265/153/250 266/154/251
f 262/150/247 261/149/246 264/155/249
f 262/150/247 264/155/249 265/153/250
f 266/154/251 265/153/250 268/156/253
f 266/154/251 268/156/253 269/157/254
f 265/153/250 264/155/249 267/158/252
f 265/153/250 267/158/252 268/156/253
f 269/157/254 268/156/253 271/159/256
f 269/157/254 271/159/256 272/160/257
f 268/156/253 267/158/252 270/161/255
f 268/156/253 270/161/255 271/159/256
f 271/159/256 270/161/255 273/162/258
f 271/159/256 273/162/258 274/163/259
f 272/160/257 271/159/256 274/163/259
f 272/160/257 274/163/259 275/164/260
f 274/163/259 273/162/258 276/165/261
f 274/163/259 276/165/261 277/166/262
f 275/164/260 274/163/259 277/166/262
f 275/164/260 277/166/262 278/167/263
f 277/166/262 276/165/261 279/168/264
f 277/166/262 279/168/264 280/169/265
f 278/167/263 277/166/262 280/169/265
f 278/167/263 280/169/265 281/170/266
f 280/169/265 279/168/264 282/148/267
f 280/169/265 282/148/267 283/147/268
f 281/170/266 280/169/265 283/147/268
f 281/170/266 283/147/268 284/151/269
f 276/165/261 273/162/258 270/161/255
f 276/165/261 270/161/255 267/158/252
f 276/165/261 267/158/252 264/155/249
f 276/165/261 264/155/249 261/149/246
f 276/165/261 261/149/246 282/148/267
f 276/165/261 282/148/267 279/168/264
f 307/147/292 286/150/271 285/149/270
f 307/147/292 285/149/270 306/148/291
f 308/151/293 287/152/272 286/150/271
f 308/151/293 286/150/271 307/147/292
f 287/152/272 290/154/275 289/153/274
f 287/152/272 289/153/274 286/150/271
f 286/150/271 289/153/274 288/155/273
f 286/150/271 288/155/273 285/149/270
f 290/154/275 293/157/278 292/156/277
f 290/154/275 292/156/277 289/153/274
f 289/153/274 292/156/277 291/158/276
f 289/153/274 291/158/276 288/155/273
f 293/157/278 296/160/281 295/159/280
f 293/157/278 295/159/280 292/156/277
f 292/156/277 295/159/280 294/161/279
f 292/156/277 294/161/279 291/158/276
f 295/159/280 298/163/283 297/162/282
f 295/159/280 297/162/282 294/161/279
f 296/160/281 299/164/284 298/163/283
f 296/160/281 298/163/283 295/159/280
f 298/163/283 301/166/286 300/165/285
f 298/163/283 300/165/285 297/162/282
f 299/164/284 302/167/287 301/166/286
f 299/164/284 301/166/286 298/163/283
f 301/166/286 304/169/289 303/168/288
f 301/166/286 303/168/288 300/165/285
f 302/167/287 305/170/290 304/169/289
f 302/167/287 304/169/289 301/166/286
f 304/169/289 307/147/292 306/148/291
f 304/169/289 306/148/291 303/168/288
f 305/170/290 308/151/293 307/147/292
f 305/170/290 307/147/292 304/169/289
f 300/165/285 303/168/288 306/148/291
f 300/165/285 306/148/291 285/149/270
f 300/165/285 285/149/270 288/155/273
f 300/165/285 288/155/273 291/158/276
f 300/165/285 291/158/276 294/161/279
f 300/165/285 294/161/279 297/162/282
f 331/171/316 325/172/310 310/173/295
f 331/171/316 310/173/295 321/174/306
f 329/175/314 327/176/312 313/177/298
f 329/175/314 313/177/298 317/178/302
f 327/176/312 328/179/313 315/180/300
f 327/176/312 315/180/300 313/177/298
f 326/181/311 329/175/314 317/178/302
f 326/181/311 317/178/302 309/182/294
f 328/179/313 330/183/315 319/184/304
f 328/179/313 319/184/304 315/180/300
f 332/185/317 331/171/316 321/174/306
f 332/185/317 321/174/306 323/186/308
f 330/183/315 332/185/317 323/186/308
f 330/183/315 323/186/308 319/184/304
f 320/187/305 324/188/309 332/185/317
f 320/187/305 332/185/317 330/183/315
f 324/188/309 322/189/307 331/171/316
f 324/188/309 331/171/316 332/185/317
f 316/190/301 320/187/305 330/183/315
f 316/190/301 330/183/315 328/179/313
f 311/191/296 318/192/303 329/175/314
f 311/191/296 329/175/314 326/181/311
f 314/193/299 316/190/301 328/179/313
f 314/193/299 328/179/313 327/176/312
f 318/192/303 314/193/299 327/176/312
f 318/192/303 327/176/312 329/175/314
f 322/189/307 312/194/297 325/172/310
f 322/189/307 325/172/310 331/171/316
f 350/195/335 348/196/333 336/197/321
f 350/195/335 336/197/321 340/198/325
f 352/199/337 349/200/334 338/201/323
f 352/199/337 338/201/323 335/202/320
f 351/203/336 350/195/335 340/198/325
f 351/203/336 340/198/325 341/204/326
f 349/200/334 351/203/336 341/204/326
f 349/200/334 341/204/326 338/201/323
f 355/205/340 357/206/342 347/207/332
f 355/205/340 347/207/332 345/208/330
f 357/206/342 356/209/341 346/210/331
f 357/206/342 346/210/331 347/207/332
f 353/211/338 355/205/340 345/208/330
f 353/211/338 345/208/330 343/212/328
f 356/209/341 354/213/339 344/214/329
f 356/209/341 344/214/329 346/210/331
f 345/208/330 347/207/332 351/203/336
f 345/208/330 351/203/336 349/200/334
f 347/207/332 346/210/331 350/195/335
f 347/207/332 350/195/335 351/203/336
f 343/212/328 345/208/330 349/200/334
f 343/212/328 349/200/334 352/199/337
f 346/210/331 344/214/329 348/196/333
f 346/210/331 348/196/333 350/195/335
f 339/215/324 334/216/319 354/213/339
f 339/215/324 354/213/339 356/209/341
f 333/217/318 337/218/322 355/205/340
f 333/217/318 355/205/340 353/211/338
f 342/219/327 339/215/324 356/209/341
f 342/219/327 356/209/341 357/206/342
f 337/218/322 342/219/327 357/206/342
f 337/218/322 357/206/342 355/205/340
f 380/171/365 370/174/355 359/173/344
f 380/171/365 359/173/344 374/172/359
f 378/175/363 366/178/351 362/177/347
f 378/175/363 362/177/347 376/176/361
f 376/176/361 362/177/347 364/180/349
f 376/176/361 364/180/349 377/179/362
f 375/181/360 358/182/343 366/178/351
f 375/181/360 366/178/351 378/175/363
f 377/179/362 364/180/349 368/184/353
f 377/179/362 368/184/353 379/183/364
f 381/185/366 372/186/357 370/174/355
f 381/185/366 370/174/355 380/171/365
f 379/183/364 368/184/353 372/186/357
f 379/183/364 372/186/357 381/185/366
f 369/187/354 379/183/364 381/185/366
f 369/187/354 381/185/366 373/188/358
f 373/188/358 381/185/366 380/171/365
f 373/188/358 380/171/365 371/189/356
f 365/190/350 377/179/362 379/183/364
f 365/190/350 379/183/364 369/187/354
f 360/191/345 375/181/360 378/175/363
f 360/191/345 378/175/363 367/192/352
f 363/193/348 376/176/361 377/179/362
f 363/193/348 377/179/362 365/190/350
f 367/192/352 378/175/363 376/176/361
f 367/192/352 376/176/361 363/193/348
f 371/189/356 380/171/365 374/172/359
f 371/189/356 374/172/359 361/194/346
f 399/195/384 389/198/374 385/197/370
f 399/195/384 385/197/370 397/196/382
f 401/199/386 384/202/369 387/201/372
f 401/199/386 387/201/372 398/200/383
f 400/203/385 390/204/375 389/198/374
f 400/203/385 389/198/374 399/195/384
f 398/200/383 387/201/372 390/204/375
f 398/200/383 390/204/375 400/203/385
f 404/205/389 394/208/379 396/207/381
f 404/205/389 396/207/381 406/206/391
f 406/206/391 396/207/381 395/210/380
f 406/206/391 395/210/380 405/209/390
f 402/211/387 392/212/377 394/208/379
f 402/211/387 394/208/379 404/205/389
f 405/209/390 395/210/380 393/214/378
f 405/209/390 393/214/378 403/213/388
f 394/208/379 398/200/383 400/203/385
f 394/208/379 400/203/385 396/207/381
f 396/207/381 400/203/385 399/195/384
f 396/207/381 399/195/384 395/210/380
f 392/212/377 401/199/386 398/200/383
f 392/212/377 398/200/383 394/208/379
f 395/210/380 399/195/384 397/196/382
f 395/210/380 397/196/382 393/214/378
f 388/215/373 405/209/390 403/213/388
f 388/215/373 403/213/388 383/216/368
f 382/217/367 402/211/387 404/205/389
f 382/217/367 404/205/389 386/218/371
f 391/219/376 406/206/391 405/209/390
f 391/219/376 405/209/390 388/215/373
f 386/218/371 404/205/389 406/206/391
f 386/218/371 406/206/391 391/219/376
f 410/220/394 409/221/393 415/222/399
f 410/220/394 415/222/399 416/223/400
f 414/224/398 416/223/400 420/225/404
f 414/224/398 420/225/404 418/226/402
f 409/221/393 411/227/395 412/228/396
f 409/221/393 412/228/396 415/222/399
f 413/229/397 410/220/394 416/223/400
f 413/229/397 416/223/400 414/224/398
f 411/227/395 413/229/397 414/224/398
f 411/227/395 414/224/398 412/228/396
f 420/225/404 419/230/403 423/231/407
f 420/225/404 423/231/407 424/232/408
f 412/228/396 414/224/398 418/226/402
f 412/228/396 418/226/402 417/233/401
f 416/223/400 415/222/399 419/230/403
f 416/223/400 419/230/403 420/225/404
f 415/222/399 412/228/396 417/233/401
f 415/222/399 417/233/401 419/230/403
f 422/234/406 424/232/408 428/235/412
f 422/234/406 428/235/412 426/236/410
f 419/230/403 417/233/401 421/237/405
f 419/230/403 421/237/405 423/231/407
f 418/226/402 420/225/404 424/232/408
f 418/226/402 424/232/408 422/234/406
f 417/233/401 418/226/402 422/234/406
f 417/233/401 422/234/406 421/237/405
f 426/236/410 428/235/412 432/238/416
f 426/236/410 432/238/416 430/239/414
f 421/237/405 422/234/406 426/236/410
f 421/237/405 426/236/410 425/240/409
f 424/232/408 423/231/407 427/241/411
f 424/232/408 427/241/411 428/235/412
f 423/231/407 421/237/405 425/240/409
f 423/231/407 425/240/409 427/241/411
f 429/242/413 430/239/414 434/243/418
f 429/242/413 434/243/418 433/244/417
f 425/240/409 426/236/410 430/239/414
f 425/240/409 430/239/414 429/242/413
f 428/235/412 427/241/411 431/245/415
f 428/235/412 431/245/415 432/238/416
f 427/241/411 425/240/409 429/242/413
f 427/241/411 429/242/413 431/245/415
f 436/246/420 435/247/419 439/248/423
f 436/246/420 439/248/423 440/249/424
f 432/238/416 431/245/415 435/247/419
f 432/238/416 435/247/419 436/246/420
f 431/245/415 429/242/413 433/244/417
f 431/245/415 433/244/417 435/247/419
f 430/239/414 432/238/416 436/246/420
f 430/239/414 436/246/420 434/243/418
f 438/250/422 440/249/424 444/251/428
f 438/250/422 444/251/428 442/252/426
f 435/247/419 433/244/417 437/253/421
f 435/247/419 437/253/421 439/248/423
f 434/243/418 436/246/420 440/249/424
f 434/243/418 440/249/424 438/250/422
f 433/244/417 434/243/418 438/250/422
f 433/244/417 438/250/422 437/253/421
f 444/251/428 443/254/427 447/255/431
f 444/251/428 447/255/431 448/256/432
f 437/253/421 438/250/422 442/252/426
f 437/253/421 442/252/426 441/257/425
f 440/249/424 439/248/423 443/254/427
f 440/249/424 443/254/427 444/251/428
f 439/248/423 437/253/421 441/257/425
f 439/248/423 441/257/425 443/254/427
f 446/258/430 448/256/432 452/259/436
f 446/258/430 452/259/436 450/260/434
f 443/254/427 441/257/425 445/261/429
f 443/254/427 445/261/429 447/255/431
f 442/252/426 444/251/428 448/256/432
f 442/252/426 448/256/432 446/258/430
f 441/257/425 442/252/426 446/258/430
f 441/257/425 446/258/430 445/261/429
f 452/259/436 451/262/435 455/263/439
f 452/259/436 455/263/439 456/264/440
f 445/261/429 446/258/430 450/260/434
f 445/261/429 450/260/434 449/265/433
f 448/256/432 447/255/431 451/262/435
f 448/256/432 451/262/435 452/259/436
f 447/255/431 445/261/429 449/265/433
f 447/255/431 449/265/433 451/262/435
f 454/266/438 456/264/440 464/264/448
f 454/266/438 464/264/448 462/266/446
f 451/262/435 449/265/433 453/267/437
f 451/262/435 453/267/437 455/263/439
f 450/260/434 452/259/436 456/264/440
f 450/260/434 456/264/440 454/266/438
f 449/265/433 450/260/434 454/266/438
f 449/265/433 454/266/438 453/267/437
f 459/268/443 457/269/441 469/270/453
f 459/268/443 469/270/453 471/271/455
f 453/267/437 454/266/438 462/266/446
f 453/267/437 462/266/446 461/267/445
f 456/264/440 455/263/439 463/263/447
f 456/264/440 463/263/447 464/264/448
f 455/263/439 453/267/437 461/267/445
f 455/263/439 461/267/445 463/263/447
f 458/272/442 457/269/441 461/267/445
f 458/272/442 461/267/445 462/266/446
f 457/269/441 459/268/443 463/263/447
f 457/269/441 463/263/447 461/267/445
f 460/273/444 458/272/442 462/266/446
f 460/273/444 462/266/446 464/264/448
f 459/268/443 460/273/444 464/264/448
f 459/268/443 464/264/448 463/263/447
f 466/274/450 468/275/452 480/276/464
f 466/274/450 480/276/464 478/277/462
f 458/272/442 460/273/444 472/278/456
f 458/272/442 472/278/456 470/279/454
f 457/269/441 458/272/442 470/279/454
f 457/269/441 470/279/454 469/270/453
f 460/273/444 459/268/443 471/271/455
f 460/273/444 471/271/455 472/278/456
f 466/274/450 465/280/449 469/270/453
f 466/274/450 469/270/453 470/279/454
f 465/280/449 467/281/451 471/271/455
f 465/280/449 471/271/455 469/270/453
f 468/275/452 466/274/450 470/279/454
f 468/275/452 470/279/454 472/278/456
f 467/281/451 468/275/452 472/278/456
f 467/281/451 472/278/456 471/271/455
f 473/282/457 474/283/458 482/284/466
f 473/282/457 482/284/466 481/285/465
f 465/280/449 466/274/450 478/277/462
f 465/280/449 478/277/462 477/286/461
f 468/275/452 467/281/451 479/287/463
f 468/275/452 479/287/463 480/276/464
f 467/281/451 465/280/449 477/286/461
f 467/281/451 477/286/461 479/287/463
f 474/283/458 473/282/457 477/286/461
f 474/283/458 477/286/461 478/277/462
f 473/282/457 475/288/459 479/287/463
f 473/282/457 479/287/463 477/286/461
f 476/289/460 474/283/458 478/277/462
f 476/289/460 478/277/462 480/276/464
f 475/288/459 476/289/460 480/276/464
f 475/288/459 480/276/464 479/287/463
f 476/289/460 475/288/459 483/290/467
f 476/289/460 483/290/467 484/291/468
f 475/288/459 473/282/457 481/285/465
f 475/288/459 481/285/465 483/290/467
f 474/283/458 476/289/460 484/291/468
f 474/283/458 484/291/468 482/284/466
f 483/290/467 481/285/465 482/284/466
f 483/290/467 482/284/466 484/291/468
f 408/292/392 407/293/392 411/227/395
f 408/292/392 411/227/395 413/229/397
f 486/220/470 492/223/476 491/222/475
f 486/220/470 491/222/475 485/221/469
f 490/224/474 494/226/478 496/225/480
f 490/224/474 496/225/480 492/223/476
f 485/221/469 491/222/475 488/228/472
f 485/221/469 488/228/472 487/227/471
f 489/229/473 490/224/474 492/223/476
f 489/229/473 492/223/476 486/220/470
f 487/227/471 488/228/472 490/224/474
f 487/227/471 490/224/474 489/229/473
f 496/225/480 500/232/484 499/231/483
f 496/225/480 499/231/483 495/230/479
f 488/228/472 493/233/477 494/226/478
f 488/228/472 494/226/478 490/224/474
f 492/223/476 496/225/480 495/230/479
f 492/223/476 495/230/479 491/222/475
f 491/222/475 495/230/479 493/233/477
f 491/222/475 493/233/477 488/228/472
f 498/234/482 502/236/486 504/235/488
f 498/234/482 504/235/488 500/232/484
f 495/230/479 499/231/483 497/237/481
f 495/230/479 497/237/481 493/233/477
f 494/226/478 498/234/482 500/232/484
f 494/226/478 500/232/484 496/225/480
f 493/233/477 497/237/481 498/234/482
f 493/233/477 498/234/482 494/226/478
f 502/236/486 506/239/490 508/238/492
f 502/236/486 508/238/492 504/235/488
f 497/237/481 501/240/485 502/236/486
f 497/237/481 502/236/486 498/234/482
f 500/232/484 504/235/488 503/241/487
f 500/232/484 503/241/487 499/231/483
f 499/231/483 503/241/487 501/240/485
f 499/231/483 501/240/485 497/237/481
f 505/242/489 509/244/493 510/243/494
f 505/242/489 510/243/494 506/239/490
f 501/240/485 505/242/489 506/239/490
f 501/240/485 506/239/490 502/236/486
f 504/235/488 508/238/492 507/245/491
f 504/235/488 507/245/491 503/241/487
f 503/241/487 507/245/491 505/242/489
f 503/241/487 505/242/489 501/240/485
f 512/246/496 516/249/500 515/248/499
f 512/246/496 515/248/499 511/247/495
f 508/238/492 512/246/496 511/247/495
f 508/238/492 511/247/495 507/245/491
f 507/245/491 511/247/495 509/244/493
f 507/245/491 509/244/493 505/242/489
f 506/239/490 510/243/494 512/246/496
f 506/239/490 512/246/496 508/238/492
f 514/250/498 518/252/502 520/251/504
f 514/250/498 520/251/504 516/249/500
f 511/247/495 515/248/499 513/253/497
f 511/247/495 513/253/497 509/244/493
f 510/243/494 514/250/498 516/249/500
f 510/243/494 516/249/500 512/246/496
f 509/244/493 513/253/497 514/250/498
f 509/244/493 514/250/498 510/243/494
f 520/251/504 524/256/508 523/255/507
f 520/251/504 523/255/507 519/254/503
f 513/253/497 517/257/501 518/252/502
f 513/253/497 518/252/502 514/250/498
f 516/249/500 520/251/504 519/254/503
f 516/249/500 519/254/503 515/248/499
f 515/248/499 519/254/503 517/257/501
f 515/248/499 517/257/501 513/253/497
f 522/258/506 526/260/510 528/259/512
f 522/258/506 528/259/512 524/256/508
f 519/254/503 523/255/507 521/261/505
f 519/254/503 521/261/505 517/257/501
f 518/252/502 522/258/506 524/256/508
f 518/252/502 524/256/508 520/251/504
f 517/257/501 521/261/505 522/258/506
f 517/257/501 522/258/506 518/252/502
f 528/259/512 532/264/516 531/263/515
f 528/259/512 531/263/515 527/262/511
f 521/261/505 525/265/509 526/260/510
f 521/261/505 526/260/510 522/258/506
f 524/256/508 528/259/512 527/262/511
f 524/256/508 527/262/511 523/255/507
f 523/255/507 527/262/511 525/265/509
f 523/255/507 525/265/509 521/261/505
f 530/266/514 538/266/522 540/264/524
f 530/266/514 540/264/524 532/264/516
f 527/262/511 531/263/515 529/267/513
f 527/262/511 529/267/513 525/265/509
f 526/260/510 530/266/514 532/264/516
f 526/260/510 532/264/516 528/259/512
f 525/265/509 529/267/513 530/266/514
f 525/265/509 530/266/514 526/260/510
f 535/268/519 547/271/531 545/270/529
f 535/268/519 545/270/529 533/269/517
f 529/267/513 537/267/521 538/266/522
f 529/267/513 538/266/522 530/266/514
f 532/264/516 540/264/524 539/263/523
f 532/264/516 539/263/523 531/263/515
f 531/263/515 539/263/523 537/267/521
f 531/263/515 537/267/521 529/267/513
f 534/272/518 538/266/522 537/267/521
f 534/272/518 537/267/521 533/269/517
f 533/269/517 537/267/521 539/263/523
f 533/269/517 539/263/523 535/268/519
f 536/273/520 540/264/524 538/266/522
f 536/273/520 538/266/522 534/272/518
f 535/268/519 539/263/523 540/264/524
f 535/268/519 540/264/524 536/273/520
f 542/274/526 554/277/538 556/276/540
f 542/274/526 556/276/540 544/275/528
f 534/272/518 546/279/530 548/278/532
f 534/272/518 548/278/532 536/273/520
f 533/269/517 545/270/529 546/279/530
f 533/269/517 546/279/530 534/272/518
f 536/273/520 548/278/532 547/271/531
f 536/273/520 547/271/531 535/268/519
f 542/274/526 546/279/530 545/270/529
f 542/274/526 545/270/529 541/280/525
f 541/280/525 545/270/529 547/271/531
f 541/280/525 547/271/531 543/281/527
f 544/275/528 548/278/532 546/279/530
f 544/275/528 546/279/530 542/274/526
f 543/281/527 547/271/531 548/278/532
f 543/281/527 548/278/532 544/275/528
f 549/282/533 557/285/541 558/284/542
f 549/282/533 558/284/542 550/283/534
f 541/280/525 553/286/537 554/277/538
f 541/280/525 554/277/538 542/274/526
f 544/275/528 556/276/540 555/287/539
f 544/275/528 555/287/539 543/281/527
f 543/281/527 555/287/539 553/286/537
f 543/281/527 553/286/537 541/280/525
f 550/283/534 554/277/538 553/286/537
f 550/283/534 553/286/537 549/282/533
f 549/282/533 553/286/537 555/287/539
f 549/282/533 555/287/539 551/288/535
f 552/289/536 556/276/540 554/277/538
f 552/289/536 554/277/538 550/283/534
f 551/288/535 555/287/539 556/276/540
f 551/288/535 556/276/540 552/289/536
f 552/289/536 560/291/544 559/290/543
f 552/289/536 559/290/543 551/288/535
f 551/288/535 559/290/543 557/285/541
f 551/288/535 557/285/541 549/282/533
f 550/283/534 558/284/542 560/291/544
f 550/283/534 560/291/544 552/289/536
f 559/290/543 560/291/544 558/284/542
f 559/290/543 558/284/542 557/285/541
f 408/292/392 489/229/473 487/227/471
f 408/292/392 487/227/471 407/293/392
f 563/294/547 566/295/550 561/296/545
f 563/294/547 561/296/545 564/297/548
f 561/296/545 562/298/546 568/299/552
f 561/296/545 568/299/552 567/300/551
f 566/295/550 567/300/551 571/301/555
f 566/295/550 571/301/555 570/302/554
f 564/297/548 561/296/545 567/300/551
f 564/297/548 567/300/551 566/295/550
f 563/294/547 564/297/548 566/295/550
f 563/294/547 566/295/550 565/303/549
f 562/298/546 563/294/547 565/303/549
f 562/298/546 565/303/549 568/299/552
f 571/301/555 572/304/556 576/305/560
f 571/301/555 576/305/560 575/306/559
f 567/300/551 568/299/552 572/304/556
f 567/300/551 572/304/556 571/301/555
f 565/303/549 566/295/550 570/302/554
f 565/303/549 570/302/554 569/307/553
f 568/299/552 565/303/549 569/307/553
f 568/299/552 569/307/553 572/304/556
f 575/306/559 576/305/560 580/308/564
f 575/306/559 580/308/564 579/309/563
f 569/307/553 570/302/554 574/310/558
f 569/307/553 574/310/558 573/311/557
f 572/304/556 569/307/553 573/311/557
f 572/304/556 573/311/557 576/305/560
f 570/302/554 571/301/555 575/306/559
f 570/302/554 575/306/559 574/310/558
f 580/308/564 577/312/561 581/312/565
f 580/308/564 581/312/565 584/308/568
f 573/311/557 574/310/558 578/313/562
f 573/311/557 578/313/562 577/312/561
f 576/305/560 573/311/557 577/312/561
f 576/305/560 577/312/561 580/308/564
f 574/310/558 575/306/559 579/309/563
f 574/310/558 579/309/563 578/313/562
f 582/313/566 583/309/567 587/314/571
f 582/313/566 587/314/571 586/315/570
f 578/313/562 579/309/563 583/309/567
f 578/313/562 583/309/567 582/313/566
f 579/309/563 580/308/564 584/308/568
f 579/309/563 584/308/568 583/309/567
f 577/312/561 578/313/562 582/313/566
f 577/312/561 582/313/566 581/312/565
f 585/316/569 586/315/570 590/315/574
f 585/316/569 590/315/574 589/316/573
f 583/309/567 584/308/568 588/317/572
f 583/309/567 588/317/572 587/314/571
f 581/312/565 582/313/566 586/315/570
f 581/312/565 586/315/570 585/316/569
f 584/308/568 581/312/565 585/316/569
f 584/308/568 585/316/569 588/317/572
f 592/317/576 589/316/573 593/318/577
f 592/317/576 593/318/577 596/319/580
f 588/317/572 585/316/569 589/316/573
f 588/317/572 589/316/573 592/317/576
f 586/315/570 587/314/571 591/314/575
f 586/315/570 591/314/575 590/315/574
f 587/314/571 588/317/572 592/317/576
f 587/314/571 592/317/576 591/314/575
f 595/320/579 596/319/580 600/321/584
f 595/320/579 600/321/584 599/322/583
f 590/315/574 591/314/575 595/320/579
f 590/315/574 595/320/579 594/323/578
f 591/314/575 592/317/576 596/319/580
f 591/314/575 596/319/580 595/320/579
f 589/316/573 590/315/574 594/323/578
f 589/316/573 594/323/578 593/318/577
f 600/321/584 597/324/581 601/325/585
f 600/321/584 601/325/585 604/326/588
f 593/318/577 594/323/578 598/327/582
f 593/318/577 598/327/582 597/324/581
f 596/319/580 593/318/577 597/324/581
f 596/319/580 597/324/581 600/321/584
f 594/323/578 595/320/579 599/322/583
f 594/323/578 599/322/583 598/327/582
f 603/328/587 604/326/588 608/329/592
f 603/328/587 608/329/592 607/330/591
f 598/327/582 599/322/583 603/328/587
f 598/327/582 603/328/587 602/331/586
f 599/322/583 600/321/584 604/326/588
f 599/322/583 604/326/588 603/328/587
f 597/324/581 598/327/582 602/331/586
f 597/324/581 602/331/586 601/325/585
f 608/329/592 605/332/589 609/333/593
f 608/329/592 609/333/593 612/334/596
f 601/325/585 602/331/586 606/335/590
f 601/325/585 606/335/590 605/332/589
f 604/326/588 601/325/585 605/332/589
f 604/326/588 605/332/589 608/329/592
f 602/331/586 603/328/587 607/330/591
f 602/331/586 607/330/591 606/335/590
f 611/336/595 612/334/596 616/334/600
f 611/336/595 616/334/600 615/336/599
f 606/335/590 607/330/591 611/336/595
f 606/335/590 611/336/595 610/337/594
f 607/330/591 608/329/592 612/334/596
f 607/330/591 612/334/596 611/336/595
f 605/332/589 606/335/590 610/337/594
f 605/332/589 610/337/594 609/333/593
f 616/334/600 613/333/597 617/338/601
f 616/334/600 617/338/601 620/339/604
f 609/333/593 610/337/594 614/337/598
f 609/333/593 614/337/598 613/333/597
f 612/334/596 609/333/593 613/333/597
f 612/334/596 613/333/597 616/334/600
f 610/337/594 611/336/595 615/336/599
f 610/337/594 615/336/599 614/337/598
f 619/340/603 620/339/604 624/341/608
f 619/340/603 624/341/608 623/342/607
f 614/337/598 615/336/599 619/340/603
f 614/337/598 619/340/603 618/343/602
f 615/336/599 616/334/600 620/339/604
f 615/336/599 620/339/604 619/340/603
f 613/333/597 614/337/598 618/343/602
f 613/333/597 618/343/602 617/338/601
f 624/341/608 621/344/605 625/344/609
f 624/341/608 625/344/609 628/341/612
f 617/338/601 618/343/602 622/345/606
f 617/338/601 622/345/606 621/344/605
f 620/339/604 617/338/601 621/344/605
f 620/339/604 621/344/605 624/341/608
f 618/343/602 619/340/603 623/342/607
f 618/343/602 623/342/607 622/345/606
f 626/345/610 627/342/611 631/346/615
f 626/345/610 631/346/615 630/347/614
f 622/345/606 623/342/607 627/342/611
f 622/345/606 627/342/611 626/345/610
f 623/342/607 624/341/608 628/341/612
f 623/342/607 628/341/612 627/342/611
f 621/344/605 622/345/606 626/345/610
f 621/344/605 626/345/610 625/344/609
f 631/346/615 632/348/616 640/349/624
f 631/346/615 640/349/624 639/350/623
f 627/342/611 628/341/612 632/348/616
f 627/342/611 632/348/616 631/346/615
f 625/344/609 626/345/610 630/347/614
f 625/344/609 630/347/614 629/351/613
f 628/341/612 625/344/609 629/351/613
f 628/341/612 629/351/613 632/348/616
f 635/352/619 636/353/620 648/354/632
f 635/352/619 648/354/632 647/355/631
f 629/351/613 630/347/614 638/356/622
f 629/351/613 638/356/622 637/357/621
f 632/348/616 629/351/613 637/357/621
f 632/348/616 637/357/621 640/349/624
f 630/347/614 631/346/615 639/350/623
f 630/347/614 639/350/623 638/356/622
f 634/358/618 633/359/617 637/357/621
f 634/358/618 637/357/621 638/356/622
f 635/352/619 634/358/618 638/356/622
f 635/352/619 638/356/622 639/350/623
f 636/353/620 635/352/619 639/350/623
f 636/353/620 639/350/623 640/349/624
f 633/359/617 636/353/620 640/349/624
f 633/359/617 640/349/624 637/357/621
f 643/360/627 644/361/628 656/362/640
f 643/360/627 656/362/640 655/363/639
f 633/359/617 634/358/618 646/364/630
f 633/359/617 646/364/630 645/365/629
f 636/353/620 633/359/617 645/365/629
f 636/353/620 645/365/629 648/354/632
f 634/358/618 635/352/619 647/355/631
f 634/358/618 647/355/631 646/364/630
f 642/366/626 641/367/625 645/365/629
f 642/366/626 645/365/629 646/364/630
f 643/360/627 642/366/626 646/364/630
f 643/360/627 646/364/630 647/355/631
f 644/361/628 643/360/627 647/355/631
f 644/361/628 647/355/631 648/354/632
f 641/367/625 644/361/628 648/354/632
f 641/367/625 648/354/632 645/365/629
f 651/368/635 652/369/636 660/370/644
f 651/368/635 660/370/644 659/371/643
f 641/367/625 642/366/626 654/372/638
f 641/367/625 654/372/638 653/373/637
f 644/361/628 641/367/625 653/373/637
f 644/361/628 653/373/637 656/362/640
f 642/366/626 643/360/627 655/363/639
f 642/366/626 655/363/639 654/372/638
f 650/374/634 649/375/633 653/373/637
f 650/374/634 653/373/637 654/372/638
f 651/368/635 650/374/634 654/372/638
f 651/368/635 654/372/638 655/363/639
f 652/369/636 651/368/635 655/363/639
f 652/369/636 655/363/639 656/362/640
f 649/375/633 652/369/636 656/362/640
f 649/375/633 656/362/640 653/373/637
f 649/375/633 650/374/634 658/376/642
f 649/375/633 658/376/642 657/377/641
f 652/369/636 649/375/633 657/377/641
f 652/369/636 657/377/641 660/370/644
f 650/374/634 651/368/635 659/371/643
f 650/374/634 659/371/643 658/376/642
f 660/370/644 657/377/641 658/376/642
f 660/370/644 658/376/642 659/371/643
f 663/294/647 664/297/648 661/296/645
f 663/294/647 661/296/645 666/295/650
f 661/296/645 667/300/651 668/299/652
f 661/296/645 668/299/652 662/298/646
f 666/295/650 670/302/654 671/301/655
f 666/295/650 671/301/655 667/300/651
f 664/297/648 666/295/650 667/300/651
f 664/297/648 667/300/651 661/296/645
f 663/294/647 665/303/649 666/295/650
f 663/294/647 666/295/650 664/297/648
f 662/298/646 668/299/652 665/303/649
f 662/298/646 665/303/649 663/294/647
f 671/301/655 675/306/659 676/305/660
f 671/301/655 676/305/660 672/304/656
f 667/300/651 671/301/655 672/304/656
f 667/300/651 672/304/656 668/299/652
f 665/303/649 669/307/653 670/302/654
f 665/303/649 670/302/654 666/295/650
f 668/299/652 672/304/656 669/307/653
f 668/299/652 669/307/653 665/303/649
f 675/306/659 679/309/663 680/308/664
f 675/306/659 680/308/664 676/305/660
f 669/307/653 673/311/657 674/310/658
f 669/307/653 674/310/658 670/302/654
f 672/304/656 676/305/660 673/311/657
f 672/304/656 673/311/657 669/307/653
f 670/302/654 674/310/658 675/306/659
f 670/302/654 675/306/659 671/301/655
f 680/308/664 684/308/668 681/312/665
f 680/308/664 681/312/665 677/312/661
f 673/311/657 677/312/661 678/313/662
f 673/311/657 678/313/662 674/310/658
f 676/305/660 680/308/664 677/312/661
f 676/305/660 677/312/661 673/311/657
f 674/310/658 678/313/662 679/309/663
f 674/310/658 679/309/663 675/306/659
f 682/313/666 686/315/670 687/314/671
f 682/313/666 687/314/671 683/309/667
f 678/313/662 682/313/666 683/309/667
f 678/313/662 683/309/667 679/309/663
f 679/309/663 683/309/667 684/308/668
f 679/309/663 684/308/668 680/308/664
f 677/312/661 681/312/665 682/313/666
f 677/312/661 682/313/666 678/313/662
f 685/316/669 689/316/673 690/315/674
f 685/316/669 690/315/674 686/315/670
f 683/309/667 687/314/671 688/317/672
f 683/309/667 688/317/672 684/308/668
f 681/312/665 685/316/669 686/315/670
f 681/312/665 686/315/670 682/313/666
f 684/308/668 688/317/672 685/316/669
f 684/308/668 685/316/669 681/312/665
f 692/317/676 696/319/680 693/318/677
f 692/317/676 693/318/677 689/316/673
f 688/317/672 692/317/676 689/316/673
f 688/317/672 689/316/673 685/316/669
f 686/315/670 690/315/674 691/314/675
f 686/315/670 691/314/675 687/314/671
f 687/314/671 691/314/675 692/317/676
f 687/314/671 692/317/676 688/317/672
f 695/320/679 699/322/683 700/321/684
f 695/320/679 700/321/684 696/319/680
f 690/315/674 694/323/678 695/320/679
f 690/315/674 695/320/679 691/314/675
f 691/314/675 695/320/679 696/319/680
f 691/314/675 696/319/680 692/317/676
f 689/316/673 693/318/677 694/323/678
f 689/316/673 694/323/678 690/315/674
f 700/321/684 704/326/688 701/325/685
f 700/321/684 701/325/685 697/324/681
f 693/318/677 697/324/681 698/327/682
f 693/318/677 698/327/682 694/323/678
f 696/319/680 700/321/684 697/324/681
f 696/319/680 697/324/681 693/318/677
f 694/323/678 698/327/682 699/322/683
f 694/323/678 699/322/683 695/320/679
f 703/328/687 707/330/691 708/329/692
f 703/328/687 708/329/692 704/326/688
f 698/327/682 702/331/686 703/328/687
f 698/327/682 703/328/687 699/322/683
f 699/322/683 703/328/687 704/326/688
f 699/322/683 704/326/688 700/321/684
f 697/324/681 701/325/685 702/331/686
f 697/324/681 702/331/686 698/327/682
f 708/329/692 712/334/696 709/333/693
f 708/329/692 709/333/693 705/332/689
f 701/325/685 705/332/689 706/335/690
f 701/325/685 706/335/690 702/331/686
f 704/326/688 708/329/692 705/332/689
f 704/326/688 705/332/689 701/325/685
f 702/331/686 706/335/690 707/330/691
f 702/331/686 707/330/691 703/328/687
f 711/336/695 715/336/699 716/334/700
f 711/336/695 716/334/700 712/334/696
f 706/335/690 710/337/694 711/336/695
f 706/335/690 711/336/695 707/330/691
f 707/330/691 711/336/695 712/334/696
f 707/330/691 712/334/696 708/329/692
f 705/332/689 709/333/693 710/337/694
f 705/332/689 710/337/694 706/335/690
f 716/334/700 720/339/704 717/338/701
f 716/334/700 717/338/701 713/333/697
f 709/333/693 713/333/697 714/337/698
f 709/333/693 714/337/698 710/337/694
f 712/334/696 716/334/700 713/333/697
f 712/334/696 713/333/697 709/333/693
f 710/337/694 714/337/698 715/336/699
f 710/337/694 715/336/699 711/336/695
f 719/340/703 723/342/707 724/341/708
f 719/340/703 724/341/708 720/339/704
f 714/337/698 718/343/702 719/340/703
f 714/337/698 719/340/703 715/336/699
f 715/336/699 719/340/703 720/339/704
f 715/336/699 720/339/704 716/334/700
f 713/333/697 717/338/701 718/343/702
f 713/333/697 718/343/702 714/337/698
f 724/341/708 728/341/712 725/344/709
f 724/341/708 725/344/709 721/344/705
f 717/338/701 721/344/705 722/345/706
f 717/338/701 722/345/706 718/343/702
f 720/339/704 724/341/708 721/344/705
f 720/339/704 721/344/705 717/338/701
f 718/343/702 722/345/706 723/342/707
f 718/343/702 723/342/707 719/340/703
f 726/345/710 730/347/714 731/346/715
f 726/345/710 731/346/715 727/342/711
f 722/345/706 726/345/710 727/342/711
f 722/345/706 727/342/711 723/342/707
f 723/342/707 727/342/711 728/341/712
f 723/342/707 728/341/712 724/341/708
f 721/344/705 725/344/709 726/345/710
f 721/344/705 726/345/710 722/345/706
f 731/346/715 739/350/723 740/349/724
f 731/346/715 740/349/724 732/348/716
f 727/342/711 731/346/715 732/348/716
f 727/342/711 732/348/716 728/341/712
f 725/344/709 729/351/713 730/347/714
f 725/344/709 730/347/714 726/345/710
f 728/341/712 732/348/716 729/351/713
f 728/341/712 729/351/713 725/344/709
f 735/352/719 747/355/731 748/354/732
f 735/352/719 748/354/732 736/353/720
f 729/351/713 737/357/721 738/356/722
f 729/351/713 738/356/722 730/347/714
f 732/348/716 740/349/724 737/357/721
f 732/348/716 737/357/721 729/351/713
f 730/347/714 738/356/722 739/350/723
f 730/347/714 739/350/723 731/346/715
f 734/358/718 738/356/722 737/357/721
f 734/358/718 737/357/721 733/359/717
f 735/352/719 739/350/723 738/356/722
f 735/352/719 738/356/722 734/358/718
f 736/353/720 740/349/724 739/350/723
f 736/353/720 739/350/723 735/352/719
f 733/359/717 737/357/721 740/349/724
f 733/359/717 740/349/724 736/353/720
f 743/360/727 755/363/739 756/362/740
f 743/360/727 756/362/740 744/361/728
f 733/359/717 745/365/729 746/364/730
f 733/359/717 746/364/730 734/358/718
f 736/353/720 748/354/732 745/365/729
f 736/353/720 745/365/729 733/359/717
f 734/358/718 746/364/730 747/355/731
f 734/358/718 747/355/731 735/352/719
f 742/366/726 746/364/730 745/365/729
f 742/366/726 745/365/729 741/367/725
f 743/360/727 747/355/731 746/364/730
f 743/360/727 746/364/730 742/366/726
f 744/361/728 748/354/732 747/355/731
f 744/361/728 747/355/731 743/360/727
f 741/367/725 745/365/729 748/354/732
f 741/367/725 748/354/732 744/361/728
f 751/368/735 759/371/743 760/370/744
f 751/368/735 760/370/744 752/369/736
f 741/367/725 753/373/737 754/372/738
f 741/367/725 754/372/738 742/366/726
f 744/361/728 756/362/740 753/373/737
f 744/361/728 753/373/737 741/367/725
f 742/366/726 754/372/738 755/363/739
f 742/366/726 755/363/739 743/360/727
f 750/374/734 754/372/738 753/373/737
f 750/374/734 753/373/737 749/375/733
f 751/368/735 755/363/739 754/372/738
f 751/368/735 754/372/738 750/374/734
f 752/369/736 756/362/740 755/363/739
f 752/369/736 755/363/739 751/368/735
f 749/375/733 753/373/737 756/362/740
f 749/375/733 756/362/740 752/369/736
f 749/375/733 757/377/741 758/376/742
f 749/375/733 758/376/742 750/374/734
f 752/369/736 760/370/744 757/377/741
f 752/369/736 757/377/741 749/375/733
f 750/374/734 758/376/742 759/371/743
f 750/374/734 759/371/743 751/368/735
f 760/370/744 759/371/743 758/376/742
f 760/370/744 758/376/742 757/377/741
f 764/378/748 761/379/745 768/380/752
f 764/378/748 768/380/752 766/381/750
f 768/380/752 767/382/751 771/383/755
f 768/380/752 771/383/755 772/384/756
f 761/379/745 762/385/746 767/382/751
f 761/379/745 767/382/751 768/380/752
f 763/386/747 764/378/748 766/381/750
f 763/386/747 766/381/750 765/387/749
f 762/385/746 763/386/747 765/387/749
f 762/385/746 765/387/749 767/382/751
f 769/388/753 770/389/754 774/390/758
f 769/388/753 774/390/758 773/391/757
f 765/387/749 766/381/750 770/389/754
f 765/387/749 770/389/754 769/388/753
f 766/381/750 768/380/752 772/384/756
f 766/381/750 772/384/756 770/389/754
f 767/382/751 765/387/749 769/388/753
f 767/382/751 769/388/753 771/383/755
f 774/390/758 776/392/760 780/393/764
f 774/390/758 780/393/764 778/394/762
f 770/389/754 772/384/756 776/392/760
f 770/389/754 776/392/760 774/390/758
f 771/383/755 769/388/753 773/391/757
f 771/383/755 773/391/757 775/395/759
f 772/384/756 771/383/755 775/395/759
f 772/384/756 775/395/759 776/392/760
f 780/393/764 779/396/763 783/397/767
f 780/393/764 783/397/767 784/398/768
f 775/395/759 773/391/757 777/399/761
f 775/395/759 777/399/761 779/396/763
f 776/392/760 775/395/759 779/396/763
f 776/392/760 779/396/763 780/393/764
f 773/391/757 774/390/758 778/394/762
f 773/391/757 778/394/762 777/399/761
f 784/398/768 783/397/767 787/400/771
f 784/398/768 787/400/771 788/401/772
f 777/399/761 778/394/762 782/402/766
f 777/399/761 782/402/766 781/403/765
f 778/394/762 780/393/764 784/398/768
f 778/394/762 784/398/768 782/402/766
f 779/396/763 777/399/761 781/403/765
f 779/396/763 781/403/765 783/397/767
f 787/400/771 785/404/769 789/405/773
f 787/400/771 789/405/773 791/406/775
f 781/403/765 782/402/766 786/407/770
f 781/403/765 786/407/770 785/404/769
f 782/402/766 784/398/768 788/401/772
f 782/402/766 788/401/772 786/407/770
f 783/397/767 781/403/765 785/404/769
f 783/397/767 785/404/769 787/400/771
f 792/408/776 791/406/775 795/409/779
f 792/408/776 795/409/779 796/410/780
f 788/401/772 787/400/771 791/406/775
f 788/401/772 791/406/775 792/408/776
f 785/404/769 786/407/770 790/411/774
f 785/404/769 790/411/774 789/405/773
f 786/407/770 788/401/772 792/408/776
f 786/407/770 792/408/776 790/411/774
f 794/412/778 796/410/780 804/413/788
f 794/412/778 804/413/788 802/414/786
f 789/405/773 790/411/774 794/412/778
f 789/405/773 794/412/778 793/415/777
f 790/411/774 792/408/776 796/410/780
f 790/411/774 796/410/780 794/412/778
f 791/406/775 789/405/773 793/415/777
f 791/406/775 793/415/777 795/409/779
f 798/416/782 800/417/784 808/418/792
f 798/416/782 808/418/792 806/419/790
f 795/409/779 793/415/777 801/420/785
f 795/409/779 801/420/785 803/421/787
f 796/410/780 795/409/779 803/421/787
f 796/410/780 803/421/787 804/413/788
f 793/415/777 794/412/778 802/414/786
f 793/415/777 802/414/786 801/420/785
f 798/416/782 797/422/781 801/420/785
f 798/416/782 801/420/785 802/414/786
f 797/422/781 799/423/783 803/421/787
f 797/422/781 803/421/787 801/420/785
f 799/423/783 800/417/784 804/413/788
f 799/423/783 804/413/788 803/421/787
f 800/417/784 798/416/782 802/414/786
f 800/417/784 802/414/786 804/413/788
f 799/423/783 797/422/781 805/424/789
f 799/423/783 805/424/789 807/425/791
f 800/417/784 799/423/783 807/425/791
f 800/417/784 807/425/791 808/418/792
f 797/422/781 798/416/782 806/419/790
f 797/422/781 806/419/790 805/424/789
f 805/424/789 806/419/790 808/418/792
f 805/424/789 808/418/792 807/425/791
f 812/393/796 816/398/800 815/397/799
f 812/393/796 815/397/799 811/396/795
f 816/398/800 820/401/804 819/400/803
f 816/398/800 819/400/803 815/397/799
f 809/399/793 813/403/797 814/402/798
f 809/399/793 814/402/798 810/394/794
f 810/394/794 814/402/798 816/398/800
f 810/394/794 816/398/800 812/393/796
f 811/396/795 815/397/799 813/403/797
f 811/396/795 813/403/797 809/399/793
f 819/400/803 823/406/807 821/405/805
f 819/400/803 821/405/805 817/404/801
f 813/403/797 817/404/801 818/407/802
f 813/403/797 818/407/802 814/402/798
f 814/402/798 818/407/802 820/401/804
f 814/402/798 820/401/804 816/398/800
f 815/397/799 819/400/803 817/404/801
f 815/397/799 817/404/801 813/403/797
f 824/408/808 828/410/812 827/409/811
f 824/408/808 827/409/811 823/406/807
f 820/401/804 824/408/808 823/406/807
f 820/401/804 823/406/807 819/400/803
f 817/404/801 821/405/805 822/411/806
f 817/404/801 822/411/806 818/407/802
f 818/407/802 822/411/806 824/408/808
f 818/407/802 824/408/808 820/401/804
f 826/412/810 834/414/818 836/413/820
f 826/412/810 836/413/820 828/410/812
f 821/405/805 825/415/809 826/412/810
f 821/405/805 826/412/810 822/411/806
f 822/411/806 826/412/810 828/410/812
f 822/411/806 828/410/812 824/408/808
f 823/406/807 827/409/811 825/415/809
f 823/406/807 825/415/809 821/405/805
f 830/416/814 838/419/822 840/418/824
f 830/416/814 840/418/824 832/417/816
f 827/409/811 835/421/819 833/420/817
f 827/409/811 833/420/817 825/415/809
f 828/410/812 836/413/820 835/421/819
f 828/410/812 835/421/819 827/409/811
f 825/415/809 833/420/817 834/414/818
f 825/415/809 834/414/818 826/412/810
f 830/416/814 834/414/818 833/420/817
f 830/416/814 833/420/817 829/422/813
f 829/422/813 833/420/817 835/421/819
f 829/422/813 835/421/819 831/423/815
f 831/423/815 835/421/819 836/413/820
f 831/423/815 836/413/820 832/417/816
f 832/417/816 836/413/820 834/414/818
f 832/417/816 834/414/818 830/416/814
f 831/423/815 839/425/823 837/424/821
f 831/423/815 837/424/821 829/422/813
f 832/417/816 840/418/824 839/425/823
f 832/417/816 839/425/823 831/423/815
f 829/422/813 837/424/821 838/419/822
f 829/422/813 838/419/822 830/416/814
f 837/424/821 839/425/823 840/418/824
f 837/424/821 840/418/824 838/419/822
l 97 96
l 97 98
l 200 199
l 200 201
