# Blender 4.5.5 LTS
# www.blender.org
mtllib Animal_Native_Snail.mtl
o Native_Apple_Snail
v -0.021560 0.014303 0.010022
v -0.024957 0.003373 0.011269
v -0.031015 0.017016 -0.011719
v -0.035875 0.006506 -0.013836
v -0.022186 0.019729 -0.033722
v -0.025680 0.009639 -0.039242
v -0.000244 0.020853 -0.043098
v -0.000344 0.010936 -0.050068
v 0.021957 0.019729 -0.034354
v 0.025292 0.009639 -0.039972
v 0.031413 0.017016 -0.012613
v 0.036210 0.006506 -0.014868
v 0.022584 0.014303 0.009390
v 0.026015 0.003373 0.010539
v 0.000642 0.013179 0.018766
v 0.000679 0.002076 0.021365
v -0.051549 0.052767 -0.069925
v -0.049203 0.054285 -0.072000
v -0.045986 0.055240 -0.072924
v -0.051702 0.053702 -0.069114
v -0.049477 0.055969 -0.070538
v -0.046328 0.057340 -0.071100
v -0.051866 0.054276 -0.068019
v -0.049774 0.057004 -0.068566
v -0.046698 0.058631 -0.068641
v -0.052021 0.054413 -0.066789
v -0.050053 0.057250 -0.066350
v -0.047046 0.058938 -0.065878
v -0.052145 0.054093 -0.065590
v -0.050276 0.056674 -0.064189
v -0.047325 0.058220 -0.063183
v -0.052222 0.053361 -0.064584
v -0.050414 0.055354 -0.062376
v -0.047496 0.056574 -0.060922
v -0.052240 0.052314 -0.063906
v -0.050447 0.053468 -0.061155
v -0.047538 0.054222 -0.059400
v -0.052198 0.051095 -0.063649
v -0.050372 0.051270 -0.060691
v -0.047444 0.051482 -0.058821
v -0.052102 0.049867 -0.063847
v -0.050198 0.049058 -0.061047
v -0.047227 0.048723 -0.059265
v -0.051964 0.048797 -0.064472
v -0.049949 0.047131 -0.062175
v -0.046917 0.046320 -0.060671
v -0.051802 0.048030 -0.065442
v -0.049659 0.045748 -0.063922
v -0.046554 0.044595 -0.062850
v -0.051640 0.047668 -0.066624
v -0.049366 0.045096 -0.066052
v -0.046189 0.043782 -0.065507
v -0.052561 0.050989 -0.067109
v -0.051498 0.047761 -0.067860
v -0.049110 0.045264 -0.068279
v -0.045871 0.043991 -0.068283
v -0.051396 0.048296 -0.068981
v -0.048927 0.046228 -0.070300
v -0.045642 0.045194 -0.070803
v -0.051348 0.049201 -0.069838
v -0.048840 0.047859 -0.071843
v -0.045533 0.047228 -0.072728
v -0.051360 0.050354 -0.070314
v -0.048861 0.049936 -0.072700
v -0.045560 0.049818 -0.073796
v -0.051430 0.051599 -0.070344
v -0.048988 0.052179 -0.072755
v -0.045718 0.052615 -0.073865
v -0.047773 0.047939 -0.067512
v -0.047652 0.047869 -0.068177
v -0.047566 0.047952 -0.068150
v -0.047458 0.047981 -0.068101
v -0.047355 0.047947 -0.068043
v -0.047287 0.047860 -0.067991
v -0.047270 0.047742 -0.067959
v -0.047310 0.047626 -0.067957
v -0.047396 0.047543 -0.067984
v -0.047505 0.047515 -0.068033
v -0.047607 0.047549 -0.068091
v -0.047675 0.047636 -0.068143
v -0.047692 0.047753 -0.068175
v -0.047640 0.047969 -0.068665
v -0.047488 0.048138 -0.068573
v -0.047279 0.048195 -0.068459
v -0.047068 0.048127 -0.068354
v -0.046913 0.047950 -0.068286
v -0.046854 0.047712 -0.068273
v -0.046908 0.047478 -0.068318
v -0.047060 0.047309 -0.068410
v -0.047269 0.047251 -0.068524
v -0.047480 0.047319 -0.068629
v -0.047635 0.047496 -0.068697
v -0.047694 0.047734 -0.068710
v -0.047690 0.048138 -0.068984
v -0.047497 0.048375 -0.068780
v -0.047196 0.048456 -0.068585
v -0.046868 0.048359 -0.068451
v -0.046600 0.048109 -0.068414
v -0.046465 0.047775 -0.068484
v -0.046498 0.047445 -0.068642
v -0.046691 0.047207 -0.068847
v -0.046991 0.047127 -0.069042
v -0.047320 0.047224 -0.069176
v -0.047587 0.047473 -0.069213
v -0.047723 0.047808 -0.069143
v -0.047760 0.048429 -0.069300
v -0.047544 0.048694 -0.068949
v -0.047155 0.048787 -0.068665
v -0.046698 0.048682 -0.068525
v -0.046293 0.048408 -0.068566
v -0.046051 0.048037 -0.068777
v -0.046035 0.047671 -0.069101
v -0.046251 0.047405 -0.069453
v -0.046640 0.047313 -0.069737
v -0.047098 0.047417 -0.069877
v -0.047502 0.047692 -0.069836
v -0.047744 0.048062 -0.069625
v -0.047845 0.048830 -0.069575
v -0.047611 0.049088 -0.069071
v -0.047140 0.049171 -0.068687
v -0.046561 0.049055 -0.068525
v -0.046027 0.048773 -0.068629
v -0.045682 0.048399 -0.068971
v -0.045618 0.048035 -0.069459
v -0.045853 0.047776 -0.069963
v -0.046323 0.047694 -0.070347
v -0.046903 0.047810 -0.070509
v -0.047437 0.048092 -0.070405
v -0.047782 0.048466 -0.070063
v -0.047959 0.049206 -0.069763
v -0.047716 0.049401 -0.069097
v -0.047170 0.049443 -0.068605
v -0.046469 0.049321 -0.068420
v -0.045800 0.049067 -0.068590
v -0.045343 0.048750 -0.069071
v -0.045219 0.048454 -0.069733
v -0.045463 0.048260 -0.070399
v -0.046008 0.048218 -0.070890
v -0.046709 0.048340 -0.071076
v -0.047378 0.048594 -0.070906
v -0.047836 0.048911 -0.070425
v -0.048115 0.049631 -0.069845
v -0.047864 0.049721 -0.069030
v -0.047245 0.049696 -0.068436
v -0.046425 0.049563 -0.068222
v -0.045623 0.049358 -0.068446
v -0.045054 0.049135 -0.069048
v -0.044870 0.048954 -0.069866
v -0.045121 0.048864 -0.070682
v -0.045739 0.048889 -0.071276
v -0.046559 0.049022 -0.071490
v -0.047362 0.049227 -0.071265
v -0.047931 0.049450 -0.070664
v -0.048263 0.050074 -0.069891
v -0.047998 0.050058 -0.068947
v -0.047302 0.049968 -0.068262
v -0.046363 0.049829 -0.068020
v -0.045431 0.049678 -0.068284
v -0.044756 0.049556 -0.068985
v -0.044520 0.049495 -0.069935
v -0.044785 0.049511 -0.070878
v -0.045481 0.049601 -0.071564
v -0.046420 0.049740 -0.071806
v -0.047352 0.049891 -0.071542
v -0.048027 0.050013 -0.070841
v -0.048449 0.050593 -0.069859
v -0.048173 0.050395 -0.068810
v -0.047402 0.050200 -0.068046
v -0.046343 0.050058 -0.067771
v -0.045279 0.050009 -0.068061
v -0.044497 0.050065 -0.068836
v -0.044204 0.050211 -0.069890
v -0.044481 0.050408 -0.070939
v -0.045252 0.050604 -0.071703
v -0.046311 0.050745 -0.071977
v -0.047374 0.050795 -0.071688
v -0.048157 0.050739 -0.070913
v -0.048642 0.051173 -0.069707
v -0.048351 0.050740 -0.068598
v -0.047506 0.050383 -0.067786
v -0.046331 0.050196 -0.067489
v -0.045143 0.050230 -0.067787
v -0.044259 0.050475 -0.068600
v -0.043916 0.050866 -0.069710
v -0.044207 0.051299 -0.070819
v -0.045052 0.051657 -0.071631
v -0.046227 0.051843 -0.071927
v -0.047415 0.051810 -0.071630
v -0.048299 0.051564 -0.070817
v -0.048856 0.051607 -0.069506
v -0.048548 0.050885 -0.068410
v -0.047625 0.050332 -0.067598
v -0.046334 0.050096 -0.067286
v -0.045022 0.050241 -0.067559
v -0.044040 0.050728 -0.068344
v -0.043651 0.051427 -0.069429
v -0.043959 0.052149 -0.070525
v -0.044881 0.052702 -0.071337
v -0.046172 0.052938 -0.071649
v -0.047484 0.052792 -0.071376
v -0.048466 0.052305 -0.070591
v -0.049096 0.052060 -0.069131
v -0.048759 0.051001 -0.068168
v -0.047752 0.050221 -0.067434
v -0.046344 0.049927 -0.067125
v -0.044913 0.050201 -0.067325
v -0.043842 0.050966 -0.067979
v -0.043418 0.052020 -0.068914
v -0.043754 0.053079 -0.069877
v -0.044761 0.053860 -0.070611
v -0.046169 0.054153 -0.070920
v -0.047600 0.053880 -0.070720
v -0.048672 0.053114 -0.070066
v -0.049365 0.052519 -0.068474
v -0.048995 0.051211 -0.067642
v -0.047900 0.050242 -0.067009
v -0.046373 0.049872 -0.066745
v -0.044824 0.050199 -0.066920
v -0.043667 0.051137 -0.067487
v -0.043213 0.052432 -0.068295
v -0.043583 0.053740 -0.069127
v -0.044678 0.054709 -0.069760
v -0.046205 0.055079 -0.070024
v -0.047754 0.054752 -0.069850
v -0.048911 0.053814 -0.069282
v -0.049596 0.053005 -0.067643
v -0.049197 0.051482 -0.066960
v -0.048017 0.050342 -0.066459
v -0.046372 0.049889 -0.066275
v -0.044703 0.050245 -0.066457
v -0.043458 0.051314 -0.066956
v -0.042969 0.052811 -0.067638
v -0.043369 0.054333 -0.068321
v -0.044549 0.055474 -0.068822
v -0.046193 0.055927 -0.069006
v -0.047862 0.055571 -0.068824
v -0.049107 0.054501 -0.068326
v -0.049819 0.053297 -0.066789
v -0.049396 0.051535 -0.066478
v -0.048135 0.050216 -0.066254
v -0.046374 0.049694 -0.066177
v -0.044585 0.050108 -0.066266
v -0.043247 0.051347 -0.066500
v -0.042720 0.053080 -0.066813
v -0.043143 0.054842 -0.067124
v -0.044404 0.056161 -0.067348
v -0.046165 0.056683 -0.067425
v -0.047954 0.056269 -0.067336
v -0.049291 0.055030 -0.067103
v -0.050051 0.053340 -0.065785
v -0.049609 0.051432 -0.065882
v -0.048272 0.050001 -0.065991
v -0.046397 0.049432 -0.066083
v -0.044488 0.049877 -0.066132
v -0.043056 0.051216 -0.066126
v -0.042484 0.053091 -0.066067
v -0.042926 0.054999 -0.065969
v -0.044263 0.056429 -0.065860
v -0.046137 0.056998 -0.065769
v -0.048046 0.056553 -0.065719
v -0.049479 0.055214 -0.065725
v -0.050211 0.053215 -0.064676
v -0.049768 0.051237 -0.065156
v -0.048372 0.049763 -0.065626
v -0.046397 0.049189 -0.065960
v -0.044372 0.049669 -0.066068
v -0.042840 0.051073 -0.065921
v -0.042211 0.053027 -0.065560
v -0.042654 0.055005 -0.065080
v -0.044050 0.056479 -0.064610
v -0.046025 0.057053 -0.064276
v -0.048050 0.056573 -0.064168
v -0.049582 0.055168 -0.064315
v -0.050299 0.052881 -0.063608
v -0.049886 0.050922 -0.064534
v -0.048459 0.049482 -0.065403
v -0.046398 0.048948 -0.065983
v -0.044257 0.049462 -0.066119
v -0.042610 0.050888 -0.065773
v -0.041896 0.052842 -0.065038
v -0.042309 0.054801 -0.064112
v -0.043736 0.056241 -0.063243
v -0.045797 0.056775 -0.062663
v -0.047938 0.056260 -0.062528
v -0.049586 0.054835 -0.062874
v -0.050468 0.052349 -0.062591
v -0.050099 0.050444 -0.063993
v -0.048620 0.049076 -0.065284
v -0.046425 0.048611 -0.066118
v -0.044103 0.049173 -0.066272
v -0.042277 0.050612 -0.065703
v -0.041435 0.052542 -0.064566
v -0.041804 0.054447 -0.063164
v -0.043284 0.055815 -0.061873
v -0.045478 0.056281 -0.061039
v -0.047800 0.055718 -0.060885
v -0.049626 0.054279 -0.061453
v -0.050601 0.051610 -0.061636
v -0.050289 0.049806 -0.063471
v -0.048765 0.048560 -0.065157
v -0.046438 0.048204 -0.066242
v -0.043932 0.048835 -0.066435
v -0.041917 0.050282 -0.065684
v -0.040934 0.052160 -0.064192
v -0.041246 0.053963 -0.062357
v -0.042770 0.055210 -0.060671
v -0.045097 0.055566 -0.059586
v -0.047604 0.054935 -0.059393
v -0.049619 0.053487 -0.060143
v -0.050664 0.050671 -0.060708
v -0.050434 0.049048 -0.062966
v -0.048894 0.048004 -0.065045
v -0.046455 0.047820 -0.066389
v -0.043772 0.048543 -0.066636
v -0.041562 0.049981 -0.065721
v -0.040419 0.051748 -0.063889
v -0.040649 0.053370 -0.061631
v -0.042189 0.054414 -0.059551
v -0.044628 0.054599 -0.058208
v -0.047311 0.053875 -0.057960
v -0.049520 0.052438 -0.058875
v -0.050628 0.049467 -0.059879
v -0.050536 0.048175 -0.062572
v -0.049033 0.047481 -0.065060
v -0.046520 0.047570 -0.066676
v -0.043672 0.048420 -0.066987
v -0.041250 0.049801 -0.065909
v -0.039905 0.051345 -0.063732
v -0.039997 0.052637 -0.061038
v -0.041500 0.053331 -0.058550
v -0.044013 0.053242 -0.056935
v -0.046861 0.052393 -0.056624
v -0.049283 0.051011 -0.057701
v -0.050489 0.048036 -0.059231
v -0.050575 0.047162 -0.062295
v -0.049151 0.046916 -0.065136
v -0.046599 0.047362 -0.066992
v -0.043602 0.048381 -0.067367
v -0.040964 0.049701 -0.066159
v -0.039392 0.050967 -0.063693
v -0.039306 0.051840 -0.060629
v -0.040730 0.052087 -0.057789
v -0.043282 0.051640 -0.055932
v -0.046278 0.050621 -0.055558
v -0.048916 0.049302 -0.056765
v -0.050235 0.046406 -0.058824
v -0.050540 0.046024 -0.062174
v -0.049242 0.046311 -0.065288
v -0.046691 0.047193 -0.067331
v -0.043569 0.048431 -0.067756
v -0.040713 0.049696 -0.066450
v -0.038889 0.050646 -0.063761
v -0.038584 0.051029 -0.060411
v -0.039882 0.050741 -0.057297
v -0.042433 0.049860 -0.055254
v -0.045555 0.048621 -0.054829
v -0.048411 0.047357 -0.056136
v -0.049738 0.044395 -0.058714
v -0.050301 0.044518 -0.062252
v -0.049210 0.045446 -0.065537
v -0.046760 0.046929 -0.067691
v -0.043605 0.048571 -0.068135
v -0.040592 0.049931 -0.066752
v -0.038528 0.050645 -0.063910
v -0.037965 0.050522 -0.060373
v -0.039055 0.049594 -0.057087
v -0.041506 0.048111 -0.054934
v -0.044660 0.046469 -0.054489
v -0.047674 0.045109 -0.055873
v -0.048962 0.042310 -0.058992
v -0.049874 0.043069 -0.062583
v -0.049020 0.044635 -0.065918
v -0.046629 0.046588 -0.068104
v -0.043342 0.048404 -0.068554
v -0.040039 0.049597 -0.067148
v -0.037607 0.049847 -0.064263
v -0.036695 0.049088 -0.060672
v -0.037549 0.047522 -0.057337
v -0.039940 0.045570 -0.055151
v -0.043227 0.043754 -0.054701
v -0.046529 0.042560 -0.056106
v -0.048165 0.039633 -0.060012
v -0.049509 0.041192 -0.063420
v -0.048965 0.043544 -0.066585
v -0.046681 0.046057 -0.068661
v -0.043267 0.048060 -0.069090
v -0.039639 0.049015 -0.067758
v -0.036769 0.048666 -0.065022
v -0.035426 0.047107 -0.061614
v -0.035970 0.044755 -0.058449
v -0.038254 0.042241 -0.056373
v -0.041668 0.040239 -0.055944
v -0.045295 0.039284 -0.057276
v -0.046984 0.037000 -0.062085
v -0.048838 0.039362 -0.064991
v -0.048791 0.042687 -0.067523
v -0.046856 0.046082 -0.069003
v -0.043550 0.048639 -0.069033
v -0.039760 0.049672 -0.067606
v -0.036502 0.048904 -0.065105
v -0.034648 0.046542 -0.062199
v -0.034695 0.043217 -0.059667
v -0.036630 0.039822 -0.058188
v -0.039936 0.037265 -0.058157
v -0.043726 0.036232 -0.059584
v -0.045507 0.035053 -0.065314
v -0.047996 0.038047 -0.067314
v -0.048598 0.042147 -0.068725
v -0.047151 0.046255 -0.069167
v -0.044044 0.049270 -0.068522
v -0.040108 0.050383 -0.066963
v -0.036398 0.049298 -0.064908
v -0.033909 0.046304 -0.062908
v -0.033307 0.042204 -0.061497
v -0.034754 0.038096 -0.061055
v -0.037861 0.035081 -0.061700
v -0.041797 0.033968 -0.063259
v -0.044064 0.034411 -0.069014
v -0.047089 0.037638 -0.070186
v -0.048269 0.042050 -0.070465
v -0.047288 0.046466 -0.069774
v -0.044408 0.049702 -0.068299
v -0.040402 0.050891 -0.066435
v -0.036342 0.049714 -0.064682
v -0.033317 0.046488 -0.063510
v -0.032137 0.042076 -0.063231
v -0.033118 0.037660 -0.063922
v -0.035997 0.034424 -0.065397
v -0.040004 0.033235 -0.067260
v -0.042398 0.034873 -0.073030
v -0.045910 0.038073 -0.073495
v -0.047675 0.042428 -0.072647
v -0.047220 0.046769 -0.070714
v -0.044667 0.049935 -0.068213
v -0.040700 0.051076 -0.065814
v -0.036382 0.049887 -0.064161
v -0.032870 0.046687 -0.063695
v -0.031105 0.042332 -0.064543
v -0.031560 0.037991 -0.066476
v -0.034113 0.034825 -0.068977
v -0.038080 0.033684 -0.071376
v -0.040687 0.036713 -0.076718
v -0.044699 0.039645 -0.076529
v -0.047088 0.043556 -0.074599
v -0.047213 0.047398 -0.071445
v -0.045042 0.050141 -0.067911
v -0.041156 0.051051 -0.064945
v -0.036596 0.049883 -0.063341
v -0.032585 0.046951 -0.063529
v -0.030196 0.043040 -0.065460
v -0.030070 0.039198 -0.068614
v -0.032241 0.036455 -0.072148
v -0.036127 0.035545 -0.075114
v -0.039452 0.038675 -0.079121
v -0.043758 0.041508 -0.078704
v -0.046488 0.045178 -0.076293
v -0.046910 0.048703 -0.072533
v -0.044911 0.051138 -0.068432
v -0.041028 0.051830 -0.065089
v -0.036299 0.050595 -0.063399
v -0.031993 0.047762 -0.063816
v -0.029263 0.044091 -0.066227
v -0.028841 0.040567 -0.069987
v -0.030840 0.038132 -0.074088
v -0.034723 0.037439 -0.077431
v -0.038357 0.040499 -0.081192
v -0.043032 0.043115 -0.080482
v -0.046085 0.046559 -0.077648
v -0.046697 0.049906 -0.073450
v -0.044705 0.052261 -0.069012
v -0.040642 0.052992 -0.065524
v -0.035597 0.051903 -0.063920
v -0.030922 0.049287 -0.064630
v -0.027870 0.045843 -0.067464
v -0.027258 0.042496 -0.071662
v -0.029250 0.040141 -0.076100
v -0.033312 0.039410 -0.079588
v -0.037405 0.043141 -0.083494
v -0.042560 0.045219 -0.082333
v -0.046060 0.048026 -0.078854
v -0.046970 0.050809 -0.073989
v -0.045043 0.052823 -0.069042
v -0.040798 0.053528 -0.065339
v -0.035371 0.052734 -0.063871
v -0.030216 0.050656 -0.065032
v -0.026715 0.047849 -0.068510
v -0.025806 0.045066 -0.073375
v -0.027732 0.043052 -0.078322
v -0.031978 0.042347 -0.082026
v -0.036239 0.048225 -0.085906
v -0.041860 0.049415 -0.084355
v -0.045872 0.050806 -0.080186
v -0.047200 0.052026 -0.074514
v -0.045488 0.052748 -0.068860
v -0.041194 0.052779 -0.064739
v -0.035470 0.052110 -0.063255
v -0.029848 0.050921 -0.064806
v -0.025836 0.049530 -0.068976
v -0.024508 0.048309 -0.074647
v -0.026221 0.047587 -0.080301
v -0.030514 0.047556 -0.084422
v -0.035560 0.054688 -0.086356
v -0.041569 0.054801 -0.084734
v -0.045985 0.054327 -0.080373
v -0.047627 0.053393 -0.074442
v -0.046053 0.052248 -0.068529
v -0.041685 0.051200 -0.064219
v -0.035694 0.050530 -0.062667
v -0.029685 0.050417 -0.064288
v -0.025269 0.050891 -0.068649
v -0.023627 0.051826 -0.074580
v -0.025201 0.052970 -0.080493
v -0.029569 0.054018 -0.084803
v -0.035364 0.059878 -0.085256
v -0.041665 0.059255 -0.083792
v -0.046326 0.057414 -0.079655
v -0.048099 0.054849 -0.073954
v -0.046509 0.052248 -0.068215
v -0.041981 0.050306 -0.063977
v -0.035729 0.049545 -0.062376
v -0.029428 0.050168 -0.063840
v -0.024767 0.052009 -0.067977
v -0.022994 0.054573 -0.073679
v -0.024585 0.057175 -0.079417
v -0.029113 0.059117 -0.083655
v -0.035419 0.063431 -0.083868
v -0.041984 0.062494 -0.082494
v -0.046839 0.059986 -0.078495
v -0.048683 0.056576 -0.072942
v -0.047022 0.053181 -0.067323
v -0.042302 0.050708 -0.063144
v -0.035787 0.049821 -0.061525
v -0.029222 0.050757 -0.062899
v -0.024367 0.053266 -0.066898
v -0.022523 0.056675 -0.072451
v -0.024183 0.060071 -0.078070
v -0.028904 0.062543 -0.082249
v -0.035444 0.066843 -0.082259
v -0.042268 0.065629 -0.080995
v -0.047306 0.062498 -0.077194
v -0.049209 0.058289 -0.071873
v -0.047467 0.054132 -0.066459
v -0.042545 0.051138 -0.062402
v -0.035764 0.050112 -0.060788
v -0.028940 0.051327 -0.062052
v -0.023902 0.054458 -0.065853
v -0.021999 0.058666 -0.071174
v -0.023742 0.062824 -0.076588
v -0.028663 0.065817 -0.080646
v -0.035558 0.070505 -0.079556
v -0.042647 0.069283 -0.078207
v -0.047880 0.065597 -0.074657
v -0.049855 0.060436 -0.069859
v -0.048043 0.055181 -0.065097
v -0.042929 0.051241 -0.061648
v -0.035884 0.049672 -0.060436
v -0.028795 0.050894 -0.061785
v -0.023562 0.054580 -0.065335
v -0.021587 0.059742 -0.070133
v -0.023399 0.064996 -0.074895
v -0.028513 0.068936 -0.078344
v -0.035134 0.074368 -0.075402
v -0.042488 0.073092 -0.074014
v -0.047956 0.068790 -0.070973
v -0.050071 0.062616 -0.067093
v -0.048267 0.056224 -0.063415
v -0.043028 0.051326 -0.060923
v -0.035757 0.049235 -0.060286
v -0.028402 0.050511 -0.061675
v -0.022935 0.054813 -0.064716
v -0.020819 0.060987 -0.068596
v -0.022623 0.067379 -0.072274
v -0.027862 0.072277 -0.074765
v -0.034770 0.077632 -0.069098
v -0.042433 0.075995 -0.068403
v -0.048188 0.070867 -0.066834
v -0.050494 0.063624 -0.064811
v -0.048733 0.056206 -0.062876
v -0.043377 0.050600 -0.061548
v -0.035861 0.048309 -0.061182
v -0.028199 0.049947 -0.061876
v -0.022443 0.055074 -0.063445
v -0.020137 0.062317 -0.065468
v -0.021898 0.069736 -0.067403
v -0.027254 0.075341 -0.068732
v -0.034639 0.079052 -0.061214
v -0.042577 0.077259 -0.061384
v -0.048552 0.071740 -0.061688
v -0.050963 0.063974 -0.062044
v -0.049165 0.056042 -0.062357
v -0.043638 0.050069 -0.062542
v -0.035865 0.047656 -0.062550
v -0.027927 0.049449 -0.062379
v -0.021952 0.054968 -0.062075
v -0.019540 0.062734 -0.061719
v -0.021339 0.070666 -0.061407
v -0.026865 0.076639 -0.061222
v -0.034865 0.078227 -0.053823
v -0.043054 0.076479 -0.054636
v -0.049194 0.071025 -0.056463
v -0.051638 0.063326 -0.058813
v -0.049733 0.055444 -0.061058
v -0.043989 0.049493 -0.062595
v -0.035944 0.047066 -0.063013
v -0.027755 0.048814 -0.062200
v -0.021615 0.054269 -0.060374
v -0.019170 0.061968 -0.058023
v -0.021076 0.069849 -0.055779
v -0.026820 0.075801 -0.054241
v -0.035024 0.076335 -0.047533
v -0.043474 0.074610 -0.048574
v -0.049787 0.069331 -0.051357
v -0.052272 0.061915 -0.055135
v -0.050263 0.054347 -0.058896
v -0.044299 0.048655 -0.061634
v -0.035977 0.046366 -0.062613
v -0.027527 0.048091 -0.061572
v -0.021214 0.053369 -0.058789
v -0.018729 0.060786 -0.055011
v -0.020737 0.068354 -0.051249
v -0.026702 0.074045 -0.048512
v -0.035057 0.073468 -0.041810
v -0.043814 0.071767 -0.043029
v -0.050352 0.066812 -0.046740
v -0.052919 0.059932 -0.051948
v -0.050827 0.052969 -0.057259
v -0.044637 0.047790 -0.061250
v -0.036008 0.045782 -0.062850
v -0.027251 0.047483 -0.061632
v -0.020713 0.052438 -0.057921
v -0.018146 0.059318 -0.052712
v -0.020238 0.066281 -0.047401
v -0.026428 0.071460 -0.043411
v -0.034884 0.069690 -0.036677
v -0.043975 0.067955 -0.037977
v -0.050784 0.063403 -0.042479
v -0.053486 0.057252 -0.048977
v -0.051357 0.051151 -0.055730
v -0.044967 0.046735 -0.060928
v -0.036029 0.045186 -0.063179
v -0.026937 0.046921 -0.061879
v -0.020128 0.051473 -0.057377
v -0.017426 0.057624 -0.050879
v -0.019556 0.063725 -0.044126
v -0.025945 0.068141 -0.038928
v -0.034452 0.065026 -0.032242
v -0.043877 0.063218 -0.033582
v -0.050990 0.059174 -0.038771
v -0.053887 0.053977 -0.046419
v -0.051791 0.049019 -0.054476
v -0.045263 0.045630 -0.060784
v -0.036053 0.044717 -0.063652
v -0.026628 0.046525 -0.062312
v -0.019514 0.050569 -0.057123
v -0.016617 0.055766 -0.049476
v -0.018714 0.060724 -0.041418
v -0.025242 0.064113 -0.035111
v -0.033723 0.059642 -0.028672
v -0.043467 0.057659 -0.030000
v -0.050919 0.054165 -0.035738
v -0.054082 0.050097 -0.044346
v -0.052108 0.046545 -0.053519
v -0.045527 0.044461 -0.060799
v -0.036101 0.044403 -0.064234
v -0.026356 0.046386 -0.062906
v -0.018904 0.049880 -0.057168
v -0.015741 0.053948 -0.048560
v -0.017715 0.057500 -0.039387
v -0.024297 0.059584 -0.032107
v -0.032611 0.053745 -0.026093
v -0.042639 0.051407 -0.027375
v -0.050456 0.048422 -0.033510
v -0.053969 0.045589 -0.042853
v -0.052236 0.043668 -0.052901
v -0.045722 0.043173 -0.060962
v -0.036171 0.044238 -0.064875
v -0.026144 0.046576 -0.063593
v -0.018327 0.049562 -0.057459
v -0.014814 0.052394 -0.048115
v -0.016547 0.054315 -0.038067
v -0.023061 0.054810 -0.030007
v -0.031048 0.047544 -0.024588
v -0.041308 0.044714 -0.025856
v -0.049519 0.042197 -0.032271
v -0.053479 0.040668 -0.042113
v -0.052129 0.040536 -0.052746
v -0.045829 0.041837 -0.061320
v -0.036268 0.044222 -0.065538
v -0.026007 0.047052 -0.064270
v -0.017797 0.049569 -0.057855
v -0.013836 0.051098 -0.048013
v -0.015187 0.051230 -0.037380
v -0.021487 0.049929 -0.028806
v -0.028848 0.040907 -0.024266
v -0.039163 0.037150 -0.025621
v -0.047753 0.034910 -0.032221
v -0.052316 0.034788 -0.042297
v -0.051629 0.036815 -0.053150
v -0.045876 0.040450 -0.061871
v -0.036598 0.044718 -0.066124
v -0.026283 0.048475 -0.064769
v -0.017693 0.050715 -0.058169
v -0.013130 0.050837 -0.048092
v -0.013817 0.048810 -0.037239
v -0.019570 0.045175 -0.028518
v -0.025236 0.033125 -0.025768
v -0.035726 0.028904 -0.027254
v -0.044819 0.027160 -0.033914
v -0.050079 0.028362 -0.043963
v -0.050095 0.032186 -0.054708
v -0.044864 0.037608 -0.063270
v -0.035787 0.043176 -0.067355
v -0.025297 0.047397 -0.065868
v -0.016203 0.049140 -0.059209
v -0.010944 0.047939 -0.049160
v -0.010928 0.044115 -0.038415
v -0.016159 0.038693 -0.029853
v -0.021225 0.024419 -0.028877
v -0.031895 0.019792 -0.030537
v -0.041547 0.018583 -0.037125
v -0.047595 0.021115 -0.046873
v -0.048418 0.026709 -0.057171
v -0.043796 0.033868 -0.065258
v -0.034967 0.040672 -0.068969
v -0.024297 0.045299 -0.067308
v -0.014644 0.046509 -0.060721
v -0.008596 0.043977 -0.050972
v -0.007773 0.038382 -0.040675
v -0.012396 0.031223 -0.032587
v -0.016396 0.017053 -0.033879
v -0.026611 0.011135 -0.036492
v -0.036517 0.009848 -0.043304
v -0.043460 0.013537 -0.052491
v -0.045580 0.021213 -0.061589
v -0.042308 0.030820 -0.068162
v -0.034521 0.039783 -0.070448
v -0.024306 0.045701 -0.067835
v -0.014400 0.046988 -0.061022
v -0.007457 0.043299 -0.051836
v -0.005337 0.035623 -0.042737
v -0.008609 0.026016 -0.036165
v -0.008401 0.009875 -0.043533
v -0.018279 0.003216 -0.047117
v -0.028959 0.002331 -0.053436
v -0.037579 0.007459 -0.060797
v -0.041830 0.017224 -0.067227
v -0.040572 0.029011 -0.071003
v -0.034142 0.039662 -0.071114
v -0.024264 0.046321 -0.067529
v -0.013584 0.047206 -0.061210
v -0.004964 0.042078 -0.053849
v -0.000713 0.032312 -0.047419
v -0.001971 0.020525 -0.043643
v -0.000221 0.007153 -0.058249
v -0.009701 0.000081 -0.063242
v -0.021208 -0.000696 -0.068882
v -0.031658 0.005031 -0.073658
v -0.038252 0.015728 -0.076289
v -0.039223 0.028528 -0.076071
v -0.034310 0.040001 -0.073062
v -0.024830 0.047073 -0.068069
v -0.013323 0.047850 -0.062429
v -0.002873 0.042122 -0.057653
v 0.003721 0.031426 -0.055022
v 0.004692 0.018626 -0.055240
v 0.005799 0.009349 -0.069380
v -0.003221 0.002399 -0.076127
v -0.015126 0.001580 -0.081852
v -0.026726 0.007109 -0.085021
v -0.034913 0.017507 -0.084786
v -0.037492 0.029986 -0.081209
v -0.033773 0.041203 -0.075248
v -0.024753 0.048153 -0.068502
v -0.012848 0.048973 -0.062776
v -0.001248 0.043443 -0.059607
v 0.006938 0.033045 -0.059842
v 0.009518 0.020566 -0.063419
v 0.010503 0.013822 -0.079039
v 0.001612 0.007124 -0.086910
v -0.010741 0.006175 -0.092597
v -0.023248 0.011228 -0.094576
v -0.032556 0.020929 -0.092317
v -0.036171 0.032679 -0.086424
v -0.033125 0.043330 -0.078478
v -0.024234 0.050027 -0.070607
v -0.011881 0.050977 -0.064920
v 0.000626 0.045924 -0.062941
v 0.009933 0.036222 -0.065200
v 0.013549 0.024472 -0.071092
v 0.014541 0.019663 -0.087243
v 0.006014 0.013907 -0.096783
v -0.006499 0.013298 -0.103101
v -0.019643 0.017998 -0.104505
v -0.029898 0.026749 -0.100618
v -0.034516 0.037206 -0.092483
v -0.032258 0.046566 -0.082278
v -0.023731 0.052322 -0.072739
v -0.011219 0.052932 -0.066420
v 0.001926 0.048231 -0.065016
v 0.012181 0.039480 -0.068903
v 0.016798 0.029024 -0.077039
v 0.018567 0.027679 -0.093861
v 0.010593 0.023829 -0.105252
v -0.002006 0.023899 -0.112281
v -0.015854 0.027871 -0.113066
v -0.027240 0.034680 -0.107396
v -0.033114 0.042501 -0.096791
v -0.031902 0.049240 -0.084091
v -0.023927 0.053089 -0.072701
v -0.011328 0.053019 -0.065671
v 0.002520 0.049048 -0.064886
v 0.013906 0.042239 -0.070556
v 0.019780 0.034418 -0.081162
v 0.021844 0.037694 -0.097945
v 0.014270 0.036097 -0.110588
v 0.001516 0.036902 -0.118103
v -0.012999 0.039894 -0.118476
v -0.025386 0.044270 -0.111608
v -0.032327 0.048859 -0.099338
v -0.031960 0.052430 -0.084954
v -0.024385 0.054027 -0.072311
v -0.011632 0.053222 -0.064796
v 0.002883 0.050230 -0.064423
v 0.015271 0.045854 -0.071292
v 0.022211 0.041265 -0.083562
v 0.024182 0.046047 -0.099284
v 0.017083 0.047636 -0.112655
v 0.004383 0.050343 -0.120598
v -0.010516 0.053440 -0.120984
v -0.023621 0.056099 -0.113710
v -0.031420 0.057607 -0.100725
v -0.031824 0.057560 -0.085509
v -0.024725 0.055970 -0.072138
v -0.012025 0.053263 -0.064195
v 0.002874 0.050166 -0.063809
v 0.015979 0.047507 -0.071082
v 0.023778 0.045999 -0.084067
v 0.026865 0.054605 -0.098102
v 0.020281 0.059725 -0.111308
v 0.007643 0.064461 -0.119169
v -0.007664 0.067544 -0.119579
v -0.021538 0.068146 -0.112429
v -0.030261 0.066107 -0.099634
v -0.031495 0.061974 -0.084622
v -0.024911 0.056853 -0.071416
v -0.012273 0.052117 -0.063554
v 0.003034 0.049035 -0.063144
v 0.016908 0.048433 -0.070294
v 0.025631 0.050471 -0.083090
v 0.029061 0.063661 -0.094359
v 0.022729 0.071542 -0.106800
v 0.009936 0.077501 -0.114404
v -0.005891 0.079942 -0.115131
v -0.020511 0.078212 -0.108787
v -0.030007 0.072773 -0.097072
v -0.031834 0.065083 -0.083125
v -0.025502 0.057203 -0.070683
v -0.012709 0.051243 -0.063080
v 0.003118 0.048802 -0.062353
v 0.017738 0.050533 -0.068697
v 0.027234 0.055971 -0.080412
v 0.030647 0.072139 -0.088395
v 0.024317 0.082250 -0.099716
v 0.011247 0.089039 -0.107036
v -0.005060 0.090685 -0.108393
v -0.020236 0.086748 -0.103424
v -0.030213 0.078284 -0.093459
v -0.032318 0.067559 -0.081170
v -0.025988 0.057448 -0.069848
v -0.012918 0.050660 -0.062528
v 0.003389 0.049013 -0.061171
v 0.018565 0.052950 -0.066141
v 0.028542 0.061415 -0.076105
v 0.031174 0.078283 -0.082083
v 0.024684 0.090173 -0.092125
v 0.011284 0.097872 -0.098870
v -0.005435 0.099315 -0.100513
v -0.020995 0.094117 -0.096612
v -0.031225 0.083670 -0.088213
v -0.033384 0.070774 -0.077567
v -0.026894 0.058883 -0.067526
v -0.013494 0.051185 -0.060780
v 0.003225 0.049741 -0.059138
v 0.018785 0.054939 -0.063038
v 0.029014 0.065386 -0.071437
v 0.031913 0.084705 -0.073376
v 0.025182 0.098420 -0.081447
v 0.011403 0.107207 -0.087054
v -0.005730 0.108714 -0.088697
v -0.021627 0.102536 -0.085935
v -0.032029 0.090329 -0.079508
v -0.034148 0.075363 -0.071138
v -0.027416 0.061649 -0.063068
v -0.013638 0.052861 -0.057460
v 0.003496 0.051355 -0.055817
v 0.019393 0.057532 -0.058579
v 0.029794 0.069740 -0.065006
v 0.031944 0.088861 -0.063912
v 0.024881 0.104159 -0.069308
v 0.010675 0.113870 -0.073425
v -0.006868 0.115390 -0.075160
v -0.023046 0.108312 -0.074048
v -0.033525 0.094534 -0.070387
v -0.035497 0.077746 -0.065158
v -0.028433 0.062448 -0.059762
v -0.014227 0.052738 -0.055644
v 0.003315 0.051218 -0.053909
v 0.019493 0.058295 -0.055021
v 0.029972 0.072073 -0.058683
v 0.032104 0.091390 -0.053061
v 0.024652 0.107759 -0.055171
v 0.009964 0.118174 -0.057102
v -0.008026 0.119843 -0.058336
v -0.024496 0.112319 -0.058542
v -0.035035 0.097618 -0.057666
v -0.036817 0.079680 -0.055941
v -0.029366 0.063310 -0.053831
v -0.014678 0.052896 -0.051900
v 0.003312 0.051227 -0.050666
v 0.019783 0.058751 -0.050460
v 0.030321 0.073451 -0.051337
v 0.032186 0.091330 -0.041805
v 0.024358 0.107871 -0.039073
v 0.009200 0.118383 -0.037628
v -0.009227 0.120050 -0.037857
v -0.025984 0.112424 -0.039700
v -0.036583 0.097548 -0.042662
v -0.038182 0.079410 -0.045949
v -0.030354 0.062869 -0.048681
v -0.015196 0.052356 -0.050126
v 0.003231 0.050690 -0.049897
v 0.019988 0.058316 -0.048054
v 0.030587 0.073191 -0.045093
v 0.032880 0.087435 -0.030277
v 0.024803 0.102784 -0.022884
v 0.009291 0.112496 -0.018351
v -0.009501 0.113968 -0.017895
v -0.026536 0.106807 -0.021638
v -0.037251 0.092930 -0.028576
v -0.038774 0.076057 -0.036850
v -0.030697 0.060708 -0.044244
v -0.015184 0.050997 -0.048776
v 0.003607 0.049524 -0.049232
v 0.020642 0.056685 -0.045490
v 0.031357 0.070562 -0.038552
v 0.033232 0.081326 -0.020611
v 0.025037 0.093749 -0.008471
v 0.009258 0.101400 -0.000637
v -0.009877 0.102229 0.000790
v -0.027240 0.096014 -0.004572
v -0.038180 0.084420 -0.015285
v -0.039765 0.070554 -0.028479
v -0.031570 0.058131 -0.040619
v -0.015791 0.050481 -0.048452
v 0.003344 0.049652 -0.049880
v 0.020708 0.055867 -0.044518
v 0.031647 0.067460 -0.033805
v 0.034689 0.073133 -0.014668
v 0.026669 0.081106 0.001288
v 0.010844 0.085414 0.011941
v -0.008547 0.084900 0.014437
v -0.026307 0.079704 0.008108
v -0.037677 0.071218 -0.005352
v -0.039612 0.061715 -0.022336
v -0.031593 0.053742 -0.038292
v -0.015767 0.049435 -0.048945
v 0.003623 0.049948 -0.051442
v 0.021383 0.055144 -0.045112
v 0.032754 0.063630 -0.031652
v 0.036398 0.062740 -0.010329
v 0.028607 0.067052 0.007477
v 0.012747 0.068882 0.019371
v -0.006931 0.067739 0.022167
v -0.025155 0.063929 0.015116
v -0.037042 0.058474 0.000106
v -0.039406 0.052835 -0.018840
v -0.031615 0.048523 -0.036646
v -0.015756 0.046693 -0.048541
v 0.003923 0.047837 -0.051337
v 0.022147 0.051646 -0.044286
v 0.034033 0.057101 -0.029276
v 0.037884 0.051002 -0.008252
v 0.030328 0.052057 0.010329
v 0.014518 0.051830 0.022717
v -0.005309 0.050381 0.025594
v -0.023840 0.048099 0.018187
v -0.036111 0.045595 0.002482
v -0.038832 0.043541 -0.017313
v -0.031276 0.042486 -0.035894
v -0.015466 0.042713 -0.048283
v 0.004361 0.044162 -0.051159
v 0.022892 0.046444 -0.043752
v 0.035162 0.048948 -0.028047
v 0.039000 0.037682 -0.008004
v 0.031521 0.036911 0.010710
v 0.015686 0.036042 0.023169
v -0.004264 0.035309 0.026034
v -0.022983 0.034907 0.018538
v -0.035455 0.034944 0.002689
v -0.038338 0.035411 -0.017267
v -0.030860 0.036182 -0.035981
v -0.015024 0.037050 -0.048440
v 0.004926 0.037784 -0.051305
v 0.023645 0.038186 -0.043809
v 0.036116 0.038149 -0.027960
v 0.039098 0.029483 -0.008556
v 0.031628 0.027425 0.010153
v 0.015753 0.025751 0.022611
v -0.004274 0.024911 0.025481
v -0.023087 0.025128 0.017994
v -0.035645 0.026345 0.002156
v -0.038583 0.028236 -0.017790
v -0.031114 0.030294 -0.036499
v -0.015238 0.031968 -0.048957
v 0.004789 0.032808 -0.051827
v 0.023602 0.032591 -0.044340
v 0.036160 0.031374 -0.028502
v 0.038946 0.021637 -0.009637
v 0.031613 0.019289 0.008717
v 0.016015 0.017419 0.020939
v -0.003669 0.016528 0.023753
v -0.022164 0.016855 0.016405
v -0.034515 0.018312 0.000865
v -0.037412 0.020508 -0.018704
v -0.030079 0.022856 -0.037058
v -0.014481 0.024726 -0.049280
v 0.005203 0.025617 -0.052094
v 0.023698 0.025290 -0.044747
v 0.036049 0.023833 -0.029207
v 0.037310 0.009980 -0.011051
v 0.030273 0.008185 0.006601
v 0.015308 0.007069 0.018396
v -0.003576 0.006929 0.021174
v -0.021319 0.007805 0.014191
v -0.033166 0.009461 -0.000684
v -0.035943 0.011454 -0.019463
v -0.028906 0.013249 -0.037115
v -0.013941 0.014366 -0.048910
v 0.004943 0.014505 -0.051688
v 0.022686 0.013629 -0.044705
v 0.034533 0.011973 -0.029830
vn -0.4409 0.7014 0.5601
vn -0.6173 -0.5568 0.5558
vn -0.6235 0.7728 0.1182
vn -0.8859 -0.4601 -0.0585
vn -0.4386 0.8419 -0.3144
vn -0.6352 -0.3650 -0.6807
vn -0.0071 0.8697 -0.4935
vn -0.0135 -0.3261 -0.9452
vn 0.4294 0.8419 -0.3268
vn 0.6154 -0.3650 -0.6986
vn 0.6267 0.7728 0.1003
vn 0.8839 -0.4601 -0.0839
vn 0.4567 0.7014 0.5473
vn 0.6329 -0.5568 0.5379
vn 0.0106 0.6713 0.7412
vn 0.0115 -0.5972 0.8020
vn -0.8502 0.1796 -0.4948
vn -0.5489 0.3681 -0.7505
vn -0.3654 0.4344 -0.8233
vn -0.8706 0.3048 -0.3861
vn -0.5844 0.5861 -0.5612
vn -0.4058 0.6825 -0.6078
vn -0.8927 0.3818 -0.2395
vn -0.6228 0.7201 -0.3059
vn -0.4495 0.8350 -0.3172
vn -0.9134 0.4001 -0.0747
vn -0.6589 0.7520 -0.0190
vn -0.4906 0.8713 0.0093
vn -0.9300 0.3573 0.0860
vn -0.6878 0.6774 0.2607
vn -0.5235 0.7865 0.3277
vn -0.9403 0.2591 0.2208
vn -0.7057 0.5065 0.4955
vn -0.5438 0.5919 0.5949
vn -0.9428 0.1189 0.3116
vn -0.7100 0.2623 0.6535
vn -0.5488 0.3140 0.7748
vn -0.9372 -0.0445 0.3460
vn -0.7002 -0.0221 0.7136
vn -0.5377 -0.0098 0.8431
vn -0.9242 -0.2090 0.3196
vn -0.6777 -0.3085 0.6675
vn -0.5120 -0.3357 0.7907
vn -0.9057 -0.3523 0.2357
vn -0.6455 -0.5580 0.5215
vn -0.4753 -0.6197 0.6245
vn -0.8841 -0.4551 0.1058
vn -0.6079 -0.7371 0.2953
vn -0.4325 -0.8235 0.3671
vn -0.8623 -0.5036 -0.0526
vn -0.5700 -0.8214 0.0195
vn -0.3894 -0.9195 0.0532
vn -0.9912 -0.0589 -0.1182
vn -0.8433 -0.4911 -0.2181
vn -0.5369 -0.7997 -0.2687
vn -0.3517 -0.8948 -0.2749
vn -0.8297 -0.4194 -0.3684
vn -0.5131 -0.6749 -0.5303
vn -0.3247 -0.7527 -0.5727
vn -0.8232 -0.2981 -0.4831
vn -0.5018 -0.4637 -0.7301
vn -0.3119 -0.5124 -0.8001
vn -0.8248 -0.1437 -0.5469
vn -0.5046 -0.1948 -0.8411
vn -0.3150 -0.2063 -0.9264
vn -0.8342 0.0230 -0.5509
vn -0.5210 0.0955 -0.8482
vn -0.3337 0.1241 -0.9345
vn -0.4455 0.2789 0.8507
vn -0.8669 0.4948 -0.0595
vn -0.5420 0.8382 0.0605
vn -0.1090 0.9580 0.2653
vn 0.3030 0.8150 0.4939
vn 0.5736 0.4578 0.6793
vn 0.6339 -0.0046 0.7734
vn 0.4785 -0.4457 0.7566
vn 0.1559 -0.7550 0.6370
vn -0.2490 -0.8597 0.4460
vn -0.6361 -0.7363 0.2308
vn -0.9097 -0.4129 0.0447
vn -0.9974 0.0350 -0.0631
vn -0.9209 0.3458 0.1797
vn -0.6709 0.6206 0.4060
vn -0.3155 0.7085 0.6313
vn 0.0686 0.6013 0.7961
vn 0.3885 0.3099 0.8678
vn 0.5429 -0.1067 0.8330
vn 0.4777 -0.5322 0.6990
vn 0.2138 -0.8414 0.4964
vn -0.1701 -0.9465 0.2742
vn -0.5672 -0.8187 0.0894
vn -0.8700 -0.4931 -0.0045
vn -0.9977 -0.0626 0.0265
vn -0.9512 0.1531 0.2678
vn -0.7332 0.3471 0.5847
vn -0.4096 0.3981 0.8208
vn -0.0287 0.3391 0.9403
vn 0.3465 0.1322 0.9287
vn 0.5856 -0.2187 0.7806
vn 0.5941 -0.6064 0.5285
vn 0.3722 -0.8979 0.2352
vn -0.0078 -0.9997 -0.0252
vn -0.4357 -0.8813 -0.1832
vn -0.7933 -0.5790 -0.1884
vn -0.9815 -0.1896 -0.0248
vn -0.9695 0.0076 0.2449
vn -0.7719 0.1520 0.6173
vn -0.4445 0.1844 0.8766
vn -0.0403 0.1406 0.9893
vn 0.3778 -0.0166 0.9258
vn 0.6681 -0.2962 0.6826
vn 0.7210 -0.6111 0.3267
vn 0.5265 -0.8490 -0.0433
vn 0.1490 -0.9316 -0.3315
vn -0.3045 -0.8327 -0.4624
vn -0.7104 -0.5828 -0.3946
vn -0.9548 -0.2646 -0.1352
vn -0.9693 -0.1260 0.2110
vn -0.7866 -0.0695 0.6135
vn -0.4706 -0.1009 0.8766
vn -0.0864 -0.1465 0.9854
vn 0.3324 -0.2291 0.9149
vn 0.6595 -0.3987 0.6372
vn 0.7590 -0.6113 0.2239
vn 0.5988 -0.7758 -0.1987
vn 0.2358 -0.8252 -0.5133
vn -0.2234 -0.7384 -0.6362
vn -0.6513 -0.5421 -0.5309
vn -0.9266 -0.3060 -0.2188
vn -0.9536 -0.2645 0.1438
vn -0.7720 -0.3227 0.5476
vn -0.4643 -0.4228 0.7783
vn -0.1120 -0.4581 0.8818
vn 0.3026 -0.4551 0.8375
vn 0.6606 -0.4996 0.5604
vn 0.7971 -0.5918 0.1196
vn 0.6652 -0.6675 -0.3347
vn 0.3152 -0.6741 -0.6679
vn -0.1473 -0.5973 -0.7883
vn -0.5920 -0.4614 -0.6608
vn -0.8916 -0.3247 -0.3156
vn -0.9449 -0.3180 0.0779
vn -0.7724 -0.4177 0.4785
vn -0.4654 -0.5266 0.7114
vn -0.1068 -0.5704 0.8144
vn 0.3059 -0.5583 0.7712
vn 0.6738 -0.5470 0.4968
vn 0.8304 -0.5553 0.0447
vn 0.7144 -0.5550 -0.4262
vn 0.3709 -0.5198 -0.7696
vn -0.0960 -0.4476 -0.8891
vn -0.5543 -0.3607 -0.7501
vn -0.8705 -0.3014 -0.3892
vn -0.9457 -0.3249 -0.0065
vn -0.7848 -0.4722 0.4014
vn -0.4612 -0.6044 0.6496
vn -0.0695 -0.6422 0.7634
vn 0.3638 -0.5978 0.7144
vn 0.7283 -0.5325 0.4313
vn 0.8804 -0.4738 -0.0209
vn 0.7663 -0.4139 -0.4914
vn 0.4241 -0.3469 -0.8365
vn -0.0470 -0.2812 -0.9585
vn -0.5158 -0.2373 -0.8232
vn -0.8491 -0.2434 -0.4687
vn -0.9467 -0.3116 -0.0820
vn -0.7857 -0.5407 0.3006
vn -0.4505 -0.7358 0.5056
vn -0.0628 -0.8002 0.5965
vn 0.3699 -0.7210 0.5860
vn 0.7518 -0.5600 0.3482
vn 0.9164 -0.3922 -0.0806
vn 0.8066 -0.2444 -0.5382
vn 0.4641 -0.1289 -0.8764
vn -0.0117 -0.0622 -0.9980
vn -0.4902 -0.0621 -0.8694
vn -0.8374 -0.1432 -0.5275
vn -0.9279 -0.3263 -0.1805
vn -0.7248 -0.6851 0.0731
vn -0.3461 -0.9365 0.0566
vn -0.0405 -0.9979 0.0497
vn 0.3146 -0.9253 0.2117
vn 0.7207 -0.6684 0.1840
vn 0.9176 -0.3702 -0.1450
vn 0.8226 -0.1177 -0.5564
vn 0.4861 0.0620 -0.8717
vn 0.0118 0.1432 -0.9896
vn -0.4692 0.1082 -0.8765
vn -0.8213 -0.0493 -0.5684
vn -0.9130 -0.3024 -0.2738
vn -0.6536 -0.7374 -0.1704
vn -0.2099 -0.8967 -0.3897
vn 0.0068 -0.8893 -0.4573
vn 0.2948 -0.9439 -0.1486
vn 0.7290 -0.6836 0.0348
vn 0.9391 -0.2890 -0.1860
vn 0.8441 0.0529 -0.5335
vn 0.5064 0.2895 -0.8123
vn 0.0300 0.3819 -0.9237
vn -0.4545 0.3093 -0.8354
vn -0.8110 0.0744 -0.5803
vn -0.9336 -0.2024 -0.2956
vn -0.7379 -0.6524 -0.1729
vn -0.3372 -0.9054 -0.2579
vn 0.0088 -0.9529 -0.3031
vn 0.3743 -0.9174 -0.1349
vn 0.7743 -0.6316 -0.0385
vn 0.9598 -0.1939 -0.2028
vn 0.8556 0.2149 -0.4710
vn 0.5135 0.5019 -0.6960
vn 0.0346 0.6075 -0.7935
vn -0.4520 0.5082 -0.7331
vn -0.8132 0.2206 -0.5385
vn -0.9598 -0.1220 -0.2530
vn -0.8200 -0.5674 -0.0750
vn -0.4638 -0.8859 -0.0008
vn -0.0232 -0.9997 -0.0063
vn 0.4149 -0.9095 -0.0254
vn 0.7853 -0.6135 -0.0831
vn 0.9568 -0.1697 -0.2362
vn 0.8526 0.2795 -0.4415
vn 0.5082 0.6065 -0.6115
vn 0.0255 0.7311 -0.6818
vn -0.4637 0.6253 -0.6277
vn -0.8268 0.3152 -0.4658
vn -0.9692 -0.0500 -0.2412
vn -0.8335 -0.5235 -0.1768
vn -0.4659 -0.8317 -0.3020
vn -0.0283 -0.8955 -0.4442
vn 0.4005 -0.8454 -0.3534
vn 0.7835 -0.5789 -0.2257
vn 0.9559 -0.1191 -0.2685
vn 0.8494 0.3531 -0.3922
vn 0.5060 0.7023 -0.5007
vn 0.0251 0.8404 -0.5414
vn -0.4634 0.7343 -0.4961
vn -0.8290 0.4107 -0.3796
vn -0.9697 0.0118 -0.2439
vn -0.8183 -0.4635 -0.3400
vn -0.4136 -0.6585 -0.6287
vn -0.0395 -0.5578 -0.8290
vn 0.3170 -0.6088 -0.7273
vn 0.7510 -0.4938 -0.4383
vn 0.9548 -0.0510 -0.2928
vn 0.8521 0.4400 -0.2834
vn 0.5078 0.8054 -0.3058
vn 0.0264 0.9493 -0.3133
vn -0.4627 0.8365 -0.2935
vn -0.8298 0.4951 -0.2576
vn -0.9809 0.0529 -0.1872
vn -0.8447 -0.4108 -0.3431
vn -0.4744 -0.6295 -0.6153
vn -0.0922 -0.5148 -0.8524
vn 0.2293 -0.4198 -0.8782
vn 0.6517 -0.3541 -0.6708
vn 0.9151 0.0088 -0.4031
vn 0.8387 0.4849 -0.2480
vn 0.5012 0.8498 -0.1630
vn 0.0209 0.9931 -0.1155
vn -0.4689 0.8777 -0.0987
vn -0.8376 0.5335 -0.1176
vn -0.9913 0.0874 -0.0985
vn -0.8798 -0.3469 -0.3251
vn -0.5368 -0.5194 -0.6649
vn -0.1677 -0.2840 -0.9441
vn 0.1240 -0.1310 -0.9836
vn 0.5562 -0.1590 -0.8157
vn 0.8690 0.0948 -0.4856
vn 0.8222 0.5231 -0.2245
vn 0.4990 0.8654 -0.0452
vn 0.0249 0.9978 0.0615
vn -0.4639 0.8812 0.0904
vn -0.8364 0.5468 0.0372
vn -0.9881 0.1344 -0.0747
vn -0.8838 -0.2120 -0.4172
vn -0.5404 -0.2175 -0.8128
vn -0.2156 0.1115 -0.9701
vn 0.0045 0.1947 -0.9808
vn 0.4394 0.0687 -0.8957
vn 0.8090 0.2116 -0.5484
vn 0.7990 0.5676 -0.1986
vn 0.4976 0.8650 0.0640
vn 0.0367 0.9747 0.2206
vn -0.4474 0.8580 0.2522
vn -0.8237 0.5464 0.1516
vn -0.9836 0.1741 -0.0476
vn -0.8884 -0.0924 -0.4496
vn -0.5661 -0.0530 -0.8226
vn -0.2515 0.2164 -0.9434
vn -0.0265 0.3085 -0.9508
vn 0.3649 0.2386 -0.8999
vn 0.7361 0.3369 -0.5871
vn 0.7685 0.6133 -0.1824
vn 0.4972 0.8543 0.1514
vn 0.0515 0.9343 0.3528
vn -0.4292 0.8159 0.3874
vn -0.8104 0.5311 0.2473
vn -0.9854 0.1667 0.0352
vn -0.9163 -0.0584 -0.3963
vn -0.6230 -0.0214 -0.7819
vn -0.2988 0.2374 -0.9243
vn -0.0431 0.3777 -0.9249
vn 0.3318 0.3574 -0.8731
vn 0.6994 0.4288 -0.5718
vn 0.7569 0.6397 -0.1337
vn 0.5075 0.8244 0.2506
vn 0.0735 0.8700 0.4876
vn -0.4061 0.7448 0.5295
vn -0.7956 0.4813 0.3679
vn -0.9822 0.1321 0.1339
vn -0.9431 -0.0262 -0.3314
vn -0.6746 0.1150 -0.7292
vn -0.3675 0.4953 -0.7872
vn -0.1752 0.6663 -0.7248
vn 0.1967 0.5938 -0.7802
vn 0.6445 0.5457 -0.5356
vn 0.7512 0.6567 -0.0669
vn 0.5258 0.7716 0.3580
vn 0.1050 0.7747 0.6236
vn -0.3723 0.6390 0.6731
vn -0.7713 0.3979 0.4969
vn -0.9712 0.0718 0.2270
vn -0.9641 -0.0067 -0.2656
vn -0.7188 0.2394 -0.6527
vn -0.4213 0.6921 -0.5861
vn -0.2885 0.8559 -0.4292
vn 0.0326 0.8000 -0.5991
vn 0.5657 0.6717 -0.4783
vn 0.7431 0.6691 -0.0014
vn 0.5503 0.6989 0.4569
vn 0.1467 0.6482 0.7472
vn -0.3267 0.4971 0.8038
vn -0.7364 0.2803 0.6157
vn -0.9522 -0.0086 0.3054
vn -0.9808 -0.0194 -0.1939
vn -0.7745 0.2746 -0.5698
vn -0.4834 0.7522 -0.4477
vn -0.3498 0.9135 -0.2079
vn -0.0774 0.9139 -0.3984
vn 0.4870 0.7832 -0.3866
vn 0.7278 0.6830 0.0610
vn 0.5731 0.6232 0.5322
vn 0.1922 0.5118 0.8373
vn -0.2743 0.3396 0.8997
vn -0.6933 0.1442 0.7061
vn -0.9223 -0.1255 0.3654
vn -0.9875 -0.0869 -0.1316
vn -0.8289 0.2105 -0.5183
vn -0.5678 0.7256 -0.3888
vn -0.4416 0.8964 0.0387
vn -0.3458 0.9382 -0.0131
vn 0.2276 0.9568 -0.1807
vn 0.6530 0.7466 0.1272
vn 0.5811 0.5639 0.5869
vn 0.2359 0.3753 0.8964
vn -0.2169 0.1690 0.9614
vn -0.6411 -0.0167 0.7673
vn -0.8734 -0.2819 0.3971
vn -0.9751 -0.2020 -0.0917
vn -0.8645 0.0817 -0.4960
vn -0.6314 0.5427 -0.5538
vn -0.3973 0.8603 -0.3194
vn -0.1390 0.9611 -0.2387
vn 0.3519 0.9202 -0.1714
vn 0.6793 0.7110 0.1815
vn 0.6174 0.4720 0.6293
vn 0.2967 0.2200 0.9293
vn -0.1420 -0.0229 0.9896
vn -0.5701 -0.2073 0.7950
vn -0.8222 -0.3821 0.4219
vn -0.9744 -0.2215 -0.0396
vn -0.8951 0.1128 -0.4313
vn -0.6164 0.5231 -0.5886
vn -0.2178 0.7623 -0.6095
vn 0.2474 0.8038 -0.5411
vn 0.6431 0.7224 -0.2541
vn 0.8125 0.5509 0.1907
vn 0.7192 0.3029 0.6253
vn 0.4074 0.0237 0.9129
vn -0.0304 -0.2226 0.9744
vn -0.4783 -0.3736 0.7948
vn -0.7720 -0.5015 0.3905
vn -0.9665 -0.2565 -0.0084
vn -0.9413 0.1524 -0.3014
vn -0.7932 0.6055 -0.0650
vn -0.4937 0.7332 0.4676
vn -0.3193 0.8106 0.4910
vn 0.4018 0.8705 0.2843
vn 0.7735 0.5569 0.3026
vn 0.7657 0.1720 0.6198
vn 0.4886 -0.1773 0.8543
vn 0.0621 -0.4423 0.8947
vn -0.3974 -0.5624 0.7251
vn -0.6751 -0.6872 0.2684
vn -0.9248 -0.3778 -0.0454
vn -0.9751 0.1168 -0.1883
vn -0.6965 0.3092 0.6475
vn -0.0972 -0.2684 0.9584
vn -0.4130 -0.4165 0.8099
vn -0.2123 0.3603 0.9084
vn 0.6264 0.5909 0.5085
vn 0.7844 0.0986 0.6124
vn 0.5731 -0.3434 0.7441
vn 0.1814 -0.6601 0.7290
vn -0.2736 -0.7849 0.5560
vn -0.5651 -0.8221 0.0697
vn -0.8717 -0.4724 -0.1301
vn -0.9886 0.0339 -0.1464
vn -0.8110 0.2177 0.5430
vn -0.1636 -0.4034 0.9003
vn -0.3179 -0.6554 0.6851
vn -0.2614 0.0122 0.9651
vn 0.5401 0.4771 0.6933
vn 0.8119 0.0158 0.5836
vn 0.6681 -0.4692 0.5775
vn 0.3159 -0.8168 0.4828
vn -0.1340 -0.9449 0.2987
vn -0.4646 -0.8710 -0.1594
vn -0.8134 -0.5170 -0.2667
vn -0.9770 -0.0295 -0.2111
vn -0.9134 0.2975 0.2779
vn -0.4524 -0.3641 0.8141
vn -0.2422 -0.8197 0.5190
vn -0.4194 -0.5090 0.7517
vn 0.2993 0.1871 0.9357
vn 0.7980 -0.0380 0.6015
vn 0.7314 -0.5201 0.4412
vn 0.4222 -0.8720 0.2476
vn -0.0153 -0.9994 0.0314
vn -0.3530 -0.8440 -0.4038
vn -0.7356 -0.5169 -0.4379
vn -0.9521 -0.0825 -0.2944
vn -0.9676 0.1839 0.1727
vn -0.5471 -0.5351 0.6437
vn -0.1196 -0.9730 0.1974
vn -0.4632 -0.8307 0.3090
vn 0.1182 -0.2921 0.9491
vn 0.7562 -0.1373 0.6398
vn 0.7764 -0.5374 0.3293
vn 0.5187 -0.8544 0.0319
vn 0.1038 -0.9674 -0.2311
vn -0.2540 -0.7517 -0.6086
vn -0.6684 -0.4601 -0.5844
vn -0.9306 -0.0847 -0.3561
vn -0.9805 0.1539 0.1225
vn -0.7902 -0.0525 0.6105
vn -0.4527 -0.4574 0.7654
vn -0.3176 -0.4442 0.8378
vn 0.2482 -0.2057 0.9466
vn 0.7388 -0.2002 0.6435
vn 0.8133 -0.5270 0.2464
vn 0.6019 -0.7868 -0.1366
vn 0.2092 -0.8711 -0.4444
vn -0.2100 -0.6907 -0.6920
vn -0.6416 -0.4238 -0.6393
vn -0.9214 -0.0843 -0.3793
vn -0.9754 0.2187 0.0277
vn -0.7967 0.3801 0.4700
vn -0.4499 0.3763 0.8099
vn -0.0107 0.2735 0.9618
vn 0.4403 0.0866 0.8937
vn 0.7594 -0.2007 0.6189
vn 0.8294 -0.5140 0.2188
vn 0.6413 -0.7409 -0.1994
vn 0.2592 -0.8069 -0.5307
vn -0.1677 -0.6552 -0.7366
vn -0.6175 -0.4414 -0.6510
vn -0.9215 -0.1812 -0.3436
vn -0.9928 0.0003 0.1195
vn -0.8140 0.0264 0.5803
vn -0.4578 0.0693 0.8863
vn 0.0098 0.1479 0.9889
vn 0.4816 0.0580 0.8745
vn 0.7951 -0.1927 0.5750
vn 0.8668 -0.4719 0.1609
vn 0.6871 -0.6766 -0.2648
vn 0.3087 -0.7437 -0.5930
vn -0.1107 -0.5233 -0.8449
vn -0.5793 -0.3716 -0.7255
vn -0.9055 -0.2029 -0.3727
vn -0.9666 -0.2129 0.1426
vn -0.5932 -0.7306 0.3383
vn -0.1144 -0.9848 0.1306
vn -0.1614 -0.9177 0.3630
vn 0.3915 -0.5192 0.7597
vn 0.8013 -0.2476 0.5447
vn 0.9137 -0.3995 0.0746
vn 0.7492 -0.5402 -0.3833
vn 0.3738 -0.5875 -0.7177
vn -0.0379 -0.2471 -0.9682
vn -0.5173 -0.1672 -0.8393
vn -0.8687 -0.1137 -0.4821
vn -0.9392 -0.3431 -0.0092
vn -0.2038 -0.9595 -0.1944
vn 0.3377 -0.6196 -0.7085
vn -0.0847 -0.6366 -0.7665
vn 0.2144 -0.9741 0.0714
vn 0.7821 -0.4372 0.4441
vn 0.9506 -0.3102 -0.0127
vn 0.8080 -0.3193 -0.4951
vn 0.4451 -0.3034 -0.8425
vn 0.0038 0.0687 -0.9976
vn -0.4846 0.0663 -0.8722
vn -0.8489 -0.0224 -0.5281
vn -0.9163 -0.3840 -0.1139
vn -0.2000 -0.8988 -0.3902
vn 0.3352 -0.4913 -0.8039
vn -0.0080 -0.4198 -0.9076
vn 0.1330 -0.9150 -0.3809
vn 0.7524 -0.5831 0.3063
vn 0.9707 -0.2324 -0.0620
vn 0.8432 -0.0863 -0.5307
vn 0.4875 0.0131 -0.8730
vn 0.0169 0.2847 -0.9585
vn -0.4741 0.2274 -0.8506
vn -0.8378 0.0488 -0.5438
vn -0.9482 -0.2771 -0.1556
vn -0.6612 -0.7482 -0.0543
vn -0.1437 -0.9571 -0.2517
vn 0.0117 -0.9663 -0.2573
vn 0.3883 -0.9111 0.1381
vn 0.7986 -0.5448 0.2556
vn 0.9776 -0.1919 -0.0867
vn 0.8566 0.0577 -0.5128
vn 0.5031 0.2235 -0.8349
vn 0.0151 0.3927 -0.9195
vn -0.4775 0.3116 -0.8216
vn -0.8387 0.0928 -0.5366
vn -0.9622 -0.2229 -0.1568
vn -0.8043 -0.5681 0.1741
vn -0.4383 -0.8316 0.3412
vn -0.0069 -0.9148 0.4039
vn 0.4398 -0.7971 0.4139
vn 0.8196 -0.5161 0.2488
vn 0.9778 -0.1826 -0.1029
vn 0.8589 0.1168 -0.4986
vn 0.5046 0.3224 -0.8009
vn 0.0144 0.5110 -0.8595
vn -0.4762 0.4228 -0.7710
vn -0.8385 0.1798 -0.5144
vn -0.9707 -0.1681 -0.1719
vn -0.8228 -0.5564 0.1157
vn -0.4329 -0.8947 0.1098
vn -0.0475 -0.9813 -0.1865
vn 0.3236 -0.9222 -0.2117
vn 0.7694 -0.6368 -0.0503
vn 0.9669 -0.1915 -0.1687
vn 0.8546 0.1780 -0.4879
vn 0.5019 0.4243 -0.7537
vn 0.0006 0.6642 -0.7475
vn -0.4901 0.5780 -0.6525
vn -0.8535 0.3099 -0.4189
vn -0.9896 -0.0802 -0.1198
vn -0.8504 -0.5145 0.1099
vn -0.4729 -0.8788 -0.0634
vn -0.1342 -0.7772 -0.6147
vn 0.0556 -0.6405 -0.7660
vn 0.5875 -0.7159 -0.3772
vn 0.9411 -0.2186 -0.2581
vn 0.8438 0.2390 -0.4806
vn 0.4893 0.5457 -0.6803
vn 0.0193 0.8157 -0.5781
vn -0.4722 0.7281 -0.4969
vn -0.8428 0.4301 -0.3236
vn -0.9899 -0.0177 -0.1408
vn -0.8230 -0.4580 -0.3361
vn -0.1486 -0.4170 -0.8967
vn -0.0788 0.0994 -0.9919
vn 0.1448 -0.4243 -0.8938
vn 0.7037 -0.6200 -0.3471
vn 0.9571 -0.1473 -0.2494
vn 0.8526 0.3276 -0.4071
vn 0.5039 0.6724 -0.5421
vn 0.0356 0.9453 -0.3242
vn -0.4577 0.8405 -0.2899
vn -0.8339 0.5055 -0.2214
vn -0.9799 0.0119 -0.1994
vn -0.5347 -0.1573 -0.8303
vn 0.3038 0.4593 -0.8347
vn 0.0293 0.7569 -0.6529
vn 0.1336 0.1220 -0.9835
vn 0.7540 -0.5183 -0.4035
vn 0.9825 -0.0561 -0.1777
vn 0.8665 0.4370 -0.2413
vn 0.5182 0.7990 -0.3051
vn 0.0423 0.9985 -0.0337
vn -0.4512 0.8910 -0.0498
vn -0.8278 0.5535 -0.0914
vn -0.9777 0.0737 -0.1965
vn -0.7153 -0.1964 -0.6707
vn 0.0170 0.3010 -0.9535
vn 0.0461 0.5849 -0.8098
vn 0.3237 -0.0783 -0.9429
vn 0.7990 -0.4319 -0.4185
vn 0.9908 -0.0089 -0.1354
vn 0.8734 0.4827 -0.0647
vn 0.5253 0.8501 -0.0376
vn 0.0343 0.9792 0.2002
vn -0.4606 0.8749 0.1501
vn -0.8347 0.5502 0.0251
vn -0.9812 0.0946 -0.1680
vn -0.8262 -0.3148 -0.4671
vn -0.4169 -0.3673 -0.8315
vn 0.0138 -0.2287 -0.9734
vn 0.4079 -0.3985 -0.8215
vn 0.8232 -0.3947 -0.4082
vn 0.9922 0.0178 -0.1235
vn 0.8729 0.4842 0.0591
vn 0.5209 0.8367 0.1689
vn 0.0277 0.9294 0.3681
vn -0.4661 0.8303 0.3056
vn -0.8373 0.5314 0.1288
vn -0.9845 0.1178 -0.1302
vn -0.8567 -0.2678 -0.4409
vn -0.4795 -0.3919 -0.7852
vn -0.0358 -0.2184 -0.9752
vn 0.4063 -0.2349 -0.8830
vn 0.8120 -0.2407 -0.5317
vn 0.9836 0.0755 -0.1640
vn 0.8669 0.4844 0.1176
vn 0.5149 0.8021 0.3025
vn 0.0230 0.8537 0.5202
vn -0.4704 0.7585 0.4510
vn -0.8407 0.4908 0.2289
vn -0.9861 0.1315 -0.1021
vn -0.8531 -0.1751 -0.4915
vn -0.4642 -0.1529 -0.8724
vn -0.0696 0.1919 -0.9789
vn 0.2918 0.1911 -0.9372
vn 0.7496 -0.0186 -0.6616
vn 0.9667 0.1502 -0.2071
vn 0.8600 0.4824 0.1663
vn 0.5099 0.7506 0.4203
vn 0.0231 0.7520 0.6588
vn -0.4704 0.6578 0.5882
vn -0.8422 0.4234 0.3337
vn -0.9912 0.1226 -0.0493
vn -0.8665 -0.1135 -0.4861
vn -0.4931 -0.0216 -0.8697
vn -0.1191 0.4017 -0.9080
vn 0.2112 0.4562 -0.8644
vn 0.6920 0.1880 -0.6969
vn 0.9482 0.2272 -0.2220
vn 0.8539 0.4735 0.2161
vn 0.5084 0.6811 0.5270
vn 0.0291 0.6268 0.7786
vn -0.4642 0.5305 0.7093
vn -0.8394 0.3314 0.4308
vn -0.9955 0.0946 0.0077
vn -0.8824 -0.0634 -0.4662
vn -0.5257 0.1189 -0.8423
vn -0.1857 0.6293 -0.7547
vn 0.0810 0.7366 -0.6714
vn 0.6013 0.4318 -0.6723
vn 0.9242 0.3118 -0.2205
vn 0.8484 0.4586 0.2643
vn 0.5108 0.5955 0.6201
vn 0.0412 0.4854 0.8733
vn -0.4510 0.3809 0.8072
vn -0.8307 0.2150 0.5135
vn -0.9970 0.0434 0.0638
vn -0.9009 -0.0373 -0.4325
vn -0.5704 0.2170 -0.7922
vn -0.2720 0.7896 -0.5500
vn -0.1155 0.9399 -0.3212
vn 0.4228 0.7302 -0.5368
vn 0.8783 0.4294 -0.2102
vn 0.8396 0.4507 0.3032
vn 0.5159 0.5036 0.6930
vn 0.0612 0.3337 0.9407
vn -0.4279 0.2132 0.8783
vn -0.8130 0.0762 0.5772
vn -0.9931 -0.0311 0.1133
vn -0.9190 -0.0335 -0.3928
vn -0.6227 0.2857 -0.7284
vn -0.3636 0.8712 -0.3298
vn -0.2907 0.9542 0.0704
vn 0.1839 0.9439 -0.2745
vn 0.8029 0.5702 -0.1738
vn 0.8261 0.4518 0.3368
vn 0.5244 0.4108 0.7458
vn 0.0911 0.1716 0.9810
vn -0.3913 0.0263 0.9199
vn -0.7821 -0.0877 0.6170
vn -0.9797 -0.1327 0.1502
vn -0.9338 -0.0548 -0.3537
vn -0.6856 0.3764 -0.6231
vn -0.4649 0.8808 0.0896
vn -0.4503 0.6472 0.6151
vn -0.4576 0.8352 0.3049
vn 0.4953 0.8675 0.0461
vn 0.7963 0.4765 0.3727
vn 0.5356 0.3187 0.7820
vn 0.1402 -0.0111 0.9901
vn -0.3313 -0.1886 0.9245
vn -0.7279 -0.2874 0.6225
vn -0.9469 -0.2774 0.1628
vn -0.9346 -0.1357 -0.3288
vn -0.7282 0.2372 -0.6430
vn -0.4929 0.7103 -0.5025
vn -0.3062 0.9519 -0.0133
vn -0.0626 0.9978 -0.0237
vn 0.5955 0.8005 0.0682
vn 0.7952 0.4463 0.4106
vn 0.5605 0.2073 0.8018
vn 0.2094 -0.1657 0.9637
vn -0.2596 -0.3567 0.8974
vn -0.6706 -0.4316 0.6034
vn -0.9169 -0.3669 0.1574
vn -0.9318 -0.1681 -0.3216
vn -0.7101 0.1295 -0.6921
vn -0.3210 0.4451 -0.8360
vn 0.1285 0.6500 -0.7490
vn 0.5457 0.6857 -0.4817
vn 0.8161 0.5743 -0.0643
vn 0.8400 0.3609 0.4053
vn 0.6135 0.0941 0.7841
vn 0.2638 -0.3145 0.9119
vn -0.1930 -0.5208 0.8316
vn -0.6098 -0.5732 0.5473
vn -0.8798 -0.4562 0.1333
vn -0.9345 -0.1930 -0.2993
vn -0.7648 0.1621 -0.6236
vn -0.4590 0.5641 -0.6864
vn -0.2318 0.9088 -0.3469
vn 0.2828 0.9576 -0.0554
vn 0.7219 0.6865 0.0873
vn 0.8299 0.3403 0.4422
vn 0.6411 -0.0046 0.7674
vn 0.3519 -0.4705 0.8092
vn -0.0736 -0.7174 0.6928
vn -0.4910 -0.7676 0.4119
vn -0.7937 -0.6073 0.0358
vn -0.9023 -0.2697 -0.3363
vn -0.7928 0.1721 -0.5847
vn -0.6475 0.6574 -0.3855
vn -0.5448 0.7646 0.3445
vn -0.2126 0.8078 0.5497
vn 0.5613 0.7909 0.2436
vn 0.7883 0.3628 0.4969
vn 0.6737 -0.0829 0.7343
vn 0.5070 -0.6138 0.6051
vn 0.1083 -0.8837 0.4553
vn -0.3250 -0.9234 0.2042
vn -0.6859 -0.7229 -0.0830
vn -0.8874 -0.3265 -0.3253
vn -0.8887 0.1786 -0.4224
vn -0.7735 0.6323 0.0431
vn -0.5147 0.6152 0.5972
vn 0.1025 0.9069 0.4087
vn 0.5921 0.7406 0.3177
vn 0.8102 0.3156 0.4939
vn 0.7670 -0.1781 0.6164
vn 0.6454 -0.6796 0.3489
vn 0.2729 -0.9509 0.1463
vn -0.1778 -0.9810 -0.0775
vn -0.5947 -0.7595 -0.2637
vn -0.8735 -0.3384 -0.3501
vn -0.9496 0.1666 -0.2656
vn -0.8379 0.5367 0.0993
vn -0.5846 0.5857 0.5614
vn -0.1571 0.6916 0.7050
vn 0.4720 0.6859 0.5539
vn 0.8009 0.2729 0.5329
vn 0.8434 -0.2342 0.4835
vn 0.7401 -0.6511 0.1684
vn 0.3927 -0.9149 -0.0932
vn -0.0638 -0.9481 -0.3116
vn -0.5133 -0.7424 -0.4307
vn -0.8419 -0.3495 -0.4111
vn -0.9652 0.1227 -0.2309
vn -0.8543 0.5037 0.1286
vn -0.5575 0.6265 0.5447
vn -0.1163 0.6733 0.7302
vn 0.3906 0.5964 0.7012
vn 0.7674 0.2480 0.5912
vn 0.8831 -0.2238 0.4122
vn 0.7969 -0.6028 0.0397
vn 0.4648 -0.8456 -0.2625
vn 0.0045 -0.8785 -0.4777
vn -0.4653 -0.6938 -0.5497
vn -0.8237 -0.3401 -0.4537
vn -0.9756 0.0846 -0.2026
vn -0.8788 0.4539 0.1470
vn -0.5608 0.6686 0.4884
vn -0.0985 0.7059 0.7014
vn 0.3941 0.5534 0.7337
vn 0.7670 0.2157 0.6044
vn 0.9107 -0.2131 0.3538
vn 0.8326 -0.5506 -0.0601
vn 0.5234 -0.7445 -0.4145
vn 0.0718 -0.7616 -0.6440
vn -0.4056 -0.5969 -0.6922
vn -0.7867 -0.2934 -0.5432
vn -0.9721 0.0634 -0.2258
vn -0.9179 0.3423 0.2009
vn -0.7122 0.2263 0.6646
vn -0.2879 -0.0766 0.9546
vn 0.2576 0.0970 0.9614
vn 0.7208 0.0880 0.6876
vn 0.9123 -0.2353 0.3351
vn 0.8785 -0.4510 -0.1578
vn 0.5964 -0.5727 -0.5624
vn 0.1544 -0.5670 -0.8091
vn -0.3329 -0.4333 -0.8375
vn -0.7419 -0.2088 -0.6371
vn -0.9683 0.0322 -0.2476
vn -0.9550 0.1416 0.2605
vn -0.6749 -0.3671 0.6401
vn -0.2714 -0.7013 0.6591
vn 0.1638 -0.3349 0.9279
vn 0.6793 -0.0713 0.7304
vn 0.9192 -0.2453 0.3081
vn 0.9138 -0.3398 -0.2227
vn 0.6514 -0.3756 -0.6592
vn 0.2154 -0.3378 -0.9163
vn -0.2806 -0.2332 -0.9311
vn -0.7108 -0.0923 -0.6973
vn -0.9634 0.0314 -0.2662
vn -0.9649 0.0336 0.2603
vn -0.6976 -0.3440 0.6285
vn -0.3322 -0.8324 0.4436
vn 0.1056 -0.7072 0.6991
vn 0.6334 -0.2781 0.7221
vn 0.9230 -0.2581 0.2854
vn 0.9245 -0.2791 -0.2597
vn 0.6848 -0.1983 -0.7012
vn 0.2610 -0.0988 -0.9603
vn -0.2347 0.0034 -0.9721
vn -0.6754 0.0824 -0.7328
vn -0.9473 0.1078 -0.3017
vn -0.9787 0.0296 0.2030
vn -0.7863 -0.4376 0.4361
vn -0.3052 -0.9397 -0.1544
vn -0.0764 -0.9756 -0.2057
vn 0.5013 -0.7054 0.5010
vn 0.8995 -0.3609 0.2461
vn 0.9455 -0.1953 -0.2606
vn 0.7295 -0.0075 -0.6839
vn 0.3180 0.1499 -0.9362
vn -0.1790 0.2461 -0.9526
vn -0.6347 0.2555 -0.7293
vn -0.9319 0.1609 -0.3251
vn -0.9882 -0.0842 0.1277
vn -0.6338 -0.7730 -0.0270
vn -0.1056 -0.7910 -0.6027
vn 0.0089 -0.9655 -0.2602
vn 0.5015 -0.7645 0.4052
vn 0.8912 -0.4019 0.2102
vn 0.9687 -0.0826 -0.2342
vn 0.7637 0.1806 -0.6197
vn 0.3574 0.3712 -0.8570
vn -0.1442 0.4451 -0.8838
vn -0.6126 0.3793 -0.6934
vn -0.9239 0.1720 -0.3417
vn -0.9805 -0.1950 0.0256
vn -0.6441 -0.7573 -0.1080
vn -0.1504 -0.9002 -0.4087
vn 0.1117 -0.9932 0.0335
vn 0.5736 -0.6779 0.4598
vn 0.9099 -0.3693 0.1887
vn 0.9835 0.0141 -0.1802
vn 0.7839 0.3371 -0.5214
vn 0.3790 0.5500 -0.7442
vn -0.1250 0.6015 -0.7890
vn -0.5978 0.4744 -0.6462
vn -0.9136 0.1870 -0.3610
vn -0.9727 -0.2271 -0.0478
vn -0.6990 -0.7149 0.0177
vn -0.2702 -0.9625 0.0251
vn 0.1505 -0.9438 0.2941
vn 0.6046 -0.6839 0.4085
vn 0.9208 -0.3472 0.1777
vn 0.9871 0.0700 -0.1442
vn 0.7842 0.4420 -0.4356
vn 0.3754 0.6782 -0.6317
vn -0.1311 0.7214 -0.6800
vn -0.6038 0.5587 -0.5686
vn -0.9164 0.2263 -0.3303
vn -0.9794 -0.1975 -0.0418
vn -0.7737 -0.6027 0.1952
vn -0.3723 -0.8657 0.3346
vn 0.1217 -0.9056 0.4063
vn 0.6033 -0.7079 0.3671
vn 0.9241 -0.3479 0.1582
vn 0.9874 0.1156 -0.1080
vn 0.7828 0.5273 -0.3302
vn 0.3749 0.7883 -0.4880
vn -0.1291 0.8337 -0.5368
vn -0.5989 0.6523 -0.4645
vn -0.9119 0.2871 -0.2931
vn -0.9814 -0.1747 -0.0791
vn -0.7780 -0.6216 0.0908
vn -0.3486 -0.9230 0.1629
vn 0.1719 -0.9594 0.2237
vn 0.6330 -0.7372 0.2363
vn 0.9326 -0.3441 0.1092
vn 0.9862 0.1540 -0.0613
vn 0.7739 0.6006 -0.2009
vn 0.3608 0.8795 -0.3104
vn -0.1442 0.9227 -0.3574
vn -0.6113 0.7192 -0.3303
vn -0.9174 0.3172 -0.2405
vn -0.9750 -0.1834 -0.1252
vn -0.7597 -0.6486 -0.0465
vn -0.3420 -0.9393 -0.0283
vn 0.1552 -0.9877 0.0189
vn 0.6266 -0.7740 0.0910
vn 0.9353 -0.3490 0.0582
vn 0.9835 0.1785 -0.0305
vn 0.7642 0.6412 -0.0694
vn 0.3471 0.9311 -0.1120
vn -0.1575 0.9771 -0.1430
vn -0.6205 0.7690 -0.1539
vn -0.9226 0.3577 -0.1442
vn -0.9804 -0.1536 -0.1236
vn -0.7684 -0.6291 -0.1173
vn -0.3350 -0.9267 -0.1703
vn 0.1891 -0.9665 -0.1734
vn 0.6469 -0.7588 -0.0759
vn 0.9414 -0.3368 -0.0185
vn 0.9788 0.2048 0.0014
vn 0.7519 0.6525 0.0946
vn 0.3316 0.9330 0.1399
vn -0.1727 0.9758 0.1339
vn -0.6328 0.7702 0.0800
vn -0.9302 0.3670 -0.0109
vn -0.9836 -0.1290 -0.1257
vn -0.7729 -0.5743 -0.2696
vn -0.3577 -0.7967 -0.4872
vn 0.1571 -0.7928 -0.5889
vn 0.6485 -0.6655 -0.3696
vn 0.9466 -0.2902 -0.1403
vn 0.9796 0.1957 0.0451
vn 0.7520 0.6048 0.2623
vn 0.3294 0.8594 0.3911
vn -0.1753 0.8969 0.4059
vn -0.6348 0.7100 0.3048
vn -0.9323 0.3448 0.1091
vn -0.9841 -0.1044 -0.1440
vn -0.7569 -0.4945 -0.4273
vn -0.3141 -0.2406 -0.9184
vn 0.2618 -0.3875 -0.8839
vn 0.6437 -0.5280 -0.5540
vn 0.9421 -0.2530 -0.2201
vn 0.9727 0.2167 0.0830
vn 0.7435 0.5236 0.4159
vn 0.3227 0.7125 0.6230
vn -0.1803 0.7290 0.6603
vn -0.6383 0.5680 0.5196
vn -0.9338 0.2712 0.2332
vn -0.9879 -0.0767 -0.1349
vn -0.7848 -0.3339 -0.5221
vn -0.5016 0.0389 -0.8642
vn 0.0012 0.7644 -0.6447
vn 0.6316 0.0559 -0.7733
vn 0.9420 -0.0808 -0.3258
vn 0.9726 0.2171 0.0828
vn 0.7563 0.4070 0.5121
vn 0.3400 0.5141 0.7875
vn -0.1632 0.5012 0.8498
vn -0.6253 0.3702 0.6870
vn -0.9284 0.1551 0.3376
vn -0.9898 -0.0798 -0.1184
vn -0.7802 -0.2184 -0.5861
vn -0.3936 0.1469 -0.9075
vn 0.0125 0.4804 -0.8770
vn 0.5399 0.2416 -0.8063
vn 0.9066 0.0542 -0.4184
vn 0.9779 0.1758 0.1132
vn 0.7714 0.2758 0.5734
vn 0.3619 0.3185 0.8761
vn -0.1420 0.2890 0.9467
vn -0.6103 0.1941 0.7680
vn -0.9215 0.0598 0.3836
vn -0.9913 -0.0719 -0.1105
vn -0.7959 -0.1479 -0.5870
vn -0.3871 -0.1290 -0.9130
vn 0.1230 -0.0740 -0.9896
vn 0.6044 -0.0295 -0.7961
vn 0.9199 0.0560 -0.3880
vn 0.9851 0.1165 0.1262
vn 0.7871 0.1406 0.6006
vn 0.3820 0.1359 0.9141
vn -0.1230 0.1008 0.9873
vn -0.5970 0.0435 0.8011
vn -0.9155 -0.0202 0.4019
vn -0.9918 -0.0688 -0.1077
vn -0.8014 -0.0811 -0.5926
vn -0.3931 -0.0521 -0.9180
vn 0.1213 -0.0084 -0.9926
vn 0.6030 0.0313 -0.7971
vn 0.9196 0.0745 -0.3858
vn 0.9912 0.0446 0.1246
vn 0.7988 0.0257 0.6010
vn 0.3957 0.0039 0.9184
vn -0.1119 -0.0158 0.9936
vn -0.5911 -0.0274 0.8061
vn -0.9149 -0.0260 0.4028
vn -0.9937 -0.0089 -0.1117
vn -0.8013 0.0208 -0.5979
vn -0.3893 0.0503 -0.9197
vn 0.1262 0.0654 -0.9898
vn 0.6051 0.0658 -0.7935
vn 0.9209 0.0580 -0.3855
vn 0.9926 -0.0158 0.1203
vn 0.7983 -0.0664 0.5986
vn 0.3909 -0.1085 0.9140
vn -0.1194 -0.1308 0.9842
vn -0.5971 -0.1266 0.7921
vn -0.9161 -0.0959 0.3893
vn -0.9921 -0.0457 -0.1171
vn -0.8049 0.0098 -0.5933
vn -0.4031 0.0535 -0.9136
vn 0.1091 0.0720 -0.9914
vn 0.5946 0.0626 -0.8016
vn 0.9189 0.0307 -0.3933
vn 0.9904 -0.0917 0.1031
vn 0.8026 -0.1541 0.5762
vn 0.4014 -0.2058 0.8925
vn -0.1069 -0.2331 0.9666
vn -0.5860 -0.2290 0.7773
vn -0.9065 -0.1949 0.3746
vn -0.9812 -0.1396 -0.1331
vn -0.7901 -0.0775 -0.6081
vn -0.3856 -0.0251 -0.9223
vn 0.1226 0.0032 -0.9925
vn 0.5983 -0.0005 -0.8013
vn 0.9156 -0.0353 -0.4006
vn 0.9837 -0.1511 0.0980
vn 0.7951 -0.2055 0.5706
vn 0.3938 -0.2447 0.8860
vn -0.1128 -0.2582 0.9595
vn -0.5886 -0.2424 0.7712
vn -0.9060 -0.2016 0.3721
vn -0.9805 -0.1466 -0.1309
vn -0.7920 -0.0923 -0.6036
vn -0.3906 -0.0530 -0.9190
vn 0.1160 -0.0395 -0.9925
vn 0.5917 -0.0553 -0.8043
vn 0.9092 -0.0961 -0.4051
vt 0.583982 0.651970
vt 0.579975 0.650348
vt 0.580083 0.646889
vt 0.584107 0.647976
vt 0.580345 0.638537
vt 0.584409 0.638332
vt 0.580606 0.630185
vt 0.584711 0.628688
vt 0.580714 0.626725
vt 0.584836 0.624693
vt 0.533226 0.506148
vt 0.533574 0.506098
vt 0.533639 0.506780
vt 0.533307 0.506998
vt 0.534323 0.506105
vt 0.535325 0.506165
vt 0.534359 0.506483
vt 0.534529 0.506821
vt 0.533946 0.507390
vt 0.533689 0.507758
vt 0.534452 0.507845
vt 0.534321 0.508326
vt 0.534811 0.507074
vt 0.535091 0.508084
vt 0.535117 0.508624
vt 0.535165 0.507207
vt 0.535545 0.507202
vt 0.535775 0.508075
vt 0.535970 0.508613
vt 0.535898 0.507060
vt 0.536412 0.507819
vt 0.536764 0.508294
vt 0.536178 0.506800
vt 0.536916 0.507351
vt 0.537393 0.507709
vt 0.537219 0.506733
vt 0.537771 0.506939
vt 0.536346 0.506457
vt 0.537280 0.506049
vt 0.537847 0.506087
vt 0.536380 0.506077
vt 0.537091 0.505392
vt 0.537611 0.505268
vt 0.536275 0.505713
vt 0.536045 0.505412
vt 0.536677 0.504851
vt 0.537095 0.504592
vt 0.535722 0.505216
vt 0.536095 0.504498
vt 0.536369 0.504152
vt 0.535349 0.505151
vt 0.535422 0.504381
vt 0.535530 0.504006
vt 0.534750 0.504515
vt 0.534692 0.504174
vt 0.534976 0.505226
vt 0.534170 0.504884
vt 0.533969 0.504634
vt 0.534654 0.505431
vt 0.534426 0.505737
vt 0.533759 0.505437
vt 0.533457 0.505323
vt 0.540376 0.539685
vt 0.540184 0.539615
vt 0.540194 0.539580
vt 0.540186 0.539641
vt 0.540199 0.539654
vt 0.540220 0.539648
vt 0.540242 0.539626
vt 0.540260 0.539594
vt 0.540269 0.539559
vt 0.540267 0.539533
vt 0.540254 0.539520
vt 0.540234 0.539526
vt 0.540212 0.539548
vt 0.540032 0.539608
vt 0.540036 0.539534
vt 0.540047 0.539665
vt 0.540078 0.539691
vt 0.540115 0.539678
vt 0.540149 0.539631
vt 0.540171 0.539562
vt 0.540175 0.539488
vt 0.540160 0.539431
vt 0.540129 0.539405
vt 0.540092 0.539418
vt 0.540058 0.539465
vt 0.539924 0.539634
vt 0.539902 0.539524
vt 0.539968 0.539720
vt 0.540021 0.539759
vt 0.540070 0.539740
vt 0.540101 0.539669
vt 0.540105 0.539565
vt 0.540083 0.539455
vt 0.540039 0.539369
vt 0.539986 0.539330
vt 0.539938 0.539348
vt 0.539907 0.539419
vt 0.539808 0.539696
vt 0.539739 0.539563
vt 0.539894 0.539802
vt 0.539973 0.539851
vt 0.540024 0.539831
vt 0.540034 0.539747
vt 0.540000 0.539621
vt 0.539932 0.539488
vt 0.539846 0.539383
vt 0.539767 0.539333
vt 0.539716 0.539353
vt 0.539706 0.539437
vt 0.539696 0.539795
vt 0.539579 0.539650
vt 0.539828 0.539910
vt 0.539937 0.539963
vt 0.539997 0.539942
vt 0.539989 0.539851
vt 0.539917 0.539715
vt 0.539800 0.539570
vt 0.539669 0.539455
vt 0.539559 0.539401
vt 0.539500 0.539423
vt 0.539507 0.539514
vt 0.539612 0.539892
vt 0.539438 0.539755
vt 0.539796 0.540000
vt 0.539941 0.540050
vt 0.540008 0.540029
vt 0.539980 0.539941
vt 0.539863 0.539812
vt 0.539689 0.539674
vt 0.539505 0.539566
vt 0.539359 0.539516
vt 0.539292 0.539538
vt 0.539321 0.539625
vt 0.539555 0.540012
vt 0.539326 0.539897
vt 0.539791 0.540100
vt 0.539972 0.540138
vt 0.540049 0.540116
vt 0.540001 0.540039
vt 0.539842 0.539928
vt 0.539613 0.539813
vt 0.539377 0.539725
vt 0.539196 0.539687
vt 0.539119 0.539709
vt 0.539167 0.539786
vt 0.539507 0.540140
vt 0.539231 0.540051
vt 0.539790 0.540206
vt 0.540003 0.540232
vt 0.540089 0.540210
vt 0.540026 0.540146
vt 0.539830 0.540058
vt 0.539554 0.539969
vt 0.539271 0.539903
vt 0.539058 0.539877
vt 0.538971 0.539899
vt 0.539035 0.539963
vt 0.539477 0.540296
vt 0.539154 0.540261
vt 0.539805 0.540317
vt 0.540049 0.540317
vt 0.540146 0.540297
vt 0.540068 0.540261
vt 0.539837 0.540221
vt 0.539515 0.540185
vt 0.539187 0.540165
vt 0.538942 0.540165
vt 0.538846 0.540185
vt 0.538923 0.540220
vt 0.539478 0.540480
vt 0.539120 0.540513
vt 0.539841 0.540435
vt 0.540112 0.540391
vt 0.540220 0.540359
vt 0.540134 0.540348
vt 0.539878 0.540360
vt 0.539520 0.540394
vt 0.539157 0.540439
vt 0.538885 0.540483
vt 0.538778 0.540515
vt 0.538864 0.540526
vt 0.539504 0.540624
vt 0.539131 0.540750
vt 0.539885 0.540492
vt 0.540172 0.540389
vt 0.540287 0.540344
vt 0.540201 0.540368
vt 0.539936 0.540455
vt 0.539562 0.540581
vt 0.539181 0.540713
vt 0.538895 0.540816
vt 0.538779 0.540861
vt 0.538866 0.540837
vt 0.539580 0.540786
vt 0.539225 0.541029
vt 0.539947 0.540544
vt 0.540228 0.540369
vt 0.540348 0.540306
vt 0.540274 0.540374
vt 0.540027 0.540553
vt 0.539672 0.540797
vt 0.539305 0.541039
vt 0.539024 0.541214
vt 0.538904 0.541277
vt 0.538978 0.541209
vt 0.539740 0.540971
vt 0.539404 0.541296
vt 0.540087 0.540646
vt 0.540352 0.540407
vt 0.540465 0.540318
vt 0.540395 0.540404
vt 0.540161 0.540641
vt 0.539826 0.540966
vt 0.539479 0.541291
vt 0.539213 0.541530
vt 0.539101 0.541619
vt 0.539170 0.541533
vt 0.539949 0.541178
vt 0.539636 0.541572
vt 0.540268 0.540777
vt 0.540507 0.540478
vt 0.540603 0.540359
vt 0.540529 0.540452
vt 0.540306 0.540734
vt 0.539993 0.541128
vt 0.539674 0.541528
vt 0.539435 0.541828
vt 0.539339 0.541947
vt 0.539413 0.541853
vt 0.540180 0.541329
vt 0.539959 0.541820
vt 0.540406 0.540829
vt 0.540577 0.540456
vt 0.540647 0.540308
vt 0.540597 0.540426
vt 0.540440 0.540778
vt 0.540219 0.541270
vt 0.539993 0.541769
vt 0.539822 0.542143
vt 0.539752 0.542290
vt 0.539802 0.542172
vt 0.540474 0.541416
vt 0.540353 0.541978
vt 0.540590 0.540843
vt 0.540671 0.540411
vt 0.540694 0.540238
vt 0.540654 0.540368
vt 0.540562 0.540768
vt 0.540441 0.541329
vt 0.540325 0.541903
vt 0.540244 0.542334
vt 0.540220 0.542508
vt 0.540260 0.542378
vt 0.540812 0.541463
vt 0.540775 0.542070
vt 0.540820 0.540839
vt 0.540797 0.540368
vt 0.540749 0.540174
vt 0.540690 0.540311
vt 0.540634 0.540741
vt 0.540597 0.541349
vt 0.540590 0.541972
vt 0.540612 0.542443
vt 0.540660 0.542637
vt 0.540720 0.542500
vt 0.541154 0.541443
vt 0.541228 0.542080
vt 0.541028 0.540792
vt 0.540884 0.540301
vt 0.540760 0.540101
vt 0.540690 0.540246
vt 0.540693 0.540697
vt 0.540768 0.541333
vt 0.540894 0.541984
vt 0.541038 0.542476
vt 0.541161 0.542676
vt 0.541231 0.542531
vt 0.541495 0.541361
vt 0.541691 0.542021
vt 0.541223 0.540691
vt 0.540949 0.540189
vt 0.540745 0.539991
vt 0.540667 0.540149
vt 0.540736 0.540621
vt 0.540932 0.541280
vt 0.541204 0.541951
vt 0.541478 0.542453
vt 0.541682 0.542651
vt 0.541760 0.542493
vt 0.541833 0.541214
vt 0.542140 0.541884
vt 0.541425 0.540540
vt 0.541025 0.540045
vt 0.540739 0.539861
vt 0.540645 0.540036
vt 0.540768 0.540525
vt 0.541074 0.541195
vt 0.541482 0.541868
vt 0.541883 0.542364
vt 0.542168 0.542548
vt 0.542263 0.542373
vt 0.541833 0.531370
vt 0.542179 0.531161
vt 0.542596 0.531825
vt 0.542140 0.532041
vt 0.541425 0.530697
vt 0.541632 0.530510
vt 0.541025 0.530202
vt 0.541099 0.530046
vt 0.540739 0.530018
vt 0.540724 0.529892
vt 0.540608 0.539935
vt 0.540724 0.539735
vt 0.540781 0.540433
vt 0.541197 0.541096
vt 0.541745 0.541748
vt 0.542278 0.542212
vt 0.542652 0.542365
vt 0.542769 0.542166
vt 0.542596 0.541668
vt 0.542516 0.530866
vt 0.543052 0.531489
vt 0.541814 0.530280
vt 0.541133 0.529889
vt 0.540658 0.529797
vt 0.540514 0.539872
vt 0.540658 0.539640
vt 0.540740 0.540366
vt 0.541276 0.540989
vt 0.541979 0.541575
vt 0.542659 0.541966
vt 0.543135 0.542058
vt 0.543279 0.541826
vt 0.543052 0.541332
vt 0.542816 0.530490
vt 0.543460 0.531052
vt 0.541972 0.530000
vt 0.541153 0.529715
vt 0.540579 0.529711
vt 0.540404 0.539832
vt 0.540579 0.539554
vt 0.540674 0.540317
vt 0.541318 0.540880
vt 0.542163 0.541370
vt 0.542982 0.541655
vt 0.543556 0.541659
vt 0.543731 0.541381
vt 0.543460 0.540896
vt 0.543061 0.530037
vt 0.543795 0.530523
vt 0.542093 0.529671
vt 0.541153 0.529524
vt 0.540490 0.529635
vt 0.540284 0.539818
vt 0.540490 0.539478
vt 0.540590 0.540294
vt 0.541324 0.540780
vt 0.542292 0.541146
vt 0.543233 0.541293
vt 0.543895 0.541182
vt 0.544101 0.540843
vt 0.543795 0.540366
vt 0.543247 0.529448
vt 0.544045 0.529876
vt 0.542184 0.529218
vt 0.541144 0.529248
vt 0.540403 0.529530
vt 0.540161 0.539830
vt 0.540403 0.539373
vt 0.540483 0.540342
vt 0.541282 0.540769
vt 0.542344 0.540999
vt 0.543385 0.540969
vt 0.544125 0.540687
vt 0.544367 0.540230
vt 0.544045 0.539719
vt 0.543324 0.528809
vt 0.544172 0.529102
vt 0.542197 0.528764
vt 0.541092 0.528979
vt 0.540307 0.529397
vt 0.540051 0.539750
vt 0.540307 0.539241
vt 0.540393 0.540213
vt 0.541241 0.540507
vt 0.542368 0.540552
vt 0.543473 0.540336
vt 0.544258 0.539918
vt 0.544514 0.539409
vt 0.544172 0.538945
vt 0.543225 0.527938
vt 0.544076 0.528043
vt 0.542091 0.528144
vt 0.540976 0.528605
vt 0.540181 0.529198
vt 0.539918 0.539607
vt 0.540181 0.539041
vt 0.540257 0.539995
vt 0.541108 0.540100
vt 0.542243 0.539894
vt 0.543357 0.539433
vt 0.544152 0.538840
vt 0.544416 0.538273
vt 0.544076 0.537886
vt 0.542812 0.527002
vt 0.543627 0.526965
vt 0.541764 0.527483
vt 0.540763 0.528280
vt 0.540077 0.529180
vt 0.539890 0.539783
vt 0.540077 0.539023
vt 0.540252 0.540201
vt 0.541066 0.540165
vt 0.542115 0.539683
vt 0.543116 0.538886
vt 0.543802 0.537986
vt 0.543989 0.537226
vt 0.543627 0.536808
vt 0.542006 0.526182
vt 0.542714 0.526018
vt 0.541177 0.526919
vt 0.540447 0.528030
vt 0.540014 0.529218
vt 0.539992 0.540009
vt 0.540014 0.539061
vt 0.540388 0.540461
vt 0.541096 0.540297
vt 0.541925 0.539560
vt 0.542654 0.538449
vt 0.543088 0.537261
vt 0.543110 0.536314
vt 0.542714 0.535862
vt 0.540962 0.525716
vt 0.541588 0.525502
vt 0.540358 0.526583
vt 0.539939 0.527871
vt 0.539817 0.529235
vt 0.540024 0.540153
vt 0.539817 0.539078
vt 0.540506 0.540651
vt 0.541132 0.540437
vt 0.541735 0.539570
vt 0.542154 0.538282
vt 0.542276 0.536918
vt 0.542069 0.535843
vt 0.541588 0.535345
vt 0.539742 0.525553
vt 0.540340 0.525329
vt 0.539348 0.526465
vt 0.539265 0.527820
vt 0.539515 0.529255
vt 0.540031 0.540229
vt 0.539515 0.539098
vt 0.540675 0.540752
vt 0.541273 0.540528
vt 0.541667 0.539616
vt 0.541750 0.538261
vt 0.541500 0.536826
vt 0.540984 0.535695
vt 0.540340 0.535172
vt 0.538516 0.525824
vt 0.539099 0.525603
vt 0.538334 0.526705
vt 0.538604 0.528009
vt 0.539251 0.529387
vt 0.540104 0.540312
vt 0.539251 0.539230
vt 0.540933 0.540809
vt 0.541516 0.540588
vt 0.541698 0.539707
vt 0.541428 0.538403
vt 0.540780 0.537025
vt 0.539928 0.535943
vt 0.539099 0.535446
vt 0.537660 0.526228
vt 0.538274 0.525993
vt 0.537552 0.527096
vt 0.537981 0.528364
vt 0.538831 0.529693
vt 0.539875 0.540569
vt 0.538831 0.539536
vt 0.540832 0.541030
vt 0.541447 0.540795
vt 0.541554 0.539927
vt 0.541125 0.538659
vt 0.540275 0.537330
vt 0.539232 0.536297
vt 0.538274 0.535836
vt 0.536912 0.526615
vt 0.537492 0.526418
vt 0.536907 0.527441
vt 0.537477 0.528673
vt 0.538470 0.529982
vt 0.539619 0.540859
vt 0.538470 0.539825
vt 0.540617 0.541343
vt 0.541197 0.541145
vt 0.541202 0.540320
vt 0.540632 0.539088
vt 0.539640 0.537779
vt 0.538490 0.536744
vt 0.537492 0.536261
vt 0.536035 0.527228
vt 0.536553 0.527109
vt 0.536201 0.527927
vt 0.537009 0.529018
vt 0.538240 0.530209
vt 0.539619 0.531016
vt 0.539567 0.531181
vt 0.540617 0.531500
vt 0.540631 0.531673
vt 0.541197 0.531302
vt 0.541150 0.531553
vt 0.540983 0.540697
vt 0.541150 0.541396
vt 0.540176 0.539606
vt 0.538944 0.538415
vt 0.537618 0.537444
vt 0.536553 0.536952
vt 0.534941 0.528558
vt 0.535457 0.528477
vt 0.535289 0.529022
vt 0.536405 0.529744
vt 0.537992 0.530531
vt 0.539624 0.531172
vt 0.540864 0.531495
vt 0.541379 0.531414
vt 0.541032 0.540793
vt 0.541379 0.541257
vt 0.539915 0.540071
vt 0.538328 0.539284
vt 0.536696 0.538644
vt 0.535457 0.538320
vt 0.534325 0.530445
vt 0.534862 0.530369
vt 0.534773 0.530594
vt 0.536085 0.530776
vt 0.537909 0.530941
vt 0.539758 0.531047
vt 0.541135 0.531064
vt 0.541672 0.530988
vt 0.541224 0.540682
vt 0.541672 0.540831
vt 0.539912 0.540501
vt 0.538088 0.540335
vt 0.536239 0.540229
vt 0.534862 0.540212
vt 0.534263 0.532069
vt 0.534822 0.531970
vt 0.534718 0.531987
vt 0.536065 0.531746
vt 0.537943 0.531410
vt 0.539849 0.531070
vt 0.541273 0.530817
vt 0.541832 0.530718
vt 0.541377 0.540643
vt 0.541832 0.540561
vt 0.540030 0.540884
vt 0.538152 0.541219
vt 0.536246 0.541559
vt 0.534822 0.541813
vt 0.534408 0.533228
vt 0.534983 0.533093
vt 0.534859 0.533046
vt 0.536214 0.532596
vt 0.538111 0.531999
vt 0.540042 0.531414
vt 0.541489 0.530998
vt 0.542064 0.530863
vt 0.541613 0.540888
vt 0.542064 0.540706
vt 0.540258 0.541338
vt 0.538361 0.541936
vt 0.536430 0.542521
vt 0.534983 0.542936
vt 0.534630 0.534363
vt 0.535215 0.534186
vt 0.535067 0.534089
vt 0.536410 0.533439
vt 0.538298 0.532587
vt 0.540225 0.531761
vt 0.541676 0.531182
vt 0.542261 0.531005
vt 0.541823 0.541122
vt 0.542261 0.540848
vt 0.540481 0.541771
vt 0.538593 0.542624
vt 0.536665 0.543450
vt 0.535215 0.544029
vt 0.535157 0.535653
vt 0.535665 0.535285
vt 0.535619 0.535384
vt 0.536928 0.534550
vt 0.538732 0.533375
vt 0.540548 0.532174
vt 0.541890 0.531268
vt 0.542398 0.530901
vt 0.541936 0.541013
vt 0.542398 0.540744
vt 0.540627 0.541847
vt 0.538823 0.543022
vt 0.537006 0.544223
vt 0.535665 0.545129
vt 0.536102 0.537112
vt 0.536479 0.536547
vt 0.536579 0.536830
vt 0.537782 0.535775
vt 0.539389 0.534230
vt 0.540969 0.532610
vt 0.542099 0.531348
vt 0.542476 0.530782
vt 0.541999 0.540908
vt 0.542476 0.540626
vt 0.540796 0.541963
vt 0.539189 0.543508
vt 0.537609 0.545128
vt 0.536479 0.546390
vt 0.537731 0.538556
vt 0.538043 0.537911
vt 0.538027 0.538113
vt 0.538854 0.536702
vt 0.539989 0.534700
vt 0.541128 0.532644
vt 0.541966 0.531085
vt 0.542279 0.530440
vt 0.541982 0.540726
vt 0.542279 0.540283
vt 0.541156 0.542137
vt 0.540021 0.544139
vt 0.538882 0.546195
vt 0.538043 0.547754
vt 0.539966 0.539570
vt 0.540178 0.538861
vt 0.540016 0.539016
vt 0.540315 0.537347
vt 0.540782 0.535012
vt 0.541293 0.532634
vt 0.541710 0.530852
vt 0.541922 0.530143
vt 0.541871 0.540540
vt 0.541922 0.539986
vt 0.541573 0.542209
vt 0.541105 0.544544
vt 0.540595 0.546922
vt 0.540178 0.548704
vt 0.542222 0.539879
vt 0.542314 0.539136
vt 0.542077 0.539290
vt 0.541918 0.537526
vt 0.541788 0.535061
vt 0.541721 0.532554
vt 0.541736 0.530677
vt 0.541828 0.529933
vt 0.541973 0.540366
vt 0.541828 0.539777
vt 0.542132 0.542129
vt 0.542262 0.544595
vt 0.542329 0.547102
vt 0.542314 0.548979
vt 0.544231 0.539789
vt 0.544147 0.539045
vt 0.544015 0.539190
vt 0.543559 0.537406
vt 0.542983 0.534917
vt 0.542443 0.532389
vt 0.542083 0.530500
vt 0.541999 0.529755
vt 0.542215 0.540198
vt 0.541999 0.539598
vt 0.542672 0.541981
vt 0.543247 0.544470
vt 0.543787 0.546998
vt 0.544147 0.548888
vt 0.546145 0.539367
vt 0.545858 0.538660
vt 0.545874 0.538761
vt 0.545117 0.537004
vt 0.544075 0.534567
vt 0.543030 0.532102
vt 0.542260 0.530271
vt 0.541973 0.529564
vt 0.542244 0.540013
vt 0.541973 0.539407
vt 0.543002 0.541771
vt 0.544043 0.544208
vt 0.545088 0.546672
vt 0.545858 0.548503
vt 0.547954 0.538631
vt 0.547440 0.538012
vt 0.547660 0.538008
vt 0.546636 0.536311
vt 0.545157 0.533993
vt 0.543619 0.531677
vt 0.542434 0.529982
vt 0.541919 0.529362
vt 0.542214 0.539828
vt 0.541919 0.539206
vt 0.543238 0.541525
vt 0.544717 0.543843
vt 0.546255 0.546160
vt 0.547440 0.547855
vt 0.549623 0.537579
vt 0.548879 0.537103
vt 0.549321 0.536932
vt 0.548054 0.535333
vt 0.546161 0.533212
vt 0.544149 0.531137
vt 0.542558 0.529664
vt 0.541814 0.529188
vt 0.542116 0.539678
vt 0.541814 0.539031
vt 0.543384 0.541277
vt 0.545277 0.543398
vt 0.547288 0.545473
vt 0.548879 0.546946
vt 0.551091 0.536249
vt 0.550115 0.535984
vt 0.550804 0.535550
vt 0.549331 0.534074
vt 0.547067 0.532216
vt 0.544618 0.530474
vt 0.542640 0.529316
vt 0.541665 0.529050
vt 0.541952 0.539593
vt 0.541665 0.538894
vt 0.543425 0.541069
vt 0.545689 0.542927
vt 0.548138 0.544669
vt 0.550115 0.545827
vt 0.552304 0.534693
vt 0.551103 0.534725
vt 0.552057 0.533891
vt 0.550426 0.532536
vt 0.547849 0.530989
vt 0.545017 0.529666
vt 0.542688 0.528921
vt 0.541486 0.528953
vt 0.541734 0.539598
vt 0.541486 0.538796
vt 0.543365 0.540954
vt 0.545942 0.542500
vt 0.548774 0.543823
vt 0.551103 0.544568
vt 0.553224 0.532966
vt 0.551833 0.533368
vt 0.553016 0.532019
vt 0.551265 0.530781
vt 0.548440 0.529583
vt 0.545299 0.528747
vt 0.542681 0.528497
vt 0.541290 0.528899
vt 0.541498 0.539689
vt 0.541290 0.538742
vt 0.543249 0.540927
vt 0.546074 0.542124
vt 0.549216 0.542960
vt 0.551833 0.543211
vt 0.553827 0.531021
vt 0.552283 0.531979
vt 0.553663 0.529792
vt 0.551835 0.528622
vt 0.548832 0.527825
vt 0.545460 0.527613
vt 0.542622 0.528043
vt 0.541078 0.529002
vt 0.541242 0.540074
vt 0.541078 0.538845
vt 0.543070 0.541243
vt 0.546073 0.542041
vt 0.549445 0.542253
vt 0.552283 0.541822
vt 0.553981 0.528601
vt 0.552388 0.529958
vt 0.553812 0.527224
vt 0.551926 0.526197
vt 0.548830 0.525794
vt 0.545352 0.526122
vt 0.542424 0.527096
vt 0.540831 0.528452
vt 0.541000 0.539672
vt 0.540831 0.538295
vt 0.542886 0.540699
vt 0.545982 0.541103
vt 0.549461 0.540774
vt 0.552388 0.539801
vt 0.553728 0.525786
vt 0.552153 0.527538
vt 0.553537 0.524276
vt 0.551631 0.523412
vt 0.548520 0.523425
vt 0.545039 0.524313
vt 0.542119 0.525837
vt 0.540544 0.527588
vt 0.540735 0.538942
vt 0.540544 0.537431
vt 0.542641 0.539806
vt 0.545752 0.539792
vt 0.549233 0.538905
vt 0.552153 0.537381
vt 0.553728 0.535629
vt 0.552817 0.533071
vt 0.551498 0.535570
vt 0.552442 0.521263
vt 0.552817 0.523228
vt 0.550473 0.520359
vt 0.547439 0.520757
vt 0.544151 0.522352
vt 0.541492 0.524715
vt 0.540173 0.527214
vt 0.540548 0.539021
vt 0.540173 0.537057
vt 0.542517 0.539926
vt 0.545551 0.539528
vt 0.548838 0.537933
vt 0.550523 0.530223
vt 0.549718 0.533385
vt 0.552442 0.531107
vt 0.549916 0.527966
vt 0.550473 0.530202
vt 0.548061 0.527217
vt 0.547439 0.530600
vt 0.545453 0.528178
vt 0.544151 0.532195
vt 0.542793 0.530591
vt 0.541492 0.534558
vt 0.540791 0.533809
vt 0.539986 0.536971
vt 0.540592 0.539229
vt 0.542448 0.539977
vt 0.545056 0.539016
vt 0.547716 0.536603
vt 0.546392 0.528319
vt 0.546445 0.531957
vt 0.545400 0.525833
vt 0.543734 0.525167
vt 0.541842 0.526498
vt 0.540229 0.529470
vt 0.539328 0.533287
vt 0.539381 0.536925
vt 0.540373 0.539411
vt 0.542039 0.540077
vt 0.543931 0.538746
vt 0.545544 0.535774
vt 0.542947 0.528142
vt 0.543891 0.531924
vt 0.541427 0.525561
vt 0.539738 0.524875
vt 0.538332 0.526267
vt 0.537586 0.529364
vt 0.537701 0.533336
vt 0.538644 0.537119
vt 0.540164 0.539699
vt 0.541853 0.540385
vt 0.543259 0.538993
vt 0.544005 0.535897
vt 0.539763 0.528750
vt 0.541336 0.532513
vt 0.537891 0.526160
vt 0.536220 0.525438
vt 0.535200 0.526777
vt 0.535103 0.529817
vt 0.535955 0.533746
vt 0.537528 0.537509
vt 0.539400 0.540098
vt 0.541070 0.540820
vt 0.542091 0.539482
vt 0.542188 0.536441
vt 0.536905 0.529873
vt 0.539242 0.533422
vt 0.534468 0.527438
vt 0.532584 0.526769
vt 0.531759 0.528046
vt 0.532212 0.530925
vt 0.533823 0.534637
vt 0.536160 0.538185
vt 0.538597 0.540620
vt 0.540481 0.541289
vt 0.541307 0.540013
vt 0.540853 0.537133
vt 0.534355 0.531761
vt 0.537625 0.534717
vt 0.531227 0.529754
vt 0.529081 0.529233
vt 0.528491 0.530339
vt 0.529615 0.532775
vt 0.532152 0.535887
vt 0.535423 0.538844
vt 0.538550 0.540851
vt 0.540696 0.541371
vt 0.541286 0.540266
vt 0.540162 0.537830
vt 0.532404 0.534432
vt 0.536409 0.536573
vt 0.528737 0.533000
vt 0.526391 0.532662
vt 0.525994 0.533507
vt 0.527652 0.535309
vt 0.530922 0.537585
vt 0.534926 0.539726
vt 0.538593 0.541158
vt 0.540940 0.541497
vt 0.541337 0.540652
vt 0.539678 0.538850
vt 0.531389 0.536815
vt 0.535910 0.537943
vt 0.527269 0.536275
vt 0.524653 0.536469
vt 0.524242 0.537344
vt 0.526147 0.538666
vt 0.529857 0.540080
vt 0.534377 0.541208
vt 0.538497 0.541748
vt 0.541113 0.541554
vt 0.541524 0.540679
vt 0.539619 0.539357
vt 0.531109 0.539448
vt 0.535872 0.539346
vt 0.526775 0.539970
vt 0.524031 0.540773
vt 0.523612 0.541641
vt 0.525632 0.542342
vt 0.529547 0.542688
vt 0.534311 0.542586
vt 0.538645 0.542064
vt 0.541389 0.541261
vt 0.541807 0.540393
vt 0.539788 0.539692
vt 0.531550 0.542421
vt 0.536261 0.541183
vt 0.527236 0.543821
vt 0.524477 0.545006
vt 0.524010 0.545659
vt 0.525962 0.545606
vt 0.529809 0.544860
vt 0.534520 0.543622
vt 0.538833 0.542222
vt 0.541593 0.541037
vt 0.542060 0.540384
vt 0.540108 0.540437
vt 0.532691 0.545389
vt 0.537137 0.543124
vt 0.528543 0.547535
vt 0.525804 0.548987
vt 0.525208 0.549357
vt 0.526914 0.548544
vt 0.530467 0.546768
vt 0.534913 0.544503
vt 0.539061 0.542357
vt 0.541800 0.540905
vt 0.542396 0.540535
vt 0.540689 0.541348
vt 0.534106 0.547688
vt 0.538227 0.544655
vt 0.530204 0.550458
vt 0.527565 0.552224
vt 0.526898 0.552511
vt 0.528381 0.551244
vt 0.531616 0.548761
vt 0.535737 0.545727
vt 0.539639 0.542957
vt 0.542277 0.541191
vt 0.542944 0.540904
vt 0.541462 0.542172
vt 0.536213 0.550250
vt 0.539813 0.546431
vt 0.532758 0.553710
vt 0.530374 0.555884
vt 0.529700 0.556189
vt 0.530917 0.554545
vt 0.533698 0.551391
vt 0.537298 0.547572
vt 0.540753 0.544113
vt 0.543137 0.541939
vt 0.543811 0.541633
vt 0.542594 0.543277
vt 0.538711 0.552195
vt 0.541516 0.547599
vt 0.535930 0.556325
vt 0.533918 0.558885
vt 0.533214 0.559187
vt 0.534007 0.557151
vt 0.536084 0.553323
vt 0.538889 0.548728
vt 0.541670 0.544597
vt 0.543683 0.542037
vt 0.544387 0.541735
vt 0.543594 0.543771
vt 0.541744 0.553761
vt 0.543596 0.548561
vt 0.539857 0.558456
vt 0.538439 0.561388
vt 0.537871 0.561772
vt 0.538304 0.559504
vt 0.539624 0.555192
vt 0.541475 0.549993
vt 0.543363 0.545297
vt 0.544781 0.542365
vt 0.545349 0.541981
vt 0.544915 0.544249
vt 0.545092 0.554588
vt 0.545471 0.548952
vt 0.544628 0.559697
vt 0.544203 0.562912
vt 0.543931 0.563370
vt 0.543886 0.560948
vt 0.544078 0.556297
vt 0.544457 0.550661
vt 0.544921 0.545552
vt 0.545346 0.542338
vt 0.545617 0.541880
vt 0.545663 0.544301
vt 0.548810 0.554298
vt 0.547614 0.548663
vt 0.549819 0.559403
vt 0.550370 0.562611
vt 0.550315 0.563062
vt 0.549669 0.560636
vt 0.548605 0.555982
vt 0.547408 0.550348
vt 0.546399 0.545243
vt 0.545849 0.542035
vt 0.545904 0.541584
vt 0.546550 0.544010
vt 0.552141 0.553210
vt 0.549258 0.548099
vt 0.554779 0.557802
vt 0.556463 0.560645
vt 0.556744 0.560978
vt 0.555544 0.558711
vt 0.553187 0.554451
vt 0.550303 0.549341
vt 0.547666 0.544749
vt 0.545981 0.541906
vt 0.545701 0.541573
vt 0.546900 0.543840
vt 0.554527 0.551224
vt 0.550189 0.547124
vt 0.558633 0.554781
vt 0.561406 0.556844
vt 0.562103 0.556858
vt 0.560538 0.554820
vt 0.557130 0.551277
vt 0.552792 0.547177
vt 0.548686 0.543620
vt 0.545913 0.541558
vt 0.545216 0.541544
vt 0.546781 0.543581
vt 0.556604 0.548465
vt 0.551391 0.545365
vt 0.561534 0.551074
vt 0.564862 0.552494
vt 0.565694 0.552343
vt 0.563809 0.550663
vt 0.559711 0.547903
vt 0.554498 0.544803
vt 0.549567 0.542193
vt 0.546239 0.540774
vt 0.545407 0.540925
vt 0.547292 0.542605
vt 0.558108 0.545137
vt 0.552372 0.543037
vt 0.563515 0.546837
vt 0.567143 0.547683
vt 0.568022 0.547447
vt 0.565915 0.546193
vt 0.561387 0.544257
vt 0.555652 0.542158
vt 0.550245 0.540457
vt 0.546616 0.539612
vt 0.545738 0.539847
vt 0.547845 0.541101
vt 0.559187 0.541200
vt 0.553213 0.539837
vt 0.564770 0.542368
vt 0.568468 0.543029
vt 0.569289 0.543005
vt 0.567014 0.542302
vt 0.562251 0.541110
vt 0.556278 0.539747
vt 0.550694 0.538579
vt 0.546997 0.537919
vt 0.546175 0.537943
vt 0.548451 0.538645
vt 0.559639 0.538724
vt 0.553561 0.537785
vt 0.565318 0.539509
vt 0.569075 0.539931
vt 0.569906 0.539875
vt 0.567586 0.539357
vt 0.562738 0.538516
vt 0.556660 0.537577
vt 0.550982 0.536791
vt 0.547224 0.536370
vt 0.546394 0.536426
vt 0.548713 0.536943
vt 0.559906 0.536312
vt 0.553918 0.535492
vt 0.565502 0.536985
vt 0.569206 0.537331
vt 0.570024 0.537256
vt 0.567739 0.536782
vt 0.562963 0.536034
vt 0.556974 0.535214
vt 0.551378 0.534541
vt 0.547675 0.534196
vt 0.546856 0.534270
vt 0.549141 0.534745
vt 0.560355 0.532743
vt 0.554617 0.531921
vt 0.565702 0.533527
vt 0.569225 0.534065
vt 0.569980 0.534212
vt 0.567765 0.533929
vt 0.563173 0.533291
vt 0.557435 0.532470
vt 0.552088 0.531685
vt 0.548565 0.531147
vt 0.547810 0.531000
vt 0.550025 0.531284
s 1
usemtl Material.001
f 16/1/16 15/2/15 1/3/1 2/4/2
f 2/4/2 1/3/1 3/5/3 4/6/4
f 4/6/4 3/5/3 5/7/5 6/8/6
f 6/8/6 5/7/5 7/9/7 8/10/8
f 8/10/8 7/9/7 9/7/9 10/8/10
f 10/8/10 9/7/9 11/5/11 12/6/12
f 3/5/3 1/3/1 15/2/15 13/3/13 11/5/11 9/7/9 7/9/7 5/7/5
f 12/6/12 11/5/11 13/3/13 14/4/14
f 16/1/16 2/4/2 4/6/4 6/8/6 8/10/8 10/8/10 12/6/12 14/4/14
f 14/4/14 13/3/13 15/2/15 16/1/16
usemtl Material.002
f 68/11/68 67/12/67 18/13/18 19/14/19
f 66/15/66 53/16/53 17/17/17
f 67/12/67 66/15/66 17/17/17 18/13/18
f 18/13/18 17/17/17 20/18/20 21/19/21
f 19/14/19 18/13/18 21/19/21 22/20/22
f 17/17/17 53/16/53 20/18/20
f 22/20/22 21/19/21 24/21/24 25/22/25
f 20/18/20 53/16/53 23/23/23
f 21/19/21 20/18/20 23/23/23 24/21/24
f 25/22/25 24/21/24 27/24/27 28/25/28
f 23/23/23 53/16/53 26/26/26
f 24/21/24 23/23/23 26/26/26 27/24/27
f 26/26/26 53/16/53 29/27/29
f 27/24/27 26/26/26 29/27/29 30/28/30
f 28/25/28 27/24/27 30/28/30 31/29/31
f 30/28/30 29/27/29 32/30/32 33/31/33
f 31/29/31 30/28/30 33/31/33 34/32/34
f 29/27/29 53/16/53 32/30/32
f 33/31/33 32/30/32 35/33/35 36/34/36
f 34/32/34 33/31/33 36/34/36 37/35/37
f 32/30/32 53/16/53 35/33/35
f 37/35/37 36/34/36 39/36/39 40/37/40
f 35/33/35 53/16/53 38/38/38
f 36/34/36 35/33/35 38/38/38 39/36/39
f 40/37/40 39/36/39 42/39/42 43/40/43
f 38/38/38 53/16/53 41/41/41
f 39/36/39 38/38/38 41/41/41 42/39/42
f 43/40/43 42/39/42 45/42/45 46/43/46
f 41/41/41 53/16/53 44/44/44
f 42/39/42 41/41/41 44/44/44 45/42/45
f 45/42/45 44/44/44 47/45/47 48/46/48
f 46/43/46 45/42/45 48/46/48 49/47/49
f 44/44/44 53/16/53 47/45/47
f 48/46/48 47/45/47 50/48/50 51/49/51
f 49/47/49 48/46/48 51/49/51 52/50/52
f 47/45/47 53/16/53 50/48/50
f 51/49/51 50/48/50 54/51/54 55/52/55
f 52/50/52 51/49/51 55/52/55 56/53/56
f 50/48/50 53/16/53 54/51/54
f 56/53/56 55/52/55 58/54/58 59/55/59
f 54/51/54 53/16/53 57/56/57
f 55/52/55 54/51/54 57/56/57 58/54/58
f 59/55/59 58/54/58 61/57/61 62/58/62
f 57/56/57 53/16/53 60/59/60
f 58/54/58 57/56/57 60/59/60 61/57/61
f 60/59/60 53/16/53 63/60/63
f 61/57/61 60/59/60 63/60/63 64/61/64
f 62/58/62 61/57/61 64/61/64 65/62/65
f 64/61/64 63/60/63 66/15/66 67/12/67
f 65/62/65 64/61/64 67/12/67 68/11/68
f 63/60/63 53/16/53 66/15/66
f 69/63/69 70/64/70 81/65/81
f 69/63/69 71/66/71 70/64/70
f 69/63/69 72/67/72 71/66/71
f 69/63/69 73/68/73 72/67/72
f 69/63/69 74/69/74 73/68/73
f 69/63/69 75/70/75 74/69/74
f 69/63/69 76/71/76 75/70/75
f 69/63/69 77/72/77 76/71/76
f 69/63/69 78/73/78 77/72/77
f 69/63/69 79/74/79 78/73/78
f 69/63/69 80/75/80 79/74/79
f 69/63/69 81/65/81 80/75/80
f 70/64/70 82/76/82 93/77/93 81/65/81
f 71/66/71 83/78/83 82/76/82 70/64/70
f 72/67/72 84/79/84 83/78/83 71/66/71
f 73/68/73 85/80/85 84/79/84 72/67/72
f 74/69/74 86/81/86 85/80/85 73/68/73
f 75/70/75 87/82/87 86/81/86 74/69/74
f 76/71/76 88/83/88 87/82/87 75/70/75
f 77/72/77 89/84/89 88/83/88 76/71/76
f 78/73/78 90/85/90 89/84/89 77/72/77
f 79/74/79 91/86/91 90/85/90 78/73/78
f 80/75/80 92/87/92 91/86/91 79/74/79
f 81/65/81 93/77/93 92/87/92 80/75/80
f 82/76/82 94/88/94 105/89/105 93/77/93
f 83/78/83 95/90/95 94/88/94 82/76/82
f 84/79/84 96/91/96 95/90/95 83/78/83
f 85/80/85 97/92/97 96/91/96 84/79/84
f 86/81/86 98/93/98 97/92/97 85/80/85
f 87/82/87 99/94/99 98/93/98 86/81/86
f 88/83/88 100/95/100 99/94/99 87/82/87
f 89/84/89 101/96/101 100/95/100 88/83/88
f 90/85/90 102/97/102 101/96/101 89/84/89
f 91/86/91 103/98/103 102/97/102 90/85/90
f 92/87/92 104/99/104 103/98/103 91/86/91
f 93/77/93 105/89/105 104/99/104 92/87/92
f 94/88/94 106/100/106 117/101/117 105/89/105
f 95/90/95 107/102/107 106/100/106 94/88/94
f 96/91/96 108/103/108 107/102/107 95/90/95
f 97/92/97 109/104/109 108/103/108 96/91/96
f 98/93/98 110/105/110 109/104/109 97/92/97
f 99/94/99 111/106/111 110/105/110 98/93/98
f 100/95/100 112/107/112 111/106/111 99/94/99
f 101/96/101 113/108/113 112/107/112 100/95/100
f 102/97/102 114/109/114 113/108/113 101/96/101
f 103/98/103 115/110/115 114/109/114 102/97/102
f 104/99/104 116/111/116 115/110/115 103/98/103
f 105/89/105 117/101/117 116/111/116 104/99/104
f 106/100/106 118/112/118 129/113/129 117/101/117
f 107/102/107 119/114/119 118/112/118 106/100/106
f 108/103/108 120/115/120 119/114/119 107/102/107
f 109/104/109 121/116/121 120/115/120 108/103/108
f 110/105/110 122/117/122 121/116/121 109/104/109
f 111/106/111 123/118/123 122/117/122 110/105/110
f 112/107/112 124/119/124 123/118/123 111/106/111
f 113/108/113 125/120/125 124/119/124 112/107/112
f 114/109/114 126/121/126 125/120/125 113/108/113
f 115/110/115 127/122/127 126/121/126 114/109/114
f 116/111/116 128/123/128 127/122/127 115/110/115
f 117/101/117 129/113/129 128/123/128 116/111/116
f 118/112/118 130/124/130 141/125/141 129/113/129
f 119/114/119 131/126/131 130/124/130 118/112/118
f 120/115/120 132/127/132 131/126/131 119/114/119
f 121/116/121 133/128/133 132/127/132 120/115/120
f 122/117/122 134/129/134 133/128/133 121/116/121
f 123/118/123 135/130/135 134/129/134 122/117/122
f 124/119/124 136/131/136 135/130/135 123/118/123
f 125/120/125 137/132/137 136/131/136 124/119/124
f 126/121/126 138/133/138 137/132/137 125/120/125
f 127/122/127 139/134/139 138/133/138 126/121/126
f 128/123/128 140/135/140 139/134/139 127/122/127
f 129/113/129 141/125/141 140/135/140 128/123/128
f 130/124/130 142/136/142 153/137/153 141/125/141
f 131/126/131 143/138/143 142/136/142 130/124/130
f 132/127/132 144/139/144 143/138/143 131/126/131
f 133/128/133 145/140/145 144/139/144 132/127/132
f 134/129/134 146/141/146 145/140/145 133/128/133
f 135/130/135 147/142/147 146/141/146 134/129/134
f 136/131/136 148/143/148 147/142/147 135/130/135
f 137/132/137 149/144/149 148/143/148 136/131/136
f 138/133/138 150/145/150 149/144/149 137/132/137
f 139/134/139 151/146/151 150/145/150 138/133/138
f 140/135/140 152/147/152 151/146/151 139/134/139
f 141/125/141 153/137/153 152/147/152 140/135/140
f 142/136/142 154/148/154 165/149/165 153/137/153
f 143/138/143 155/150/155 154/148/154 142/136/142
f 144/139/144 156/151/156 155/150/155 143/138/143
f 145/140/145 157/152/157 156/151/156 144/139/144
f 146/141/146 158/153/158 157/152/157 145/140/145
f 147/142/147 159/154/159 158/153/158 146/141/146
f 148/143/148 160/155/160 159/154/159 147/142/147
f 149/144/149 161/156/161 160/155/160 148/143/148
f 150/145/150 162/157/162 161/156/161 149/144/149
f 151/146/151 163/158/163 162/157/162 150/145/150
f 152/147/152 164/159/164 163/158/163 151/146/151
f 153/137/153 165/149/165 164/159/164 152/147/152
f 154/148/154 166/160/166 177/161/177 165/149/165
f 155/150/155 167/162/167 166/160/166 154/148/154
f 156/151/156 168/163/168 167/162/167 155/150/155
f 157/152/157 169/164/169 168/163/168 156/151/156
f 158/153/158 170/165/170 169/164/169 157/152/157
f 159/154/159 171/166/171 170/165/170 158/153/158
f 160/155/160 172/167/172 171/166/171 159/154/159
f 161/156/161 173/168/173 172/167/172 160/155/160
f 162/157/162 174/169/174 173/168/173 161/156/161
f 163/158/163 175/170/175 174/169/174 162/157/162
f 164/159/164 176/171/176 175/170/175 163/158/163
f 165/149/165 177/161/177 176/171/176 164/159/164
f 166/160/166 178/172/178 189/173/189 177/161/177
f 167/162/167 179/174/179 178/172/178 166/160/166
f 168/163/168 180/175/180 179/174/179 167/162/167
f 169/164/169 181/176/181 180/175/180 168/163/168
f 170/165/170 182/177/182 181/176/181 169/164/169
f 171/166/171 183/178/183 182/177/182 170/165/170
f 172/167/172 184/179/184 183/178/183 171/166/171
f 173/168/173 185/180/185 184/179/184 172/167/172
f 174/169/174 186/181/186 185/180/185 173/168/173
f 175/170/175 187/182/187 186/181/186 174/169/174
f 176/171/176 188/183/188 187/182/187 175/170/175
f 177/161/177 189/173/189 188/183/188 176/171/176
f 178/172/178 190/184/190 201/185/201 189/173/189
f 179/174/179 191/186/191 190/184/190 178/172/178
f 180/175/180 192/187/192 191/186/191 179/174/179
f 181/176/181 193/188/193 192/187/192 180/175/180
f 182/177/182 194/189/194 193/188/193 181/176/181
f 183/178/183 195/190/195 194/189/194 182/177/182
f 184/179/184 196/191/196 195/190/195 183/178/183
f 185/180/185 197/192/197 196/191/196 184/179/184
f 186/181/186 198/193/198 197/192/197 185/180/185
f 187/182/187 199/194/199 198/193/198 186/181/186
f 188/183/188 200/195/200 199/194/199 187/182/187
f 189/173/189 201/185/201 200/195/200 188/183/188
f 190/184/190 202/196/202 213/197/213 201/185/201
f 191/186/191 203/198/203 202/196/202 190/184/190
f 192/187/192 204/199/204 203/198/203 191/186/191
f 193/188/193 205/200/205 204/199/204 192/187/192
f 194/189/194 206/201/206 205/200/205 193/188/193
f 195/190/195 207/202/207 206/201/206 194/189/194
f 196/191/196 208/203/208 207/202/207 195/190/195
f 197/192/197 209/204/209 208/203/208 196/191/196
f 198/193/198 210/205/210 209/204/209 197/192/197
f 199/194/199 211/206/211 210/205/210 198/193/198
f 200/195/200 212/207/212 211/206/211 199/194/199
f 201/185/201 213/197/213 212/207/212 200/195/200
f 202/196/202 214/208/214 225/209/225 213/197/213
f 203/198/203 215/210/215 214/208/214 202/196/202
f 204/199/204 216/211/216 215/210/215 203/198/203
f 205/200/205 217/212/217 216/211/216 204/199/204
f 206/201/206 218/213/218 217/212/217 205/200/205
f 207/202/207 219/214/219 218/213/218 206/201/206
f 208/203/208 220/215/220 219/214/219 207/202/207
f 209/204/209 221/216/221 220/215/220 208/203/208
f 210/205/210 222/217/222 221/216/221 209/204/209
f 211/206/211 223/218/223 222/217/222 210/205/210
f 212/207/212 224/219/224 223/218/223 211/206/211
f 213/197/213 225/209/225 224/219/224 212/207/212
f 214/208/214 226/220/226 237/221/237 225/209/225
f 215/210/215 227/222/227 226/220/226 214/208/214
f 216/211/216 228/223/228 227/222/227 215/210/215
f 217/212/217 229/224/229 228/223/228 216/211/216
f 218/213/218 230/225/230 229/224/229 217/212/217
f 219/214/219 231/226/231 230/225/230 218/213/218
f 220/215/220 232/227/232 231/226/231 219/214/219
f 221/216/221 233/228/233 232/227/232 220/215/220
f 222/217/222 234/229/234 233/228/233 221/216/221
f 223/218/223 235/230/235 234/229/234 222/217/222
f 224/219/224 236/231/236 235/230/235 223/218/223
f 225/209/225 237/221/237 236/231/236 224/219/224
f 226/220/226 238/232/238 249/233/249 237/221/237
f 227/222/227 239/234/239 238/232/238 226/220/226
f 228/223/228 240/235/240 239/234/239 227/222/227
f 229/224/229 241/236/241 240/235/240 228/223/228
f 230/225/230 242/237/242 241/236/241 229/224/229
f 231/226/231 243/238/243 242/237/242 230/225/230
f 232/227/232 244/239/244 243/238/243 231/226/231
f 233/228/233 245/240/245 244/239/244 232/227/232
f 234/229/234 246/241/246 245/240/245 233/228/233
f 235/230/235 247/242/247 246/241/246 234/229/234
f 236/231/236 248/243/248 247/242/247 235/230/235
f 237/221/237 249/233/249 248/243/248 236/231/236
f 238/232/238 250/244/250 261/245/261 249/233/249
f 239/234/239 251/246/251 250/244/250 238/232/238
f 240/235/240 252/247/252 251/246/251 239/234/239
f 241/236/241 253/248/253 252/247/252 240/235/240
f 242/237/242 254/249/254 253/248/253 241/236/241
f 243/238/243 255/250/255 254/249/254 242/237/242
f 244/239/244 256/251/256 255/250/255 243/238/243
f 245/240/245 257/252/257 256/251/256 244/239/244
f 246/241/246 258/253/258 257/252/257 245/240/245
f 247/242/247 259/254/259 258/253/258 246/241/246
f 248/243/248 260/255/260 259/254/259 247/242/247
f 249/233/249 261/245/261 260/255/260 248/243/248
f 250/244/250 262/256/262 273/257/273 261/245/261
f 251/246/251 263/258/263 262/256/262 250/244/250
f 252/247/252 264/259/264 263/258/263 251/246/251
f 253/248/253 265/260/265 264/259/264 252/247/252
f 254/249/254 266/261/266 265/260/265 253/248/253
f 255/250/255 267/262/267 266/261/266 254/249/254
f 256/251/256 268/263/268 267/262/267 255/250/255
f 257/252/257 269/264/269 268/263/268 256/251/256
f 258/253/258 270/265/270 269/264/269 257/252/257
f 259/254/259 271/266/271 270/265/270 258/253/258
f 260/255/260 272/267/272 271/266/271 259/254/259
f 261/245/261 273/257/273 272/267/272 260/255/260
f 262/256/262 274/268/274 285/269/285 273/257/273
f 263/258/263 275/270/275 274/268/274 262/256/262
f 264/259/264 276/271/276 275/270/275 263/258/263
f 265/260/265 277/272/277 276/271/276 264/259/264
f 266/261/266 278/273/278 277/272/277 265/260/265
f 267/262/267 279/274/279 278/273/278 266/261/266
f 268/263/268 280/275/280 279/274/279 267/262/267
f 269/264/269 281/276/281 280/275/280 268/263/268
f 270/265/270 282/277/282 281/276/281 269/264/269
f 271/266/271 283/278/283 282/277/282 270/265/270
f 272/267/272 284/279/284 283/278/283 271/266/271
f 273/257/273 285/269/285 284/279/284 272/267/272
f 274/268/274 286/280/286 297/281/297 285/269/285
f 275/270/275 287/282/287 286/280/286 274/268/274
f 276/271/276 288/283/288 287/282/287 275/270/275
f 277/272/277 289/284/289 288/283/288 276/271/276
f 278/273/278 290/285/290 289/284/289 277/272/277
f 279/274/279 291/286/291 290/285/290 278/273/278
f 280/275/280 292/287/292 291/286/291 279/274/279
f 281/276/281 293/288/293 292/287/292 280/275/280
f 282/277/282 294/289/294 293/288/293 281/276/281
f 283/278/283 295/290/295 294/289/294 282/277/282
f 284/279/284 296/291/296 295/290/295 283/278/283
f 285/269/285 297/281/297 296/291/296 284/279/284
f 286/280/286 298/292/298 309/293/309 297/281/297
f 287/282/287 299/294/299 298/292/298 286/280/286
f 288/283/288 300/295/300 299/294/299 287/282/287
f 289/284/289 301/296/301 300/295/300 288/283/288
f 290/285/290 302/297/302 301/296/301 289/284/289
f 291/286/291 303/298/303 302/297/302 290/285/290
f 292/287/292 304/299/304 303/298/303 291/286/291
f 293/288/293 305/300/305 304/299/304 292/287/292
f 294/289/294 306/301/306 305/300/305 293/288/293
f 295/290/295 307/302/307 306/301/306 294/289/294
f 296/291/296 308/303/308 307/302/307 295/290/295
f 297/281/297 309/293/309 308/303/308 296/291/296
f 298/304/298 310/305/310 321/306/321 309/307/309
f 299/308/299 311/309/311 310/305/310 298/304/298
f 300/310/300 312/311/312 311/309/311 299/308/299
f 301/312/301 313/313/313 312/311/312 300/310/300
f 302/297/302 314/314/314 313/315/313 301/296/301
f 303/298/303 315/316/315 314/314/314 302/297/302
f 304/299/304 316/317/316 315/316/315 303/298/303
f 305/300/305 317/318/317 316/317/316 304/299/304
f 306/301/306 318/319/318 317/318/317 305/300/305
f 307/302/307 319/320/319 318/319/318 306/301/306
f 308/303/308 320/321/320 319/320/319 307/302/307
f 309/293/309 321/322/321 320/321/320 308/303/308
f 310/305/310 322/323/322 333/324/333 321/306/321
f 311/309/311 323/325/323 322/323/322 310/305/310
f 312/311/312 324/326/324 323/325/323 311/309/311
f 313/313/313 325/327/325 324/326/324 312/311/312
f 314/314/314 326/328/326 325/329/325 313/315/313
f 315/316/315 327/330/327 326/328/326 314/314/314
f 316/317/316 328/331/328 327/330/327 315/316/315
f 317/318/317 329/332/329 328/331/328 316/317/316
f 318/319/318 330/333/330 329/332/329 317/318/317
f 319/320/319 331/334/331 330/333/330 318/319/318
f 320/321/320 332/335/332 331/334/331 319/320/319
f 321/322/321 333/336/333 332/335/332 320/321/320
f 322/323/322 334/337/334 345/338/345 333/324/333
f 323/325/323 335/339/335 334/337/334 322/323/322
f 324/326/324 336/340/336 335/339/335 323/325/323
f 325/327/325 337/341/337 336/340/336 324/326/324
f 326/328/326 338/342/338 337/343/337 325/329/325
f 327/330/327 339/344/339 338/342/338 326/328/326
f 328/331/328 340/345/340 339/344/339 327/330/327
f 329/332/329 341/346/341 340/345/340 328/331/328
f 330/333/330 342/347/342 341/346/341 329/332/329
f 331/334/331 343/348/343 342/347/342 330/333/330
f 332/335/332 344/349/344 343/348/343 331/334/331
f 333/336/333 345/350/345 344/349/344 332/335/332
f 334/337/334 346/351/346 357/352/357 345/338/345
f 335/339/335 347/353/347 346/351/346 334/337/334
f 336/340/336 348/354/348 347/353/347 335/339/335
f 337/341/337 349/355/349 348/354/348 336/340/336
f 338/342/338 350/356/350 349/357/349 337/343/337
f 339/344/339 351/358/351 350/356/350 338/342/338
f 340/345/340 352/359/352 351/358/351 339/344/339
f 341/346/341 353/360/353 352/359/352 340/345/340
f 342/347/342 354/361/354 353/360/353 341/346/341
f 343/348/343 355/362/355 354/361/354 342/347/342
f 344/349/344 356/363/356 355/362/355 343/348/343
f 345/350/345 357/364/357 356/363/356 344/349/344
f 346/351/346 358/365/358 369/366/369 357/352/357
f 347/353/347 359/367/359 358/365/358 346/351/346
f 348/354/348 360/368/360 359/367/359 347/353/347
f 349/355/349 361/369/361 360/368/360 348/354/348
f 350/356/350 362/370/362 361/371/361 349/357/349
f 351/358/351 363/372/363 362/370/362 350/356/350
f 352/359/352 364/373/364 363/372/363 351/358/351
f 353/360/353 365/374/365 364/373/364 352/359/352
f 354/361/354 366/375/366 365/374/365 353/360/353
f 355/362/355 367/376/367 366/375/366 354/361/354
f 356/363/356 368/377/368 367/376/367 355/362/355
f 357/364/357 369/378/369 368/377/368 356/363/356
f 358/365/358 370/379/370 381/380/381 369/366/369
f 359/367/359 371/381/371 370/379/370 358/365/358
f 360/368/360 372/382/372 371/381/371 359/367/359
f 361/369/361 373/383/373 372/382/372 360/368/360
f 362/370/362 374/384/374 373/385/373 361/371/361
f 363/372/363 375/386/375 374/384/374 362/370/362
f 364/373/364 376/387/376 375/386/375 363/372/363
f 365/374/365 377/388/377 376/387/376 364/373/364
f 366/375/366 378/389/378 377/388/377 365/374/365
f 367/376/367 379/390/379 378/389/378 366/375/366
f 368/377/368 380/391/380 379/390/379 367/376/367
f 369/378/369 381/392/381 380/391/380 368/377/368
f 370/379/370 382/393/382 393/394/393 381/380/381
f 371/381/371 383/395/383 382/393/382 370/379/370
f 372/382/372 384/396/384 383/395/383 371/381/371
f 373/383/373 385/397/385 384/396/384 372/382/372
f 374/384/374 386/398/386 385/399/385 373/385/373
f 375/386/375 387/400/387 386/398/386 374/384/374
f 376/387/376 388/401/388 387/400/387 375/386/375
f 377/388/377 389/402/389 388/401/388 376/387/376
f 378/389/378 390/403/390 389/402/389 377/388/377
f 379/390/379 391/404/391 390/403/390 378/389/378
f 380/391/380 392/405/392 391/404/391 379/390/379
f 381/392/381 393/406/393 392/405/392 380/391/380
f 382/393/382 394/407/394 405/408/405 393/394/393
f 383/395/383 395/409/395 394/407/394 382/393/382
f 384/396/384 396/410/396 395/409/395 383/395/383
f 385/397/385 397/411/397 396/410/396 384/396/384
f 386/398/386 398/412/398 397/413/397 385/399/385
f 387/400/387 399/414/399 398/412/398 386/398/386
f 388/401/388 400/415/400 399/414/399 387/400/387
f 389/402/389 401/416/401 400/415/400 388/401/388
f 390/403/390 402/417/402 401/416/401 389/402/389
f 391/404/391 403/418/403 402/417/402 390/403/390
f 392/405/392 404/419/404 403/418/403 391/404/391
f 393/406/393 405/420/405 404/419/404 392/405/392
f 394/407/394 406/421/406 417/422/417 405/408/405
f 395/409/395 407/423/407 406/421/406 394/407/394
f 396/410/396 408/424/408 407/423/407 395/409/395
f 397/411/397 409/425/409 408/424/408 396/410/396
f 398/412/398 410/426/410 409/427/409 397/413/397
f 399/414/399 411/428/411 410/426/410 398/412/398
f 400/415/400 412/429/412 411/428/411 399/414/399
f 401/416/401 413/430/413 412/429/412 400/415/400
f 402/417/402 414/431/414 413/430/413 401/416/401
f 403/418/403 415/432/415 414/431/414 402/417/402
f 404/419/404 416/433/416 415/432/415 403/418/403
f 405/420/405 417/434/417 416/433/416 404/419/404
f 406/421/406 418/435/418 429/436/429 417/422/417
f 407/423/407 419/437/419 418/435/418 406/421/406
f 408/424/408 420/438/420 419/437/419 407/423/407
f 409/425/409 421/439/421 420/438/420 408/424/408
f 410/426/410 422/440/422 421/441/421 409/427/409
f 411/428/411 423/442/423 422/440/422 410/426/410
f 412/429/412 424/443/424 423/442/423 411/428/411
f 413/430/413 425/444/425 424/443/424 412/429/412
f 414/431/414 426/445/426 425/444/425 413/430/413
f 415/432/415 427/446/427 426/445/426 414/431/414
f 416/433/416 428/447/428 427/446/427 415/432/415
f 417/434/417 429/448/429 428/447/428 416/433/416
f 418/435/418 430/449/430 441/450/441 429/436/429
f 419/437/419 431/451/431 430/449/430 418/435/418
f 420/438/420 432/452/432 431/451/431 419/437/419
f 421/439/421 433/453/433 432/452/432 420/438/420
f 422/440/422 434/454/434 433/455/433 421/441/421
f 423/442/423 435/456/435 434/454/434 422/440/422
f 424/443/424 436/457/436 435/456/435 423/442/423
f 425/444/425 437/458/437 436/457/436 424/443/424
f 426/445/426 438/459/438 437/458/437 425/444/425
f 427/446/427 439/460/439 438/459/438 426/445/426
f 428/447/428 440/461/440 439/460/439 427/446/427
f 429/448/429 441/462/441 440/461/440 428/447/428
f 430/449/430 442/463/442 453/464/453 441/450/441
f 431/451/431 443/465/443 442/463/442 430/449/430
f 432/452/432 444/466/444 443/465/443 431/451/431
f 433/453/433 445/467/445 444/466/444 432/452/432
f 434/454/434 446/468/446 445/469/445 433/455/433
f 435/456/435 447/470/447 446/468/446 434/454/434
f 436/457/436 448/471/448 447/470/447 435/456/435
f 437/458/437 449/472/449 448/471/448 436/457/436
f 438/459/438 450/473/450 449/472/449 437/458/437
f 439/460/439 451/474/451 450/473/450 438/459/438
f 440/461/440 452/475/452 451/474/451 439/460/439
f 441/462/441 453/476/453 452/475/452 440/461/440
f 442/463/442 454/477/454 465/478/465 453/464/453
f 443/465/443 455/479/455 454/477/454 442/463/442
f 444/466/444 456/480/456 455/479/455 443/465/443
f 445/467/445 457/481/457 456/480/456 444/466/444
f 446/468/446 458/482/458 457/483/457 445/469/445
f 447/470/447 459/484/459 458/482/458 446/468/446
f 448/471/448 460/485/460 459/484/459 447/470/447
f 449/472/449 461/486/461 460/485/460 448/471/448
f 450/473/450 462/487/462 461/486/461 449/472/449
f 451/474/451 463/488/463 462/487/462 450/473/450
f 452/475/452 464/489/464 463/488/463 451/474/451
f 453/476/453 465/490/465 464/489/464 452/475/452
f 454/477/454 466/491/466 477/492/477 465/478/465
f 455/479/455 467/493/467 466/491/466 454/477/454
f 456/480/456 468/494/468 467/493/467 455/479/455
f 457/481/457 469/495/469 468/494/468 456/480/456
f 458/482/458 470/496/470 469/497/469 457/483/457
f 459/484/459 471/498/471 470/496/470 458/482/458
f 460/485/460 472/499/472 471/498/471 459/484/459
f 461/486/461 473/500/473 472/499/472 460/485/460
f 462/487/462 474/501/474 473/500/473 461/486/461
f 463/488/463 475/502/475 474/501/474 462/487/462
f 464/489/464 476/503/476 475/502/475 463/488/463
f 465/490/465 477/504/477 476/503/476 464/489/464
f 466/491/466 478/505/478 489/506/489 477/492/477
f 467/493/467 479/507/479 478/505/478 466/491/466
f 468/494/468 480/508/480 479/507/479 467/493/467
f 469/495/469 481/509/481 480/508/480 468/494/468
f 470/510/470 482/511/482 481/509/481 469/495/469
f 471/512/471 483/513/483 482/511/482 470/510/470
f 472/514/472 484/515/484 483/513/483 471/512/471
f 473/500/473 485/516/485 484/517/484 472/499/472
f 474/501/474 486/518/486 485/516/485 473/500/473
f 475/502/475 487/519/487 486/518/486 474/501/474
f 476/503/476 488/520/488 487/519/487 475/502/475
f 477/504/477 489/521/489 488/520/488 476/503/476
f 478/505/478 490/522/490 501/523/501 489/506/489
f 479/507/479 491/524/491 490/522/490 478/505/478
f 480/508/480 492/525/492 491/524/491 479/507/479
f 481/509/481 493/526/493 492/525/492 480/508/480
f 482/511/482 494/527/494 493/526/493 481/509/481
f 483/513/483 495/528/495 494/527/494 482/511/482
f 484/515/484 496/529/496 495/528/495 483/513/483
f 485/516/485 497/530/497 496/531/496 484/517/484
f 486/518/486 498/532/498 497/530/497 485/516/485
f 487/519/487 499/533/499 498/532/498 486/518/486
f 488/520/488 500/534/500 499/533/499 487/519/487
f 489/521/489 501/535/501 500/534/500 488/520/488
f 490/522/490 502/536/502 513/537/513 501/523/501
f 491/524/491 503/538/503 502/536/502 490/522/490
f 492/525/492 504/539/504 503/538/503 491/524/491
f 493/526/493 505/540/505 504/539/504 492/525/492
f 494/527/494 506/541/506 505/540/505 493/526/493
f 495/528/495 507/542/507 506/541/506 494/527/494
f 496/529/496 508/543/508 507/542/507 495/528/495
f 497/530/497 509/544/509 508/545/508 496/531/496
f 498/532/498 510/546/510 509/544/509 497/530/497
f 499/533/499 511/547/511 510/546/510 498/532/498
f 500/534/500 512/548/512 511/547/511 499/533/499
f 501/535/501 513/549/513 512/548/512 500/534/500
f 502/536/502 514/550/514 525/551/525 513/537/513
f 503/538/503 515/552/515 514/550/514 502/536/502
f 504/539/504 516/553/516 515/552/515 503/538/503
f 505/540/505 517/554/517 516/553/516 504/539/504
f 506/541/506 518/555/518 517/554/517 505/540/505
f 507/542/507 519/556/519 518/555/518 506/541/506
f 508/543/508 520/557/520 519/556/519 507/542/507
f 509/544/509 521/558/521 520/559/520 508/545/508
f 510/546/510 522/560/522 521/558/521 509/544/509
f 511/547/511 523/561/523 522/560/522 510/546/510
f 512/548/512 524/562/524 523/561/523 511/547/511
f 513/549/513 525/563/525 524/562/524 512/548/512
f 514/550/514 526/564/526 537/565/537 525/551/525
f 515/552/515 527/566/527 526/564/526 514/550/514
f 516/553/516 528/567/528 527/566/527 515/552/515
f 517/554/517 529/568/529 528/567/528 516/553/516
f 518/555/518 530/569/530 529/568/529 517/554/517
f 519/556/519 531/570/531 530/569/530 518/555/518
f 520/557/520 532/571/532 531/570/531 519/556/519
f 521/558/521 533/572/533 532/573/532 520/559/520
f 522/560/522 534/574/534 533/572/533 521/558/521
f 523/561/523 535/575/535 534/574/534 522/560/522
f 524/562/524 536/576/536 535/575/535 523/561/523
f 525/563/525 537/577/537 536/576/536 524/562/524
f 526/564/526 538/578/538 549/579/549 537/565/537
f 527/566/527 539/580/539 538/578/538 526/564/526
f 528/567/528 540/581/540 539/580/539 527/566/527
f 529/568/529 541/582/541 540/581/540 528/567/528
f 530/569/530 542/583/542 541/582/541 529/568/529
f 531/570/531 543/584/543 542/583/542 530/569/530
f 532/571/532 544/585/544 543/584/543 531/570/531
f 533/572/533 545/586/545 544/587/544 532/573/532
f 534/574/534 546/588/546 545/586/545 533/572/533
f 535/575/535 547/589/547 546/588/546 534/574/534
f 536/576/536 548/590/548 547/589/547 535/575/535
f 537/577/537 549/591/549 548/590/548 536/576/536
f 538/578/538 550/592/550 561/593/561 549/579/549
f 539/580/539 551/594/551 550/592/550 538/578/538
f 540/581/540 552/595/552 551/594/551 539/580/539
f 541/582/541 553/596/553 552/595/552 540/581/540
f 542/583/542 554/597/554 553/596/553 541/582/541
f 543/584/543 555/598/555 554/597/554 542/583/542
f 544/585/544 556/599/556 555/598/555 543/584/543
f 545/586/545 557/600/557 556/601/556 544/587/544
f 546/588/546 558/602/558 557/600/557 545/586/545
f 547/589/547 559/603/559 558/602/558 546/588/546
f 548/590/548 560/604/560 559/603/559 547/589/547
f 549/591/549 561/605/561 560/604/560 548/590/548
f 550/592/550 562/606/562 573/607/573 561/593/561
f 551/594/551 563/608/563 562/606/562 550/592/550
f 552/595/552 564/609/564 563/608/563 551/594/551
f 553/596/553 565/610/565 564/609/564 552/595/552
f 554/597/554 566/611/566 565/610/565 553/596/553
f 555/598/555 567/612/567 566/611/566 554/597/554
f 556/599/556 568/613/568 567/612/567 555/598/555
f 557/600/557 569/614/569 568/615/568 556/601/556
f 558/602/558 570/616/570 569/614/569 557/600/557
f 559/603/559 571/617/571 570/616/570 558/602/558
f 560/604/560 572/618/572 571/617/571 559/603/559
f 561/605/561 573/619/573 572/618/572 560/604/560
f 562/606/562 574/620/574 585/621/585 573/607/573
f 563/608/563 575/622/575 574/620/574 562/606/562
f 564/609/564 576/623/576 575/622/575 563/608/563
f 565/610/565 577/624/577 576/623/576 564/609/564
f 566/611/566 578/625/578 577/624/577 565/610/565
f 567/612/567 579/626/579 578/625/578 566/611/566
f 568/613/568 580/627/580 579/626/579 567/612/567
f 569/614/569 581/628/581 580/629/580 568/615/568
f 570/616/570 582/630/582 581/628/581 569/614/569
f 571/617/571 583/631/583 582/630/582 570/616/570
f 572/618/572 584/632/584 583/631/583 571/617/571
f 573/619/573 585/633/585 584/632/584 572/618/572
f 574/620/574 586/634/586 597/635/597 585/621/585
f 575/622/575 587/636/587 586/634/586 574/620/574
f 576/623/576 588/637/588 587/636/587 575/622/575
f 577/624/577 589/638/589 588/637/588 576/623/576
f 578/625/578 590/639/590 589/638/589 577/624/577
f 579/626/579 591/640/591 590/639/590 578/625/578
f 580/627/580 592/641/592 591/640/591 579/626/579
f 581/628/581 593/642/593 592/643/592 580/629/580
f 582/630/582 594/644/594 593/642/593 581/628/581
f 583/631/583 595/645/595 594/644/594 582/630/582
f 584/632/584 596/646/596 595/645/595 583/631/583
f 585/633/585 597/647/597 596/646/596 584/632/584
f 586/634/586 598/648/598 609/649/609 597/635/597
f 587/636/587 599/650/599 598/648/598 586/634/586
f 588/637/588 600/651/600 599/650/599 587/636/587
f 589/638/589 601/652/601 600/651/600 588/637/588
f 590/639/590 602/653/602 601/652/601 589/638/589
f 591/640/591 603/654/603 602/653/602 590/639/590
f 592/641/592 604/655/604 603/654/603 591/640/591
f 593/642/593 605/656/605 604/657/604 592/643/592
f 594/644/594 606/658/606 605/656/605 593/642/593
f 595/645/595 607/659/607 606/658/606 594/644/594
f 596/646/596 608/660/608 607/659/607 595/645/595
f 597/647/597 609/661/609 608/660/608 596/646/596
f 598/648/598 610/662/610 621/663/621 609/649/609
f 599/650/599 611/664/611 610/662/610 598/648/598
f 600/651/600 612/665/612 611/664/611 599/650/599
f 601/652/601 613/666/613 612/665/612 600/651/600
f 602/653/602 614/667/614 613/666/613 601/652/601
f 603/654/603 615/668/615 614/667/614 602/653/602
f 604/655/604 616/669/616 615/668/615 603/654/603
f 605/656/605 617/670/617 616/671/616 604/657/604
f 606/658/606 618/672/618 617/670/617 605/656/605
f 607/659/607 619/673/619 618/672/618 606/658/606
f 608/660/608 620/674/620 619/673/619 607/659/607
f 609/661/609 621/675/621 620/674/620 608/660/608
f 610/662/610 622/676/622 633/677/633 621/663/621
f 611/664/611 623/678/623 622/676/622 610/662/610
f 612/665/612 624/679/624 623/678/623 611/664/611
f 613/666/613 625/680/625 624/679/624 612/665/612
f 614/667/614 626/681/626 625/680/625 613/666/613
f 615/668/615 627/682/627 626/681/626 614/667/614
f 616/669/616 628/683/628 627/682/627 615/668/615
f 617/670/617 629/684/629 628/685/628 616/671/616
f 618/672/618 630/686/630 629/684/629 617/670/617
f 619/673/619 631/687/631 630/686/630 618/672/618
f 620/674/620 632/688/632 631/687/631 619/673/619
f 621/675/621 633/689/633 632/688/632 620/674/620
f 622/676/622 634/690/634 645/691/645 633/677/633
f 623/678/623 635/692/635 634/690/634 622/676/622
f 624/679/624 636/693/636 635/692/635 623/678/623
f 625/680/625 637/694/637 636/693/636 624/679/624
f 626/681/626 638/695/638 637/694/637 625/680/625
f 627/682/627 639/696/639 638/695/638 626/681/626
f 628/683/628 640/697/640 639/696/639 627/682/627
f 629/684/629 641/698/641 640/699/640 628/685/628
f 630/686/630 642/700/642 641/698/641 629/684/629
f 631/687/631 643/701/643 642/700/642 630/686/630
f 632/688/632 644/702/644 643/701/643 631/687/631
f 633/689/633 645/703/645 644/702/644 632/688/632
f 634/690/634 646/704/646 657/705/657 645/691/645
f 635/692/635 647/706/647 646/704/646 634/690/634
f 636/693/636 648/707/648 647/706/647 635/692/635
f 637/694/637 649/708/649 648/707/648 636/693/636
f 638/695/638 650/709/650 649/708/649 637/694/637
f 639/696/639 651/710/651 650/709/650 638/695/638
f 640/697/640 652/711/652 651/710/651 639/696/639
f 641/698/641 653/712/653 652/713/652 640/699/640
f 642/700/642 654/714/654 653/712/653 641/698/641
f 643/701/643 655/715/655 654/714/654 642/700/642
f 644/702/644 656/716/656 655/715/655 643/701/643
f 645/703/645 657/717/657 656/716/656 644/702/644
f 646/704/646 658/718/658 669/719/669 657/705/657
f 647/706/647 659/720/659 658/718/658 646/704/646
f 648/707/648 660/721/660 659/720/659 647/706/647
f 649/708/649 661/722/661 660/721/660 648/707/648
f 650/709/650 662/723/662 661/722/661 649/708/649
f 651/710/651 663/724/663 662/723/662 650/709/650
f 652/711/652 664/725/664 663/724/663 651/710/651
f 653/712/653 665/726/665 664/727/664 652/713/652
f 654/714/654 666/728/666 665/726/665 653/712/653
f 655/715/655 667/729/667 666/728/666 654/714/654
f 656/716/656 668/730/668 667/729/667 655/715/655
f 657/717/657 669/731/669 668/730/668 656/716/656
f 658/718/658 670/732/670 681/733/681 669/719/669
f 659/720/659 671/734/671 670/732/670 658/718/658
f 660/721/660 672/735/672 671/734/671 659/720/659
f 661/722/661 673/736/673 672/735/672 660/721/660
f 662/723/662 674/737/674 673/736/673 661/722/661
f 663/724/663 675/738/675 674/737/674 662/723/662
f 664/725/664 676/739/676 675/738/675 663/724/663
f 665/726/665 677/740/677 676/741/676 664/727/664
f 666/728/666 678/742/678 677/740/677 665/726/665
f 667/729/667 679/743/679 678/742/678 666/728/666
f 668/730/668 680/744/680 679/743/679 667/729/667
f 669/731/669 681/745/681 680/744/680 668/730/668
f 670/732/670 682/746/682 693/747/693 681/733/681
f 671/734/671 683/748/683 682/746/682 670/732/670
f 672/735/672 684/749/684 683/748/683 671/734/671
f 673/736/673 685/750/685 684/749/684 672/735/672
f 674/737/674 686/751/686 685/750/685 673/736/673
f 675/738/675 687/752/687 686/751/686 674/737/674
f 676/739/676 688/753/688 687/752/687 675/738/675
f 677/740/677 689/754/689 688/755/688 676/741/676
f 678/742/678 690/756/690 689/754/689 677/740/677
f 679/743/679 691/757/691 690/756/690 678/742/678
f 680/744/680 692/758/692 691/757/691 679/743/679
f 681/745/681 693/759/693 692/758/692 680/744/680
f 682/746/682 694/760/694 705/761/705 693/747/693
f 683/748/683 695/762/695 694/760/694 682/746/682
f 684/749/684 696/763/696 695/762/695 683/748/683
f 685/750/685 697/764/697 696/763/696 684/749/684
f 686/751/686 698/765/698 697/764/697 685/750/685
f 687/752/687 699/766/699 698/765/698 686/751/686
f 688/753/688 700/767/700 699/766/699 687/752/687
f 689/754/689 701/768/701 700/769/700 688/755/688
f 690/756/690 702/770/702 701/768/701 689/754/689
f 691/757/691 703/771/703 702/770/702 690/756/690
f 692/758/692 704/772/704 703/771/703 691/757/691
f 693/759/693 705/773/705 704/772/704 692/758/692
f 694/760/694 706/774/706 717/775/717 705/761/705
f 695/762/695 707/776/707 706/774/706 694/760/694
f 696/763/696 708/777/708 707/776/707 695/762/695
f 697/764/697 709/778/709 708/777/708 696/763/696
f 698/765/698 710/779/710 709/778/709 697/764/697
f 699/766/699 711/780/711 710/779/710 698/765/698
f 700/767/700 712/781/712 711/780/711 699/766/699
f 701/768/701 713/782/713 712/783/712 700/769/700
f 702/770/702 714/784/714 713/782/713 701/768/701
f 703/771/703 715/785/715 714/784/714 702/770/702
f 704/772/704 716/786/716 715/785/715 703/771/703
f 705/773/705 717/787/717 716/786/716 704/772/704
f 706/774/706 718/788/718 729/789/729 717/775/717
f 707/776/707 719/790/719 718/788/718 706/774/706
f 708/777/708 720/791/720 719/790/719 707/776/707
f 709/778/709 721/792/721 720/791/720 708/777/708
f 710/779/710 722/793/722 721/792/721 709/778/709
f 711/780/711 723/794/723 722/793/722 710/779/710
f 712/781/712 724/795/724 723/794/723 711/780/711
f 713/782/713 725/796/725 724/797/724 712/783/712
f 714/784/714 726/798/726 725/796/725 713/782/713
f 715/785/715 727/799/727 726/798/726 714/784/714
f 716/786/716 728/800/728 727/799/727 715/785/715
f 717/787/717 729/801/729 728/800/728 716/786/716
f 718/802/718 730/803/730 741/804/741 729/801/729
f 719/790/719 731/805/731 730/806/730 718/788/718
f 720/791/720 732/807/732 731/805/731 719/790/719
f 721/792/721 733/808/733 732/807/732 720/791/720
f 722/793/722 734/809/734 733/808/733 721/792/721
f 723/794/723 735/810/735 734/809/734 722/793/722
f 724/795/724 736/811/736 735/810/735 723/794/723
f 725/796/725 737/812/737 736/813/736 724/797/724
f 726/798/726 738/814/738 737/812/737 725/796/725
f 727/799/727 739/815/739 738/814/738 726/798/726
f 728/800/728 740/816/740 739/815/739 727/799/727
f 729/801/729 741/804/741 740/816/740 728/800/728
f 730/803/730 742/817/742 753/818/753 741/804/741
f 731/819/731 743/820/743 742/817/742 730/803/730
f 732/821/732 744/822/744 743/820/743 731/819/731
f 733/823/733 745/824/745 744/822/744 732/821/732
f 734/825/734 746/826/746 745/824/745 733/823/733
f 735/827/735 747/828/747 746/826/746 734/825/734
f 736/813/736 748/829/748 747/828/747 735/827/735
f 737/812/737 749/830/749 748/829/748 736/813/736
f 738/814/738 750/831/750 749/830/749 737/812/737
f 739/815/739 751/832/751 750/831/750 738/814/738
f 740/816/740 752/833/752 751/832/751 739/815/739
f 741/804/741 753/818/753 752/833/752 740/816/740
f 742/817/742 754/834/754 765/835/765 753/818/753
f 743/820/743 755/836/755 754/834/754 742/817/742
f 744/822/744 756/837/756 755/836/755 743/820/743
f 745/824/745 757/838/757 756/837/756 744/822/744
f 746/826/746 758/839/758 757/838/757 745/824/745
f 747/828/747 759/840/759 758/839/758 746/826/746
f 748/829/748 760/841/760 759/840/759 747/828/747
f 749/830/749 761/842/761 760/841/760 748/829/748
f 750/831/750 762/843/762 761/842/761 749/830/749
f 751/832/751 763/844/763 762/843/762 750/831/750
f 752/833/752 764/845/764 763/844/763 751/832/751
f 753/818/753 765/835/765 764/845/764 752/833/752
f 754/834/754 766/846/766 777/847/777 765/835/765
f 755/836/755 767/848/767 766/846/766 754/834/754
f 756/837/756 768/849/768 767/848/767 755/836/755
f 757/838/757 769/850/769 768/849/768 756/837/756
f 758/839/758 770/851/770 769/850/769 757/838/757
f 759/840/759 771/852/771 770/851/770 758/839/758
f 760/841/760 772/853/772 771/852/771 759/840/759
f 761/842/761 773/854/773 772/853/772 760/841/760
f 762/843/762 774/855/774 773/854/773 761/842/761
f 763/844/763 775/856/775 774/855/774 762/843/762
f 764/845/764 776/857/776 775/856/775 763/844/763
f 765/835/765 777/847/777 776/857/776 764/845/764
f 766/846/766 778/858/778 789/859/789 777/847/777
f 767/848/767 779/860/779 778/858/778 766/846/766
f 768/849/768 780/861/780 779/860/779 767/848/767
f 769/850/769 781/862/781 780/861/780 768/849/768
f 770/851/770 782/863/782 781/862/781 769/850/769
f 771/852/771 783/864/783 782/863/782 770/851/770
f 772/853/772 784/865/784 783/864/783 771/852/771
f 773/854/773 785/866/785 784/865/784 772/853/772
f 774/855/774 786/867/786 785/866/785 773/854/773
f 775/856/775 787/868/787 786/867/786 774/855/774
f 776/857/776 788/869/788 787/868/787 775/856/775
f 777/847/777 789/859/789 788/869/788 776/857/776
f 778/858/778 790/870/790 801/871/801 789/859/789
f 779/860/779 791/872/791 790/870/790 778/858/778
f 780/861/780 792/873/792 791/872/791 779/860/779
f 781/862/781 793/874/793 792/873/792 780/861/780
f 782/863/782 794/875/794 793/874/793 781/862/781
f 783/864/783 795/876/795 794/875/794 782/863/782
f 784/865/784 796/877/796 795/876/795 783/864/783
f 785/866/785 797/878/797 796/877/796 784/865/784
f 786/867/786 798/879/798 797/878/797 785/866/785
f 787/868/787 799/880/799 798/879/798 786/867/786
f 788/869/788 800/881/800 799/880/799 787/868/787
f 789/859/789 801/871/801 800/881/800 788/869/788
f 790/870/790 802/882/802 813/883/813 801/871/801
f 791/872/791 803/884/803 802/882/802 790/870/790
f 792/873/792 804/885/804 803/884/803 791/872/791
f 793/874/793 805/886/805 804/885/804 792/873/792
f 794/875/794 806/887/806 805/886/805 793/874/793
f 795/876/795 807/888/807 806/887/806 794/875/794
f 796/877/796 808/889/808 807/888/807 795/876/795
f 797/878/797 809/890/809 808/889/808 796/877/796
f 798/879/798 810/891/810 809/890/809 797/878/797
f 799/880/799 811/892/811 810/891/810 798/879/798
f 800/881/800 812/893/812 811/892/811 799/880/799
f 801/871/801 813/883/813 812/893/812 800/881/800
f 802/882/802 814/894/814 825/895/825 813/883/813
f 803/884/803 815/896/815 814/894/814 802/882/802
f 804/885/804 816/897/816 815/896/815 803/884/803
f 805/886/805 817/898/817 816/897/816 804/885/804
f 806/887/806 818/899/818 817/898/817 805/886/805
f 807/888/807 819/900/819 818/899/818 806/887/806
f 808/889/808 820/901/820 819/900/819 807/888/807
f 809/890/809 821/902/821 820/901/820 808/889/808
f 810/891/810 822/903/822 821/902/821 809/890/809
f 811/892/811 823/904/823 822/903/822 810/891/810
f 812/893/812 824/905/824 823/904/823 811/892/811
f 813/883/813 825/895/825 824/905/824 812/893/812
f 814/894/814 826/906/826 837/907/837 825/895/825
f 815/896/815 827/908/827 826/906/826 814/894/814
f 816/897/816 828/909/828 827/908/827 815/896/815
f 817/898/817 829/910/829 828/909/828 816/897/816
f 818/899/818 830/911/830 829/910/829 817/898/817
f 819/900/819 831/912/831 830/911/830 818/899/818
f 820/901/820 832/913/832 831/912/831 819/900/819
f 821/902/821 833/914/833 832/913/832 820/901/820
f 822/903/822 834/915/834 833/914/833 821/902/821
f 823/904/823 835/916/835 834/915/834 822/903/822
f 824/905/824 836/917/836 835/916/835 823/904/823
f 825/895/825 837/907/837 836/917/836 824/905/824
f 826/906/826 838/918/838 849/919/849 837/907/837
f 827/908/827 839/920/839 838/918/838 826/906/826
f 828/909/828 840/921/840 839/920/839 827/908/827
f 829/910/829 841/922/841 840/921/840 828/909/828
f 830/911/830 842/923/842 841/922/841 829/910/829
f 831/912/831 843/924/843 842/923/842 830/911/830
f 832/913/832 844/925/844 843/924/843 831/912/831
f 833/914/833 845/926/845 844/925/844 832/913/832
f 834/915/834 846/927/846 845/926/845 833/914/833
f 835/916/835 847/928/847 846/927/846 834/915/834
f 836/917/836 848/929/848 847/928/847 835/916/835
f 837/907/837 849/919/849 848/929/848 836/917/836
f 838/918/838 850/930/850 861/931/861 849/919/849
f 839/920/839 851/932/851 850/930/850 838/918/838
f 840/921/840 852/933/852 851/932/851 839/920/839
f 841/922/841 853/934/853 852/933/852 840/921/840
f 842/923/842 854/935/854 853/934/853 841/922/841
f 843/924/843 855/936/855 854/935/854 842/923/842
f 844/925/844 856/937/856 855/936/855 843/924/843
f 845/926/845 857/938/857 856/937/856 844/925/844
f 846/927/846 858/939/858 857/938/857 845/926/845
f 847/928/847 859/940/859 858/939/858 846/927/846
f 848/929/848 860/941/860 859/940/859 847/928/847
f 849/919/849 861/931/861 860/941/860 848/929/848
f 850/930/850 862/942/862 873/943/873 861/931/861
f 851/932/851 863/944/863 862/942/862 850/930/850
f 852/933/852 864/945/864 863/944/863 851/932/851
f 853/934/853 865/946/865 864/945/864 852/933/852
f 854/935/854 866/947/866 865/946/865 853/934/853
f 855/936/855 867/948/867 866/947/866 854/935/854
f 856/937/856 868/949/868 867/948/867 855/936/855
f 857/938/857 869/950/869 868/949/868 856/937/856
f 858/939/858 870/951/870 869/950/869 857/938/857
f 859/940/859 871/952/871 870/951/870 858/939/858
f 860/941/860 872/953/872 871/952/871 859/940/859
f 861/931/861 873/943/873 872/953/872 860/941/860
f 862/942/862 874/954/874 885/955/885 873/943/873
f 863/944/863 875/956/875 874/954/874 862/942/862
f 864/945/864 876/957/876 875/956/875 863/944/863
f 865/946/865 877/958/877 876/957/876 864/945/864
f 866/947/866 878/959/878 877/958/877 865/946/865
f 867/948/867 879/960/879 878/959/878 866/947/866
f 868/949/868 880/961/880 879/960/879 867/948/867
f 869/950/869 881/962/881 880/961/880 868/949/868
f 870/951/870 882/963/882 881/962/881 869/950/869
f 871/952/871 883/964/883 882/963/882 870/951/870
f 872/953/872 884/965/884 883/964/883 871/952/871
f 873/943/873 885/955/885 884/965/884 872/953/872
f 874/954/874 886/966/886 897/967/897 885/955/885
f 875/956/875 887/968/887 886/966/886 874/954/874
f 876/957/876 888/969/888 887/968/887 875/956/875
f 877/958/877 889/970/889 888/969/888 876/957/876
f 878/959/878 890/971/890 889/970/889 877/958/877
f 879/960/879 891/972/891 890/971/890 878/959/878
f 880/961/880 892/973/892 891/972/891 879/960/879
f 881/962/881 893/974/893 892/973/892 880/961/880
f 882/963/882 894/975/894 893/974/893 881/962/881
f 883/964/883 895/976/895 894/975/894 882/963/882
f 884/965/884 896/977/896 895/976/895 883/964/883
f 885/955/885 897/967/897 896/977/896 884/965/884
f 886/966/886 898/978/898 909/979/909 897/967/897
f 887/968/887 899/980/899 898/978/898 886/966/886
f 888/969/888 900/981/900 899/980/899 887/968/887
f 889/970/889 901/982/901 900/981/900 888/969/888
f 890/971/890 902/983/902 901/982/901 889/970/889
f 891/972/891 903/984/903 902/983/902 890/971/890
f 892/973/892 904/985/904 903/984/903 891/972/891
f 893/974/893 905/986/905 904/985/904 892/973/892
f 894/975/894 906/987/906 905/986/905 893/974/893
f 895/976/895 907/988/907 906/987/906 894/975/894
f 896/977/896 908/989/908 907/988/907 895/976/895
f 897/967/897 909/979/909 908/989/908 896/977/896
f 898/978/898 910/990/910 921/991/921 909/979/909
f 899/980/899 911/992/911 910/990/910 898/978/898
f 900/981/900 912/993/912 911/992/911 899/980/899
f 901/982/901 913/994/913 912/993/912 900/981/900
f 902/983/902 914/995/914 913/994/913 901/982/901
f 903/984/903 915/996/915 914/995/914 902/983/902
f 904/985/904 916/997/916 915/996/915 903/984/903
f 905/986/905 917/998/917 916/997/916 904/985/904
f 906/987/906 918/999/918 917/998/917 905/986/905
f 907/988/907 919/1000/919 918/999/918 906/987/906
f 908/989/908 920/1001/920 919/1000/919 907/988/907
f 909/979/909 921/991/921 920/1001/920 908/989/908
f 910/990/910 922/1002/922 933/1003/933 921/991/921
f 911/992/911 923/1004/923 922/1002/922 910/990/910
f 912/993/912 924/1005/924 923/1004/923 911/992/911
f 913/994/913 925/1006/925 924/1005/924 912/993/912
f 914/995/914 926/1007/926 925/1006/925 913/994/913
f 915/996/915 927/1008/927 926/1007/926 914/995/914
f 916/997/916 928/1009/928 927/1008/927 915/996/915
f 917/998/917 929/1010/929 928/1009/928 916/997/916
f 918/999/918 930/1011/930 929/1010/929 917/998/917
f 919/1000/919 931/1012/931 930/1011/930 918/999/918
f 920/1001/920 932/1013/932 931/1012/931 919/1000/919
f 921/991/921 933/1003/933 932/1013/932 920/1001/920
f 922/1002/922 934/1014/934 945/1015/945 933/1003/933
f 923/1004/923 935/1016/935 934/1014/934 922/1002/922
f 924/1005/924 936/1017/936 935/1016/935 923/1004/923
f 925/1006/925 937/1018/937 936/1017/936 924/1005/924
f 926/1007/926 938/1019/938 937/1018/937 925/1006/925
f 927/1008/927 939/1020/939 938/1019/938 926/1007/926
f 928/1009/928 940/1021/940 939/1020/939 927/1008/927
f 929/1010/929 941/1022/941 940/1021/940 928/1009/928
f 930/1011/930 942/1023/942 941/1022/941 929/1010/929
f 931/1012/931 943/1024/943 942/1023/942 930/1011/930
f 932/1013/932 944/1025/944 943/1024/943 931/1012/931
f 933/1003/933 945/1015/945 944/1025/944 932/1013/932
f 934/1014/934 946/1026/946 957/1027/957 945/1015/945
f 935/1016/935 947/1028/947 946/1026/946 934/1014/934
f 936/1017/936 948/1029/948 947/1028/947 935/1016/935
f 937/1018/937 949/1030/949 948/1029/948 936/1017/936
f 938/1019/938 950/1031/950 949/1030/949 937/1018/937
f 939/1020/939 951/1032/951 950/1031/950 938/1019/938
f 940/1021/940 952/1033/952 951/1032/951 939/1020/939
f 941/1022/941 953/1034/953 952/1033/952 940/1021/940
f 942/1023/942 954/1035/954 953/1034/953 941/1022/941
f 943/1024/943 955/1036/955 954/1035/954 942/1023/942
f 944/1025/944 956/1037/956 955/1036/955 943/1024/943
f 945/1015/945 957/1027/957 956/1037/956 944/1025/944
f 946/1026/946 958/1038/958 969/1039/969 957/1027/957
f 947/1028/947 959/1040/959 958/1038/958 946/1026/946
f 948/1029/948 960/1041/960 959/1040/959 947/1028/947
f 949/1030/949 961/1042/961 960/1041/960 948/1029/948
f 950/1031/950 962/1043/962 961/1042/961 949/1030/949
f 951/1032/951 963/1044/963 962/1043/962 950/1031/950
f 952/1033/952 964/1045/964 963/1044/963 951/1032/951
f 953/1034/953 965/1046/965 964/1045/964 952/1033/952
f 954/1035/954 966/1047/966 965/1046/965 953/1034/953
f 955/1036/955 967/1048/967 966/1047/966 954/1035/954
f 956/1037/956 968/1049/968 967/1048/967 955/1036/955
f 957/1027/957 969/1039/969 968/1049/968 956/1037/956
f 958/1038/958 970/1050/970 981/1051/981 969/1039/969
f 959/1040/959 971/1052/971 970/1050/970 958/1038/958
f 960/1041/960 972/1053/972 971/1052/971 959/1040/959
f 961/1042/961 973/1054/973 972/1053/972 960/1041/960
f 962/1043/962 974/1055/974 973/1054/973 961/1042/961
f 963/1044/963 975/1056/975 974/1055/974 962/1043/962
f 964/1045/964 976/1057/976 975/1056/975 963/1044/963
f 965/1046/965 977/1058/977 976/1057/976 964/1045/964
f 966/1047/966 978/1059/978 977/1058/977 965/1046/965
f 967/1048/967 979/1060/979 978/1059/978 966/1047/966
f 968/1049/968 980/1061/980 979/1060/979 967/1048/967
f 969/1039/969 981/1051/981 980/1061/980 968/1049/968
f 970/1050/970 982/1062/982 993/1063/993 981/1051/981
f 971/1052/971 983/1064/983 982/1062/982 970/1050/970
f 972/1053/972 984/1065/984 983/1064/983 971/1052/971
f 973/1054/973 985/1066/985 984/1065/984 972/1053/972
f 974/1055/974 986/1067/986 985/1066/985 973/1054/973
f 975/1056/975 987/1068/987 986/1067/986 974/1055/974
f 976/1057/976 988/1069/988 987/1068/987 975/1056/975
f 977/1058/977 989/1070/989 988/1069/988 976/1057/976
f 978/1059/978 990/1071/990 989/1070/989 977/1058/977
f 979/1060/979 991/1072/991 990/1071/990 978/1059/978
f 980/1061/980 992/1073/992 991/1072/991 979/1060/979
f 981/1051/981 993/1063/993 992/1073/992 980/1061/980
f 982/1062/982 994/1074/994 1005/1075/1005 993/1063/993
f 983/1064/983 995/1076/995 994/1074/994 982/1062/982
f 984/1065/984 996/1077/996 995/1076/995 983/1064/983
f 985/1066/985 997/1078/997 996/1077/996 984/1065/984
f 986/1067/986 998/1079/998 997/1078/997 985/1066/985
f 987/1068/987 999/1080/999 998/1079/998 986/1067/986
f 988/1069/988 1000/1081/1000 999/1080/999 987/1068/987
f 989/1070/989 1001/1082/1001 1000/1081/1000 988/1069/988
f 990/1071/990 1002/1083/1002 1001/1082/1001 989/1070/989
f 991/1072/991 1003/1084/1003 1002/1083/1002 990/1071/990
f 992/1073/992 1004/1085/1004 1003/1084/1003 991/1072/991
f 993/1063/993 1005/1075/1005 1004/1085/1004 992/1073/992
f 994/1074/994 1006/1086/1006 1017/1087/1017 1005/1075/1005
f 995/1076/995 1007/1088/1007 1006/1086/1006 994/1074/994
f 996/1077/996 1008/1089/1008 1007/1088/1007 995/1076/995
f 997/1078/997 1009/1090/1009 1008/1089/1008 996/1077/996
f 998/1079/998 1010/1091/1010 1009/1090/1009 997/1078/997
f 999/1080/999 1011/1092/1011 1010/1091/1010 998/1079/998
f 1000/1081/1000 1012/1093/1012 1011/1092/1011 999/1080/999
f 1001/1082/1001 1013/1094/1013 1012/1093/1012 1000/1081/1000
f 1002/1083/1002 1014/1095/1014 1013/1094/1013 1001/1082/1001
f 1003/1084/1003 1015/1096/1015 1014/1095/1014 1002/1083/1002
f 1004/1085/1004 1016/1097/1016 1015/1096/1015 1003/1084/1003
f 1005/1075/1005 1017/1087/1017 1016/1097/1016 1004/1085/1004
f 1006/1086/1006 1018/1098/1018 1029/1099/1029 1017/1087/1017
f 1007/1088/1007 1019/1100/1019 1018/1098/1018 1006/1086/1006
f 1008/1089/1008 1020/1101/1020 1019/1100/1019 1007/1088/1007
f 1009/1090/1009 1021/1102/1021 1020/1101/1020 1008/1089/1008
f 1010/1091/1010 1022/1103/1022 1021/1102/1021 1009/1090/1009
f 1011/1092/1011 1023/1104/1023 1022/1103/1022 1010/1091/1010
f 1012/1093/1012 1024/1105/1024 1023/1104/1023 1011/1092/1011
f 1013/1094/1013 1025/1106/1025 1024/1105/1024 1012/1093/1012
f 1014/1095/1014 1026/1107/1026 1025/1106/1025 1013/1094/1013
f 1015/1096/1015 1027/1108/1027 1026/1107/1026 1014/1095/1014
f 1016/1097/1016 1028/1109/1028 1027/1108/1027 1015/1096/1015
f 1017/1087/1017 1029/1099/1029 1028/1109/1028 1016/1097/1016
f 1018/1098/1018 1030/1110/1030 1041/1111/1041 1029/1099/1029
f 1019/1100/1019 1031/1112/1031 1030/1110/1030 1018/1098/1018
f 1020/1101/1020 1032/1113/1032 1031/1112/1031 1019/1100/1019
f 1021/1102/1021 1033/1114/1033 1032/1113/1032 1020/1101/1020
f 1022/1103/1022 1034/1115/1034 1033/1114/1033 1021/1102/1021
f 1023/1104/1023 1035/1116/1035 1034/1115/1034 1022/1103/1022
f 1024/1105/1024 1036/1117/1036 1035/1116/1035 1023/1104/1023
f 1025/1106/1025 1037/1118/1037 1036/1117/1036 1024/1105/1024
f 1026/1107/1026 1038/1119/1038 1037/1118/1037 1025/1106/1025
f 1027/1108/1027 1039/1120/1039 1038/1119/1038 1026/1107/1026
f 1028/1109/1028 1040/1121/1040 1039/1120/1039 1027/1108/1027
f 1029/1099/1029 1041/1111/1041 1040/1121/1040 1028/1109/1028
