# Blender 4.5.5 LTS
# www.blender.org
o Ant
v -0.055243 0.015626 0.335910
v -0.055098 0.032599 0.335798
v -0.076039 0.031214 0.352077
v -0.076488 0.014266 0.352425
v -0.082363 0.021947 0.353231
v -0.074336 0.010843 0.361499
v -0.070256 0.013381 0.343694
v -0.046951 0.012632 0.340211
v -0.053908 0.024142 0.331111
v -0.046830 0.035575 0.340117
v -0.069154 0.035025 0.342837
v -0.072965 0.033823 0.360434
v -0.042938 0.024254 0.337091
v -0.062157 0.039298 0.352031
v -0.079796 0.020013 0.365743
v -0.063846 0.008642 0.353344
v -0.074636 0.024250 0.341021
v -0.053521 0.039383 0.345318
v -0.054053 0.008709 0.345732
v -0.062754 0.013553 0.338341
v -0.063938 0.024227 0.333302
v -0.062212 0.034853 0.337919
v 0.008462 0.021885 0.292279
v 0.012955 0.031720 0.288878
v -0.003813 0.047505 0.300481
v -0.010156 0.034031 0.305412
v 0.003238 0.043679 0.292573
v -0.005732 0.031599 0.308169
v -0.010374 0.041629 0.302846
v -0.004717 0.025866 0.299941
v 0.010579 0.021499 0.295489
v 0.015625 0.031900 0.291566
v 0.013799 0.025430 0.289683
v 0.001450 0.045758 0.302586
v 0.016124 0.024883 0.291179
v 0.008110 0.043689 0.297408
v -0.004293 0.040304 0.307050
v -0.001074 0.024605 0.304548
v -0.011624 0.034257 0.300915
v -0.007205 0.027601 0.294889
v -0.005711 0.034912 0.290282
v -0.012252 0.040983 0.298668
v 0.006316 0.024630 0.289806
v 0.007842 0.027350 0.287266
v 0.008708 0.031287 0.287932
v -0.000514 0.041981 0.289708
v -0.006585 0.044958 0.296999
v 0.011363 0.040105 0.294880
v 0.002997 0.022475 0.301383
v 0.000057 0.023192 0.296737
v -0.001522 0.025004 0.292526
v 0.000582 0.030932 0.287715
v 0.004337 0.037938 0.287971
v 0.006738 0.040089 0.289894
v 0.004251 0.045778 0.300408
v -0.000381 0.046222 0.296507
v -0.005029 0.044534 0.293298
v -0.010615 0.038814 0.294567
v -0.011152 0.031529 0.298057
v -0.008391 0.029964 0.303129
v -0.004348 0.028138 0.307093
v 0.009448 0.023786 0.290997
v 0.007493 0.025543 0.289166
v 0.008379 0.027002 0.287382
v 0.013378 0.025449 0.289568
v 0.008725 0.029437 0.288196
v 0.011989 0.029419 0.289096
v 0.013414 0.022963 0.288517
v 0.013734 0.022152 0.286820
v 0.014570 0.023442 0.285695
v 0.014050 0.024664 0.288363
v 0.015146 0.025146 0.285716
v 0.014855 0.026056 0.287429
v 0.015849 0.023309 0.288359
v 0.016027 0.023067 0.287954
v 0.016278 0.023399 0.287672
v 0.015995 0.023765 0.288308
v 0.016400 0.023858 0.287663
v 0.016228 0.024126 0.288071
v 0.013717 0.027192 0.287640
v 0.012463 0.026647 0.285381
v 0.011484 0.024714 0.285123
v 0.010848 0.023041 0.286648
v 0.011869 0.023261 0.289007
v 0.013319 0.025171 0.288733
v -0.000224 0.044163 0.290062
v -0.001401 0.043848 0.290036
v -0.001699 0.042802 0.289487
v -0.000943 0.041637 0.288736
v 0.000423 0.041036 0.288223
v 0.001600 0.041351 0.288248
v 0.001898 0.042397 0.288797
v 0.001143 0.043562 0.289549
v -0.000438 0.045224 0.291313
v -0.002613 0.044642 0.291266
v -0.003163 0.042709 0.290251
v -0.001767 0.040556 0.288863
v 0.000758 0.039446 0.287914
v 0.002933 0.040028 0.287961
v 0.003484 0.041962 0.288976
v 0.002088 0.044114 0.290364
v -0.000530 0.045714 0.292539
v -0.003372 0.044953 0.292477
v -0.004091 0.042427 0.291152
v -0.002267 0.039615 0.289338
v 0.001033 0.038164 0.288098
v 0.003874 0.038925 0.288160
v 0.004594 0.041451 0.289486
v 0.002769 0.044263 0.291300
v -0.000488 0.045558 0.293554
v -0.003563 0.044734 0.293487
v -0.004342 0.042000 0.292052
v -0.002367 0.038956 0.290089
v 0.001204 0.037386 0.288747
v 0.004280 0.038209 0.288814
v 0.005058 0.040944 0.290249
v 0.003084 0.043987 0.292212
v -0.000316 0.044780 0.294202
v -0.003158 0.044019 0.294141
v -0.003877 0.041493 0.292815
v -0.002053 0.038681 0.291001
v 0.001247 0.037230 0.289762
v 0.004088 0.037991 0.289823
v 0.004808 0.040517 0.291149
v 0.002983 0.043329 0.292963
v 0.000078 0.042693 0.288977
v -0.007185 0.034400 0.306335
v -0.006373 0.038942 0.305704
v -0.009911 0.040004 0.308454
v -0.010908 0.035624 0.309230
v -0.011447 0.038090 0.308612
v -0.010326 0.035177 0.311740
v -0.009680 0.034113 0.307239
v -0.005259 0.033424 0.307801
v -0.006654 0.036504 0.304886
v -0.004152 0.039521 0.306940
v -0.008514 0.040250 0.306332
v -0.008913 0.041008 0.310641
v -0.006297 0.041216 0.308608
v -0.010280 0.038473 0.311704
v -0.007966 0.033096 0.309905
v -0.009731 0.037179 0.305944
v 0.007297 0.038149 0.289760
v 0.007488 0.038531 0.290145
v 0.007962 0.038582 0.290467
v 0.008441 0.038273 0.290537
v 0.008645 0.037783 0.290314
v 0.008455 0.037401 0.289930
v 0.007981 0.037350 0.289608
v 0.007502 0.037659 0.289538
v 0.008114 0.038860 0.288687
v 0.008291 0.039158 0.289005
v 0.008669 0.039222 0.289277
v 0.009008 0.039003 0.289327
v 0.009152 0.038657 0.289170
v 0.008975 0.038359 0.288852
v 0.008597 0.038295 0.288580
v 0.008258 0.038514 0.288530
v 0.011831 0.047952 0.273461
v 0.011993 0.048255 0.273891
v 0.012470 0.048369 0.274140
v 0.012979 0.048224 0.274059
v 0.013231 0.047911 0.273706
v 0.013069 0.047608 0.273276
v 0.012592 0.047494 0.273026
v 0.012083 0.047639 0.273107
v 0.012041 0.048125 0.273381
v 0.012145 0.048346 0.273692
v 0.012494 0.048420 0.273862
v 0.012890 0.048307 0.273799
v 0.013086 0.048064 0.273524
v 0.012983 0.047842 0.273213
v 0.012634 0.047768 0.273042
v 0.012238 0.047882 0.273106
v 0.025106 0.048197 0.258702
v 0.025314 0.048567 0.258969
v 0.025680 0.048572 0.259312
v 0.025996 0.048215 0.259537
v 0.026060 0.047693 0.259493
v 0.025852 0.047324 0.259226
v 0.025487 0.047318 0.258884
v 0.025170 0.047676 0.258658
v 0.026251 0.048365 0.257667
v 0.026416 0.048657 0.257878
v 0.026628 0.048166 0.257979
v 0.026704 0.048661 0.258148
v 0.026954 0.048379 0.258326
v 0.027004 0.047967 0.258292
v 0.026840 0.047675 0.258081
v 0.026552 0.047671 0.257810
v 0.026302 0.047953 0.257633
v 0.013125 0.048347 0.273296
v 0.012942 0.048616 0.273240
v 0.012666 0.048679 0.273100
v 0.012453 0.048497 0.272954
v 0.012421 0.048176 0.272883
v 0.012604 0.047907 0.272939
v 0.012880 0.047844 0.273079
v 0.013094 0.048025 0.273225
v 0.021497 0.047616 0.264181
v 0.021279 0.047891 0.264062
v 0.020997 0.047920 0.263855
v 0.020809 0.047682 0.263676
v 0.020819 0.047314 0.263624
v 0.021037 0.047038 0.263742
v 0.021319 0.047010 0.263949
v 0.021507 0.047248 0.264129
v 0.012720 0.046863 0.275423
v 0.012095 0.047067 0.275501
v 0.011496 0.046929 0.275172
v 0.011282 0.046536 0.274638
v 0.011588 0.046123 0.274219
v 0.012213 0.045919 0.274141
v 0.012812 0.046057 0.274470
v 0.013026 0.046450 0.275004
v -0.015010 0.030193 0.307503
v -0.015740 0.042348 0.308152
v -0.020861 0.027380 0.309688
v -0.009000 0.028613 0.311445
v -0.015093 0.036352 0.304731
v -0.010423 0.044654 0.311815
v -0.022023 0.043957 0.310234
v -0.007748 0.036677 0.309736
v -0.017133 0.046813 0.317032
v -0.014777 0.025337 0.316453
v -0.023306 0.035544 0.307554
v -0.044681 0.032899 0.328341
v -0.040658 0.034585 0.335319
v -0.046409 0.029606 0.331590
v -0.044180 0.030356 0.338002
v -0.043928 0.024510 0.337159
v -0.046953 0.025102 0.329541
v -0.043685 0.022011 0.328719
v -0.040533 0.020026 0.334778
v -0.035828 0.020875 0.331270
v -0.040483 0.022586 0.324975
v -0.043359 0.027684 0.323610
v -0.037995 0.033774 0.333248
v -0.034668 0.024120 0.330405
v -0.038625 0.025345 0.324882
v -0.040846 0.028973 0.324443
v -0.041680 0.032632 0.327235
v -0.031539 0.037900 0.328239
v -0.028047 0.027308 0.325544
v -0.032531 0.028443 0.320854
v -0.034783 0.032449 0.320357
v -0.035061 0.036652 0.322475
v -0.024142 0.044332 0.322479
v -0.019428 0.025055 0.320107
v -0.025556 0.027071 0.314638
v -0.029009 0.034127 0.312593
v -0.028652 0.041776 0.315607
v -0.034483 0.030728 0.320872
v -0.034295 0.029334 0.321806
v -0.033069 0.028196 0.322026
v -0.031515 0.027980 0.321404
v -0.030544 0.028814 0.320304
v -0.030742 0.030224 0.319382
v -0.032005 0.031370 0.319163
v -0.033564 0.031567 0.319768
v -0.034809 0.028525 0.318338
v -0.034692 0.027778 0.318872
v -0.034013 0.027158 0.318999
v -0.033157 0.027041 0.318658
v -0.032618 0.027520 0.318071
v -0.032720 0.028315 0.317581
v -0.033444 0.028950 0.317459
v -0.034344 0.028955 0.317697
v -0.032510 0.029772 0.320589
v -0.037223 0.030499 0.312467
v -0.037203 0.029589 0.312653
v -0.036589 0.028905 0.312523
v -0.035739 0.028848 0.312153
v -0.035152 0.029450 0.311759
v -0.035171 0.030360 0.311573
v -0.035786 0.031044 0.311703
v -0.036636 0.031101 0.312073
v -0.039698 0.032653 0.305453
v -0.039661 0.031490 0.305695
v -0.038857 0.030644 0.305574
v -0.037765 0.030610 0.305162
v -0.037026 0.031402 0.304687
v -0.037066 0.032545 0.304416
v -0.037858 0.033390 0.304537
v -0.038945 0.033442 0.304978
v -0.039550 0.031862 0.303572
v -0.039480 0.031203 0.304150
v -0.038823 0.030856 0.304615
v -0.037962 0.031034 0.304711
v -0.037411 0.031631 0.304376
v -0.037486 0.032295 0.303806
v -0.038143 0.032638 0.303334
v -0.038998 0.032459 0.303238
v -0.027324 0.011212 0.297250
v -0.027569 0.010808 0.298261
v -0.027137 0.010926 0.299282
v -0.026282 0.011495 0.299715
v -0.025502 0.012180 0.299306
v -0.025255 0.012581 0.298296
v -0.025687 0.012465 0.297275
v -0.026545 0.011900 0.296842
v -0.026000 0.010318 0.297450
v -0.026162 0.010118 0.298060
v -0.025950 0.010261 0.298671
v -0.025490 0.010663 0.298924
v -0.025051 0.011089 0.298673
v -0.024890 0.011289 0.298063
v -0.025101 0.011146 0.297452
v -0.025561 0.010744 0.297198
v -0.015819 -0.000731 0.300376
v -0.015308 -0.001146 0.300523
v -0.014826 -0.001369 0.300347
v -0.014440 -0.001171 0.300165
v -0.014307 -0.000847 0.299695
v -0.014891 -0.000657 0.299065
v -0.015602 -0.000450 0.299207
v -0.015931 -0.000466 0.299781
v -0.020551 -0.000416 0.299343
v -0.020536 -0.000834 0.299416
v -0.020437 -0.000707 0.298884
v -0.020463 -0.001178 0.299177
v -0.020374 -0.001246 0.298767
v -0.020323 -0.000998 0.298426
v -0.020338 -0.000580 0.298353
v -0.020411 -0.000236 0.298592
v -0.020500 -0.000168 0.299002
v -0.017242 -0.001311 0.300227
v -0.017341 -0.000903 0.300120
v -0.017318 -0.000652 0.299733
v -0.017187 -0.000705 0.299293
v -0.017024 -0.001031 0.299059
v -0.016925 -0.001439 0.299167
v -0.016947 -0.001689 0.299553
v -0.017079 -0.001636 0.299993
v -0.030864 0.015376 0.298690
v -0.029708 0.016120 0.298054
v -0.028295 0.016598 0.298315
v -0.027451 0.016528 0.299321
v -0.027672 0.015953 0.300482
v -0.028828 0.015209 0.301118
v -0.030241 0.014732 0.300857
v -0.031085 0.014801 0.299851
v -0.038008 0.027551 0.327074
v -0.037573 0.026254 0.328062
v -0.036402 0.025042 0.327993
v -0.035179 0.024624 0.326908
v -0.034622 0.025249 0.325441
v -0.035071 0.026571 0.324458
v -0.036273 0.027783 0.324548
v -0.037472 0.028171 0.325623
v -0.039281 0.025141 0.325137
v -0.039044 0.024441 0.325680
v -0.038399 0.023773 0.325642
v -0.037726 0.023543 0.325045
v -0.037404 0.023901 0.324223
v -0.037650 0.024639 0.323679
v -0.038351 0.025322 0.323753
v -0.038982 0.025484 0.324336
v -0.036314 0.026398 0.326258
v -0.045995 0.031682 0.320101
v -0.045855 0.029664 0.320594
v -0.044883 0.028013 0.319777
v -0.043645 0.027697 0.318128
v -0.042875 0.028900 0.316617
v -0.043015 0.030918 0.316125
v -0.043987 0.032569 0.316941
v -0.045221 0.032886 0.318588
v -0.056679 0.042355 0.310589
v -0.056476 0.041105 0.310913
v -0.055842 0.040025 0.310344
v -0.054999 0.039836 0.309214
v -0.054439 0.040753 0.308166
v -0.054738 0.042222 0.307793
v -0.055572 0.043132 0.308373
v -0.056374 0.043201 0.309529
v -0.057532 0.041137 0.309422
v -0.056843 0.040514 0.309908
v -0.055912 0.040086 0.309652
v -0.055292 0.040110 0.308802
v -0.055344 0.040570 0.307856
v -0.056036 0.041196 0.307370
v -0.056963 0.041622 0.307627
v -0.057583 0.041597 0.308477
v -0.053546 0.009746 0.298467
v -0.053384 0.009430 0.299536
v -0.052603 0.009657 0.300318
v -0.051675 0.010277 0.300342
v -0.051152 0.010926 0.299616
v -0.051324 0.011240 0.298578
v -0.052081 0.011040 0.297809
v -0.053005 0.010416 0.297757
v -0.052366 0.008931 0.298177
v -0.052272 0.008739 0.298803
v -0.051818 0.008864 0.299268
v -0.051270 0.009234 0.299299
v -0.050949 0.009631 0.298878
v -0.051043 0.009823 0.298252
v -0.051497 0.009698 0.297787
v -0.052045 0.009328 0.297756
v -0.046857 0.000239 0.293918
v -0.047213 0.000182 0.294474
v -0.047014 0.000138 0.295133
v -0.046259 0.000297 0.295365
v -0.045775 0.000455 0.295083
v -0.045549 0.000340 0.294676
v -0.045684 0.000301 0.294110
v -0.046212 0.000280 0.293778
v -0.047788 -0.001813 0.289116
v -0.047972 -0.002158 0.289282
v -0.047425 -0.002140 0.289380
v -0.047835 -0.002493 0.289505
v -0.047458 -0.002621 0.289655
v -0.047062 -0.002467 0.289644
v -0.046879 -0.002121 0.289479
v -0.047016 -0.001786 0.289255
v -0.047392 -0.001658 0.289105
v -0.047673 -0.000693 0.292942
v -0.047459 -0.000398 0.292707
v -0.047019 -0.000264 0.292673
v -0.046610 -0.000369 0.292860
v -0.046472 -0.000651 0.293158
v -0.046686 -0.000946 0.293393
v -0.047126 -0.001080 0.293427
v -0.047535 -0.000975 0.293241
v -0.055478 0.014977 0.300726
v -0.055192 0.015090 0.299243
v -0.054063 0.015222 0.298242
v -0.052753 0.015297 0.298309
v -0.052028 0.015271 0.299406
v -0.052314 0.015158 0.300889
v -0.053443 0.015026 0.301890
v -0.054754 0.014951 0.301822
v -0.027462 0.029550 0.314435
v -0.027803 0.028506 0.315716
v -0.026877 0.027640 0.316828
v -0.025253 0.027493 0.317106
v -0.023837 0.028097 0.316412
v -0.023506 0.029144 0.315118
v -0.024463 0.030006 0.313958
v -0.026052 0.030160 0.313736
v -0.026559 0.026738 0.312883
v -0.026747 0.026164 0.313588
v -0.026237 0.025687 0.314201
v -0.025337 0.025616 0.314370
v -0.024564 0.025961 0.313989
v -0.024386 0.026549 0.313280
v -0.024950 0.027025 0.312587
v -0.025789 0.027064 0.312482
v -0.025638 0.028809 0.315429
v -0.025067 0.026984 0.303637
v -0.025182 0.026249 0.304194
v -0.024619 0.025723 0.304712
v -0.023707 0.025714 0.304889
v -0.022983 0.026230 0.304620
v -0.022918 0.027073 0.304071
v -0.023429 0.027487 0.303546
v -0.024341 0.027497 0.303369
v -0.024753 0.026740 0.298232
v -0.024829 0.025830 0.298918
v -0.024085 0.025206 0.299549
v -0.022940 0.025236 0.299754
v -0.022037 0.025914 0.299401
v -0.021928 0.026859 0.298691
v -0.022841 0.027512 0.298064
v -0.023983 0.027381 0.297918
v -0.024177 0.025682 0.297311
v -0.024189 0.025132 0.298078
v -0.023569 0.024889 0.298668
v -0.022652 0.025052 0.298756
v -0.022097 0.025542 0.298298
v -0.022124 0.025948 0.297618
v -0.022671 0.026189 0.297020
v -0.023525 0.026098 0.296882
v -0.010712 0.006951 0.303492
v -0.011128 0.007116 0.304511
v -0.010855 0.007747 0.305380
v -0.010066 0.008472 0.305607
v -0.009215 0.008918 0.305031
v -0.008813 0.008783 0.304017
v -0.009068 0.008137 0.303132
v -0.009853 0.007366 0.302917
v -0.009405 0.006411 0.303940
v -0.009618 0.006337 0.304563
v -0.009485 0.006631 0.305140
v -0.009086 0.007122 0.305337
v -0.008652 0.007519 0.305035
v -0.008439 0.007583 0.304415
v -0.008572 0.007296 0.303835
v -0.008971 0.006809 0.303638
v 0.001885 -0.003025 0.309066
v 0.001760 -0.003289 0.309713
v 0.001970 -0.003234 0.310312
v 0.002473 -0.003059 0.310535
v 0.003006 -0.002919 0.310260
v 0.003289 -0.003069 0.309656
v 0.003078 -0.003119 0.309057
v 0.002473 -0.003018 0.308807
v 0.001896 -0.004613 0.304487
v 0.001695 -0.004943 0.304664
v 0.002247 -0.005004 0.304664
v 0.001818 -0.005309 0.304841
v 0.002192 -0.005497 0.304914
v 0.002599 -0.005396 0.304840
v 0.002799 -0.005066 0.304663
v 0.002676 -0.004700 0.304486
v 0.002302 -0.004512 0.304413
v 0.000766 -0.003720 0.308197
v 0.000977 -0.003439 0.307944
v 0.001420 -0.003363 0.307838
v 0.001855 -0.003549 0.307949
v 0.002044 -0.003874 0.308218
v 0.001839 -0.004151 0.308474
v 0.001376 -0.004231 0.308572
v 0.000910 -0.004040 0.308451
v -0.014243 0.011050 0.301901
v -0.012968 0.011393 0.301158
v -0.011594 0.012004 0.301345
v -0.010927 0.012525 0.302350
v -0.011357 0.012650 0.303585
v -0.012632 0.012308 0.304328
v -0.014005 0.011697 0.304141
v -0.014672 0.011176 0.303136
v -0.027846 0.028515 0.315662
v -0.026928 0.027681 0.316785
v -0.025298 0.027548 0.317082
v -0.023957 0.028249 0.316352
v -0.023564 0.029200 0.315076
v -0.024449 0.030000 0.313974
v -0.026238 0.025689 0.314201
v -0.025328 0.025587 0.314362
v -0.024430 0.026656 0.313295
v -0.024896 0.026989 0.312639
v -0.025660 0.028823 0.315408
v -0.024619 0.025723 0.304712
v -0.023707 0.025714 0.304889
v -0.022922 0.027080 0.304072
v -0.023489 0.027645 0.303574
v -0.024054 0.025184 0.299558
v -0.022940 0.025236 0.299754
v -0.021959 0.026895 0.298675
v -0.022815 0.027512 0.298062
v -0.023521 0.024857 0.298680
v -0.022659 0.025052 0.298757
v -0.022145 0.026016 0.297582
v -0.022732 0.026215 0.297013
v -0.010851 0.007719 0.305386
v -0.010065 0.008476 0.305605
v -0.008817 0.008786 0.304021
v -0.009077 0.008153 0.303138
v -0.009487 0.006632 0.305142
v -0.009088 0.007124 0.305338
v -0.008439 0.007583 0.304415
v -0.008573 0.007282 0.303842
v 0.001973 -0.003237 0.310313
v 0.002476 -0.003039 0.310536
v 0.003260 -0.002925 0.309650
v 0.003070 -0.003066 0.309056
v 0.002247 -0.005004 0.304664
v 0.001818 -0.005309 0.304841
v 0.002192 -0.005497 0.304914
v 0.002003 -0.003649 0.307998
v 0.002214 -0.003922 0.308276
v 0.001326 -0.004213 0.308555
v 0.000910 -0.004040 0.308451
v -0.011594 0.012004 0.301345
v -0.010927 0.012525 0.302350
v -0.012632 0.012308 0.304327
v -0.014005 0.011697 0.304141
v -0.044828 0.015626 0.349307
v -0.044684 0.032599 0.349195
v -0.065625 0.031214 0.365474
v -0.066073 0.014266 0.365822
v -0.068303 0.021947 0.371317
v -0.056075 0.013381 0.361937
v -0.039848 0.024142 0.349197
v -0.054972 0.035025 0.361080
v -0.054565 0.024250 0.366841
v -0.049036 0.013553 0.355987
v -0.044445 0.024227 0.358377
v -0.048495 0.034853 0.355565
v 0.013167 0.021885 0.298333
v 0.017572 0.031720 0.294817
v 0.002192 0.047505 0.308205
v -0.004152 0.034031 0.313136
v 0.011594 0.043679 0.303322
v -0.001719 0.041629 0.313980
v 0.002491 0.025866 0.309214
v 0.016999 0.025430 0.293801
v -0.000156 0.034257 0.315667
v 0.006774 0.027601 0.312872
v 0.011607 0.034912 0.312560
v 0.001867 0.040983 0.316830
v 0.015035 0.024630 0.301022
v 0.017873 0.027350 0.300169
v 0.017441 0.031287 0.299166
v 0.013445 0.041981 0.307665
v 0.004883 0.044958 0.311751
v 0.006775 0.023192 0.305379
v 0.010466 0.025004 0.307947
v 0.015647 0.030932 0.307095
v 0.016325 0.037938 0.303392
v 0.015054 0.040089 0.300592
v 0.006890 0.046222 0.305859
v 0.008853 0.044534 0.311155
v 0.006245 0.038814 0.316255
v 0.002730 0.031529 0.315915
v -0.001504 0.029964 0.311988
v 0.014653 0.023786 0.297693
v 0.015945 0.025543 0.300039
v 0.017893 0.027002 0.299621
v 0.017007 0.025449 0.294237
v 0.017190 0.029437 0.299085
v 0.017123 0.029419 0.295699
v 0.018034 0.022963 0.294461
v 0.019759 0.022152 0.294570
v 0.021055 0.023442 0.294037
v 0.018340 0.024664 0.293883
v 0.021176 0.025146 0.293474
v 0.019444 0.026056 0.293334
v 0.018789 0.023309 0.292140
v 0.019225 0.023067 0.292068
v 0.019560 0.023399 0.291894
v 0.018874 0.023765 0.292011
v 0.019599 0.023858 0.291778
v 0.019161 0.024126 0.291845
v 0.018960 0.027192 0.294384
v 0.020839 0.026647 0.296157
v 0.020848 0.024714 0.297169
v 0.019213 0.023041 0.297409
v 0.017179 0.023261 0.295838
v 0.017802 0.025171 0.294500
v 0.013174 0.044163 0.307297
v 0.012908 0.043848 0.308444
v 0.013367 0.042802 0.308868
v 0.014282 0.041637 0.308321
v 0.015116 0.041036 0.307123
v 0.015382 0.041351 0.305976
v 0.014923 0.042397 0.305552
v 0.014008 0.043562 0.306099
v 0.011909 0.045224 0.307195
v 0.011418 0.044642 0.309315
v 0.012266 0.042709 0.310099
v 0.013956 0.040556 0.309088
v 0.015498 0.039446 0.306875
v 0.015989 0.040028 0.304755
v 0.015141 0.041962 0.303971
v 0.013451 0.044114 0.304982
v 0.010698 0.045714 0.306983
v 0.010056 0.044953 0.309752
v 0.011164 0.042427 0.310776
v 0.013372 0.039615 0.309455
v 0.015387 0.038164 0.306563
v 0.016028 0.038925 0.303794
v 0.014921 0.041451 0.302770
v 0.012713 0.044263 0.304091
v 0.009725 0.045558 0.306691
v 0.009031 0.044734 0.309688
v 0.010230 0.042000 0.310797
v 0.012619 0.038956 0.309367
v 0.014800 0.037386 0.306237
v 0.015494 0.038209 0.303240
v 0.014296 0.040944 0.302132
v 0.011906 0.043987 0.303561
v 0.009138 0.044780 0.306365
v 0.008497 0.044019 0.309134
v 0.009605 0.041493 0.310158
v 0.011812 0.038681 0.308837
v 0.013827 0.037230 0.305946
v 0.014469 0.037991 0.303177
v 0.013361 0.040517 0.302152
v 0.011153 0.043329 0.303473
v 0.014300 0.042693 0.307271
v -0.004314 0.034400 0.310029
v -0.003502 0.038942 0.309398
v -0.007039 0.040004 0.312148
v -0.008037 0.035624 0.312923
v -0.007571 0.038090 0.313598
v -0.005805 0.034113 0.312225
v -0.002778 0.036504 0.309872
v -0.004638 0.040250 0.311318
v -0.004563 0.037179 0.312592
v 0.015321 0.038149 0.300082
v 0.014996 0.038531 0.299802
v 0.014801 0.038582 0.299264
v 0.014851 0.038273 0.298782
v 0.015117 0.037783 0.298639
v 0.015442 0.037401 0.298919
v 0.015637 0.037350 0.299457
v 0.015587 0.037659 0.299939
v 0.016563 0.038860 0.299555
v 0.016299 0.039158 0.299305
v 0.016128 0.039222 0.298872
v 0.016163 0.039003 0.298532
v 0.016351 0.038657 0.298431
v 0.016615 0.038359 0.298681
v 0.016786 0.038295 0.299114
v 0.016750 0.038514 0.299455
v 0.032235 0.047952 0.299709
v 0.031859 0.048255 0.299446
v 0.031734 0.048369 0.298922
v 0.031939 0.048224 0.298449
v 0.032344 0.047911 0.298292
v 0.032720 0.047608 0.298555
v 0.032844 0.047494 0.299079
v 0.032640 0.047639 0.299552
v 0.032365 0.048125 0.299525
v 0.032089 0.048346 0.299348
v 0.032010 0.048420 0.298967
v 0.032169 0.048307 0.298600
v 0.032484 0.048064 0.298477
v 0.032760 0.047842 0.298654
v 0.032839 0.047768 0.299034
v 0.032680 0.047882 0.299402
v 0.049813 0.048197 0.290484
v 0.049605 0.048567 0.290217
v 0.049363 0.048572 0.289778
v 0.049223 0.048215 0.289416
v 0.049281 0.047693 0.289365
v 0.049489 0.047324 0.289632
v 0.049730 0.047318 0.290071
v 0.049871 0.047675 0.290433
v 0.051098 0.048365 0.289630
v 0.050934 0.048657 0.289419
v 0.050888 0.048166 0.289188
v 0.050744 0.048661 0.289072
v 0.050633 0.048379 0.288786
v 0.050678 0.047967 0.288746
v 0.050842 0.047675 0.288957
v 0.051033 0.047671 0.289303
v 0.051144 0.047953 0.289589
v 0.032715 0.048347 0.298495
v 0.032723 0.048616 0.298687
v 0.032791 0.048679 0.298989
v 0.032880 0.048497 0.299232
v 0.032940 0.048176 0.299280
v 0.032932 0.047907 0.299088
v 0.032864 0.047844 0.298786
v 0.032775 0.048025 0.298544
v 0.043613 0.047616 0.292631
v 0.043674 0.047891 0.292871
v 0.043805 0.047920 0.293196
v 0.043932 0.047682 0.293422
v 0.043985 0.047314 0.293425
v 0.043924 0.047038 0.293185
v 0.043793 0.047010 0.292860
v 0.043666 0.047248 0.292633
v 0.030553 0.046863 0.298363
v 0.030323 0.047067 0.298950
v 0.030494 0.046929 0.299612
v 0.030960 0.046536 0.299951
v 0.031441 0.046123 0.299758
v 0.031671 0.045919 0.299171
v 0.031500 0.046057 0.298509
v 0.031034 0.046450 0.298170
v -0.007209 0.030833 0.318247
v -0.008261 0.042399 0.317877
v -0.010480 0.029098 0.324939
v -0.004991 0.036862 0.318504
v -0.011999 0.044022 0.323337
v -0.010248 0.036132 0.325599
v -0.035464 0.032978 0.340824
v -0.039020 0.029795 0.341433
v -0.038061 0.025384 0.342182
v -0.036783 0.022417 0.338876
v -0.032837 0.022836 0.337519
v -0.033484 0.027723 0.341070
v -0.031777 0.025538 0.336177
v -0.031836 0.029126 0.338421
v -0.033472 0.032738 0.338228
v -0.025101 0.028525 0.330902
v -0.025004 0.032262 0.332992
v -0.026673 0.036721 0.332964
v -0.015836 0.027743 0.327433
v -0.017294 0.034011 0.329323
v -0.019055 0.041583 0.328076
v -0.025606 0.031016 0.332504
v -0.026597 0.029963 0.331612
v -0.026321 0.028750 0.330472
v -0.024950 0.028082 0.329749
v -0.023288 0.028351 0.329866
v -0.022278 0.029395 0.330778
v -0.022501 0.030592 0.331965
v -0.023870 0.031279 0.332673
v -0.024886 0.028291 0.334234
v -0.025440 0.027708 0.333740
v -0.025297 0.027014 0.333130
v -0.024542 0.026649 0.332730
v -0.023623 0.026801 0.332794
v -0.023078 0.027329 0.333329
v -0.023198 0.027846 0.334110
v -0.023921 0.028316 0.334438
v -0.024453 0.029681 0.331183
v -0.023383 0.028184 0.340587
v -0.023997 0.027585 0.340230
v -0.023947 0.026735 0.339860
v -0.023261 0.026131 0.339692
v -0.022342 0.026127 0.339826
v -0.021728 0.026726 0.340183
v -0.021778 0.027576 0.340553
v -0.022464 0.028180 0.340721
v -0.021629 0.027469 0.348027
v -0.022423 0.026697 0.347636
v -0.022367 0.025601 0.347216
v -0.021505 0.024811 0.347034
v -0.020331 0.024802 0.347155
v -0.019531 0.025582 0.347531
v -0.019582 0.026685 0.347966
v -0.020452 0.027465 0.348176
v -0.021291 0.026983 0.349220
v -0.021978 0.026439 0.349097
v -0.022070 0.025580 0.348947
v -0.021519 0.024901 0.348879
v -0.020646 0.024802 0.348899
v -0.019962 0.025342 0.349013
v -0.019867 0.026205 0.349154
v -0.020418 0.026884 0.349240
v -0.027515 0.010712 0.366838
v -0.028354 0.010359 0.366193
v -0.028447 0.009634 0.365355
v -0.027741 0.008967 0.364812
v -0.026651 0.008751 0.364877
v -0.025814 0.009108 0.365513
v -0.025719 0.009824 0.366355
v -0.026422 0.010487 0.366908
v -0.027563 0.009727 0.367421
v -0.028033 0.009361 0.367132
v -0.028044 0.008785 0.366806
v -0.027590 0.008335 0.366635
v -0.026936 0.008276 0.366719
v -0.026466 0.008641 0.367008
v -0.026455 0.009217 0.367333
v -0.026909 0.009667 0.367504
v -0.029653 -0.000846 0.379750
v -0.030332 -0.001107 0.379827
v -0.030964 -0.001241 0.379378
v -0.030848 -0.001430 0.378951
v -0.030400 -0.001309 0.378679
v -0.029974 -0.000844 0.378333
v -0.029515 -0.000567 0.378567
v -0.029369 -0.000583 0.379212
v -0.024826 -0.000533 0.380155
v -0.024862 -0.000951 0.380220
v -0.024800 -0.000824 0.379683
v -0.024861 -0.001295 0.379970
v -0.024825 -0.001363 0.379552
v -0.024774 -0.001115 0.379211
v -0.024738 -0.000697 0.379146
v -0.024738 -0.000353 0.379396
v -0.024774 -0.000285 0.379814
v -0.028249 -0.001427 0.380025
v -0.028122 -0.001020 0.379951
v -0.028030 -0.000769 0.379575
v -0.028026 -0.000822 0.379117
v -0.028112 -0.001148 0.378844
v -0.028239 -0.001555 0.378918
v -0.028332 -0.001806 0.379294
v -0.028336 -0.001753 0.379753
v -0.026898 0.014820 0.363064
v -0.025471 0.014385 0.363323
v -0.024468 0.013297 0.363000
v -0.024476 0.012194 0.362285
v -0.025492 0.011723 0.361596
v -0.026919 0.012159 0.361338
v -0.027922 0.013246 0.361661
v -0.027914 0.014349 0.362376
v -0.032667 0.027588 0.334562
v -0.032978 0.026365 0.333440
v -0.032093 0.025073 0.332811
v -0.030535 0.024469 0.333041
v -0.029209 0.024907 0.334002
v -0.028873 0.026119 0.335174
v -0.029727 0.027405 0.335847
v -0.031310 0.028031 0.335552
v -0.032955 0.025123 0.336763
v -0.033135 0.024437 0.336158
v -0.032648 0.023726 0.335812
v -0.031790 0.023393 0.335938
v -0.031062 0.023636 0.336463
v -0.030908 0.024284 0.337107
v -0.031422 0.024939 0.337523
v -0.032233 0.025357 0.337298
v -0.030942 0.026247 0.334279
v -0.034612 0.031085 0.345536
v -0.035392 0.029435 0.344533
v -0.034898 0.027415 0.344417
v -0.033411 0.026216 0.345254
v -0.031827 0.026523 0.346556
v -0.031048 0.028173 0.347559
v -0.031541 0.030193 0.347675
v -0.033017 0.031399 0.346838
v -0.036915 0.039868 0.361374
v -0.037546 0.038732 0.360520
v -0.037208 0.037298 0.360344
v -0.036208 0.036456 0.360870
v -0.035167 0.036632 0.361615
v -0.034554 0.037558 0.362060
v -0.034728 0.038959 0.362427
v -0.035712 0.039909 0.362122
v -0.037322 0.039017 0.363137
v -0.037823 0.038605 0.362304
v -0.037698 0.037746 0.361713
v -0.037021 0.036939 0.361705
v -0.036190 0.036659 0.362286
v -0.035689 0.037070 0.363116
v -0.035814 0.037930 0.363709
v -0.036490 0.038737 0.363718
v -0.054911 0.011217 0.367216
v -0.055531 0.011761 0.366452
v -0.055485 0.011872 0.365329
v -0.054805 0.011487 0.364524
v -0.053905 0.010841 0.364502
v -0.053309 0.010308 0.365255
v -0.053345 0.010192 0.366351
v -0.054005 0.010567 0.367168
v -0.055481 0.010008 0.366617
v -0.055849 0.010331 0.366172
v -0.055832 0.010402 0.365514
v -0.055441 0.010180 0.365029
v -0.054903 0.009794 0.365001
v -0.054535 0.009472 0.365446
v -0.054552 0.009401 0.366104
v -0.054943 0.009623 0.366589
v -0.062177 0.001105 0.366375
v -0.062406 0.001048 0.365756
v -0.062152 0.001055 0.365160
v -0.061692 0.001124 0.364860
v -0.061125 0.000962 0.365044
v -0.060752 0.001013 0.365744
v -0.060973 0.001107 0.366394
v -0.061576 0.001145 0.366649
v -0.064106 -0.000947 0.370869
v -0.064250 -0.001293 0.370669
v -0.063695 -0.001274 0.370689
v -0.064069 -0.001628 0.370480
v -0.063669 -0.001755 0.370413
v -0.063284 -0.001601 0.370508
v -0.063141 -0.001255 0.370709
v -0.063322 -0.000920 0.370898
v -0.063721 -0.000792 0.370964
v -0.063181 0.000173 0.367155
v -0.063022 0.000467 0.367430
v -0.062599 0.000602 0.367557
v -0.062160 0.000497 0.367461
v -0.061962 0.000215 0.367199
v -0.062121 -0.000080 0.366924
v -0.062544 -0.000214 0.366797
v -0.062983 -0.000109 0.366893
v -0.052512 0.016279 0.367194
v -0.051555 0.015288 0.367823
v -0.050539 0.014217 0.367486
v -0.050059 0.013692 0.366381
v -0.050396 0.014022 0.365154
v -0.051353 0.015013 0.364525
v -0.052370 0.016084 0.364862
v -0.052850 0.016609 0.365967
v -0.018271 0.029661 0.326963
v -0.018658 0.028019 0.326962
v -0.017935 0.026623 0.326349
v -0.016474 0.026418 0.325463
v -0.015207 0.027295 0.324884
v -0.014782 0.028943 0.324939
v -0.015397 0.030389 0.325678
v -0.017000 0.030588 0.326353
v -0.016003 0.028735 0.329228
v -0.016216 0.027831 0.329227
v -0.015818 0.027062 0.328890
v -0.015048 0.026951 0.328350
v -0.014336 0.027446 0.328044
v -0.014085 0.028332 0.328116
v -0.014245 0.029049 0.328857
v -0.015276 0.029251 0.328929
v -0.016762 0.028439 0.325918
v -0.013301 0.030220 0.337881
v -0.013761 0.029533 0.337458
v -0.013515 0.028755 0.337014
v -0.012709 0.028342 0.336809
v -0.011813 0.028549 0.336955
v -0.011350 0.029639 0.337074
v -0.011600 0.030001 0.337830
v -0.012406 0.030414 0.338035
v -0.012545 0.030597 0.343156
v -0.013107 0.029727 0.342800
v -0.012782 0.028739 0.342313
v -0.011745 0.028233 0.342023
v -0.010606 0.028483 0.342170
v -0.010030 0.029359 0.342621
v -0.010468 0.030174 0.342728
v -0.011482 0.030750 0.342973
v -0.012167 0.029994 0.344175
v -0.012611 0.029438 0.343930
v -0.012430 0.028640 0.343742
v -0.011694 0.028145 0.343767
v -0.010836 0.028317 0.343701
v -0.010393 0.028917 0.343780
v -0.010600 0.029603 0.344145
v -0.011332 0.030057 0.344309
v -0.012484 0.010139 0.356696
v -0.013179 0.009771 0.355909
v -0.013055 0.009255 0.354934
v -0.012186 0.008865 0.354356
v -0.011077 0.008920 0.354462
v -0.010383 0.009309 0.355224
v -0.010506 0.009842 0.356190
v -0.011377 0.010169 0.356814
v -0.012119 0.009135 0.357164
v -0.012536 0.008725 0.356853
v -0.012467 0.008220 0.356430
v -0.011955 0.007917 0.356137
v -0.011298 0.007991 0.356150
v -0.010884 0.008393 0.356450
v -0.010949 0.008901 0.356891
v -0.011462 0.009209 0.357181
v -0.011395 -0.003408 0.368041
v -0.012095 -0.003493 0.367735
v -0.012242 -0.003776 0.367217
v -0.011918 -0.003911 0.366745
v -0.011329 -0.003809 0.366557
v -0.010885 -0.003491 0.366629
v -0.010630 -0.003347 0.367081
v -0.010799 -0.003347 0.367721
v -0.007443 -0.004772 0.370592
v -0.007649 -0.005144 0.370605
v -0.007317 -0.005100 0.370163
v -0.007660 -0.005490 0.370359
v -0.007470 -0.005608 0.369998
v -0.007190 -0.005429 0.369733
v -0.006985 -0.005057 0.369720
v -0.006973 -0.004711 0.369966
v -0.007163 -0.004593 0.370327
v -0.011199 -0.004321 0.369355
v -0.010918 -0.003992 0.369374
v -0.010588 -0.003828 0.369096
v -0.010424 -0.003898 0.368692
v -0.010520 -0.004158 0.368416
v -0.010793 -0.004497 0.368398
v -0.011110 -0.004681 0.368657
v -0.011266 -0.004623 0.369051
v -0.012719 0.015066 0.353999
v -0.011245 0.014923 0.354314
v -0.009984 0.014207 0.353876
v -0.009675 0.013338 0.352939
v -0.010500 0.012825 0.352054
v -0.011974 0.012967 0.351738
v -0.013235 0.013683 0.352177
v -0.013543 0.014552 0.353113
v -0.018563 0.028221 0.326953
v -0.017841 0.026883 0.326293
v -0.016393 0.026622 0.325431
v -0.014955 0.027715 0.324946
v -0.014631 0.029092 0.325056
v -0.015441 0.030359 0.325635
v -0.015820 0.027075 0.328878
v -0.015042 0.026880 0.328413
v -0.013994 0.028412 0.328193
v -0.014445 0.029058 0.328543
v -0.016710 0.028517 0.325939
v -0.013515 0.028755 0.337014
v -0.012709 0.028342 0.336809
v -0.011350 0.029667 0.337053
v -0.011628 0.030513 0.337398
v -0.012793 0.028692 0.342380
v -0.011745 0.028234 0.342021
v -0.010076 0.029257 0.342571
v -0.010449 0.030204 0.342788
v -0.012423 0.028631 0.343841
v -0.011695 0.028147 0.343750
v -0.010358 0.029011 0.343760
v -0.010557 0.029748 0.344004
v -0.013058 0.009224 0.354948
v -0.012186 0.008872 0.354353
v -0.010383 0.009304 0.355224
v -0.010507 0.009846 0.356177
v -0.012468 0.008220 0.356426
v -0.011956 0.007918 0.356129
v -0.010884 0.008393 0.356450
v -0.010954 0.008883 0.356879
v -0.012240 -0.003779 0.367214
v -0.011895 -0.003935 0.366751
v -0.010823 -0.003535 0.366735
v -0.010632 -0.003330 0.367138
v -0.007317 -0.005100 0.370163
v -0.007660 -0.005490 0.370359
v -0.007470 -0.005608 0.369998
v -0.010590 -0.003696 0.368739
v -0.010658 -0.003978 0.368509
v -0.011079 -0.004720 0.368640
v -0.011266 -0.004623 0.369051
v -0.009984 0.014207 0.353876
v -0.009675 0.013338 0.352939
v -0.011974 0.012967 0.351738
v -0.013235 0.013683 0.352177
vn 0.0683 -0.6010 -0.7963
vn 0.0832 0.5912 -0.8023
vn -0.7489 0.6541 -0.1064
vn -0.6777 -0.6902 -0.2538
vn -0.9877 -0.0026 -0.1564
vn -0.4204 -0.8465 0.3268
vn -0.5017 -0.7057 -0.5003
vn 0.5514 -0.7157 -0.4286
vn 0.1317 -0.0069 -0.9913
vn 0.5591 0.7060 -0.4346
vn -0.5353 0.7264 -0.4310
vn -0.5066 0.7670 0.3938
vn 0.7895 0.0001 -0.6137
vn -0.1471 0.9825 0.1143
vn -0.7863 -0.0905 0.6112
vn -0.0684 -0.9962 0.0532
vn -0.7466 0.0325 -0.6645
vn 0.1917 0.9701 -0.1490
vn 0.1829 -0.9728 -0.1422
vn -0.2757 -0.6980 -0.6609
vn -0.3895 -0.0027 -0.9210
vn -0.2610 0.7033 -0.6612
vn -0.0213 -0.9006 -0.4341
vn 0.4819 0.2003 -0.8530
vn -0.2293 0.9494 0.2146
vn -0.7724 -0.1239 0.6229
vn 0.2498 0.8161 -0.5210
vn -0.7599 -0.2713 0.5907
vn -0.6948 0.5048 0.5123
vn -0.5607 -0.8223 0.0970
vn 0.1420 -0.9837 -0.1104
vn 0.7522 0.3037 -0.5848
vn 0.3575 -0.4230 -0.8326
vn -0.1328 0.9857 0.1033
vn 0.6871 -0.4926 -0.5341
vn 0.4271 0.8411 -0.3320
vn -0.6786 0.5110 0.5276
vn -0.4107 -0.8541 0.3193
vn -0.9690 -0.1978 0.1480
vn -0.6820 -0.6227 -0.3836
vn -0.5423 -0.0494 -0.8387
vn -0.9167 0.3913 -0.0810
vn -0.1567 -0.7014 -0.6954
vn 0.1711 -0.3175 -0.9327
vn 0.2103 0.0755 -0.9747
vn -0.1431 0.5341 -0.8332
vn -0.5210 0.8122 -0.2626
vn 0.5963 0.6554 -0.4635
vn -0.2064 -0.9652 0.1604
vn -0.3528 -0.9282 -0.1185
vn -0.4443 -0.7169 -0.5373
vn -0.2882 -0.1923 -0.9381
vn 0.0590 0.3089 -0.9493
vn 0.3876 0.5902 -0.7082
vn 0.2418 0.9519 -0.1880
vn 0.0879 0.9512 -0.2959
vn -0.3602 0.6963 -0.6208
vn -0.7969 0.1663 -0.5808
vn -0.8828 -0.4334 -0.1812
vn -0.7157 -0.6256 0.3104
vn -0.5851 -0.6714 0.4548
vn -0.0466 -0.8229 -0.5663
vn -0.1986 -0.7374 -0.6456
vn -0.2401 -0.2038 -0.9491
vn 0.6551 -0.5243 -0.5440
vn 0.3867 0.1777 -0.9049
vn 0.3394 0.2096 -0.9170
vn 0.0677 -0.6320 0.7720
vn 0.0555 -0.9735 -0.2220
vn 0.3479 -0.4512 -0.8218
vn 0.3015 0.1832 0.9357
vn 0.6373 0.3032 -0.7085
vn 0.6842 0.6813 0.2603
vn 0.4099 -0.4075 0.8160
vn 0.6285 -0.7536 0.1926
vn 0.8811 -0.4545 -0.1307
vn 0.5190 0.0590 0.8528
vn 0.9943 0.0214 -0.1049
vn 0.7755 0.3604 0.5183
vn 0.7246 0.6891 -0.0110
vn 0.1108 0.5062 -0.8553
vn -0.3011 -0.1809 -0.9363
vn -0.4748 -0.7810 -0.4058
vn 0.0444 -0.8464 0.5307
vn 0.6436 -0.0241 0.7650
vn -0.0522 0.6953 -0.7168
vn -0.2634 0.6032 -0.7528
vn -0.3620 0.4094 -0.8375
vn -0.3107 0.2776 -0.9091
vn -0.1631 0.2440 -0.9560
vn 0.0459 0.3458 -0.9372
vn 0.1467 0.5299 -0.8353
vn 0.0972 0.6541 -0.7501
vn 0.0007 0.8721 -0.4893
vn -0.4242 0.7014 -0.5728
vn -0.6132 0.3055 -0.7284
vn -0.4994 0.0201 -0.8661
vn -0.1899 -0.0467 -0.9807
vn 0.2269 0.1597 -0.9607
vn 0.4240 0.5199 -0.7416
vn 0.3174 0.7740 -0.5479
vn 0.0553 0.9949 -0.0847
vn -0.6253 0.7572 -0.1890
vn -0.8835 0.1284 -0.4505
vn -0.6668 -0.3192 -0.6734
vn -0.1782 -0.4583 -0.8707
vn 0.4910 -0.1715 -0.8541
vn 0.7605 0.4081 -0.5050
vn 0.5548 0.8082 -0.1974
vn 0.1136 0.8725 0.4753
vn -0.6989 0.5815 0.4165
vn -0.9884 -0.1447 0.0460
vn -0.7065 -0.6520 -0.2752
vn -0.1136 -0.8725 -0.4753
vn 0.6989 -0.5814 -0.4165
vn 0.9884 0.1447 -0.0460
vn 0.7065 0.6520 0.2752
vn 0.1932 0.6532 0.7321
vn -0.5932 0.3335 0.7327
vn -0.8861 -0.3431 0.3117
vn -0.6429 -0.7659 -0.0097
vn -0.1178 -0.9822 -0.1461
vn 0.6839 -0.7290 -0.0283
vn 0.9615 0.0140 0.2743
vn 0.7082 0.4812 0.5166
vn -0.1115 0.4866 -0.8665
vn -0.2295 -0.7244 -0.6501
vn 0.0049 0.5544 -0.8322
vn -0.6763 0.7089 -0.2002
vn -0.9210 -0.3891 -0.0165
vn -0.9687 0.2004 -0.1464
vn -0.7024 -0.4567 0.5460
vn -0.5699 -0.6877 -0.4499
vn 0.1205 -0.9883 -0.0936
vn -0.2839 -0.0824 -0.9553
vn 0.4544 0.8177 -0.3533
vn -0.3022 0.6909 -0.6567
vn -0.3921 0.8680 0.3048
vn 0.1944 0.9692 -0.1511
vn -0.7524 0.3029 0.5849
vn -0.1966 -0.9685 0.1528
vn -0.6140 -0.0009 -0.7893
vn -0.8415 0.3152 -0.4388
vn -0.5823 0.8115 0.0494
vn 0.0208 0.8781 0.4780
vn 0.6676 0.4566 0.5881
vn 0.9450 -0.1943 0.2630
vn 0.6993 -0.6714 -0.2455
vn 0.0861 -0.7550 -0.6501
vn -0.5771 -0.3559 -0.7351
vn -0.9281 0.2172 -0.3025
vn -0.6218 0.7686 0.1507
vn 0.0324 0.8699 0.4921
vn 0.6798 0.4956 0.5406
vn 0.9593 -0.1419 0.2443
vn 0.7082 -0.6743 -0.2093
vn 0.0718 -0.8271 -0.5575
vn -0.6337 -0.4787 -0.6077
vn -0.8527 0.3434 -0.3937
vn -0.6567 0.7357 0.1660
vn -0.0336 0.8782 0.4772
vn 0.6363 0.6718 0.3792
vn 0.9747 0.2170 -0.0531
vn 0.7735 -0.2126 -0.5971
vn 0.1455 -0.3244 -0.9346
vn -0.5200 -0.0832 -0.8501
vn -0.7211 0.5329 -0.4427
vn -0.4995 0.8663 0.0040
vn 0.0232 0.9636 0.2663
vn 0.6087 0.7564 0.2396
vn 0.9652 0.2547 -0.0602
vn 0.8101 -0.2258 -0.5411
vn 0.1352 -0.3230 -0.9367
vn -0.5088 0.0689 -0.8581
vn -0.6910 0.3563 -0.6290
vn -0.3381 0.9150 -0.2202
vn 0.2333 0.9209 0.3122
vn 0.6664 0.3877 0.6369
vn 0.7278 -0.3623 0.5823
vn 0.3756 -0.9109 0.1711
vn -0.1887 -0.9163 -0.3533
vn -0.6222 -0.3935 -0.6768
vn -0.0874 0.3470 -0.9338
vn 0.1543 0.7706 -0.6183
vn 0.6757 0.1428 -0.7232
vn 0.5804 0.7830 -0.2238
vn 0.9163 0.4002 0.0174
vn 0.9872 -0.1568 -0.0294
vn 0.7396 -0.5816 -0.3386
vn 0.3194 -0.5928 -0.7393
vn -0.0195 -0.2106 -0.9774
vn 0.7622 0.3812 0.5232
vn 0.2739 0.9050 0.3254
vn -0.3137 0.9467 -0.0726
vn -0.7117 0.5265 -0.4651
vn -0.7139 -0.1336 -0.6873
vn -0.3133 -0.7309 -0.6063
vn 0.3167 -0.9295 -0.1891
vn 0.8407 -0.4216 0.3398
vn 0.6863 0.2966 0.6641
vn 0.3234 0.8877 0.3277
vn -0.2548 0.9441 -0.2090
vn -0.6779 0.4247 -0.6001
vn -0.7052 -0.3301 -0.6275
vn -0.3335 -0.8968 -0.2908
vn 0.2283 -0.9470 0.2260
vn 0.6445 -0.4499 0.6182
vn 0.6795 0.4968 0.5400
vn -0.0554 0.8109 0.5826
vn -0.7334 0.6278 0.2610
vn -0.9693 0.0894 -0.2291
vn -0.6319 -0.4778 -0.6103
vn 0.0691 -0.7532 -0.6541
vn 0.7177 -0.6073 -0.3407
vn 0.9829 -0.1148 0.1437
vn 0.1579 -0.5602 -0.8131
vn 0.0703 0.6248 -0.7776
vn -0.2405 -0.7325 -0.6369
vn 0.6372 -0.6453 -0.4213
vn 0.1280 0.0462 -0.9907
vn 0.5157 0.7597 -0.3961
vn -0.3804 0.7201 -0.5803
vn 0.7946 0.0755 -0.6024
vn 0.0091 1.0000 0.0007
vn 0.2494 -0.9636 -0.0960
vn -0.4954 -0.0104 -0.8686
vn -0.5653 0.7467 -0.3505
vn -0.2552 0.9476 0.1923
vn -0.9534 0.2921 0.0751
vn -0.7506 0.3319 0.5714
vn -0.7292 -0.4252 0.5361
vn -0.9382 -0.3106 -0.1528
vn -0.5218 -0.8107 -0.2656
vn -0.2450 -0.9438 0.2217
vn 0.4879 -0.8304 -0.2692
vn 0.0473 -0.6520 -0.7568
vn -0.4330 0.0553 -0.8997
vn -0.0949 0.9929 0.0724
vn 0.5978 -0.7213 -0.3499
vn 0.2225 -0.4914 -0.8420
vn -0.2769 0.1838 -0.9432
vn -0.3278 0.8156 -0.4769
vn -0.3837 0.8727 0.3019
vn 0.0740 -0.9970 -0.0212
vn -0.3381 -0.7615 -0.5529
vn -0.6894 -0.0381 -0.7233
vn -0.7112 0.6490 -0.2704
vn -0.3133 0.9144 0.2564
vn -0.0051 -0.9972 0.0742
vn -0.4363 -0.8014 -0.4091
vn -0.7262 -0.0884 -0.6818
vn -0.6758 0.6557 -0.3367
vn -0.5719 0.6446 0.5073
vn -0.4989 0.1099 0.8596
vn -0.0239 -0.3315 0.9432
vn 0.5817 -0.4148 0.6997
vn 0.9601 -0.0878 0.2654
vn 0.8817 0.4629 -0.0915
vn 0.4035 0.8987 -0.1719
vn -0.2109 0.9752 0.0669
vn -0.9360 0.2971 0.1889
vn -0.8602 -0.4450 0.2490
vn -0.3871 -0.9021 0.1909
vn 0.2150 -0.9748 -0.0599
vn 0.6773 -0.6224 -0.3922
vn 0.8205 0.0945 -0.5638
vn 0.3696 0.8257 -0.4261
vn -0.3950 0.9184 -0.0224
vn 0.3727 0.5505 0.7470
vn -0.7566 0.4787 0.4454
vn -0.9074 -0.3348 0.2541
vn -0.4680 -0.8816 -0.0610
vn 0.1637 -0.9370 -0.3086
vn 0.7879 -0.4691 -0.3989
vn 0.9147 0.3630 -0.1777
vn 0.4563 0.8773 0.1488
vn -0.1685 0.9118 0.3744
vn -0.8922 0.4320 0.1319
vn -0.9328 -0.3413 0.1159
vn -0.4381 -0.8897 -0.1287
vn 0.2021 -0.8842 -0.4211
vn 0.7240 -0.4332 -0.5368
vn 0.8537 0.3383 -0.3960
vn 0.3419 0.9112 -0.2299
vn -0.3694 0.9287 -0.0329
vn -0.8655 0.0920 -0.4923
vn -0.9130 -0.4038 -0.0588
vn -0.5192 -0.7957 0.3119
vn 0.3105 -0.9064 0.2865
vn 0.9837 -0.1263 -0.1278
vn 0.7641 0.4459 -0.4663
vn 0.2166 0.6575 -0.7216
vn -0.4260 0.5141 -0.7445
vn -0.4986 -0.4729 -0.7265
vn -0.6227 -0.7810 -0.0485
vn -0.2923 -0.7128 0.6375
vn 0.2674 -0.3381 0.9023
vn 0.7630 0.1074 0.6375
vn 0.9128 0.4044 -0.0570
vn 0.5627 0.3506 -0.7487
vn -0.0189 -0.0114 -0.9998
vn -0.4469 -0.6500 -0.6146
vn -0.5867 -0.8076 0.0608
vn -0.2744 -0.5523 0.7872
vn 0.2825 -0.1153 0.9523
vn 0.7956 0.3167 0.5165
vn 0.8638 0.4058 -0.2986
vn 0.4477 0.0909 -0.8896
vn -0.0896 -0.3335 -0.9385
vn -0.8544 -0.3086 0.4180
vn -0.3111 -0.4519 0.8361
vn -0.0184 -0.7656 0.6431
vn 0.4346 -0.6454 0.6282
vn 0.9887 -0.1073 0.1045
vn 0.6611 0.1136 -0.7416
vn 0.0691 0.3845 -0.9205
vn -0.5495 0.4732 -0.6885
vn -0.7416 0.4295 0.5154
vn -0.7847 -0.1855 0.5915
vn -0.9775 -0.0703 -0.1988
vn -0.7156 -0.6602 0.2282
vn -0.5974 -0.7428 -0.3022
vn -0.4943 -0.4272 -0.7571
vn -0.4580 0.1822 -0.8701
vn -0.5143 0.6893 -0.5102
vn -0.6274 0.7767 0.0566
vn -0.2009 -0.2733 0.9407
vn -0.1586 0.5361 0.8291
vn -0.0320 0.9684 0.2475
vn 0.0550 0.8666 -0.4959
vn 0.1452 0.0421 -0.9885
vn 0.1800 -0.6903 -0.7007
vn 0.0955 -0.9579 -0.2708
vn -0.0761 -0.9021 0.4248
vn -0.7035 -0.2620 -0.6606
vn -0.2101 0.1509 -0.9660
vn 0.4151 0.4786 -0.7737
vn 0.8466 0.5282 -0.0655
vn 0.7033 0.2299 0.6727
vn 0.1978 -0.1746 0.9646
vn -0.4008 -0.5111 0.7604
vn -0.8195 -0.5682 0.0745
vn -0.3292 0.7510 0.5724
vn -0.1610 0.2475 0.9554
vn 0.2948 -0.2245 0.9288
vn 0.7707 -0.3874 0.5059
vn 0.9874 -0.1431 -0.0670
vn 0.8118 0.3748 -0.4478
vn 0.3458 0.8436 -0.4108
vn -0.1249 0.9921 0.0115
vn -0.6347 0.4401 0.6352
vn -0.7406 -0.3734 0.5586
vn -0.3864 -0.8501 0.3578
vn 0.0621 -0.9957 -0.0687
vn 0.3809 -0.7343 -0.5618
vn 0.6299 -0.0302 -0.7761
vn 0.4393 0.7636 -0.4732
vn -0.1173 0.9853 0.1244
vn 0.6382 0.5905 0.4939
vn -0.1789 0.5200 0.8352
vn -0.7335 -0.2177 0.6439
vn -0.6538 -0.7564 0.0215
vn -0.2867 -0.8502 -0.4415
vn 0.3269 -0.5194 -0.7895
vn 0.7841 0.2536 -0.5664
vn 0.6883 0.7226 0.0639
vn 0.3897 0.7840 0.4832
vn -0.5236 0.5278 0.6688
vn -0.7430 -0.2096 0.6357
vn -0.6465 -0.7574 0.0913
vn -0.2907 -0.8465 -0.4460
vn 0.3219 -0.4272 -0.8449
vn 0.5072 0.4072 -0.7595
vn 0.1488 0.9045 -0.3998
vn -0.2637 0.9472 0.1822
vn -0.9544 0.0615 0.2921
vn -0.6583 -0.3923 0.6424
vn -0.1100 -0.8000 0.5898
vn 0.6865 -0.7268 -0.0216
vn 0.7449 -0.1338 -0.6537
vn 0.1963 0.2885 -0.9371
vn -0.4520 0.4614 -0.7634
vn -0.8817 0.3849 -0.2730
vn -0.8067 -0.5205 -0.2800
vn -0.5886 -0.6906 0.4204
vn 0.0369 -0.5468 0.8365
vn 0.6691 -0.2037 0.7148
vn 0.9791 0.1105 0.1706
vn 0.8021 0.2433 -0.5454
vn 0.1507 0.1316 -0.9798
vn -0.5121 -0.1734 -0.8412
vn -0.6896 -0.4442 -0.5719
vn -0.6513 -0.7461 0.1384
vn -0.1349 -0.6913 0.7099
vn 0.5283 -0.3128 0.7893
vn 0.9270 0.1441 0.3462
vn 0.8569 0.4068 -0.3166
vn 0.4018 0.3606 -0.8418
vn -0.2300 0.0259 -0.9729
vn -0.6646 0.5158 -0.5406
vn -0.9774 -0.1807 0.1094
vn -0.3813 -0.6335 0.6733
vn 0.3452 -0.5089 0.7886
vn 0.8737 -0.1742 0.4542
vn 0.9864 -0.1021 -0.1287
vn 0.7404 0.1681 -0.6508
vn 0.0950 0.6243 -0.7754
vn -0.4552 0.2569 -0.8525
vn -0.7370 -0.2518 -0.6272
vn 0.1703 -0.4974 -0.8507
vn -0.5208 -0.7816 -0.3433
vn 0.0227 -0.9772 -0.2112
vn 0.5354 -0.7947 -0.2861
vn 0.7933 -0.3362 -0.5076
vn 0.6214 0.1878 -0.7607
vn 0.1003 0.4309 -0.8968
vn -0.9736 0.2185 0.0663
vn -0.5824 0.7789 -0.2325
vn 0.0352 0.9117 -0.4093
vn 0.7515 0.4537 -0.4790
vn 0.9013 -0.4280 -0.0669
vn 0.5568 -0.7756 0.2975
vn 0.0268 -0.8829 0.4688
vn -0.7268 -0.5519 0.4089
vn -0.9644 -0.2408 0.1090
vn -0.8320 -0.0300 -0.5540
vn -0.2540 0.1719 -0.9518
vn 0.5257 0.2774 -0.8042
vn 0.9655 0.2124 -0.1509
vn 0.8416 -0.0017 0.5400
vn 0.2551 -0.2568 0.9322
vn -0.5368 -0.3612 0.7625
vn -0.7238 0.6872 -0.0625
vn -0.9756 -0.0253 0.2183
vn -0.7956 -0.5627 0.2245
vn 0.5346 -0.7056 0.4650
vn 0.7999 -0.5482 0.2441
vn 0.9503 -0.3112 -0.0126
vn 0.1299 0.9232 -0.3616
vn -0.1917 0.9258 -0.3259
vn -0.8934 0.2150 -0.3944
vn -0.8657 -0.4914 -0.0949
vn -0.7462 -0.6575 0.1046
vn 0.5407 -0.7754 0.3262
vn 0.7543 -0.6309 0.1815
vn 0.9854 -0.1428 0.0923
vn 0.1079 0.8324 -0.5436
vn -0.3022 0.8052 -0.5102
vn -0.0214 0.7788 0.6269
vn -0.8535 0.5146 -0.0821
vn -0.9205 -0.3799 -0.0917
vn -0.6343 -0.7702 -0.0666
vn 0.5610 -0.8210 0.1062
vn 0.8826 -0.4400 0.1656
vn 0.9849 0.0129 0.1729
vn -0.0178 0.9996 0.0208
vn -0.3059 0.9519 -0.0200
vn -0.8753 0.3295 -0.3540
vn -0.9133 -0.3946 -0.1009
vn -0.6314 -0.7743 0.0420
vn 0.6486 -0.7352 0.1971
vn 0.9168 -0.3650 0.1623
vn 0.9976 -0.0572 0.0389
vn -0.0105 0.9055 -0.4243
vn -0.3555 0.8030 -0.4784
vn -0.7072 -0.2195 -0.6721
vn -0.8084 -0.5756 -0.1228
vn -0.7262 -0.5244 0.4446
vn 0.6976 -0.1760 0.6946
vn 0.9178 0.2117 0.3357
vn 0.9668 0.2420 0.0816
vn 0.1356 0.2076 -0.9688
vn -0.2318 0.1375 -0.9630
vn -0.4050 -0.7889 -0.4621
vn -0.6338 -0.7306 0.2541
vn -0.5942 -0.5406 0.5955
vn 0.3977 0.3496 0.8483
vn 0.6538 0.4383 0.6168
vn 0.8420 0.4651 0.2734
vn 0.4246 -0.2327 -0.8750
vn 0.1283 -0.4907 -0.8618
vn -0.2760 -0.8106 -0.5165
vn -0.5457 -0.8307 0.1102
vn -0.5646 -0.6678 0.4850
vn 0.3198 0.3985 0.8596
vn 0.5951 0.5196 0.6131
vn 0.7839 0.5592 0.2696
vn 0.4873 -0.1357 -0.8626
vn 0.2297 -0.4452 -0.8655
vn -0.7903 0.1154 -0.6017
vn -0.9313 -0.1386 0.3369
vn -0.7903 -0.4408 0.4255
vn 0.3659 -0.1640 0.9161
vn 0.7420 0.0052 0.6704
vn 0.9069 -0.3081 0.2874
vn 0.4310 0.3257 -0.8416
vn 0.3021 0.3581 -0.8835
vn -0.4572 0.2799 -0.8441
vn -0.7114 -0.2432 -0.6594
vn -0.0511 -0.4482 -0.8925
vn -0.6695 -0.5231 -0.5274
vn 0.1856 -0.9685 -0.1661
vn 0.5059 -0.8081 -0.3018
vn 0.8124 -0.2667 -0.5186
vn 0.6091 0.2735 -0.7445
vn 0.1006 0.4826 -0.8701
vn -0.9691 0.2397 0.0579
vn -0.6210 0.7592 -0.1948
vn 0.0198 0.9429 -0.3324
vn 0.6273 0.7018 -0.3377
vn 0.8986 -0.3749 0.2280
vn 0.4641 -0.8249 0.3229
vn 0.2935 -0.8844 0.3630
vn -0.9697 -0.0251 0.2429
vn -0.5552 -0.6187 -0.5558
vn -0.0337 -0.3652 -0.9303
vn 0.2543 -0.1796 -0.9503
vn 0.7496 0.6170 0.2396
vn 0.5709 0.6099 0.5496
vn 0.2917 0.5245 0.7999
vn -0.7147 -0.3387 0.6120
vn -0.8125 -0.5416 0.2157
vn -0.0391 0.7869 0.6158
vn -0.1495 0.2836 0.9472
vn -0.1679 0.2722 0.9475
vn -0.0642 0.7971 0.6004
vn 0.4518 0.8562 0.2504
vn 0.7270 0.6831 -0.0705
vn -0.1264 -0.9439 0.3051
vn -0.1258 -0.9450 0.3018
vn 0.8399 0.3820 -0.3854
vn 0.7661 0.6223 -0.1607
vn -0.0524 0.7924 0.6078
vn -0.0265 -0.9988 0.0421
vn -0.0281 -0.9988 0.0390
vn 0.5757 0.8099 0.1121
vn 0.5893 0.8027 0.0920
vn 0.0372 -0.9815 0.1878
vn 0.0416 -0.9791 0.1993
vn 0.6849 0.7028 -0.1923
vn 0.6994 0.6582 -0.2784
vn -0.0368 -0.6783 0.7338
vn -0.1179 -0.3426 0.9321
vn 0.7000 0.4142 -0.5818
vn 0.7012 0.4401 -0.5608
vn -0.1652 -0.0679 0.9839
vn -0.1723 -0.0538 0.9836
vn 0.8565 0.2204 -0.4667
vn 0.8595 0.2190 -0.4618
vn -0.2431 -0.1396 0.9599
vn -0.2330 -0.1468 0.9613
vn 0.8255 0.3966 -0.4016
vn 0.8388 0.3708 -0.3985
vn -0.3167 -0.5198 0.7934
vn -0.3644 -0.3488 0.8634
vn 0.8124 0.3503 -0.4662
vn 0.8734 0.0086 -0.4869
vn -0.0510 -0.4482 -0.8925
vn -0.3596 -0.8836 -0.2998
vn -0.3345 -0.8613 -0.3824
vn 0.8033 -0.4107 -0.4313
vn -0.2992 -0.8733 0.3844
vn -0.3320 -0.8775 0.3460
vn 0.7448 0.3071 -0.5923
vn 0.7594 0.2922 -0.5813
vn -0.2341 0.1767 0.9560
vn -0.2254 0.1972 0.9541
vn 0.7886 -0.6010 0.1303
vn 0.7980 0.5912 0.1172
vn -0.0816 0.6541 0.7520
vn 0.0788 -0.6902 0.7193
vn -0.0920 -0.0026 0.9958
vn 0.3611 -0.7057 0.6096
vn 0.9931 -0.0069 0.1169
vn 0.2856 0.7264 0.6251
vn 0.4599 0.0325 0.8874
vn 0.5725 -0.6980 0.4302
vn 0.7965 -0.0027 0.6046
vn 0.5764 0.7033 0.4160
vn 0.4154 -0.9006 0.1277
vn 0.9455 0.2003 -0.2567
vn -0.2645 0.9494 0.1693
vn -0.7942 -0.1239 0.5949
vn 0.5666 0.8161 -0.1136
vn -0.6678 0.5048 0.5470
vn -0.2323 -0.8223 0.5194
vn 0.8951 -0.4230 -0.1411
vn -0.3824 -0.1978 0.9026
vn 0.2036 -0.6227 0.7555
vn 0.6790 -0.0494 0.7324
vn -0.1476 0.3913 0.9084
vn 0.6353 -0.7014 0.3234
vn 0.9461 -0.3175 0.0643
vn 0.9965 0.0755 0.0366
vn 0.7722 0.5341 0.3442
vn 0.1260 0.8122 0.5696
vn 0.0279 -0.9282 0.3711
vn 0.4111 -0.7169 0.5631
vn 0.8380 -0.1923 0.5106
vn 0.9345 0.3089 0.1770
vn 0.7819 0.5902 -0.2009
vn 0.3084 0.9512 -0.0122
vn 0.5128 0.6963 0.5022
vn 0.3663 0.1663 0.9155
vn -0.0422 -0.4334 0.9002
vn -0.4774 -0.6256 0.6170
vn 0.5373 -0.8229 0.1849
vn 0.5766 -0.7374 0.3517
vn 0.8606 -0.2038 0.4668
vn 0.6887 -0.5243 -0.5008
vn 0.9723 0.1777 -0.1515
vn 0.9724 0.2096 -0.1028
vn -0.7314 -0.6320 -0.2560
vn 0.2288 -0.9735 0.0010
vn 0.8822 -0.4512 -0.1344
vn -0.8324 0.1832 -0.5230
vn 0.8438 0.3032 -0.4429
vn -0.0835 0.6813 -0.7272
vn -0.6897 -0.4076 -0.5985
vn -0.0317 -0.7536 -0.6565
vn 0.3440 -0.4545 -0.8217
vn -0.6984 0.0590 -0.7133
vn 0.3469 0.0214 -0.9377
vn -0.3111 0.3604 -0.8794
vn 0.1893 0.6891 -0.6995
vn 0.8562 0.5062 0.1036
vn 0.8331 -0.1809 0.5227
vn 0.2761 -0.7810 0.5602
vn -0.5033 -0.8464 -0.1739
vn -0.5826 -0.0241 -0.8124
vn 0.6818 0.6953 0.2274
vn 0.6646 0.6032 0.4410
vn 0.7223 0.4095 0.5573
vn 0.8043 0.2776 0.5253
vn 0.8862 0.2440 0.3938
vn 0.9195 0.3458 0.1867
vn 0.8457 0.5299 0.0639
vn 0.7509 0.6541 0.0909
vn 0.4743 0.8721 0.1200
vn 0.4504 0.7014 0.5524
vn 0.5547 0.3055 0.7739
vn 0.7162 0.0200 0.6976
vn 0.9036 -0.0467 0.4259
vn 0.9870 0.1597 0.0171
vn 0.8232 0.5199 -0.2280
vn 0.6093 0.7740 -0.1725
vn 0.0958 0.9949 -0.0326
vn 0.0289 0.7572 0.6525
vn 0.2186 0.1284 0.9673
vn 0.4881 -0.3193 0.8123
vn 0.7999 -0.4583 0.3875
vn 0.9488 -0.1715 -0.2652
vn 0.6770 0.4081 -0.6125
vn 0.3282 0.8083 -0.4889
vn -0.4326 0.8725 -0.2273
vn -0.5760 0.5815 0.5746
vn -0.2883 -0.1447 0.9465
vn 0.0925 -0.6521 0.7525
vn 0.4326 -0.8725 0.2273
vn 0.5760 -0.5814 -0.5746
vn 0.2884 0.1447 -0.9465
vn -0.0925 0.6520 -0.7525
vn -0.6619 0.6531 -0.3679
vn -0.8564 0.3334 0.3942
vn -0.5206 -0.3431 0.7819
vn -0.1492 -0.7659 0.6255
vn 0.1126 -0.9822 0.1502
vn 0.1961 -0.7290 -0.6558
vn -0.0287 0.0140 -0.9995
vn -0.3260 0.4812 -0.8137
vn 0.8122 0.4866 0.3218
vn 0.5734 -0.7244 0.3828
vn 0.8077 0.5544 0.2005
vn 0.0272 0.7089 0.7048
vn -0.2112 -0.3891 0.8966
vn -0.0970 0.2004 0.9749
vn 0.2954 -0.6876 0.6632
vn 0.8558 -0.0824 0.5108
vn 0.5619 0.6909 0.4548
vn 0.6135 -0.0010 0.7897
vn 0.2176 0.3152 0.9237
vn -0.1915 0.8115 0.5521
vn -0.4581 0.8781 -0.1381
vn -0.4053 0.4566 -0.7920
vn -0.0218 -0.1943 -0.9807
vn 0.4104 -0.6714 -0.6171
vn 0.6512 -0.7550 0.0769
vn 0.5700 -0.3559 0.7405
vn 0.0642 0.2172 0.9740
vn -0.2994 0.7685 0.5654
vn -0.4689 0.8699 -0.1528
vn -0.3562 0.4956 -0.7922
vn -0.0001 -0.1419 -0.9899
vn 0.3775 -0.6743 -0.6347
vn 0.5580 -0.8271 0.0679
vn 0.4326 -0.4787 0.7641
vn 0.1712 0.3434 0.9235
vn -0.3228 0.7356 0.5955
vn -0.4707 0.8782 -0.0852
vn -0.2105 0.6717 -0.7102
vn 0.2918 0.2169 -0.9315
vn 0.7694 -0.2126 -0.6024
vn 0.9417 -0.3244 0.0895
vn 0.6956 -0.0832 0.7136
vn 0.2512 0.5328 0.8081
vn -0.1271 0.8663 0.4831
vn -0.2523 0.9636 -0.0882
vn -0.0821 0.7564 -0.6489
vn 0.2964 0.2547 -0.9205
vn 0.7241 -0.2259 -0.6516
vn 0.9411 -0.3230 0.1001
vn 0.7061 0.0689 0.7048
vn 0.4391 0.3563 0.8248
vn 0.1300 0.9150 0.3820
vn -0.2450 0.9209 -0.3031
vn -0.4528 0.3877 -0.8029
vn -0.3848 -0.3623 -0.8489
vn -0.0731 -0.9109 -0.4062
vn 0.2958 -0.9163 0.2700
vn 0.5024 -0.3935 0.7699
vn 0.8833 0.3471 0.3150
vn 0.6373 0.7706 0.0030
vn 0.8676 0.1428 -0.4764
vn 0.3600 0.7830 -0.5073
vn 0.2091 0.4002 -0.8923
vn 0.2720 -0.1568 -0.9494
vn 0.5105 -0.5816 -0.6333
vn 0.7952 -0.5928 -0.1272
vn 0.9424 -0.2106 0.2599
vn -0.3190 0.3813 -0.8677
vn -0.2477 0.9050 -0.3457
vn -0.0070 0.9467 0.3219
vn 0.2752 0.5264 0.8044
vn 0.4900 -0.1336 0.8614
vn 0.5103 -0.7309 0.4532
vn 0.2613 -0.9295 -0.2603
vn -0.1219 -0.4215 -0.8986
vn -0.4743 0.2967 -0.8289
vn -0.2378 0.8877 -0.3942
vn 0.1397 0.9441 0.2985
vn 0.4143 0.4247 0.8050
vn 0.4342 -0.3301 0.8382
vn 0.1996 -0.8967 0.3950
vn -0.1627 -0.9470 -0.2770
vn -0.4402 -0.4499 -0.7771
vn -0.3557 0.4967 -0.7917
vn -0.5782 0.8109 -0.0901
vn -0.4338 0.6278 0.6464
vn -0.0171 0.0894 0.9959
vn 0.4356 -0.4777 0.7629
vn 0.6510 -0.7532 0.0944
vn 0.5072 -0.6073 -0.6115
vn 0.1032 -0.1148 -0.9880
vn 0.8622 -0.4916 0.1222
vn 0.7672 0.6272 0.1344
vn 0.6277 -0.5552 0.5457
vn 0.9827 0.1043 0.1534
vn 0.4454 0.7167 0.5367
vn 0.6684 0.1042 0.7365
vn 0.2279 0.6945 0.6824
vn -0.3251 0.2792 0.9035
vn -0.1254 -0.3511 0.9279
vn 0.0970 -0.8031 0.5879
vn 0.7085 -0.6457 0.2848
vn 0.5905 -0.0785 0.8032
vn 0.8284 -0.5105 0.2305
vn 0.7609 0.0070 0.6488
vn 0.4095 0.7218 0.5579
vn 0.4205 -0.7353 0.5315
vn 0.5217 -0.0503 0.8516
vn 0.1324 0.6200 0.7734
vn 0.3330 -0.6859 0.6471
vn 0.4326 0.0125 0.9015
vn 0.1535 0.6424 0.7508
vn -0.4841 0.8655 0.1287
vn -0.8638 0.4599 -0.2058
vn -0.7579 -0.0129 -0.6522
vn -0.2225 -0.2745 -0.9355
vn 0.4195 -0.1682 -0.8920
vn 0.8000 0.2271 -0.5554
vn 0.7181 0.6895 -0.0942
vn 0.1668 0.9675 0.1903
vn -0.5637 0.6416 0.5202
vn -0.9479 -0.0380 0.3163
vn -0.7672 -0.6414 0.0023
vn -0.2197 -0.9458 -0.2392
vn 0.4460 -0.8550 -0.2645
vn 0.9215 -0.3794 -0.0828
vn 0.9104 0.3883 0.1427
vn 0.3069 0.8532 0.4218
vn -0.0478 0.6831 -0.7288
vn -0.4147 0.8979 0.1474
vn -0.9411 0.2596 0.2167
vn -0.8439 -0.5211 0.1277
vn -0.3011 -0.9524 -0.0469
vn 0.4314 -0.8766 -0.2134
vn 0.9406 -0.2065 -0.2694
vn 0.8281 0.5326 -0.1749
vn 0.3141 0.9493 -0.0164
vn -0.3775 0.8769 0.2977
vn -0.9159 0.2984 0.2686
vn -0.8826 -0.4516 0.1307
vn -0.3467 -0.9374 -0.0315
vn 0.4183 -0.8999 -0.1234
vn 0.9397 -0.3348 -0.0696
vn 0.9143 0.3971 0.0797
vn 0.3821 0.8974 0.2207
vn -0.2553 0.8164 0.5180
vn -0.8449 0.4649 0.2647
vn -0.9599 -0.2283 -0.1628
vn -0.4387 -0.8007 -0.4080
vn 0.3532 -0.8852 -0.3027
vn 0.9068 -0.4132 0.0832
vn 0.8767 0.2524 0.4095
vn 0.4134 0.7262 0.5492
vn -0.3249 0.5905 0.7388
vn -0.9014 0.2538 0.3509
vn -0.9361 -0.3078 -0.1703
vn -0.4619 -0.7450 -0.4812
vn 0.2272 -0.8738 -0.4299
vn 0.8018 -0.5968 -0.0294
vn 0.8785 -0.0191 0.4774
vn 0.4102 0.4763 0.7777
vn -0.2768 0.6325 0.7234
vn -0.8119 0.3890 0.4353
vn -0.9836 -0.1743 -0.0464
vn -0.4808 -0.7610 -0.4356
vn 0.2820 -0.8851 -0.3702
vn 0.7910 -0.6102 -0.0453
vn 0.9209 -0.1044 0.3756
vn 0.4778 0.4683 0.7432
vn -0.1824 0.6221 0.7614
vn -0.5828 -0.0464 0.8113
vn -0.8963 -0.3907 0.2097
vn -0.4871 -0.8091 -0.3287
vn 0.0210 -0.7708 -0.6367
vn 0.5844 -0.5448 -0.6015
vn 0.9096 0.2790 -0.3078
vn 0.2423 0.8673 0.4349
vn 0.5569 0.4294 0.7110
vn 0.5756 -0.1856 0.7964
vn 0.9927 -0.0703 0.0980
vn 0.6166 -0.6602 0.4289
vn 0.6599 -0.7428 -0.1129
vn 0.6954 -0.4272 -0.5779
vn 0.6940 0.1822 -0.6966
vn 0.6418 0.6893 -0.3361
vn 0.5829 0.7767 0.2388
vn -0.0799 -0.2761 0.9578
vn -0.0779 0.5603 0.8246
vn -0.0420 0.9685 0.2455
vn 0.0907 0.8604 -0.5015
vn 0.1634 0.0695 -0.9841
vn 0.0828 -0.6503 -0.7551
vn -0.0052 -0.9849 -0.1729
vn -0.0714 -0.8791 0.4713
vn -0.3047 0.7243 0.6185
vn 0.3895 0.5900 0.7072
vn 0.8896 0.1294 0.4381
vn 0.8721 -0.4701 -0.1359
vn 0.2761 -0.7412 -0.6119
vn -0.4123 -0.5892 -0.6949
vn -0.9007 -0.1498 -0.4078
vn -0.8902 0.4289 0.1535
vn -0.4971 0.8257 -0.2666
vn -0.6192 0.3495 -0.7032
vn -0.2748 -0.1542 -0.9491
vn 0.3319 -0.3890 -0.8594
vn 0.8437 -0.2164 -0.4913
vn 0.9693 0.2415 -0.0466
vn 0.6259 0.7471 0.2237
vn 0.0162 0.9947 0.1016
vn -0.7223 0.6736 -0.1566
vn -0.9757 -0.1510 -0.1589
vn -0.6743 -0.7106 -0.2009
vn -0.1163 -0.9893 -0.0882
vn 0.4616 -0.8674 0.1857
vn 0.8869 -0.2843 0.3641
vn 0.7977 0.5292 0.2893
vn 0.1250 0.9802 0.1537
vn 0.3439 0.5925 -0.7284
vn -0.2351 0.8137 -0.5316
vn -0.9293 0.2015 -0.3094
vn -0.8359 -0.5402 0.0969
vn -0.3719 -0.8732 0.3149
vn 0.3710 -0.8263 0.4238
vn 0.9493 -0.1906 0.2501
vn 0.8700 0.4732 -0.1381
vn 0.4648 0.7907 -0.3984
vn -0.3554 0.9260 -0.1272
vn -0.9080 0.3248 -0.2647
vn -0.8869 -0.4618 0.0093
vn -0.4412 -0.8553 0.2715
vn 0.2902 -0.8406 0.4573
vn 0.8732 -0.2504 0.4182
vn 0.8217 0.4494 0.3506
vn 0.3308 0.9267 0.1781
vn -0.5085 0.6908 0.5141
vn -0.8786 0.4763 -0.0345
vn -0.8412 -0.0444 -0.5388
vn -0.3069 -0.6936 -0.6517
vn 0.4777 -0.8609 -0.1752
vn 0.7620 -0.4770 0.4380
vn 0.5629 0.0470 0.8252
vn 0.0681 0.5195 0.8518
vn -0.5231 0.0418 0.8512
vn -0.9069 0.3303 0.2615
vn -0.8041 0.3109 -0.5068
vn -0.3084 0.0116 -0.9512
vn 0.2593 -0.4006 -0.8788
vn 0.6194 -0.7217 -0.3089
vn 0.5355 -0.7078 0.4607
vn 0.0637 -0.3771 0.9240
vn -0.5119 0.0730 0.8559
vn -0.8923 0.3517 0.2830
vn -0.8467 0.3428 -0.4070
vn -0.4043 0.0446 -0.9135
vn 0.2293 -0.4034 -0.8858
vn 0.6298 -0.7015 -0.3335
vn 0.5997 -0.6965 0.3940
vn 0.1345 -0.3803 0.9150
vn -0.5677 0.7130 0.4115
vn -0.9133 0.3832 -0.1376
vn -0.7593 -0.0870 -0.6449
vn -0.2694 -0.2361 -0.9336
vn 0.3888 -0.6079 -0.6923
vn 0.7499 -0.6548 -0.0947
vn 0.7106 -0.3783 0.5932
vn 0.1114 0.4382 0.8920
vn -0.6258 0.2570 0.7364
vn -0.8534 -0.2517 0.4564
vn -0.0142 -0.4973 0.8675
vn -0.5818 -0.7816 0.2249
vn -0.0226 -0.9772 0.2112
vn 0.4625 -0.7947 0.3932
vn 0.6674 -0.3362 0.6645
vn 0.4457 0.1878 0.8752
vn -0.0924 0.4309 0.8977
vn -0.9378 0.2294 -0.2606
vn -0.6185 0.7789 0.1035
vn -0.0449 0.9106 0.4108
vn 0.6511 0.4333 0.6231
vn 0.8552 -0.4448 0.2662
vn 0.5097 -0.8345 -0.2093
vn -0.0270 -0.8718 -0.4891
vn -0.6718 -0.5113 -0.5360
vn -0.5679 0.3918 0.7239
vn -0.0205 0.0330 0.9992
vn 0.5287 -0.3727 0.7626
vn 0.8055 -0.5912 0.0421
vn 0.5701 -0.4276 -0.7016
vn 0.0151 -0.0648 -0.9978
vn -0.5759 0.3101 -0.7564
vn -0.8501 0.5264 -0.0137
vn -0.8451 0.5336 -0.0344
vn -0.9223 -0.1720 0.3461
vn -0.5860 -0.5606 0.5851
vn 0.5334 -0.8390 -0.1077
vn 0.7896 -0.5830 -0.1914
vn 0.9387 -0.2380 -0.2495
vn -0.0240 0.9538 -0.2996
vn -0.3799 0.8763 -0.2964
vn -0.6578 0.6085 0.4439
vn -0.8209 -0.2073 0.5320
vn -0.6816 -0.5437 0.4897
vn 0.4718 -0.8805 -0.0465
vn 0.7603 -0.6308 -0.1552
vn 0.9307 -0.2771 -0.2390
vn 0.2703 0.9627 0.0152
vn -0.0355 0.9746 0.2212
vn -0.4569 0.1275 -0.8804
vn -0.6275 0.7770 0.0500
vn -0.9788 0.0071 0.2049
vn -0.8477 -0.4587 0.2665
vn 0.3368 -0.9415 -0.0124
vn 0.6816 -0.7164 -0.1487
vn 0.9031 -0.3657 -0.2251
vn 0.3654 0.9154 -0.1688
vn 0.0701 0.9918 -0.1066
vn -0.5257 0.7936 0.3064
vn -0.9657 0.0920 0.2427
vn -0.9168 -0.3594 0.1742
vn 0.2191 -0.9736 -0.0640
vn 0.6316 -0.7685 -0.1023
vn 0.8559 -0.5131 -0.0648
vn 0.5058 0.8568 0.1001
vn 0.1936 0.9650 0.1772
vn -0.4368 0.6326 0.6396
vn -0.9196 0.1351 0.3690
vn -0.9754 -0.2132 -0.0559
vn 0.1707 -0.7984 -0.5774
vn 0.5800 -0.6811 -0.4468
vn 0.8350 -0.5234 -0.1698
vn 0.5308 0.6283 0.5688
vn 0.2206 0.7327 0.6438
vn -0.4904 0.3203 0.8105
vn -0.9473 -0.0524 0.3160
vn -0.9716 -0.2364 -0.0135
vn 0.1108 -0.7202 -0.6849
vn 0.4421 -0.6781 -0.5871
vn 0.7504 -0.5489 -0.3683
vn 0.5775 0.3141 0.7535
vn 0.2553 0.3906 0.8845
vn -0.3497 0.4435 0.8252
vn -0.8967 0.0776 0.4357
vn -0.9797 -0.1712 0.1043
vn 0.0433 -0.7831 -0.6204
vn 0.4020 -0.7331 -0.5486
vn 0.6978 -0.5985 -0.3936
vn 0.7150 0.3335 0.6144
vn 0.3820 0.4559 0.8039
vn -0.2730 0.7592 0.5908
vn -0.8675 0.1957 0.4573
vn -0.9837 -0.0535 0.1715
vn 0.0501 -0.8242 -0.5641
vn 0.3302 -0.7423 -0.5830
vn 0.6569 -0.5690 -0.4947
vn 0.7832 0.4740 0.4024
vn 0.4439 0.7746 0.4505
vn 0.3612 0.2369 0.9019
vn 0.1486 -0.3344 0.9306
vn 0.7520 -0.3980 0.5254
vn 0.1121 -0.6086 0.7855
vn 0.3963 -0.8960 -0.2002
vn 0.6618 -0.6699 -0.3366
vn 0.9175 -0.1009 -0.3848
vn 0.9119 0.4102 -0.0106
vn 0.6682 0.5408 0.5109
vn -0.6148 0.0054 0.7886
vn -0.2490 0.6562 0.7123
vn 0.1474 0.9430 0.2983
vn 0.5235 0.8233 -0.2192
vn 0.5247 -0.1875 -0.8303
vn 0.2489 -0.7678 -0.5904
vn 0.0483 -0.8733 -0.4847
vn -0.7380 -0.3805 0.5572
vn -0.4929 0.4472 0.7464
vn 0.2072 0.4947 0.8440
vn 0.5305 0.4100 0.7420
vn 0.7545 -0.3630 -0.5467
vn 0.4744 -0.4655 -0.7472
vn 0.1081 -0.4988 -0.8600
vn -0.9749 -0.1201 -0.1874
vn -0.9756 0.1143 0.1873
vn -0.4931 0.1562 -0.8558
vn -0.5315 -0.4346 -0.7271
vn -0.5031 -0.4299 -0.7497
vn -0.4258 0.1692 -0.8889
vn 0.1021 0.4888 -0.8664
vn 0.3909 0.5884 -0.7078
vn -0.1880 -0.9612 0.2019
vn -0.1744 -0.9658 0.1921
vn 0.8159 0.5559 -0.1591
vn 0.8110 0.5524 -0.1927
vn -0.4523 0.1571 -0.8779
vn -0.3395 -0.9292 0.1461
vn -0.3328 -0.9303 0.1544
vn 0.8385 0.4756 -0.2658
vn 0.8634 0.4456 -0.2366
vn -0.4401 -0.8973 0.0343
vn -0.4347 -0.8998 0.0375
vn 0.9434 0.3314 0.0145
vn 0.9442 0.3285 0.0235
vn -0.5198 -0.7797 -0.3491
vn -0.5204 -0.7040 -0.4832
vn 0.9564 0.2021 0.2110
vn 0.9506 0.2220 0.2168
vn -0.5811 -0.6206 -0.5265
vn -0.5807 -0.6046 -0.5452
vn 0.9635 -0.0898 0.2522
vn 0.9606 -0.1076 0.2564
vn -0.6459 -0.6379 -0.4193
vn -0.6491 -0.6318 -0.4236
vn 0.9873 -0.1296 0.0917
vn 0.9841 -0.1370 0.1127
vn -0.6427 -0.7142 -0.2771
vn -0.6772 -0.6368 -0.3688
vn 0.9844 -0.1407 -0.1056
vn 0.9657 -0.2300 -0.1204
vn 0.7520 -0.3981 0.5254
vn 0.1687 -0.9169 0.3618
vn 0.2457 -0.8855 0.3943
vn 0.9369 -0.3224 -0.1348
vn -0.4400 -0.8980 0.0029
vn -0.4026 -0.9147 0.0336
vn 0.9731 0.0845 0.2145
vn 0.9738 0.0612 0.2191
vn -0.5182 -0.4284 -0.7402
vn -0.5016 -0.4238 -0.7542
vt 0.385011 0.261252
vt 0.386453 0.262350
vt 0.385011 0.265465
vt 0.383176 0.265465
vt 0.386438 0.268586
vt 0.385011 0.269679
vt 0.389032 0.269422
vt 0.388197 0.271099
vt 0.392399 0.270974
vt 0.392293 0.269401
vt 0.396401 0.267599
vt 0.397479 0.268462
vt 0.398180 0.263966
vt 0.400171 0.263021
vt 0.396047 0.261350
vt 0.397335 0.259950
vt 0.392312 0.261385
vt 0.392492 0.259621
vt 0.388206 0.259835
vt 0.389109 0.261597
vt 0.388421 0.265520
vt 0.393282 0.265323
vt 0.358585 0.265717
vt 0.356417 0.266968
vt 0.356085 0.266758
vt 0.358698 0.265578
vt 0.356423 0.269283
vt 0.356253 0.269345
vt 0.358381 0.272411
vt 0.358164 0.272412
vt 0.361885 0.274755
vt 0.363767 0.275273
vt 0.362730 0.274605
vt 0.361425 0.274580
vt 0.366259 0.273173
vt 0.365454 0.272665
vt 0.366844 0.270391
vt 0.366204 0.269481
vt 0.365854 0.268870
vt 0.365591 0.268192
vt 0.362020 0.266283
vt 0.362221 0.266024
vt 0.366253 0.270460
vt 0.365867 0.272926
vt 0.364486 0.272093
vt 0.365496 0.269437
vt 0.361511 0.266937
vt 0.359761 0.269076
vt 0.357584 0.267703
vt 0.358625 0.266728
vt 0.358664 0.271626
vt 0.357447 0.269149
vt 0.363809 0.274337
vt 0.362525 0.274149
vt 0.366773 0.107963
vt 0.366632 0.107870
vt 0.366493 0.107989
vt 0.366715 0.108129
vt 0.366451 0.108157
vt 0.366591 0.108259
vt 0.364105 0.267319
vt 0.364098 0.266855
vt 0.363671 0.267947
vt 0.362131 0.270599
vt 0.360428 0.273158
vt 0.359970 0.273771
vt 0.359646 0.273767
vt 0.352238 0.177338
vt 0.352277 0.178350
vt 0.351783 0.178673
vt 0.351645 0.178023
vt 0.351236 0.179324
vt 0.351110 0.179193
vt 0.350070 0.178589
vt 0.350166 0.178598
vt 0.351099 0.180770
vt 0.351171 0.180091
vt 0.350076 0.180904
vt 0.350426 0.180066
vt 0.369223 0.108199
vt 0.369361 0.108849
vt 0.367841 0.107891
vt 0.368075 0.107977
vt 0.368688 0.109369
vt 0.367297 0.108493
vt 0.367744 0.108774
vt 0.367575 0.108668
vt 0.368749 0.110267
vt 0.367054 0.109198
vt 0.368004 0.110242
vt 0.367194 0.109402
vt 0.367519 0.107854
vt 0.367050 0.107544
vt 0.366542 0.108006
vt 0.367284 0.108474
vt 0.366364 0.108629
vt 0.366827 0.108975
vt 0.937881 0.095327
vt 0.938856 0.095018
vt 0.940645 0.095902
vt 0.938844 0.096474
vt 0.938776 0.093908
vt 0.940497 0.093852
vt 0.937688 0.092648
vt 0.938486 0.091524
vt 0.936229 0.091976
vt 0.935790 0.090282
vt 0.935254 0.092285
vt 0.933989 0.090854
vt 0.935334 0.093395
vt 0.934138 0.092904
vt 0.936423 0.094655
vt 0.936149 0.095232
vt 0.942058 0.096267
vt 0.939705 0.097014
vt 0.941864 0.093588
vt 0.939237 0.090547
vt 0.935715 0.088924
vt 0.933361 0.089670
vt 0.933555 0.092349
vt 0.936183 0.095391
vt 0.942879 0.096056
vt 0.940332 0.096864
vt 0.942670 0.093156
vt 0.939825 0.089864
vt 0.936013 0.088108
vt 0.933466 0.088916
vt 0.933676 0.091815
vt 0.936520 0.095107
vt 0.942984 0.095301
vt 0.940631 0.096048
vt 0.942790 0.092622
vt 0.940163 0.089581
vt 0.936641 0.087958
vt 0.934287 0.088705
vt 0.934481 0.091383
vt 0.937109 0.094425
vt 0.936963 0.093748
vt 0.376645 0.142538
vt 0.377007 0.142315
vt 0.377776 0.142805
vt 0.377687 0.143182
vt 0.378682 0.142710
vt 0.378906 0.143072
vt 0.379173 0.141941
vt 0.379550 0.142030
vt 0.379077 0.141035
vt 0.379440 0.140811
vt 0.378309 0.140544
vt 0.378398 0.140167
vt 0.377403 0.140640
vt 0.377179 0.140277
vt 0.378042 0.141675
vt 0.376912 0.141408
vt 0.358206 0.271693
vt 0.358234 0.271834
vt 0.357738 0.272052
vt 0.357721 0.271942
vt 0.358169 0.271851
vt 0.357689 0.272075
vt 0.358049 0.271734
vt 0.357604 0.271992
vt 0.357944 0.271552
vt 0.357530 0.271863
vt 0.357916 0.271410
vt 0.357513 0.271753
vt 0.357981 0.271393
vt 0.357561 0.271730
vt 0.358101 0.271510
vt 0.357647 0.271813
vt 0.345367 0.275134
vt 0.345364 0.275241
vt 0.345330 0.275059
vt 0.345341 0.275242
vt 0.345311 0.275137
vt 0.345293 0.274985
vt 0.345295 0.274878
vt 0.345318 0.274877
vt 0.345348 0.274982
vt 0.353615 0.274810
vt 0.353560 0.274664
vt 0.353514 0.274858
vt 0.353317 0.274778
vt 0.353137 0.274622
vt 0.353082 0.274476
vt 0.353183 0.274428
vt 0.353380 0.274507
vt 0.353122 0.275174
vt 0.353169 0.275287
vt 0.353079 0.275318
vt 0.353041 0.275235
vt 0.353086 0.275327
vt 0.353016 0.275344
vt 0.352921 0.275269
vt 0.352888 0.275299
vt 0.352771 0.275150
vt 0.352771 0.275206
vt 0.352724 0.275037
vt 0.352733 0.275124
vt 0.352807 0.274998
vt 0.352796 0.275098
vt 0.352972 0.275055
vt 0.352924 0.275143
vt 0.352792 0.275433
vt 0.352822 0.275367
vt 0.352744 0.275409
vt 0.352705 0.275309
vt 0.352702 0.275191
vt 0.352732 0.275125
vt 0.352780 0.275149
vt 0.352818 0.275249
vt 0.345934 0.275086
vt 0.345931 0.275222
vt 0.345902 0.275223
vt 0.345864 0.275091
vt 0.345840 0.274898
vt 0.345844 0.274762
vt 0.345873 0.274761
vt 0.345911 0.274893
vt 0.348224 0.274929
vt 0.348258 0.275031
vt 0.348293 0.275042
vt 0.348309 0.274955
vt 0.348298 0.274820
vt 0.348264 0.274717
vt 0.348229 0.274706
vt 0.348213 0.274793
vt 0.367410 0.268207
vt 0.368343 0.268806
vt 0.368055 0.271162
vt 0.367070 0.271377
vt 0.369299 0.273183
vt 0.368701 0.274117
vt 0.371655 0.273471
vt 0.371871 0.274456
vt 0.378612 0.262135
vt 0.378308 0.261490
vt 0.379503 0.260313
vt 0.380241 0.260577
vt 0.379328 0.258644
vt 0.379973 0.258340
vt 0.378151 0.257449
vt 0.378415 0.256711
vt 0.376482 0.257624
vt 0.376177 0.256979
vt 0.370149 0.266577
vt 0.370364 0.267562
vt 0.371010 0.270517
vt 0.377395 0.259557
vt 0.374617 0.272241
vt 0.374923 0.273104
vt 0.372480 0.266195
vt 0.372785 0.267059
vt 0.373701 0.269650
vt 0.375855 0.258598
vt 0.375638 0.258138
vt 0.376506 0.259977
vt 0.377157 0.261356
vt 0.377374 0.261815
vt 0.376338 0.267060
vt 0.376109 0.266576
vt 0.379139 0.265264
vt 0.379356 0.265723
vt 0.377023 0.268512
vt 0.380008 0.267102
vt 0.377709 0.269963
vt 0.380659 0.268481
vt 0.377937 0.270447
vt 0.380876 0.268941
vt 0.376381 0.171396
vt 0.377093 0.185543
vt 0.376997 0.191491
vt 0.376206 0.182202
vt 0.377358 0.196259
vt 0.376862 0.190865
vt 0.377964 0.197054
vt 0.377963 0.192309
vt 0.378460 0.193411
vt 0.378865 0.185690
vt 0.378556 0.187463
vt 0.379039 0.174884
vt 0.378196 0.182696
vt 0.378383 0.166221
vt 0.377590 0.181900
vt 0.377282 0.164777
vt 0.377623 0.178543
vt 0.383010 0.400556
vt 0.383324 0.402685
vt 0.382968 0.403617
vt 0.383134 0.406132
vt 0.383412 0.406628
vt 0.383639 0.404813
vt 0.383681 0.401751
vt 0.383514 0.399236
vt 0.383236 0.398741
vt 0.377261 0.162359
vt 0.377169 0.169063
vt 0.377534 0.174588
vt 0.378141 0.175696
vt 0.378636 0.171739
vt 0.378728 0.165035
vt 0.378364 0.159511
vt 0.377756 0.158402
vt 0.377675 0.137200
vt 0.377558 0.145771
vt 0.378024 0.152835
vt 0.378801 0.154253
vt 0.379433 0.149194
vt 0.379551 0.140622
vt 0.379085 0.133558
vt 0.378308 0.132141
vt 0.377878 0.138680
vt 0.377776 0.144500
vt 0.378107 0.149581
vt 0.378677 0.150946
vt 0.379153 0.147795
vt 0.379255 0.141975
vt 0.378924 0.136894
vt 0.378354 0.135530
vt 0.378647 0.254803
vt 0.378415 0.260705
vt 0.378953 0.265838
vt 0.379947 0.267192
vt 0.380815 0.263977
vt 0.381048 0.258074
vt 0.380509 0.252942
vt 0.379515 0.251587
vt 0.379650 0.287117
vt 0.380143 0.295951
vt 0.380018 0.298568
vt 0.379440 0.291530
vt 0.380220 0.300335
vt 0.379779 0.294508
vt 0.380628 0.300215
vt 0.380468 0.294307
vt 0.381005 0.298280
vt 0.381104 0.291045
vt 0.381129 0.295662
vt 0.381313 0.286631
vt 0.380928 0.293896
vt 0.380974 0.283654
vt 0.380519 0.294016
vt 0.380285 0.283855
vt 0.382812 0.402856
vt 0.382688 0.405474
vt 0.382889 0.407240
vt 0.383298 0.407121
vt 0.383675 0.405185
vt 0.383799 0.402568
vt 0.383598 0.400802
vt 0.383189 0.400921
vt 0.382829 0.404120
vt 0.382773 0.407103
vt 0.382946 0.409485
vt 0.383247 0.409871
vt 0.383500 0.408035
vt 0.383557 0.405052
vt 0.383384 0.402671
vt 0.383083 0.402284
vt 0.372244 0.202020
vt 0.371570 0.218501
vt 0.371740 0.224001
vt 0.372553 0.212014
vt 0.372196 0.228610
vt 0.373380 0.220387
vt 0.372670 0.229627
vt 0.374242 0.222234
vt 0.372885 0.226456
vt 0.374633 0.216474
vt 0.372715 0.220956
vt 0.374324 0.206481
vt 0.372260 0.216347
vt 0.373496 0.198109
vt 0.371785 0.215331
vt 0.372635 0.196261
vt 0.373438 0.209248
vt 0.350539 0.398025
vt 0.350811 0.400416
vt 0.350580 0.400555
vt 0.350756 0.403004
vt 0.350965 0.403936
vt 0.351084 0.402806
vt 0.351043 0.400276
vt 0.350867 0.397827
vt 0.350658 0.396895
vt 0.367811 0.164563
vt 0.367758 0.179337
vt 0.368344 0.192110
vt 0.369228 0.195402
vt 0.369890 0.187283
vt 0.369944 0.172509
vt 0.369357 0.159735
vt 0.368474 0.156444
vt 0.361946 0.078146
vt 0.361910 0.088235
vt 0.362310 0.096959
vt 0.362914 0.099207
vt 0.363366 0.093663
vt 0.363403 0.083573
vt 0.363002 0.074850
vt 0.362398 0.072601
vt 0.361270 0.081465
vt 0.361417 0.087981
vt 0.361844 0.094013
vt 0.362300 0.096029
vt 0.362519 0.092847
vt 0.362372 0.086331
vt 0.361945 0.080299
vt 0.361488 0.078283
vt 0.355214 0.254777
vt 0.355501 0.257638
vt 0.356268 0.261886
vt 0.357067 0.265035
vt 0.357429 0.265238
vt 0.357142 0.262378
vt 0.356375 0.258129
vt 0.355577 0.254982
vt 0.354745 0.294028
vt 0.354989 0.304179
vt 0.355141 0.305200
vt 0.355000 0.295752
vt 0.355537 0.306095
vt 0.355668 0.297259
vt 0.355945 0.306337
vt 0.356357 0.297668
vt 0.356127 0.305786
vt 0.356663 0.296739
vt 0.355976 0.304764
vt 0.356408 0.295017
vt 0.355580 0.303870
vt 0.355740 0.293509
vt 0.355171 0.303627
vt 0.355051 0.293100
vt 0.353603 0.382999
vt 0.353811 0.383413
vt 0.354231 0.383701
vt 0.354617 0.383692
vt 0.354742 0.383393
vt 0.354533 0.382978
vt 0.354113 0.382691
vt 0.353728 0.382699
vt 0.352714 0.387666
vt 0.352784 0.389820
vt 0.353004 0.391884
vt 0.353244 0.392649
vt 0.353364 0.391667
vt 0.353293 0.389513
vt 0.353074 0.387448
vt 0.352834 0.386684
vt 0.382750 0.169780
vt 0.384176 0.184913
vt 0.383868 0.190624
vt 0.382190 0.180156
vt 0.383944 0.195927
vt 0.382327 0.189790
vt 0.383082 0.193039
vt 0.384359 0.197715
vt 0.384871 0.194942
vt 0.384011 0.188000
vt 0.385179 0.189231
vt 0.384571 0.177625
vt 0.384434 0.167990
vt 0.385103 0.183929
vt 0.384688 0.182140
vt 0.383679 0.164741
vt 0.383381 0.178890
vt 0.397290 0.422932
vt 0.397460 0.425334
vt 0.397161 0.425652
vt 0.397207 0.428185
vt 0.397402 0.429048
vt 0.397631 0.427734
vt 0.397760 0.425015
vt 0.397714 0.422482
vt 0.397519 0.421619
vt 0.387664 0.143057
vt 0.387517 0.149521
vt 0.387754 0.155574
vt 0.388236 0.157675
vt 0.388681 0.154590
vt 0.388828 0.148127
vt 0.388591 0.142073
vt 0.388109 0.139973
vt 0.389478 0.118911
vt 0.389290 0.127175
vt 0.389593 0.134917
vt 0.390209 0.137602
vt 0.390778 0.133657
vt 0.390966 0.125393
vt 0.390663 0.117652
vt 0.390047 0.114967
vt 0.390210 0.120704
vt 0.389933 0.126279
vt 0.390049 0.131841
vt 0.390490 0.134131
vt 0.390997 0.131809
vt 0.391274 0.126235
vt 0.391159 0.120674
vt 0.390718 0.118383
vt 0.392912 0.246301
vt 0.392213 0.249095
vt 0.392215 0.252935
vt 0.392915 0.255573
vt 0.393904 0.255464
vt 0.394603 0.252671
vt 0.394602 0.248830
vt 0.393901 0.246193
vt 0.393932 0.285665
vt 0.394210 0.295648
vt 0.393851 0.296632
vt 0.393326 0.287326
vt 0.393765 0.297328
vt 0.393182 0.288497
vt 0.393583 0.288492
vt 0.394004 0.297325
vt 0.394426 0.296625
vt 0.394295 0.287314
vt 0.394785 0.295641
vt 0.394901 0.285653
vt 0.395045 0.284482
vt 0.394871 0.294945
vt 0.394633 0.294949
vt 0.394644 0.284487
vt 0.395332 0.413217
vt 0.394973 0.414201
vt 0.394887 0.414896
vt 0.395125 0.414893
vt 0.395547 0.414194
vt 0.395907 0.413209
vt 0.395992 0.412514
vt 0.395754 0.412518
vt 0.395345 0.417236
vt 0.395175 0.419647
vt 0.395199 0.421853
vt 0.395401 0.422562
vt 0.395665 0.421357
vt 0.395835 0.418946
vt 0.395811 0.416741
vt 0.395609 0.416033
s 1
f 8/1/8 1/2/1 9/3/9
f 8/1/8 9/3/9 13/4/13
f 13/4/13 9/3/9 2/5/2
f 13/4/13 2/5/2 10/6/10
f 10/6/10 2/5/2 22/7/22
f 10/6/10 22/7/22 18/8/18
f 14/9/14 11/10/11 3/11/3
f 14/9/14 3/11/3 12/12/12
f 12/12/12 3/11/3 5/13/5
f 12/12/12 5/13/5 15/14/15
f 15/14/15 5/13/5 4/15/4
f 15/14/15 4/15/4 6/16/6
f 6/16/6 4/15/4 7/17/7
f 6/16/6 7/17/7 16/18/16
f 19/19/19 20/20/20 1/2/1
f 19/19/19 1/2/1 8/1/8
f 1/2/1 20/20/20 21/21/21
f 1/2/1 21/21/21 9/3/9
f 7/17/7 4/15/4 5/13/5
f 7/17/7 5/13/5 17/22/17
f 17/22/17 5/13/5 3/11/3
f 17/22/17 3/11/3 11/10/11
f 9/3/9 21/21/21 22/7/22
f 9/3/9 22/7/22 2/5/2
f 16/18/16 7/17/7 20/20/20
f 16/18/16 20/20/20 19/19/19
f 21/21/21 20/20/20 7/17/7
f 21/21/21 7/17/7 17/22/17
f 22/7/22 21/21/21 17/22/17
f 22/7/22 17/22/17 11/10/11
f 18/8/18 22/7/22 11/10/11
f 18/8/18 11/10/11 14/9/14
f 23/23/23 33/24/33 35/25/35
f 23/23/23 35/25/35 31/26/31
f 33/24/33 24/27/24 32/28/32
f 33/24/33 32/28/32 35/25/35
f 24/27/24 54/29/54 48/30/48
f 24/27/24 48/30/48 32/28/32
f 56/31/56 25/32/25 34/33/34
f 56/31/56 34/33/34 55/34/55
f 25/32/25 29/35/29 37/36/37
f 25/32/25 37/36/37 34/33/34
f 29/35/29 26/37/26 28/38/28
f 29/35/29 28/38/28 37/36/37
f 26/37/26 60/39/60 61/40/61
f 26/37/26 61/40/61 28/38/28
f 50/41/50 23/23/23 31/26/31
f 50/41/50 31/26/31 49/42/49
f 39/43/39 42/44/42 58/45/58
f 39/43/39 58/45/58 59/46/59
f 51/47/51 52/48/52 44/49/44
f 51/47/51 44/49/44 43/50/43
f 52/48/52 53/51/53 45/52/45
f 52/48/52 45/52/45 44/49/44
f 42/44/42 47/53/47 57/54/57
f 42/44/42 57/54/57 58/45/58
f 26/37/26 39/43/39 59/46/59
f 26/37/26 59/46/59 60/39/60
f 29/35/29 42/44/42 39/43/39
f 29/35/29 39/43/39 26/37/26
f 50/41/50 51/47/51 43/50/43
f 50/41/50 43/50/43 23/23/23
f 74/55/74 75/56/75 76/57/76
f 74/55/74 76/57/76 77/58/77
f 77/58/77 76/57/76 78/59/78
f 77/58/77 78/59/78 79/60/79
f 24/27/24 45/52/45 53/51/53
f 24/27/24 53/51/53 54/29/54
f 56/31/56 57/54/57 47/53/47
f 56/31/56 47/53/47 25/32/25
f 25/32/25 47/53/47 42/44/42
f 25/32/25 42/44/42 29/35/29
f 30/61/30 50/41/50 49/42/49
f 30/61/30 49/42/49 38/62/38
f 30/61/30 40/63/40 51/47/51
f 30/61/30 51/47/51 50/41/50
f 40/63/40 41/64/41 52/48/52
f 40/63/40 52/48/52 51/47/51
f 41/64/41 46/65/46 53/51/53
f 41/64/41 53/51/53 52/48/52
f 54/29/54 53/51/53 46/65/46
f 54/29/54 46/65/46 27/66/27
f 48/30/48 54/29/54 27/66/27
f 48/30/48 27/66/27 36/67/36
f 27/66/27 56/31/56 55/34/55
f 27/66/27 55/34/55 36/67/36
f 27/66/27 46/65/46 57/54/57
f 27/66/27 57/54/57 56/31/56
f 58/45/58 57/54/57 46/65/46
f 58/45/58 46/65/46 41/64/41
f 59/46/59 58/45/58 41/64/41
f 59/46/59 41/64/41 40/63/40
f 60/39/60 59/46/59 40/63/40
f 60/39/60 40/63/40 30/61/30
f 61/40/61 60/39/60 30/61/30
f 61/40/61 30/61/30 38/62/38
f 23/68/23 43/69/43 63/70/63
f 23/68/23 63/70/63 62/71/62
f 43/69/43 44/72/44 64/73/64
f 43/69/43 64/73/64 63/70/63
f 33/74/33 23/68/23 62/71/62
f 33/74/33 62/71/62 65/75/65
f 44/72/44 45/76/45 66/77/66
f 44/72/44 66/77/66 64/73/64
f 45/76/45 24/78/24 67/79/67
f 45/76/45 67/79/67 66/77/66
f 24/78/24 33/74/33 65/75/65
f 24/78/24 65/75/65 67/79/67
f 62/80/62 63/81/63 83/82/83
f 62/80/62 83/82/83 84/83/84
f 63/81/63 64/84/64 82/85/82
f 63/81/63 82/85/82 83/82/83
f 65/86/65 62/80/62 84/83/84
f 65/86/65 84/83/84 85/87/85
f 64/84/64 66/88/66 81/89/81
f 64/84/64 81/89/81 82/85/82
f 66/88/66 67/90/67 80/91/80
f 66/88/66 80/91/80 81/89/81
f 67/90/67 65/86/65 85/87/85
f 67/90/67 85/87/85 80/91/80
f 68/92/68 69/93/69 75/56/75
f 68/92/68 75/56/75 74/55/74
f 69/93/69 70/94/70 76/57/76
f 69/93/69 76/57/76 75/56/75
f 71/95/71 68/92/68 74/55/74
f 71/95/71 74/55/74 77/58/77
f 70/94/70 72/96/72 78/59/78
f 70/94/70 78/59/78 76/57/76
f 72/96/72 73/97/73 79/60/79
f 72/96/72 79/60/79 78/59/78
f 73/97/73 71/95/71 77/58/77
f 73/97/73 77/58/77 79/60/79
f 81/89/81 80/91/80 73/97/73
f 81/89/81 73/97/73 72/96/72
f 82/85/82 81/89/81 72/96/72
f 82/85/82 72/96/72 70/94/70
f 83/82/83 82/85/82 70/94/70
f 83/82/83 70/94/70 69/93/69
f 84/83/84 83/82/83 69/93/69
f 84/83/84 69/93/69 68/92/68
f 85/87/85 84/83/84 68/92/68
f 85/87/85 68/92/68 71/95/71
f 80/91/80 85/87/85 71/95/71
f 80/91/80 71/95/71 73/97/73
f 86/98/86 87/99/87 95/100/95
f 86/98/86 95/100/95 94/101/94
f 87/99/87 88/102/88 96/103/96
f 87/99/87 96/103/96 95/100/95
f 88/102/88 89/104/89 97/105/97
f 88/102/88 97/105/97 96/103/96
f 89/104/89 90/106/90 98/107/98
f 89/104/89 98/107/98 97/105/97
f 90/106/90 91/108/91 99/109/99
f 90/106/90 99/109/99 98/107/98
f 91/108/91 92/110/92 100/111/100
f 91/108/91 100/111/100 99/109/99
f 92/110/92 93/112/93 101/113/101
f 92/110/92 101/113/101 100/111/100
f 93/112/93 86/98/86 94/101/94
f 93/112/93 94/101/94 101/113/101
f 94/101/94 95/100/95 103/114/103
f 94/101/94 103/114/103 102/115/102
f 95/100/95 96/103/96 104/116/104
f 95/100/95 104/116/104 103/114/103
f 96/103/96 97/105/97 105/117/105
f 96/103/96 105/117/105 104/116/104
f 97/105/97 98/107/98 106/118/106
f 97/105/97 106/118/106 105/117/105
f 98/107/98 99/109/99 107/119/107
f 98/107/98 107/119/107 106/118/106
f 99/109/99 100/111/100 108/120/108
f 99/109/99 108/120/108 107/119/107
f 100/111/100 101/113/101 109/121/109
f 100/111/100 109/121/109 108/120/108
f 101/113/101 94/101/94 102/115/102
f 101/113/101 102/115/102 109/121/109
f 102/115/102 103/114/103 111/122/111
f 102/115/102 111/122/111 110/123/110
f 103/114/103 104/116/104 112/124/112
f 103/114/103 112/124/112 111/122/111
f 104/116/104 105/117/105 113/125/113
f 104/116/104 113/125/113 112/124/112
f 105/117/105 106/118/106 114/126/114
f 105/117/105 114/126/114 113/125/113
f 106/118/106 107/119/107 115/127/115
f 106/118/106 115/127/115 114/126/114
f 107/119/107 108/120/108 116/128/116
f 107/119/107 116/128/116 115/127/115
f 108/120/108 109/121/109 117/129/117
f 108/120/108 117/129/117 116/128/116
f 109/121/109 102/115/102 110/123/110
f 109/121/109 110/123/110 117/129/117
f 110/123/110 111/122/111 119/130/119
f 110/123/110 119/130/119 118/131/118
f 111/122/111 112/124/112 120/132/120
f 111/122/111 120/132/120 119/130/119
f 112/124/112 113/125/113 121/133/121
f 112/124/112 121/133/121 120/132/120
f 113/125/113 114/126/114 122/134/122
f 113/125/113 122/134/122 121/133/121
f 114/126/114 115/127/115 123/135/123
f 114/126/114 123/135/123 122/134/122
f 115/127/115 116/128/116 124/136/124
f 115/127/115 124/136/124 123/135/123
f 116/128/116 117/129/117 125/137/125
f 116/128/116 125/137/125 124/136/124
f 117/129/117 110/123/110 118/131/118
f 117/129/117 118/131/118 125/137/125
f 87/99/87 86/98/86 126/138/126
f 88/102/88 87/99/87 126/138/126
f 89/104/89 88/102/88 126/138/126
f 90/106/90 89/104/89 126/138/126
f 91/108/91 90/106/90 126/138/126
f 92/110/92 91/108/91 126/138/126
f 93/112/93 92/110/92 126/138/126
f 86/98/86 93/112/93 126/138/126
f 136/139/136 128/140/128 137/141/137
f 136/139/136 137/141/137 139/142/139
f 139/142/139 137/141/137 129/143/129
f 139/142/139 129/143/129 138/144/138
f 138/144/138 129/143/129 131/145/131
f 138/144/138 131/145/131 140/146/140
f 140/146/140 131/145/131 130/147/130
f 140/146/140 130/147/130 132/148/132
f 132/148/132 130/147/130 133/149/133
f 132/148/132 133/149/133 141/150/141
f 141/150/141 133/149/133 127/151/127
f 141/150/141 127/151/127 134/152/134
f 127/151/127 133/149/133 142/153/142
f 127/151/127 142/153/142 135/154/135
f 133/149/133 130/147/130 131/145/131
f 133/149/133 131/145/131 142/153/142
f 142/153/142 131/145/131 129/143/129
f 142/153/142 129/143/129 137/141/137
f 135/154/135 142/153/142 137/141/137
f 135/154/135 137/141/137 128/140/128
f 143/155/143 144/156/144 152/157/152
f 143/155/143 152/157/152 151/158/151
f 144/156/144 145/159/145 153/160/153
f 144/156/144 153/160/153 152/157/152
f 145/159/145 146/161/146 154/162/154
f 145/159/145 154/162/154 153/160/153
f 146/161/146 147/163/147 155/164/155
f 146/161/146 155/164/155 154/162/154
f 147/163/147 148/165/148 156/166/156
f 147/163/147 156/166/156 155/164/155
f 148/165/148 149/167/149 157/168/157
f 148/165/148 157/168/157 156/166/156
f 149/167/149 150/169/150 158/170/158
f 149/167/149 158/170/158 157/168/157
f 150/169/150 143/155/143 151/158/151
f 150/169/150 151/158/151 158/170/158
f 183/171/183 184/172/184 185/173/185
f 184/172/184 186/174/186 185/173/185
f 186/174/186 187/175/187 185/173/185
f 187/175/187 188/176/188 185/173/185
f 188/176/188 189/177/189 185/173/185
f 189/177/189 190/178/190 185/173/185
f 190/178/190 191/179/191 185/173/185
f 191/179/191 183/171/183 185/173/185
f 151/158/151 152/157/152 210/180/210
f 151/158/151 210/180/210 211/181/211
f 152/157/152 153/160/153 209/182/209
f 152/157/152 209/182/209 210/180/210
f 153/160/153 154/162/154 208/183/208
f 153/160/153 208/183/208 209/182/209
f 154/162/154 155/164/155 215/184/215
f 154/162/154 215/184/215 208/183/208
f 155/164/155 156/166/156 214/185/214
f 155/164/155 214/185/214 215/184/215
f 156/166/156 157/168/157 213/186/213
f 156/166/156 213/186/213 214/185/214
f 157/168/157 158/170/158 212/187/212
f 157/168/157 212/187/212 213/186/213
f 158/170/158 151/158/151 211/181/211
f 158/170/158 211/181/211 212/187/212
f 159/188/159 160/189/160 168/190/168
f 159/188/159 168/190/168 167/191/167
f 160/189/160 161/192/161 169/193/169
f 160/189/160 169/193/169 168/190/168
f 161/192/161 162/194/162 170/195/170
f 161/192/161 170/195/170 169/193/169
f 162/194/162 163/196/163 171/197/171
f 162/194/162 171/197/171 170/195/170
f 163/196/163 164/198/164 172/199/172
f 163/196/163 172/199/172 171/197/171
f 164/198/164 165/200/165 173/201/173
f 164/198/164 173/201/173 172/199/172
f 165/200/165 166/202/166 174/203/174
f 165/200/165 174/203/174 173/201/173
f 166/202/166 159/188/159 167/191/167
f 166/202/166 167/191/167 174/203/174
f 167/191/167 168/190/168 194/204/194
f 167/191/167 194/204/194 195/205/195
f 168/190/168 169/193/169 193/206/193
f 168/190/168 193/206/193 194/204/194
f 169/193/169 170/195/170 192/207/192
f 169/193/169 192/207/192 193/206/193
f 170/195/170 171/197/171 199/208/199
f 170/195/170 199/208/199 192/207/192
f 171/197/171 172/199/172 198/209/198
f 171/197/171 198/209/198 199/208/199
f 172/199/172 173/201/173 197/210/197
f 172/199/172 197/210/197 198/209/198
f 173/201/173 174/203/174 196/211/196
f 173/201/173 196/211/196 197/210/197
f 174/203/174 167/191/167 195/205/195
f 174/203/174 195/205/195 196/211/196
f 175/212/175 176/213/176 184/172/184
f 175/212/175 184/172/184 183/171/183
f 176/213/176 177/214/177 186/174/186
f 176/213/176 186/174/186 184/172/184
f 177/214/177 178/215/178 187/175/187
f 177/214/177 187/175/187 186/174/186
f 178/215/178 179/216/179 188/176/188
f 178/215/178 188/176/188 187/175/187
f 179/216/179 180/217/180 189/177/189
f 179/216/179 189/177/189 188/176/188
f 180/217/180 181/218/181 190/178/190
f 180/217/180 190/178/190 189/177/189
f 181/218/181 182/219/182 191/179/191
f 181/218/181 191/179/191 190/178/190
f 182/219/182 175/212/175 183/171/183
f 182/219/182 183/171/183 191/179/191
f 193/206/193 192/207/192 200/220/200
f 193/206/193 200/220/200 201/221/201
f 194/204/194 193/206/193 201/221/201
f 194/204/194 201/221/201 202/222/202
f 195/205/195 194/204/194 202/222/202
f 195/205/195 202/222/202 203/223/203
f 196/211/196 195/205/195 203/223/203
f 196/211/196 203/223/203 204/224/204
f 197/210/197 196/211/196 204/224/204
f 197/210/197 204/224/204 205/225/205
f 198/209/198 197/210/197 205/225/205
f 198/209/198 205/225/205 206/226/206
f 199/208/199 198/209/198 206/226/206
f 199/208/199 206/226/206 207/227/207
f 192/207/192 199/208/199 207/227/207
f 192/207/192 207/227/207 200/220/200
f 201/221/201 200/220/200 178/215/178
f 201/221/201 178/215/178 177/214/177
f 202/222/202 201/221/201 177/214/177
f 202/222/202 177/214/177 176/213/176
f 203/223/203 202/222/202 176/213/176
f 203/223/203 176/213/176 175/212/175
f 204/224/204 203/223/203 175/212/175
f 204/224/204 175/212/175 182/219/182
f 205/225/205 204/224/204 182/219/182
f 205/225/205 182/219/182 181/218/181
f 206/226/206 205/225/205 181/218/181
f 206/226/206 181/218/181 180/217/180
f 207/227/207 206/226/206 180/217/180
f 207/227/207 180/217/180 179/216/179
f 200/220/200 207/227/207 179/216/179
f 200/220/200 179/216/179 178/215/178
f 209/182/209 208/183/208 162/194/162
f 209/182/209 162/194/162 161/192/161
f 210/180/210 209/182/209 161/192/161
f 210/180/210 161/192/161 160/189/160
f 211/181/211 210/180/210 160/189/160
f 211/181/211 160/189/160 159/188/159
f 212/187/212 211/181/211 159/188/159
f 212/187/212 159/188/159 166/202/166
f 213/186/213 212/187/212 166/202/166
f 213/186/213 166/202/166 165/200/165
f 214/185/214 213/186/213 165/200/165
f 214/185/214 165/200/165 164/198/164
f 215/184/215 214/185/214 164/198/164
f 215/184/215 164/198/164 163/196/163
f 208/183/208 215/184/215 163/196/163
f 208/183/208 163/196/163 162/194/162
f 219/228/219 216/229/216 220/230/220
f 219/228/219 220/230/220 223/231/223
f 223/231/223 220/230/220 217/232/217
f 223/231/223 217/232/217 221/233/221
f 221/233/221 217/232/217 222/234/222
f 221/233/221 222/234/222 224/235/224
f 228/236/228 227/237/227 229/238/229
f 228/236/228 229/238/229 230/239/230
f 230/239/230 229/238/229 232/240/232
f 230/239/230 232/240/232 231/241/231
f 231/241/231 232/240/232 233/242/233
f 231/241/231 233/242/233 234/243/234
f 234/243/234 233/242/233 236/244/236
f 234/243/234 236/244/236 235/245/235
f 225/246/225 218/247/218 216/229/216
f 225/246/225 216/229/216 219/228/219
f 216/229/216 218/247/218 226/248/226
f 216/229/216 226/248/226 220/230/220
f 236/244/236 233/242/233 232/240/232
f 236/244/236 232/240/232 237/249/237
f 237/249/237 232/240/232 229/238/229
f 237/249/237 229/238/229 227/237/227
f 220/230/220 226/248/226 222/234/222
f 220/230/220 222/234/222 217/232/217
f 224/235/224 222/234/222 252/250/252
f 224/235/224 252/250/252 248/251/248
f 218/247/218 225/246/225 249/252/249
f 218/247/218 249/252/249 250/253/250
f 226/248/226 218/247/218 250/253/250
f 226/248/226 250/253/250 251/254/251
f 222/234/222 226/248/226 251/254/251
f 222/234/222 251/254/251 252/250/252
f 240/255/240 239/256/239 235/245/235
f 240/255/240 235/245/235 236/244/236
f 241/257/241 240/255/240 236/244/236
f 241/257/241 236/244/236 237/249/237
f 242/258/242 241/257/241 237/249/237
f 242/258/242 237/249/237 227/237/227
f 238/259/238 242/258/242 227/237/227
f 238/259/238 227/237/227 228/236/228
f 245/260/245 244/261/244 239/262/239
f 245/260/245 239/262/239 240/263/240
f 246/264/246 245/260/245 240/263/240
f 246/264/246 240/263/240 241/265/241
f 247/266/247 246/264/246 241/265/241
f 247/266/247 241/265/241 242/267/242
f 243/268/243 247/266/247 242/267/242
f 243/268/243 242/267/242 238/269/238
f 250/253/250 249/252/249 244/261/244
f 250/253/250 244/261/244 245/260/245
f 251/254/251 250/253/250 245/260/245
f 251/254/251 245/260/245 246/264/246
f 252/250/252 251/254/251 246/264/246
f 252/250/252 246/264/246 247/266/247
f 248/251/248 252/250/252 247/266/247
f 248/251/248 247/266/247 243/268/243
f 253/270/253 261/271/261 262/272/262
f 253/270/253 262/272/262 254/273/254
f 254/273/254 262/272/262 263/274/263
f 254/273/254 263/274/263 255/275/255
f 255/275/255 263/274/263 264/276/264
f 255/275/255 264/276/264 256/277/256
f 256/277/256 264/276/264 265/278/265
f 256/277/256 265/278/265 257/279/257
f 257/279/257 265/278/265 266/280/266
f 257/279/257 266/280/266 258/281/258
f 258/281/258 266/280/266 267/282/267
f 258/281/258 267/282/267 259/283/259
f 259/283/259 267/282/267 268/284/268
f 259/283/259 268/284/268 260/285/260
f 260/285/260 268/284/268 261/271/261
f 260/285/260 261/271/261 253/270/253
f 254/273/254 269/286/269 253/270/253
f 255/275/255 269/286/269 254/273/254
f 256/277/256 269/286/269 255/275/255
f 257/279/257 269/286/269 256/277/256
f 258/281/258 269/286/269 257/279/257
f 259/283/259 269/286/269 258/281/258
f 260/285/260 269/286/269 259/283/259
f 253/270/253 269/286/269 260/285/260
f 318/287/318 320/288/320 319/289/319
f 319/289/319 320/288/320 321/290/321
f 321/290/321 320/288/320 322/291/322
f 322/291/322 320/288/320 323/292/323
f 323/292/323 320/288/320 324/293/324
f 324/293/324 320/288/320 325/294/325
f 325/294/325 320/288/320 326/295/326
f 326/295/326 320/288/320 318/287/318
f 261/271/261 270/296/270 271/297/271
f 261/271/261 271/297/271 262/272/262
f 262/272/262 271/297/271 272/298/272
f 262/272/262 272/298/272 263/274/263
f 263/274/263 272/298/272 273/299/273
f 263/274/263 273/299/273 264/276/264
f 264/276/264 273/299/273 274/300/274
f 264/276/264 274/300/274 265/278/265
f 265/278/265 274/300/274 275/301/275
f 265/278/265 275/301/275 266/280/266
f 266/280/266 275/301/275 276/302/276
f 266/280/266 276/302/276 267/282/267
f 267/282/267 276/302/276 277/303/277
f 267/282/267 277/303/277 268/284/268
f 268/284/268 277/303/277 270/296/270
f 268/284/268 270/296/270 261/271/261
f 270/296/270 278/304/278 279/305/279
f 270/296/270 279/305/279 271/297/271
f 271/297/271 279/305/279 280/306/280
f 271/297/271 280/306/280 272/298/272
f 272/298/272 280/306/280 281/307/281
f 272/298/272 281/307/281 273/299/273
f 273/299/273 281/307/281 282/308/282
f 273/299/273 282/308/282 274/300/274
f 274/300/274 282/308/282 283/309/283
f 274/300/274 283/309/283 275/301/275
f 275/301/275 283/309/283 284/310/284
f 275/301/275 284/310/284 276/302/276
f 276/302/276 284/310/284 285/311/285
f 276/302/276 285/311/285 277/303/277
f 277/303/277 285/311/285 278/304/278
f 277/303/277 278/304/278 270/296/270
f 278/304/278 286/312/286 287/313/287
f 278/304/278 287/313/287 279/305/279
f 279/305/279 287/313/287 288/314/288
f 279/305/279 288/314/288 280/306/280
f 280/306/280 288/314/288 289/315/289
f 280/306/280 289/315/289 281/307/281
f 281/307/281 289/315/289 290/316/290
f 281/307/281 290/316/290 282/308/282
f 282/308/282 290/316/290 291/317/291
f 282/308/282 291/317/291 283/309/283
f 283/309/283 291/317/291 292/318/292
f 283/309/283 292/318/292 284/310/284
f 284/310/284 292/318/292 293/319/293
f 284/310/284 293/319/293 285/311/285
f 285/311/285 293/319/293 286/312/286
f 285/311/285 286/312/286 278/304/278
f 286/312/286 335/320/335 342/321/342
f 286/312/286 342/321/342 287/313/287
f 287/313/287 342/321/342 341/322/341
f 287/313/287 341/322/341 288/314/288
f 288/314/288 341/322/341 340/323/340
f 288/314/288 340/323/340 289/315/289
f 289/315/289 340/323/340 339/324/339
f 289/315/289 339/324/339 290/316/290
f 290/316/290 339/324/339 338/325/338
f 290/316/290 338/325/338 291/317/291
f 291/317/291 338/325/338 337/326/337
f 291/317/291 337/326/337 292/318/292
f 292/318/292 337/326/337 336/327/336
f 292/318/292 336/327/336 293/319/293
f 293/319/293 336/327/336 335/320/335
f 293/319/293 335/320/335 286/312/286
f 294/328/294 302/329/302 303/330/303
f 294/328/294 303/330/303 295/331/295
f 295/331/295 303/330/303 304/332/304
f 295/331/295 304/332/304 296/333/296
f 296/333/296 304/332/304 305/334/305
f 296/333/296 305/334/305 297/335/297
f 297/335/297 305/334/305 306/336/306
f 297/335/297 306/336/306 298/337/298
f 298/337/298 306/336/306 307/338/307
f 298/337/298 307/338/307 299/339/299
f 299/339/299 307/338/307 308/340/308
f 299/339/299 308/340/308 300/341/300
f 300/341/300 308/340/308 309/342/309
f 300/341/300 309/342/309 301/343/301
f 301/343/301 309/342/309 302/329/302
f 301/343/301 302/329/302 294/328/294
f 302/329/302 310/344/310 311/345/311
f 302/329/302 311/345/311 303/330/303
f 303/330/303 311/345/311 312/346/312
f 303/330/303 312/346/312 304/332/304
f 304/332/304 312/346/312 313/347/313
f 304/332/304 313/347/313 305/334/305
f 305/334/305 313/347/313 314/348/314
f 305/334/305 314/348/314 306/336/306
f 306/336/306 314/348/314 315/349/315
f 306/336/306 315/349/315 307/338/307
f 307/338/307 315/349/315 316/350/316
f 307/338/307 316/350/316 308/340/308
f 308/340/308 316/350/316 317/351/317
f 308/340/308 317/351/317 309/342/309
f 309/342/309 317/351/317 310/344/310
f 309/342/309 310/344/310 302/329/302
f 310/344/310 328/352/328 327/353/327
f 310/344/310 327/353/327 311/345/311
f 311/345/311 327/353/327 334/354/334
f 311/345/311 334/354/334 312/346/312
f 312/346/312 334/354/334 333/355/333
f 312/346/312 333/355/333 313/347/313
f 313/347/313 333/355/333 332/356/332
f 313/347/313 332/356/332 314/348/314
f 314/348/314 332/356/332 331/357/331
f 314/348/314 331/357/331 315/349/315
f 315/349/315 331/357/331 330/358/330
f 315/349/315 330/358/330 316/350/316
f 316/350/316 330/358/330 329/359/329
f 316/350/316 329/359/329 317/351/317
f 317/351/317 329/359/329 328/352/328
f 317/351/317 328/352/328 310/344/310
f 328/352/328 318/287/318 319/289/319
f 328/352/328 319/289/319 327/353/327
f 329/359/329 326/295/326 318/287/318
f 329/359/329 318/287/318 328/352/328
f 330/358/330 325/294/325 326/295/326
f 330/358/330 326/295/326 329/359/329
f 331/357/331 324/293/324 325/294/325
f 331/357/331 325/294/325 330/358/330
f 332/356/332 323/292/323 324/293/324
f 332/356/332 324/293/324 331/357/331
f 333/355/333 322/291/322 323/292/323
f 333/355/333 323/292/323 332/356/332
f 334/354/334 321/290/321 322/291/322
f 334/354/334 322/291/322 333/355/333
f 327/353/327 319/289/319 321/290/321
f 327/353/327 321/290/321 334/354/334
f 336/327/336 301/343/301 294/328/294
f 336/327/336 294/328/294 335/320/335
f 337/326/337 300/341/300 301/343/301
f 337/326/337 301/343/301 336/327/336
f 338/325/338 299/339/299 300/341/300
f 338/325/338 300/341/300 337/326/337
f 339/324/339 298/337/298 299/339/299
f 339/324/339 299/339/299 338/325/338
f 340/323/340 297/335/297 298/337/298
f 340/323/340 298/337/298 339/324/339
f 341/322/341 296/333/296 297/335/297
f 341/322/341 297/335/297 340/323/340
f 342/321/342 295/331/295 296/333/296
f 342/321/342 296/333/296 341/322/341
f 335/320/335 294/328/294 295/331/295
f 335/320/335 295/331/295 342/321/342
f 343/360/343 351/361/351 352/362/352
f 343/360/343 352/362/352 344/363/344
f 344/363/344 352/362/352 353/364/353
f 344/363/344 353/364/353 345/365/345
f 345/365/345 353/364/353 354/366/354
f 345/365/345 354/366/354 346/367/346
f 346/367/346 354/366/354 355/368/355
f 346/367/346 355/368/355 347/369/347
f 347/369/347 355/368/355 356/370/356
f 347/369/347 356/370/356 348/371/348
f 348/371/348 356/370/356 357/372/357
f 348/371/348 357/372/357 349/373/349
f 349/373/349 357/372/357 358/374/358
f 349/373/349 358/374/358 350/375/350
f 350/375/350 358/374/358 351/361/351
f 350/375/350 351/361/351 343/360/343
f 344/363/344 359/376/359 343/360/343
f 345/365/345 359/376/359 344/363/344
f 346/367/346 359/376/359 345/365/345
f 347/369/347 359/376/359 346/367/346
f 348/371/348 359/376/359 347/369/347
f 349/373/349 359/376/359 348/371/348
f 350/375/350 359/376/359 349/373/349
f 343/360/343 359/376/359 350/375/350
f 408/377/408 410/378/410 409/379/409
f 409/379/409 410/378/410 411/380/411
f 411/380/411 410/378/410 412/381/412
f 412/381/412 410/378/410 413/382/413
f 413/382/413 410/378/410 414/383/414
f 414/383/414 410/378/410 415/384/415
f 415/384/415 410/378/410 416/385/416
f 416/385/416 410/378/410 408/377/408
f 351/361/351 360/386/360 361/387/361
f 351/361/351 361/387/361 352/362/352
f 352/362/352 361/387/361 362/388/362
f 352/362/352 362/388/362 353/364/353
f 353/364/353 362/388/362 363/389/363
f 353/364/353 363/389/363 354/366/354
f 354/366/354 363/389/363 364/390/364
f 354/366/354 364/390/364 355/368/355
f 355/368/355 364/390/364 365/391/365
f 355/368/355 365/391/365 356/370/356
f 356/370/356 365/391/365 366/392/366
f 356/370/356 366/392/366 357/372/357
f 357/372/357 366/392/366 367/393/367
f 357/372/357 367/393/367 358/374/358
f 358/374/358 367/393/367 360/386/360
f 358/374/358 360/386/360 351/361/351
f 360/386/360 368/394/368 369/395/369
f 360/386/360 369/395/369 361/387/361
f 361/387/361 369/395/369 370/396/370
f 361/387/361 370/396/370 362/388/362
f 362/388/362 370/396/370 371/397/371
f 362/388/362 371/397/371 363/389/363
f 363/389/363 371/397/371 372/398/372
f 363/389/363 372/398/372 364/390/364
f 364/390/364 372/398/372 373/399/373
f 364/390/364 373/399/373 365/391/365
f 365/391/365 373/399/373 374/400/374
f 365/391/365 374/400/374 366/392/366
f 366/392/366 374/400/374 375/401/375
f 366/392/366 375/401/375 367/393/367
f 367/393/367 375/401/375 368/394/368
f 367/393/367 368/394/368 360/386/360
f 368/394/368 376/402/376 377/403/377
f 368/394/368 377/403/377 369/395/369
f 369/395/369 377/403/377 378/404/378
f 369/395/369 378/404/378 370/396/370
f 370/396/370 378/404/378 379/405/379
f 370/396/370 379/405/379 371/397/371
f 371/397/371 379/405/379 380/406/380
f 371/397/371 380/406/380 372/398/372
f 372/398/372 380/406/380 381/407/381
f 372/398/372 381/407/381 373/399/373
f 373/399/373 381/407/381 382/408/382
f 373/399/373 382/408/382 374/400/374
f 374/400/374 382/408/382 383/409/383
f 374/400/374 383/409/383 375/401/375
f 375/401/375 383/409/383 376/402/376
f 375/401/375 376/402/376 368/394/368
f 376/402/376 425/410/425 432/411/432
f 376/402/376 432/411/432 377/403/377
f 377/403/377 432/411/432 431/412/431
f 377/403/377 431/412/431 378/404/378
f 378/404/378 431/412/431 430/413/430
f 378/404/378 430/413/430 379/405/379
f 379/405/379 430/413/430 429/414/429
f 379/405/379 429/414/429 380/406/380
f 380/406/380 429/414/429 428/415/428
f 380/406/380 428/415/428 381/407/381
f 381/407/381 428/415/428 427/416/427
f 381/407/381 427/416/427 382/408/382
f 382/408/382 427/416/427 426/417/426
f 382/408/382 426/417/426 383/409/383
f 383/409/383 426/417/426 425/410/425
f 383/409/383 425/410/425 376/402/376
f 384/418/384 392/419/392 393/420/393
f 384/418/384 393/420/393 385/421/385
f 385/421/385 393/420/393 394/422/394
f 385/421/385 394/422/394 386/423/386
f 386/423/386 394/422/394 395/424/395
f 386/423/386 395/424/395 387/425/387
f 387/425/387 395/424/395 396/426/396
f 387/425/387 396/426/396 388/427/388
f 388/427/388 396/426/396 397/428/397
f 388/427/388 397/428/397 389/429/389
f 389/429/389 397/428/397 398/430/398
f 389/429/389 398/430/398 390/431/390
f 390/431/390 398/430/398 399/432/399
f 390/431/390 399/432/399 391/433/391
f 391/433/391 399/432/399 392/419/392
f 391/433/391 392/419/392 384/418/384
f 392/419/392 400/434/400 401/435/401
f 392/419/392 401/435/401 393/420/393
f 393/420/393 401/435/401 402/436/402
f 393/420/393 402/436/402 394/422/394
f 394/422/394 402/436/402 403/437/403
f 394/422/394 403/437/403 395/424/395
f 395/424/395 403/437/403 404/438/404
f 395/424/395 404/438/404 396/426/396
f 396/426/396 404/438/404 405/439/405
f 396/426/396 405/439/405 397/428/397
f 397/428/397 405/439/405 406/440/406
f 397/428/397 406/440/406 398/430/398
f 398/430/398 406/440/406 407/441/407
f 398/430/398 407/441/407 399/432/399
f 399/432/399 407/441/407 400/434/400
f 399/432/399 400/434/400 392/419/392
f 400/434/400 418/442/418 417/443/417
f 400/434/400 417/443/417 401/435/401
f 401/435/401 417/443/417 424/444/424
f 401/435/401 424/444/424 402/436/402
f 402/436/402 424/444/424 423/445/423
f 402/436/402 423/445/423 403/437/403
f 403/437/403 423/445/423 422/446/422
f 403/437/403 422/446/422 404/438/404
f 404/438/404 422/446/422 421/447/421
f 404/438/404 421/447/421 405/439/405
f 405/439/405 421/447/421 420/448/420
f 405/439/405 420/448/420 406/440/406
f 406/440/406 420/448/420 419/449/419
f 406/440/406 419/449/419 407/441/407
f 407/441/407 419/449/419 418/442/418
f 407/441/407 418/442/418 400/434/400
f 418/442/418 408/377/408 409/379/409
f 418/442/418 409/379/409 417/443/417
f 419/449/419 416/385/416 408/377/408
f 419/449/419 408/377/408 418/442/418
f 420/448/420 415/384/415 416/385/416
f 420/448/420 416/385/416 419/449/419
f 421/447/421 414/383/414 415/384/415
f 421/447/421 415/384/415 420/448/420
f 422/446/422 413/382/413 414/383/414
f 422/446/422 414/383/414 421/447/421
f 423/445/423 412/381/412 413/382/413
f 423/445/423 413/382/413 422/446/422
f 424/444/424 411/380/411 412/381/412
f 424/444/424 412/381/412 423/445/423
f 417/443/417 409/379/409 411/380/411
f 417/443/417 411/380/411 424/444/424
f 426/417/426 391/433/391 384/418/384
f 426/417/426 384/418/384 425/410/425
f 427/416/427 390/431/390 391/433/391
f 427/416/427 391/433/391 426/417/426
f 428/415/428 389/429/389 390/431/390
f 428/415/428 390/431/390 427/416/427
f 429/414/429 388/427/388 389/429/389
f 429/414/429 389/429/389 428/415/428
f 430/413/430 387/425/387 388/427/388
f 430/413/430 388/427/388 429/414/429
f 431/412/431 386/423/386 387/425/387
f 431/412/431 387/425/387 430/413/430
f 432/411/432 385/421/385 386/423/386
f 432/411/432 386/423/386 431/412/431
f 425/410/425 384/418/384 385/421/385
f 425/410/425 385/421/385 432/411/432
f 433/450/433 441/451/441 442/452/442
f 433/450/433 442/452/442 434/453/434
f 434/453/434 442/452/442 443/454/443
f 434/453/434 443/454/443 435/455/435
f 436/456/436 444/457/444 445/458/445
f 436/456/436 445/458/445 437/459/437
f 437/459/437 445/458/445 446/460/446
f 437/459/437 446/460/446 438/461/438
f 439/462/439 447/463/447 448/464/448
f 439/462/439 448/464/448 440/465/440
f 440/465/440 448/464/448 441/451/441
f 440/465/440 441/451/441 433/450/433
f 434/453/434 449/466/449 433/450/433
f 440/465/440 449/466/449 439/462/439
f 433/450/433 449/466/449 440/465/440
f 498/467/498 500/468/500 499/469/499
f 499/469/499 500/468/500 501/470/501
f 502/471/502 500/468/500 503/472/503
f 503/472/503 500/468/500 504/473/504
f 504/473/504 500/468/500 505/474/505
f 505/474/505 500/468/500 506/475/506
f 506/475/506 500/468/500 498/467/498
f 441/451/441 450/476/450 451/477/451
f 441/451/441 451/477/451 442/452/442
f 442/452/442 451/477/451 452/478/452
f 442/452/442 452/478/452 443/454/443
f 444/457/444 453/479/453 454/480/454
f 444/457/444 454/480/454 445/458/445
f 445/458/445 454/480/454 455/481/455
f 445/458/445 455/481/455 446/460/446
f 447/463/447 456/482/456 457/483/457
f 447/463/447 457/483/457 448/464/448
f 448/464/448 457/483/457 450/476/450
f 448/464/448 450/476/450 441/451/441
f 450/476/450 458/484/458 459/485/459
f 450/476/450 459/485/459 451/477/451
f 451/477/451 459/485/459 460/486/460
f 451/477/451 460/486/460 452/478/452
f 453/479/453 461/487/461 462/488/462
f 453/479/453 462/488/462 454/480/454
f 454/480/454 462/488/462 463/489/463
f 454/480/454 463/489/463 455/481/455
f 456/482/456 464/490/464 465/491/465
f 456/482/456 465/491/465 457/483/457
f 457/483/457 465/491/465 458/484/458
f 457/483/457 458/484/458 450/476/450
f 458/484/458 466/492/466 467/493/467
f 458/484/458 467/493/467 459/485/459
f 459/485/459 467/493/467 468/494/468
f 459/485/459 468/494/468 460/486/460
f 461/487/461 469/495/469 470/496/470
f 461/487/461 470/496/470 462/488/462
f 462/488/462 470/496/470 471/497/471
f 462/488/462 471/497/471 463/489/463
f 464/490/464 472/498/472 473/499/473
f 464/490/464 473/499/473 465/491/465
f 465/491/465 473/499/473 466/492/466
f 465/491/465 466/492/466 458/484/458
f 466/492/466 515/500/515 522/501/522
f 466/492/466 522/501/522 467/493/467
f 467/493/467 522/501/522 521/502/521
f 467/493/467 521/502/521 468/494/468
f 469/495/469 520/503/520 519/504/519
f 469/495/469 519/504/519 470/496/470
f 470/496/470 519/504/519 518/505/518
f 470/496/470 518/505/518 471/497/471
f 472/498/472 517/506/517 516/507/516
f 472/498/472 516/507/516 473/499/473
f 473/499/473 516/507/516 515/500/515
f 473/499/473 515/500/515 466/492/466
f 474/508/474 482/509/482 483/510/483
f 474/508/474 483/510/483 475/511/475
f 475/511/475 483/510/483 484/512/484
f 475/511/475 484/512/484 476/513/476
f 477/514/477 485/515/485 486/516/486
f 477/514/477 486/516/486 478/517/478
f 478/517/478 486/516/486 487/518/487
f 478/517/478 487/518/487 479/519/479
f 480/520/480 488/521/488 489/522/489
f 480/520/480 489/522/489 481/523/481
f 481/523/481 489/522/489 482/509/482
f 481/523/481 482/509/482 474/508/474
f 482/509/482 490/524/490 491/525/491
f 482/509/482 491/525/491 483/510/483
f 483/510/483 491/525/491 492/526/492
f 483/510/483 492/526/492 484/512/484
f 485/515/485 493/527/493 494/528/494
f 485/515/485 494/528/494 486/516/486
f 486/516/486 494/528/494 495/529/495
f 486/516/486 495/529/495 487/518/487
f 488/521/488 496/530/496 497/531/497
f 488/521/488 497/531/497 489/522/489
f 489/522/489 497/531/497 490/524/490
f 489/522/489 490/524/490 482/509/482
f 490/524/490 508/532/508 507/533/507
f 490/524/490 507/533/507 491/525/491
f 491/525/491 507/533/507 514/534/514
f 491/525/491 514/534/514 492/526/492
f 493/527/493 513/535/513 512/536/512
f 493/527/493 512/536/512 494/528/494
f 494/528/494 512/536/512 511/537/511
f 494/528/494 511/537/511 495/529/495
f 496/530/496 510/538/510 509/539/509
f 496/530/496 509/539/509 497/531/497
f 497/531/497 509/539/509 508/532/508
f 497/531/497 508/532/508 490/524/490
f 508/532/508 498/467/498 499/469/499
f 508/532/508 499/469/499 507/533/507
f 509/539/509 506/475/506 498/467/498
f 509/539/509 498/467/498 508/532/508
f 510/538/510 505/474/505 506/475/506
f 510/538/510 506/475/506 509/539/509
f 511/537/511 504/473/504 505/474/505
f 511/537/511 505/474/505 510/538/510
f 512/536/512 503/472/503 504/473/504
f 512/536/512 504/473/504 511/537/511
f 513/535/513 502/471/502 503/472/503
f 513/535/513 503/472/503 512/536/512
f 507/533/507 499/469/499 501/470/501
f 507/533/507 501/470/501 514/534/514
f 516/507/516 481/523/481 474/508/474
f 516/507/516 474/508/474 515/500/515
f 517/506/517 480/520/480 481/523/481
f 517/506/517 481/523/481 516/507/516
f 519/504/519 478/517/478 479/519/479
f 519/504/519 479/519/479 518/505/518
f 520/503/520 477/514/477 478/517/478
f 520/503/520 478/517/478 519/504/519
f 522/501/522 475/511/475 476/513/476
f 522/501/522 476/513/476 521/502/521
f 515/500/515 474/508/474 475/511/475
f 515/500/515 475/511/475 522/501/522
f 524/455/524 529/454/529 530/457/530
f 524/455/524 530/457/530 525/456/525
f 527/461/527 531/460/531 532/463/532
f 527/461/527 532/463/532 528/462/528
f 524/455/524 533/466/533 523/453/523
f 525/456/525 533/466/533 524/455/524
f 526/459/526 533/466/533 525/456/525
f 527/461/527 533/466/533 526/459/526
f 528/462/528 533/466/533 527/461/527
f 559/470/559 558/468/558 560/471/560
f 529/454/529 534/478/534 535/479/535
f 529/454/529 535/479/535 530/457/530
f 531/460/531 536/481/536 537/482/537
f 531/460/531 537/482/537 532/463/532
f 534/478/534 538/486/538 539/487/539
f 534/478/534 539/487/539 535/479/535
f 536/481/536 540/489/540 541/490/541
f 536/481/536 541/490/541 537/482/537
f 538/486/538 542/494/542 543/495/543
f 538/486/538 543/495/543 539/487/539
f 540/489/540 544/497/544 545/498/545
f 540/489/540 545/498/545 541/490/541
f 542/494/542 568/502/567 567/503/566
f 542/494/542 567/503/566 543/495/543
f 544/497/544 566/505/565 565/506/564
f 544/497/544 565/506/564 545/498/545
f 546/513/546 550/512/550 551/515/551
f 546/513/546 551/515/551 547/514/547
f 548/519/548 552/518/552 553/521/553
f 548/519/548 553/521/553 549/520/549
f 550/512/550 554/526/554 555/527/555
f 550/512/550 555/527/555 551/515/551
f 552/518/552 556/529/556 557/530/557
f 552/518/552 557/530/557 553/521/553
f 554/526/554 564/534/563 563/535/562
f 554/526/554 563/535/562 555/527/555
f 556/529/556 562/537/561 561/538/561
f 556/529/556 561/538/561 557/530/557
f 564/534/563 559/470/559 560/471/560
f 564/534/563 560/471/560 563/535/562
f 566/505/565 548/519/548 549/520/549
f 566/505/565 549/520/549 565/506/564
f 568/502/567 546/513/546 547/514/547
f 568/502/567 547/514/547 567/503/566
f 8/1/8 13/4/13 575/3/574
f 8/1/8 575/3/574 569/2/568
f 13/4/13 10/6/10 570/5/569
f 13/4/13 570/5/569 575/3/574
f 10/6/10 18/8/18 580/7/579
f 10/6/10 580/7/579 570/5/569
f 14/9/14 12/12/12 571/11/570
f 14/9/14 571/11/570 576/10/575
f 12/12/12 15/14/15 573/13/572
f 12/12/12 573/13/572 571/11/570
f 15/14/15 6/16/6 572/15/571
f 15/14/15 572/15/571 573/13/572
f 6/16/6 16/18/16 574/17/573
f 6/16/6 574/17/573 572/15/571
f 19/19/19 8/1/8 569/2/568
f 19/19/19 569/2/568 578/20/577
f 569/2/568 575/3/574 579/21/578
f 569/2/568 579/21/578 578/20/577
f 574/17/573 577/22/576 573/13/572
f 574/17/573 573/13/572 572/15/571
f 577/22/576 576/10/575 571/11/570
f 577/22/576 571/11/570 573/13/572
f 575/3/574 570/5/569 580/7/579
f 575/3/574 580/7/579 579/21/578
f 16/18/16 19/19/19 578/20/577
f 16/18/16 578/20/577 574/17/573
f 579/21/578 577/22/576 574/17/573
f 579/21/578 574/17/573 578/20/577
f 580/7/579 576/10/575 577/22/576
f 580/7/579 577/22/576 579/21/578
f 18/8/18 14/9/14 576/10/575
f 18/8/18 576/10/575 580/7/579
f 581/23/580 31/26/31 35/25/35
f 581/23/580 35/25/35 588/24/587
f 588/24/587 35/25/35 32/28/32
f 588/24/587 32/28/32 582/27/581
f 582/27/581 32/28/32 48/30/48
f 582/27/581 48/30/48 602/29/601
f 603/31/602 55/34/55 34/33/34
f 603/31/602 34/33/34 583/32/582
f 583/32/582 34/33/34 37/36/37
f 583/32/582 37/36/37 586/35/585
f 586/35/585 37/36/37 28/38/28
f 586/35/585 28/38/28 584/37/583
f 584/37/583 28/38/28 61/40/61
f 584/37/583 61/40/61 607/39/606
f 598/41/597 49/42/49 31/26/31
f 598/41/597 31/26/31 581/23/580
f 589/43/588 606/46/605 605/45/604
f 589/43/588 605/45/604 592/44/591
f 599/47/598 593/50/592 594/49/593
f 599/47/598 594/49/593 600/48/599
f 600/48/599 594/49/593 595/52/594
f 600/48/599 595/52/594 601/51/600
f 592/44/591 605/45/604 604/54/603
f 592/44/591 604/54/603 597/53/596
f 584/37/583 607/39/606 606/46/605
f 584/37/583 606/46/605 589/43/588
f 586/35/585 584/37/583 589/43/588
f 586/35/585 589/43/588 592/44/591
f 598/41/597 581/23/580 593/50/592
f 598/41/597 593/50/592 599/47/598
f 620/55/619 623/58/622 622/57/621
f 620/55/619 622/57/621 621/56/620
f 623/58/622 625/60/624 624/59/623
f 623/58/622 624/59/623 622/57/621
f 582/27/581 602/29/601 601/51/600
f 582/27/581 601/51/600 595/52/594
f 603/31/602 583/32/582 597/53/596
f 603/31/602 597/53/596 604/54/603
f 583/32/582 586/35/585 592/44/591
f 583/32/582 592/44/591 597/53/596
f 587/61/586 38/62/38 49/42/49
f 587/61/586 49/42/49 598/41/597
f 587/61/586 598/41/597 599/47/598
f 587/61/586 599/47/598 590/63/589
f 590/63/589 599/47/598 600/48/599
f 590/63/589 600/48/599 591/64/590
f 591/64/590 600/48/599 601/51/600
f 591/64/590 601/51/600 596/65/595
f 602/29/601 585/66/584 596/65/595
f 602/29/601 596/65/595 601/51/600
f 48/30/48 36/67/36 585/66/584
f 48/30/48 585/66/584 602/29/601
f 585/66/584 36/67/36 55/34/55
f 585/66/584 55/34/55 603/31/602
f 585/66/584 603/31/602 604/54/603
f 585/66/584 604/54/603 596/65/595
f 605/45/604 591/64/590 596/65/595
f 605/45/604 596/65/595 604/54/603
f 606/46/605 590/63/589 591/64/590
f 606/46/605 591/64/590 605/45/604
f 607/39/606 587/61/586 590/63/589
f 607/39/606 590/63/589 606/46/605
f 61/40/61 38/62/38 587/61/586
f 61/40/61 587/61/586 607/39/606
f 581/68/580 608/71/607 609/70/608
f 581/68/580 609/70/608 593/69/592
f 593/69/592 609/70/608 610/73/609
f 593/69/592 610/73/609 594/72/593
f 588/74/587 611/75/610 608/71/607
f 588/74/587 608/71/607 581/68/580
f 594/72/593 610/73/609 612/77/611
f 594/72/593 612/77/611 595/76/594
f 595/76/594 612/77/611 613/79/612
f 595/76/594 613/79/612 582/78/581
f 582/78/581 613/79/612 611/75/610
f 582/78/581 611/75/610 588/74/587
f 608/80/607 630/83/629 629/82/628
f 608/80/607 629/82/628 609/81/608
f 609/81/608 629/82/628 628/85/627
f 609/81/608 628/85/627 610/84/609
f 611/86/610 631/87/630 630/83/629
f 611/86/610 630/83/629 608/80/607
f 610/84/609 628/85/627 627/89/626
f 610/84/609 627/89/626 612/88/611
f 612/88/611 627/89/626 626/91/625
f 612/88/611 626/91/625 613/90/612
f 613/90/612 626/91/625 631/87/630
f 613/90/612 631/87/630 611/86/610
f 614/92/613 620/55/619 621/56/620
f 614/92/613 621/56/620 615/93/614
f 615/93/614 621/56/620 622/57/621
f 615/93/614 622/57/621 616/94/615
f 617/95/616 623/58/622 620/55/619
f 617/95/616 620/55/619 614/92/613
f 616/94/615 622/57/621 624/59/623
f 616/94/615 624/59/623 618/96/617
f 618/96/617 624/59/623 625/60/624
f 618/96/617 625/60/624 619/97/618
f 619/97/618 625/60/624 623/58/622
f 619/97/618 623/58/622 617/95/616
f 627/89/626 618/96/617 619/97/618
f 627/89/626 619/97/618 626/91/625
f 628/85/627 616/94/615 618/96/617
f 628/85/627 618/96/617 627/89/626
f 629/82/628 615/93/614 616/94/615
f 629/82/628 616/94/615 628/85/627
f 630/83/629 614/92/613 615/93/614
f 630/83/629 615/93/614 629/82/628
f 631/87/630 617/95/616 614/92/613
f 631/87/630 614/92/613 630/83/629
f 626/91/625 619/97/618 617/95/616
f 626/91/625 617/95/616 631/87/630
f 632/98/631 640/101/639 641/100/640
f 632/98/631 641/100/640 633/99/632
f 633/99/632 641/100/640 642/103/641
f 633/99/632 642/103/641 634/102/633
f 634/102/633 642/103/641 643/105/642
f 634/102/633 643/105/642 635/104/634
f 635/104/634 643/105/642 644/107/643
f 635/104/634 644/107/643 636/106/635
f 636/106/635 644/107/643 645/109/644
f 636/106/635 645/109/644 637/108/636
f 637/108/636 645/109/644 646/111/645
f 637/108/636 646/111/645 638/110/637
f 638/110/637 646/111/645 647/113/646
f 638/110/637 647/113/646 639/112/638
f 639/112/638 647/113/646 640/101/639
f 639/112/638 640/101/639 632/98/631
f 640/101/639 648/115/647 649/114/648
f 640/101/639 649/114/648 641/100/640
f 641/100/640 649/114/648 650/116/649
f 641/100/640 650/116/649 642/103/641
f 642/103/641 650/116/649 651/117/650
f 642/103/641 651/117/650 643/105/642
f 643/105/642 651/117/650 652/118/651
f 643/105/642 652/118/651 644/107/643
f 644/107/643 652/118/651 653/119/652
f 644/107/643 653/119/652 645/109/644
f 645/109/644 653/119/652 654/120/653
f 645/109/644 654/120/653 646/111/645
f 646/111/645 654/120/653 655/121/654
f 646/111/645 655/121/654 647/113/646
f 647/113/646 655/121/654 648/115/647
f 647/113/646 648/115/647 640/101/639
f 648/115/647 656/123/655 657/122/656
f 648/115/647 657/122/656 649/114/648
f 649/114/648 657/122/656 658/124/657
f 649/114/648 658/124/657 650/116/649
f 650/116/649 658/124/657 659/125/658
f 650/116/649 659/125/658 651/117/650
f 651/117/650 659/125/658 660/126/659
f 651/117/650 660/126/659 652/118/651
f 652/118/651 660/126/659 661/127/660
f 652/118/651 661/127/660 653/119/652
f 653/119/652 661/127/660 662/128/661
f 653/119/652 662/128/661 654/120/653
f 654/120/653 662/128/661 663/129/662
f 654/120/653 663/129/662 655/121/654
f 655/121/654 663/129/662 656/123/655
f 655/121/654 656/123/655 648/115/647
f 656/123/655 664/131/663 665/130/664
f 656/123/655 665/130/664 657/122/656
f 657/122/656 665/130/664 666/132/665
f 657/122/656 666/132/665 658/124/657
f 658/124/657 666/132/665 667/133/666
f 658/124/657 667/133/666 659/125/658
f 659/125/658 667/133/666 668/134/667
f 659/125/658 668/134/667 660/126/659
f 660/126/659 668/134/667 669/135/668
f 660/126/659 669/135/668 661/127/660
f 661/127/660 669/135/668 670/136/669
f 661/127/660 670/136/669 662/128/661
f 662/128/661 670/136/669 671/137/670
f 662/128/661 671/137/670 663/129/662
f 663/129/662 671/137/670 664/131/663
f 663/129/662 664/131/663 656/123/655
f 633/99/632 672/138/671 632/98/631
f 634/102/633 672/138/671 633/99/632
f 635/104/634 672/138/671 634/102/633
f 636/106/635 672/138/671 635/104/634
f 637/108/636 672/138/671 636/106/635
f 638/110/637 672/138/671 637/108/636
f 639/112/638 672/138/671 638/110/637
f 632/98/631 672/138/671 639/112/638
f 136/139/136 139/142/139 680/141/679
f 136/139/136 680/141/679 674/140/673
f 139/142/139 138/144/138 675/143/674
f 139/142/139 675/143/674 680/141/679
f 138/144/138 140/146/140 677/145/676
f 138/144/138 677/145/676 675/143/674
f 140/146/140 132/148/132 676/147/675
f 140/146/140 676/147/675 677/145/676
f 132/148/132 141/150/141 678/149/677
f 132/148/132 678/149/677 676/147/675
f 141/150/141 134/152/134 673/151/672
f 141/150/141 673/151/672 678/149/677
f 673/151/672 679/154/678 681/153/680
f 673/151/672 681/153/680 678/149/677
f 678/149/677 681/153/680 677/145/676
f 678/149/677 677/145/676 676/147/675
f 681/153/680 680/141/679 675/143/674
f 681/153/680 675/143/674 677/145/676
f 679/154/678 674/140/673 680/141/679
f 679/154/678 680/141/679 681/153/680
f 682/155/681 690/158/689 691/157/690
f 682/155/681 691/157/690 683/156/682
f 683/156/682 691/157/690 692/160/691
f 683/156/682 692/160/691 684/159/683
f 684/159/683 692/160/691 693/162/692
f 684/159/683 693/162/692 685/161/684
f 685/161/684 693/162/692 694/164/693
f 685/161/684 694/164/693 686/163/685
f 686/163/685 694/164/693 695/166/694
f 686/163/685 695/166/694 687/165/686
f 687/165/686 695/166/694 696/168/695
f 687/165/686 696/168/695 688/167/687
f 688/167/687 696/168/695 697/170/696
f 688/167/687 697/170/696 689/169/688
f 689/169/688 697/170/696 690/158/689
f 689/169/688 690/158/689 682/155/681
f 722/171/721 724/173/723 723/172/722
f 723/172/722 724/173/723 725/174/724
f 725/174/724 724/173/723 726/175/725
f 726/175/725 724/173/723 727/176/726
f 727/176/726 724/173/723 728/177/727
f 728/177/727 724/173/723 729/178/728
f 729/178/728 724/173/723 730/179/729
f 730/179/729 724/173/723 722/171/721
f 690/158/689 750/181/749 749/180/748
f 690/158/689 749/180/748 691/157/690
f 691/157/690 749/180/748 748/182/747
f 691/157/690 748/182/747 692/160/691
f 692/160/691 748/182/747 747/183/746
f 692/160/691 747/183/746 693/162/692
f 693/162/692 747/183/746 754/184/753
f 693/162/692 754/184/753 694/164/693
f 694/164/693 754/184/753 753/185/752
f 694/164/693 753/185/752 695/166/694
f 695/166/694 753/185/752 752/186/751
f 695/166/694 752/186/751 696/168/695
f 696/168/695 752/186/751 751/187/750
f 696/168/695 751/187/750 697/170/696
f 697/170/696 751/187/750 750/181/749
f 697/170/696 750/181/749 690/158/689
f 698/188/697 706/191/705 707/190/706
f 698/188/697 707/190/706 699/189/698
f 699/189/698 707/190/706 708/193/707
f 699/189/698 708/193/707 700/192/699
f 700/192/699 708/193/707 709/195/708
f 700/192/699 709/195/708 701/194/700
f 701/194/700 709/195/708 710/197/709
f 701/194/700 710/197/709 702/196/701
f 702/196/701 710/197/709 711/199/710
f 702/196/701 711/199/710 703/198/702
f 703/198/702 711/199/710 712/201/711
f 703/198/702 712/201/711 704/200/703
f 704/200/703 712/201/711 713/203/712
f 704/200/703 713/203/712 705/202/704
f 705/202/704 713/203/712 706/191/705
f 705/202/704 706/191/705 698/188/697
f 706/191/705 734/205/733 733/204/732
f 706/191/705 733/204/732 707/190/706
f 707/190/706 733/204/732 732/206/731
f 707/190/706 732/206/731 708/193/707
f 708/193/707 732/206/731 731/207/730
f 708/193/707 731/207/730 709/195/708
f 709/195/708 731/207/730 738/208/737
f 709/195/708 738/208/737 710/197/709
f 710/197/709 738/208/737 737/209/736
f 710/197/709 737/209/736 711/199/710
f 711/199/710 737/209/736 736/210/735
f 711/199/710 736/210/735 712/201/711
f 712/201/711 736/210/735 735/211/734
f 712/201/711 735/211/734 713/203/712
f 713/203/712 735/211/734 734/205/733
f 713/203/712 734/205/733 706/191/705
f 714/212/713 722/171/721 723/172/722
f 714/212/713 723/172/722 715/213/714
f 715/213/714 723/172/722 725/174/724
f 715/213/714 725/174/724 716/214/715
f 716/214/715 725/174/724 726/175/725
f 716/214/715 726/175/725 717/215/716
f 717/215/716 726/175/725 727/176/726
f 717/215/716 727/176/726 718/216/717
f 718/216/717 727/176/726 728/177/727
f 718/216/717 728/177/727 719/217/718
f 719/217/718 728/177/727 729/178/728
f 719/217/718 729/178/728 720/218/719
f 720/218/719 729/178/728 730/179/729
f 720/218/719 730/179/729 721/219/720
f 721/219/720 730/179/729 722/171/721
f 721/219/720 722/171/721 714/212/713
f 732/206/731 740/221/739 739/220/738
f 732/206/731 739/220/738 731/207/730
f 733/204/732 741/222/740 740/221/739
f 733/204/732 740/221/739 732/206/731
f 734/205/733 742/223/741 741/222/740
f 734/205/733 741/222/740 733/204/732
f 735/211/734 743/224/742 742/223/741
f 735/211/734 742/223/741 734/205/733
f 736/210/735 744/225/743 743/224/742
f 736/210/735 743/224/742 735/211/734
f 737/209/736 745/226/744 744/225/743
f 737/209/736 744/225/743 736/210/735
f 738/208/737 746/227/745 745/226/744
f 738/208/737 745/226/744 737/209/736
f 731/207/730 739/220/738 746/227/745
f 731/207/730 746/227/745 738/208/737
f 740/221/739 716/214/715 717/215/716
f 740/221/739 717/215/716 739/220/738
f 741/222/740 715/213/714 716/214/715
f 741/222/740 716/214/715 740/221/739
f 742/223/741 714/212/713 715/213/714
f 742/223/741 715/213/714 741/222/740
f 743/224/742 721/219/720 714/212/713
f 743/224/742 714/212/713 742/223/741
f 744/225/743 720/218/719 721/219/720
f 744/225/743 721/219/720 743/224/742
f 745/226/744 719/217/718 720/218/719
f 745/226/744 720/218/719 744/225/743
f 746/227/745 718/216/717 719/217/718
f 746/227/745 719/217/718 745/226/744
f 739/220/738 717/215/716 718/216/717
f 739/220/738 718/216/717 746/227/745
f 748/182/747 700/192/699 701/194/700
f 748/182/747 701/194/700 747/183/746
f 749/180/748 699/189/698 700/192/699
f 749/180/748 700/192/699 748/182/747
f 750/181/749 698/188/697 699/189/698
f 750/181/749 699/189/698 749/180/748
f 751/187/750 705/202/704 698/188/697
f 751/187/750 698/188/697 750/181/749
f 752/186/751 704/200/703 705/202/704
f 752/186/751 705/202/704 751/187/750
f 753/185/752 703/198/702 704/200/703
f 753/185/752 704/200/703 752/186/751
f 754/184/753 702/196/701 703/198/702
f 754/184/753 703/198/702 753/185/752
f 747/183/746 701/194/700 702/196/701
f 747/183/746 702/196/701 754/184/753
f 219/228/219 223/231/223 758/230/757
f 219/228/219 758/230/757 755/229/754
f 223/231/223 221/233/221 756/232/755
f 223/231/223 756/232/755 758/230/757
f 221/233/221 224/235/224 759/234/758
f 221/233/221 759/234/758 756/232/755
f 228/236/228 230/239/230 762/238/761
f 228/236/228 762/238/761 761/237/760
f 230/239/230 231/241/231 763/240/762
f 230/239/230 763/240/762 762/238/761
f 231/241/231 234/243/234 764/242/763
f 231/241/231 764/242/763 763/240/762
f 234/243/234 235/245/235 765/244/764
f 234/243/234 765/244/764 764/242/763
f 225/246/225 219/228/219 755/229/754
f 225/246/225 755/229/754 757/247/756
f 755/229/754 758/230/757 760/248/759
f 755/229/754 760/248/759 757/247/756
f 765/244/764 766/249/765 763/240/762
f 765/244/764 763/240/762 764/242/763
f 766/249/765 761/237/760 762/238/761
f 766/249/765 762/238/761 763/240/762
f 758/230/757 756/232/755 759/234/758
f 758/230/757 759/234/758 760/248/759
f 224/235/224 248/251/248 775/250/774
f 224/235/224 775/250/774 759/234/758
f 757/247/756 773/253/772 249/252/249
f 757/247/756 249/252/249 225/246/225
f 760/248/759 774/254/773 773/253/772
f 760/248/759 773/253/772 757/247/756
f 759/234/758 775/250/774 774/254/773
f 759/234/758 774/254/773 760/248/759
f 767/255/766 765/244/764 235/245/235
f 767/255/766 235/245/235 239/256/239
f 768/257/767 766/249/765 765/244/764
f 768/257/767 765/244/764 767/255/766
f 769/258/768 761/237/760 766/249/765
f 769/258/768 766/249/765 768/257/767
f 238/259/238 228/236/228 761/237/760
f 238/259/238 761/237/760 769/258/768
f 770/260/769 767/263/766 239/262/239
f 770/260/769 239/262/239 244/261/244
f 771/264/770 768/265/767 767/263/766
f 771/264/770 767/263/766 770/260/769
f 772/266/771 769/267/768 768/265/767
f 772/266/771 768/265/767 771/264/770
f 243/268/243 238/269/238 769/267/768
f 243/268/243 769/267/768 772/266/771
f 773/253/772 770/260/769 244/261/244
f 773/253/772 244/261/244 249/252/249
f 774/254/773 771/264/770 770/260/769
f 774/254/773 770/260/769 773/253/772
f 775/250/774 772/266/771 771/264/770
f 775/250/774 771/264/770 774/254/773
f 248/251/248 243/268/243 772/266/771
f 248/251/248 772/266/771 775/250/774
f 776/270/775 777/273/776 785/272/784
f 776/270/775 785/272/784 784/271/783
f 777/273/776 778/275/777 786/274/785
f 777/273/776 786/274/785 785/272/784
f 778/275/777 779/277/778 787/276/786
f 778/275/777 787/276/786 786/274/785
f 779/277/778 780/279/779 788/278/787
f 779/277/778 788/278/787 787/276/786
f 780/279/779 781/281/780 789/280/788
f 780/279/779 789/280/788 788/278/787
f 781/281/780 782/283/781 790/282/789
f 781/281/780 790/282/789 789/280/788
f 782/283/781 783/285/782 791/284/790
f 782/283/781 791/284/790 790/282/789
f 783/285/782 776/270/775 784/271/783
f 783/285/782 784/271/783 791/284/790
f 777/273/776 776/270/775 792/286/791
f 778/275/777 777/273/776 792/286/791
f 779/277/778 778/275/777 792/286/791
f 780/279/779 779/277/778 792/286/791
f 781/281/780 780/279/779 792/286/791
f 782/283/781 781/281/780 792/286/791
f 783/285/782 782/283/781 792/286/791
f 776/270/775 783/285/782 792/286/791
f 841/287/840 842/289/841 843/288/842
f 842/289/841 844/290/843 843/288/842
f 844/290/843 845/291/844 843/288/842
f 845/291/844 846/292/845 843/288/842
f 846/292/845 847/293/846 843/288/842
f 847/293/846 848/294/847 843/288/842
f 848/294/847 849/295/848 843/288/842
f 849/295/848 841/287/840 843/288/842
f 784/271/783 785/272/784 794/297/793
f 784/271/783 794/297/793 793/296/792
f 785/272/784 786/274/785 795/298/794
f 785/272/784 795/298/794 794/297/793
f 786/274/785 787/276/786 796/299/795
f 786/274/785 796/299/795 795/298/794
f 787/276/786 788/278/787 797/300/796
f 787/276/786 797/300/796 796/299/795
f 788/278/787 789/280/788 798/301/797
f 788/278/787 798/301/797 797/300/796
f 789/280/788 790/282/789 799/302/798
f 789/280/788 799/302/798 798/301/797
f 790/282/789 791/284/790 800/303/799
f 790/282/789 800/303/799 799/302/798
f 791/284/790 784/271/783 793/296/792
f 791/284/790 793/296/792 800/303/799
f 793/296/792 794/297/793 802/305/801
f 793/296/792 802/305/801 801/304/800
f 794/297/793 795/298/794 803/306/802
f 794/297/793 803/306/802 802/305/801
f 795/298/794 796/299/795 804/307/803
f 795/298/794 804/307/803 803/306/802
f 796/299/795 797/300/796 805/308/804
f 796/299/795 805/308/804 804/307/803
f 797/300/796 798/301/797 806/309/805
f 797/300/796 806/309/805 805/308/804
f 798/301/797 799/302/798 807/310/806
f 798/301/797 807/310/806 806/309/805
f 799/302/798 800/303/799 808/311/807
f 799/302/798 808/311/807 807/310/806
f 800/303/799 793/296/792 801/304/800
f 800/303/799 801/304/800 808/311/807
f 801/304/800 802/305/801 810/313/809
f 801/304/800 810/313/809 809/312/808
f 802/305/801 803/306/802 811/314/810
f 802/305/801 811/314/810 810/313/809
f 803/306/802 804/307/803 812/315/811
f 803/306/802 812/315/811 811/314/810
f 804/307/803 805/308/804 813/316/812
f 804/307/803 813/316/812 812/315/811
f 805/308/804 806/309/805 814/317/813
f 805/308/804 814/317/813 813/316/812
f 806/309/805 807/310/806 815/318/814
f 806/309/805 815/318/814 814/317/813
f 807/310/806 808/311/807 816/319/815
f 807/310/806 816/319/815 815/318/814
f 808/311/807 801/304/800 809/312/808
f 808/311/807 809/312/808 816/319/815
f 809/312/808 810/313/809 865/321/864
f 809/312/808 865/321/864 858/320/857
f 810/313/809 811/314/810 864/322/863
f 810/313/809 864/322/863 865/321/864
f 811/314/810 812/315/811 863/323/862
f 811/314/810 863/323/862 864/322/863
f 812/315/811 813/316/812 862/324/861
f 812/315/811 862/324/861 863/323/862
f 813/316/812 814/317/813 861/325/860
f 813/316/812 861/325/860 862/324/861
f 814/317/813 815/318/814 860/326/859
f 814/317/813 860/326/859 861/325/860
f 815/318/814 816/319/815 859/327/858
f 815/318/814 859/327/858 860/326/859
f 816/319/815 809/312/808 858/320/857
f 816/319/815 858/320/857 859/327/858
f 817/328/816 818/331/817 826/330/825
f 817/328/816 826/330/825 825/329/824
f 818/331/817 819/333/818 827/332/826
f 818/331/817 827/332/826 826/330/825
f 819/333/818 820/335/819 828/334/827
f 819/333/818 828/334/827 827/332/826
f 820/335/819 821/337/820 829/336/828
f 820/335/819 829/336/828 828/334/827
f 821/337/820 822/339/821 830/338/829
f 821/337/820 830/338/829 829/336/828
f 822/339/821 823/341/822 831/340/830
f 822/339/821 831/340/830 830/338/829
f 823/341/822 824/343/823 832/342/831
f 823/341/822 832/342/831 831/340/830
f 824/343/823 817/328/816 825/329/824
f 824/343/823 825/329/824 832/342/831
f 825/329/824 826/330/825 834/345/833
f 825/329/824 834/345/833 833/344/832
f 826/330/825 827/332/826 835/346/834
f 826/330/825 835/346/834 834/345/833
f 827/332/826 828/334/827 836/347/835
f 827/332/826 836/347/835 835/346/834
f 828/334/827 829/336/828 837/348/836
f 828/334/827 837/348/836 836/347/835
f 829/336/828 830/338/829 838/349/837
f 829/336/828 838/349/837 837/348/836
f 830/338/829 831/340/830 839/350/838
f 830/338/829 839/350/838 838/349/837
f 831/340/830 832/342/831 840/351/839
f 831/340/830 840/351/839 839/350/838
f 832/342/831 825/329/824 833/344/832
f 832/342/831 833/344/832 840/351/839
f 833/344/832 834/345/833 850/353/849
f 833/344/832 850/353/849 851/352/850
f 834/345/833 835/346/834 857/354/856
f 834/345/833 857/354/856 850/353/849
f 835/346/834 836/347/835 856/355/855
f 835/346/834 856/355/855 857/354/856
f 836/347/835 837/348/836 855/356/854
f 836/347/835 855/356/854 856/355/855
f 837/348/836 838/349/837 854/357/853
f 837/348/836 854/357/853 855/356/854
f 838/349/837 839/350/838 853/358/852
f 838/349/837 853/358/852 854/357/853
f 839/350/838 840/351/839 852/359/851
f 839/350/838 852/359/851 853/358/852
f 840/351/839 833/344/832 851/352/850
f 840/351/839 851/352/850 852/359/851
f 851/352/850 850/353/849 842/289/841
f 851/352/850 842/289/841 841/287/840
f 852/359/851 851/352/850 841/287/840
f 852/359/851 841/287/840 849/295/848
f 853/358/852 852/359/851 849/295/848
f 853/358/852 849/295/848 848/294/847
f 854/357/853 853/358/852 848/294/847
f 854/357/853 848/294/847 847/293/846
f 855/356/854 854/357/853 847/293/846
f 855/356/854 847/293/846 846/292/845
f 856/355/855 855/356/854 846/292/845
f 856/355/855 846/292/845 845/291/844
f 857/354/856 856/355/855 845/291/844
f 857/354/856 845/291/844 844/290/843
f 850/353/849 857/354/856 844/290/843
f 850/353/849 844/290/843 842/289/841
f 859/327/858 858/320/857 817/328/816
f 859/327/858 817/328/816 824/343/823
f 860/326/859 859/327/858 824/343/823
f 860/326/859 824/343/823 823/341/822
f 861/325/860 860/326/859 823/341/822
f 861/325/860 823/341/822 822/339/821
f 862/324/861 861/325/860 822/339/821
f 862/324/861 822/339/821 821/337/820
f 863/323/862 862/324/861 821/337/820
f 863/323/862 821/337/820 820/335/819
f 864/322/863 863/323/862 820/335/819
f 864/322/863 820/335/819 819/333/818
f 865/321/864 864/322/863 819/333/818
f 865/321/864 819/333/818 818/331/817
f 858/320/857 865/321/864 818/331/817
f 858/320/857 818/331/817 817/328/816
f 866/360/865 867/363/866 875/362/874
f 866/360/865 875/362/874 874/361/873
f 867/363/866 868/365/867 876/364/875
f 867/363/866 876/364/875 875/362/874
f 868/365/867 869/367/868 877/366/876
f 868/365/867 877/366/876 876/364/875
f 869/367/868 870/369/869 878/368/877
f 869/367/868 878/368/877 877/366/876
f 870/369/869 871/371/870 879/370/878
f 870/369/869 879/370/878 878/368/877
f 871/371/870 872/373/871 880/372/879
f 871/371/870 880/372/879 879/370/878
f 872/373/871 873/375/872 881/374/880
f 872/373/871 881/374/880 880/372/879
f 873/375/872 866/360/865 874/361/873
f 873/375/872 874/361/873 881/374/880
f 867/363/866 866/360/865 882/376/881
f 868/365/867 867/363/866 882/376/881
f 869/367/868 868/365/867 882/376/881
f 870/369/869 869/367/868 882/376/881
f 871/371/870 870/369/869 882/376/881
f 872/373/871 871/371/870 882/376/881
f 873/375/872 872/373/871 882/376/881
f 866/360/865 873/375/872 882/376/881
f 931/377/930 932/379/931 933/378/932
f 932/379/931 934/380/933 933/378/932
f 934/380/933 935/381/934 933/378/932
f 935/381/934 936/382/935 933/378/932
f 936/382/935 937/383/936 933/378/932
f 937/383/936 938/384/937 933/378/932
f 938/384/937 939/385/938 933/378/932
f 939/385/938 931/377/930 933/378/932
f 874/361/873 875/362/874 884/387/883
f 874/361/873 884/387/883 883/386/882
f 875/362/874 876/364/875 885/388/884
f 875/362/874 885/388/884 884/387/883
f 876/364/875 877/366/876 886/389/885
f 876/364/875 886/389/885 885/388/884
f 877/366/876 878/368/877 887/390/886
f 877/366/876 887/390/886 886/389/885
f 878/368/877 879/370/878 888/391/887
f 878/368/877 888/391/887 887/390/886
f 879/370/878 880/372/879 889/392/888
f 879/370/878 889/392/888 888/391/887
f 880/372/879 881/374/880 890/393/889
f 880/372/879 890/393/889 889/392/888
f 881/374/880 874/361/873 883/386/882
f 881/374/880 883/386/882 890/393/889
f 883/386/882 884/387/883 892/395/891
f 883/386/882 892/395/891 891/394/890
f 884/387/883 885/388/884 893/396/892
f 884/387/883 893/396/892 892/395/891
f 885/388/884 886/389/885 894/397/893
f 885/388/884 894/397/893 893/396/892
f 886/389/885 887/390/886 895/398/894
f 886/389/885 895/398/894 894/397/893
f 887/390/886 888/391/887 896/399/895
f 887/390/886 896/399/895 895/398/894
f 888/391/887 889/392/888 897/400/896
f 888/391/887 897/400/896 896/399/895
f 889/392/888 890/393/889 898/401/897
f 889/392/888 898/401/897 897/400/896
f 890/393/889 883/386/882 891/394/890
f 890/393/889 891/394/890 898/401/897
f 891/394/890 892/395/891 900/403/899
f 891/394/890 900/403/899 899/402/898
f 892/395/891 893/396/892 901/404/900
f 892/395/891 901/404/900 900/403/899
f 893/396/892 894/397/893 902/405/901
f 893/396/892 902/405/901 901/404/900
f 894/397/893 895/398/894 903/406/902
f 894/397/893 903/406/902 902/405/901
f 895/398/894 896/399/895 904/407/903
f 895/398/894 904/407/903 903/406/902
f 896/399/895 897/400/896 905/408/904
f 896/399/895 905/408/904 904/407/903
f 897/400/896 898/401/897 906/409/905
f 897/400/896 906/409/905 905/408/904
f 898/401/897 891/394/890 899/402/898
f 898/401/897 899/402/898 906/409/905
f 899/402/898 900/403/899 955/411/954
f 899/402/898 955/411/954 948/410/947
f 900/403/899 901/404/900 954/412/953
f 900/403/899 954/412/953 955/411/954
f 901/404/900 902/405/901 953/413/952
f 901/404/900 953/413/952 954/412/953
f 902/405/901 903/406/902 952/414/951
f 902/405/901 952/414/951 953/413/952
f 903/406/902 904/407/903 951/415/950
f 903/406/902 951/415/950 952/414/951
f 904/407/903 905/408/904 950/416/949
f 904/407/903 950/416/949 951/415/950
f 905/408/904 906/409/905 949/417/948
f 905/408/904 949/417/948 950/416/949
f 906/409/905 899/402/898 948/410/947
f 906/409/905 948/410/947 949/417/948
f 907/418/906 908/421/907 916/420/915
f 907/418/906 916/420/915 915/419/914
f 908/421/907 909/423/908 917/422/916
f 908/421/907 917/422/916 916/420/915
f 909/423/908 910/425/909 918/424/917
f 909/423/908 918/424/917 917/422/916
f 910/425/909 911/427/910 919/426/918
f 910/425/909 919/426/918 918/424/917
f 911/427/910 912/429/911 920/428/919
f 911/427/910 920/428/919 919/426/918
f 912/429/911 913/431/912 921/430/920
f 912/429/911 921/430/920 920/428/919
f 913/431/912 914/433/913 922/432/921
f 913/431/912 922/432/921 921/430/920
f 914/433/913 907/418/906 915/419/914
f 914/433/913 915/419/914 922/432/921
f 915/419/914 916/420/915 924/435/923
f 915/419/914 924/435/923 923/434/922
f 916/420/915 917/422/916 925/436/924
f 916/420/915 925/436/924 924/435/923
f 917/422/916 918/424/917 926/437/925
f 917/422/916 926/437/925 925/436/924
f 918/424/917 919/426/918 927/438/926
f 918/424/917 927/438/926 926/437/925
f 919/426/918 920/428/919 928/439/927
f 919/426/918 928/439/927 927/438/926
f 920/428/919 921/430/920 929/440/928
f 920/428/919 929/440/928 928/439/927
f 921/430/920 922/432/921 930/441/929
f 921/430/920 930/441/929 929/440/928
f 922/432/921 915/419/914 923/434/922
f 922/432/921 923/434/922 930/441/929
f 923/434/922 924/435/923 940/443/939
f 923/434/922 940/443/939 941/442/940
f 924/435/923 925/436/924 947/444/946
f 924/435/923 947/444/946 940/443/939
f 925/436/924 926/437/925 946/445/945
f 925/436/924 946/445/945 947/444/946
f 926/437/925 927/438/926 945/446/944
f 926/437/925 945/446/944 946/445/945
f 927/438/926 928/439/927 944/447/943
f 927/438/926 944/447/943 945/446/944
f 928/439/927 929/440/928 943/448/942
f 928/439/927 943/448/942 944/447/943
f 929/440/928 930/441/929 942/449/941
f 929/440/928 942/449/941 943/448/942
f 930/441/929 923/434/922 941/442/940
f 930/441/929 941/442/940 942/449/941
f 941/442/940 940/443/939 932/379/931
f 941/442/940 932/379/931 931/377/930
f 942/449/941 941/442/940 931/377/930
f 942/449/941 931/377/930 939/385/938
f 943/448/942 942/449/941 939/385/938
f 943/448/942 939/385/938 938/384/937
f 944/447/943 943/448/942 938/384/937
f 944/447/943 938/384/937 937/383/936
f 945/446/944 944/447/943 937/383/936
f 945/446/944 937/383/936 936/382/935
f 946/445/945 945/446/944 936/382/935
f 946/445/945 936/382/935 935/381/934
f 947/444/946 946/445/945 935/381/934
f 947/444/946 935/381/934 934/380/933
f 940/443/939 947/444/946 934/380/933
f 940/443/939 934/380/933 932/379/931
f 949/417/948 948/410/947 907/418/906
f 949/417/948 907/418/906 914/433/913
f 950/416/949 949/417/948 914/433/913
f 950/416/949 914/433/913 913/431/912
f 951/415/950 950/416/949 913/431/912
f 951/415/950 913/431/912 912/429/911
f 952/414/951 951/415/950 912/429/911
f 952/414/951 912/429/911 911/427/910
f 953/413/952 952/414/951 911/427/910
f 953/413/952 911/427/910 910/425/909
f 954/412/953 953/413/952 910/425/909
f 954/412/953 910/425/909 909/423/908
f 955/411/954 954/412/953 909/423/908
f 955/411/954 909/423/908 908/421/907
f 948/410/947 955/411/954 908/421/907
f 948/410/947 908/421/907 907/418/906
f 956/450/955 957/453/956 965/452/964
f 956/450/955 965/452/964 964/451/963
f 957/453/956 958/455/957 966/454/965
f 957/453/956 966/454/965 965/452/964
f 959/456/958 960/459/959 968/458/967
f 959/456/958 968/458/967 967/457/966
f 960/459/959 961/461/960 969/460/968
f 960/459/959 969/460/968 968/458/967
f 962/462/961 963/465/962 971/464/970
f 962/462/961 971/464/970 970/463/969
f 963/465/962 956/450/955 964/451/963
f 963/465/962 964/451/963 971/464/970
f 957/453/956 956/450/955 972/466/971
f 963/465/962 962/462/961 972/466/971
f 956/450/955 963/465/962 972/466/971
f 1021/467/1020 1022/469/1021 1023/468/1022
f 1022/469/1021 1024/470/1023 1023/468/1022
f 1025/471/1024 1026/472/1025 1023/468/1022
f 1026/472/1025 1027/473/1026 1023/468/1022
f 1027/473/1026 1028/474/1027 1023/468/1022
f 1028/474/1027 1029/475/1028 1023/468/1022
f 1029/475/1028 1021/467/1020 1023/468/1022
f 964/451/963 965/452/964 974/477/973
f 964/451/963 974/477/973 973/476/972
f 965/452/964 966/454/965 975/478/974
f 965/452/964 975/478/974 974/477/973
f 967/457/966 968/458/967 977/480/976
f 967/457/966 977/480/976 976/479/975
f 968/458/967 969/460/968 978/481/977
f 968/458/967 978/481/977 977/480/976
f 970/463/969 971/464/970 980/483/979
f 970/463/969 980/483/979 979/482/978
f 971/464/970 964/451/963 973/476/972
f 971/464/970 973/476/972 980/483/979
f 973/476/972 974/477/973 982/485/981
f 973/476/972 982/485/981 981/484/980
f 974/477/973 975/478/974 983/486/982
f 974/477/973 983/486/982 982/485/981
f 976/479/975 977/480/976 985/488/984
f 976/479/975 985/488/984 984/487/983
f 977/480/976 978/481/977 986/489/985
f 977/480/976 986/489/985 985/488/984
f 979/482/978 980/483/979 988/491/987
f 979/482/978 988/491/987 987/490/986
f 980/483/979 973/476/972 981/484/980
f 980/483/979 981/484/980 988/491/987
f 981/484/980 982/485/981 990/493/989
f 981/484/980 990/493/989 989/492/988
f 982/485/981 983/486/982 991/494/990
f 982/485/981 991/494/990 990/493/989
f 984/487/983 985/488/984 993/496/992
f 984/487/983 993/496/992 992/495/991
f 985/488/984 986/489/985 994/497/993
f 985/488/984 994/497/993 993/496/992
f 987/490/986 988/491/987 996/499/995
f 987/490/986 996/499/995 995/498/994
f 988/491/987 981/484/980 989/492/988
f 988/491/987 989/492/988 996/499/995
f 989/492/988 990/493/989 1045/501/1044
f 989/492/988 1045/501/1044 1038/500/1037
f 990/493/989 991/494/990 1044/502/1043
f 990/493/989 1044/502/1043 1045/501/1044
f 992/495/991 993/496/992 1042/504/1041
f 992/495/991 1042/504/1041 1043/503/1042
f 993/496/992 994/497/993 1041/505/1040
f 993/496/992 1041/505/1040 1042/504/1041
f 995/498/994 996/499/995 1039/507/1038
f 995/498/994 1039/507/1038 1040/506/1039
f 996/499/995 989/492/988 1038/500/1037
f 996/499/995 1038/500/1037 1039/507/1038
f 997/508/996 998/511/997 1006/510/1005
f 997/508/996 1006/510/1005 1005/509/1004
f 998/511/997 999/513/998 1007/512/1006
f 998/511/997 1007/512/1006 1006/510/1005
f 1000/514/999 1001/517/1000 1009/516/1008
f 1000/514/999 1009/516/1008 1008/515/1007
f 1001/517/1000 1002/519/1001 1010/518/1009
f 1001/517/1000 1010/518/1009 1009/516/1008
f 1003/520/1002 1004/523/1003 1012/522/1011
f 1003/520/1002 1012/522/1011 1011/521/1010
f 1004/523/1003 997/508/996 1005/509/1004
f 1004/523/1003 1005/509/1004 1012/522/1011
f 1005/509/1004 1006/510/1005 1014/525/1013
f 1005/509/1004 1014/525/1013 1013/524/1012
f 1006/510/1005 1007/512/1006 1015/526/1014
f 1006/510/1005 1015/526/1014 1014/525/1013
f 1008/515/1007 1009/516/1008 1017/528/1016
f 1008/515/1007 1017/528/1016 1016/527/1015
f 1009/516/1008 1010/518/1009 1018/529/1017
f 1009/516/1008 1018/529/1017 1017/528/1016
f 1011/521/1010 1012/522/1011 1020/531/1019
f 1011/521/1010 1020/531/1019 1019/530/1018
f 1012/522/1011 1005/509/1004 1013/524/1012
f 1012/522/1011 1013/524/1012 1020/531/1019
f 1013/524/1012 1014/525/1013 1030/533/1029
f 1013/524/1012 1030/533/1029 1031/532/1030
f 1014/525/1013 1015/526/1014 1037/534/1036
f 1014/525/1013 1037/534/1036 1030/533/1029
f 1016/527/1015 1017/528/1016 1035/536/1034
f 1016/527/1015 1035/536/1034 1036/535/1035
f 1017/528/1016 1018/529/1017 1034/537/1033
f 1017/528/1016 1034/537/1033 1035/536/1034
f 1019/530/1018 1020/531/1019 1032/539/1031
f 1019/530/1018 1032/539/1031 1033/538/1032
f 1020/531/1019 1013/524/1012 1031/532/1030
f 1020/531/1019 1031/532/1030 1032/539/1031
f 1031/532/1030 1030/533/1029 1022/469/1021
f 1031/532/1030 1022/469/1021 1021/467/1020
f 1032/539/1031 1031/532/1030 1021/467/1020
f 1032/539/1031 1021/467/1020 1029/475/1028
f 1033/538/1032 1032/539/1031 1029/475/1028
f 1033/538/1032 1029/475/1028 1028/474/1027
f 1034/537/1033 1033/538/1032 1028/474/1027
f 1034/537/1033 1028/474/1027 1027/473/1026
f 1035/536/1034 1034/537/1033 1027/473/1026
f 1035/536/1034 1027/473/1026 1026/472/1025
f 1036/535/1035 1035/536/1034 1026/472/1025
f 1036/535/1035 1026/472/1025 1025/471/1024
f 1030/533/1029 1037/534/1036 1024/470/1023
f 1030/533/1029 1024/470/1023 1022/469/1021
f 1039/507/1038 1038/500/1037 997/508/996
f 1039/507/1038 997/508/996 1004/523/1003
f 1040/506/1039 1039/507/1038 1004/523/1003
f 1040/506/1039 1004/523/1003 1003/520/1002
f 1042/504/1041 1041/505/1040 1002/519/1001
f 1042/504/1041 1002/519/1001 1001/517/1000
f 1043/503/1042 1042/504/1041 1001/517/1000
f 1043/503/1042 1001/517/1000 1000/514/999
f 1045/501/1044 1044/502/1043 999/513/998
f 1045/501/1044 999/513/998 998/511/997
f 1038/500/1037 1045/501/1044 998/511/997
f 1038/500/1037 998/511/997 997/508/996
f 1047/455/1046 1048/456/1047 1053/457/1052
f 1047/455/1046 1053/457/1052 1052/454/1051
f 1050/461/1049 1051/462/1050 1055/463/1054
f 1050/461/1049 1055/463/1054 1054/460/1053
f 1047/455/1046 1046/453/1045 1056/466/1055
f 1048/456/1047 1047/455/1046 1056/466/1055
f 1049/459/1048 1048/456/1047 1056/466/1055
f 1050/461/1049 1049/459/1048 1056/466/1055
f 1051/462/1050 1050/461/1049 1056/466/1055
f 1082/470/1081 1083/471/1082 1081/468/1080
f 1052/454/1051 1053/457/1052 1058/479/1057
f 1052/454/1051 1058/479/1057 1057/478/1056
f 1054/460/1053 1055/463/1054 1060/482/1059
f 1054/460/1053 1060/482/1059 1059/481/1058
f 1057/478/1056 1058/479/1057 1062/487/1061
f 1057/478/1056 1062/487/1061 1061/486/1060
f 1059/481/1058 1060/482/1059 1064/490/1063
f 1059/481/1058 1064/490/1063 1063/489/1062
f 1061/486/1060 1062/487/1061 1066/495/1065
f 1061/486/1060 1066/495/1065 1065/494/1064
f 1063/489/1062 1064/490/1063 1068/498/1067
f 1063/489/1062 1068/498/1067 1067/497/1066
f 1065/494/1064 1066/495/1065 1090/503/1088
f 1065/494/1064 1090/503/1088 1091/502/1089
f 1067/497/1066 1068/498/1067 1088/506/1086
f 1067/497/1066 1088/506/1086 1089/505/1087
f 1069/513/1068 1070/514/1069 1074/515/1073
f 1069/513/1068 1074/515/1073 1073/512/1072
f 1071/519/1070 1072/520/1071 1076/521/1075
f 1071/519/1070 1076/521/1075 1075/518/1074
f 1073/512/1072 1074/515/1073 1078/527/1077
f 1073/512/1072 1078/527/1077 1077/526/1076
f 1075/518/1074 1076/521/1075 1080/530/1079
f 1075/518/1074 1080/530/1079 1079/529/1078
f 1077/526/1076 1078/527/1077 1086/535/1084
f 1077/526/1076 1086/535/1084 1087/534/1085
f 1079/529/1078 1080/530/1079 1084/538/1083
f 1079/529/1078 1084/538/1083 1085/537/1083
f 1087/534/1085 1086/535/1084 1083/471/1082
f 1087/534/1085 1083/471/1082 1082/470/1081
f 1089/505/1087 1088/506/1086 1072/520/1071
f 1089/505/1087 1072/520/1071 1071/519/1070
f 1091/502/1089 1090/503/1088 1070/514/1069
f 1091/502/1089 1070/514/1069 1069/513/1068
