# Blender 4.5.5 LTS
# www.blender.org
o SM_RiceCrop_Ripening
v -0.213645 1.418327 0.013016
v -0.137086 1.839708 -0.027059
v -0.151590 0.563480 0.080661
v -0.165688 1.414063 0.025944
v -0.093152 1.831104 -0.016754
v -0.080270 1.827178 -0.034821
v -0.150331 1.411986 0.006689
v -0.125493 0.563382 0.052656
v -0.075161 -0.082671 0.050441
v -0.103336 -0.082671 0.080312
v -0.151114 -0.082671 0.081708
v -0.180985 -0.082671 0.053532
v -0.106428 -0.082671 -0.025512
v -0.076557 -0.082671 0.002663
v -0.182381 -0.082671 0.005755
v -0.154206 -0.082671 -0.024117
v -0.224145 0.563737 0.055603
v -0.196134 0.563639 0.081992
v -0.194277 1.416928 0.028803
v -0.118800 1.836762 -0.013250
v -0.128689 1.834988 -0.071326
v -0.201593 1.415745 -0.035050
v -0.199617 0.563663 -0.017159
v -0.225714 0.563748 0.010837
v -0.216946 1.417793 -0.015813
v -0.141571 1.838911 -0.053267
v -0.084715 1.826372 -0.061050
v -0.153644 1.411455 -0.022134
v -0.127072 0.563390 0.007890
v -0.155087 0.563501 -0.018489
v -0.173018 1.412885 -0.037901
v -0.103002 1.829323 -0.074849
v -0.115466 0.246179 0.050892
v -0.188648 0.238084 0.081187
v -0.142605 0.243119 0.079842
v -0.217441 0.235026 0.053867
v -0.191646 0.238084 -0.021405
v -0.116824 0.246180 0.004577
v -0.218794 0.235026 0.007549
v -0.145608 0.243120 -0.022747
v 0.278243 2.844236 -0.131531
v 0.272790 2.852505 -0.118650
v 0.259590 2.865474 -0.116733
v 0.249016 2.872927 -0.127298
v 0.244664 2.872070 -0.146572
v 0.249966 2.863625 -0.159442
v 0.263169 2.850655 -0.161337
v 0.273894 2.843377 -0.150783
v 0.525783 3.060652 -0.207018
v 0.525301 3.071371 -0.195386
v 0.518996 3.086213 -0.194137
v 0.511796 3.093585 -0.204278
v 0.507368 3.092244 -0.222963
v 0.508833 3.082683 -0.235251
v 0.515175 3.067810 -0.236477
v 0.521367 3.059271 -0.225671
v 0.738431 3.156775 -0.259756
v 0.738342 3.171485 -0.260390
v 0.735413 3.170846 -0.274805
v 0.735502 3.156136 -0.274171
v 0.196741 2.704274 -0.104484
v 0.137284 2.565698 -0.094123
v 0.146088 2.560068 -0.108078
v 0.205053 2.699614 -0.117994
v 0.164999 2.714857 -0.111511
v 0.104250 2.578904 -0.101332
v 0.118403 2.574200 -0.091087
v 0.178665 2.711166 -0.101558
v 0.200681 2.698741 -0.137269
v 0.141612 2.559164 -0.127945
v 0.127405 2.563727 -0.138155
v 0.187086 2.702386 -0.147208
v 0.169007 2.709276 -0.144281
v 0.108516 2.572233 -0.135102
v 0.099769 2.578002 -0.121186
v 0.160623 2.713983 -0.130786
v -0.866907 1.491093 -0.098261
v -0.219588 0.323621 0.060711
v -0.194128 0.328225 -0.026002
v -0.502432 1.068397 0.014594
v -0.324930 0.724297 0.061524
v -0.291800 0.729404 -0.107851
v -0.473197 1.073281 -0.141802
v -0.525650 1.029296 -0.071810
v -0.348346 0.684128 -0.032701
v -0.209191 0.289833 0.037052
v -0.251946 0.298075 0.013039
v -0.196726 0.292784 -0.005632
v -0.662688 1.322868 -0.062719
v -0.687267 1.286547 -0.099775
v -0.648975 1.324040 -0.135612
v 0.744748 1.684351 -0.744667
v -0.073872 0.778125 -0.074636
v -0.011143 0.786307 0.008051
v 0.301952 1.551031 -0.436747
v 0.083999 1.264768 -0.256456
v 0.214395 1.270434 -0.111139
v 0.425290 1.555733 -0.301404
v 0.384474 1.495707 -0.385963
v 0.172406 1.207011 -0.201600
v -0.068089 0.743841 -0.040942
v -0.016318 0.735714 -0.062830
v -0.036990 0.748582 -0.000458
v 0.501623 1.659344 -0.538451
v 0.536301 1.608527 -0.520703
v 0.558218 1.659502 -0.474537
v 0.171538 1.572949 -0.656642
v -0.190047 1.254225 0.007479
v -0.115204 1.266851 0.059820
v -0.113166 1.896427 -0.283810
v -0.207752 1.658001 -0.083869
v -0.055888 1.679647 0.002293
v 0.033767 1.925334 -0.221477
v -0.047437 1.868246 -0.214713
v -0.104828 1.629404 -0.077306
v -0.166343 1.222641 0.024182
v -0.130909 1.235609 -0.009070
v -0.129567 1.229541 0.049899
v 0.065171 1.761296 -0.499092
v 0.086019 1.732384 -0.452905
v 0.133211 1.774740 -0.469022
v -0.490881 1.893150 0.582362
v -0.178760 0.519748 0.070503
v -0.229472 0.529436 0.047180
v -0.329907 1.396192 0.324126
v -0.239319 0.991121 0.181271
v -0.339708 1.005111 0.145254
v -0.422772 1.409283 0.291705
v -0.380346 1.353212 0.324995
v -0.294421 0.947209 0.181363
v -0.187887 0.481042 0.057928
v -0.208234 0.490937 0.082285
v -0.212941 0.486619 0.046569
v -0.426072 1.696989 0.443036
v -0.446884 1.655146 0.449908
v -0.469208 1.701786 0.427742
v -0.623714 2.515866 -0.333102
v -0.214410 0.348250 0.020201
v -0.140484 0.374780 -0.010851
v -0.437028 1.704934 -0.083675
v -0.324249 1.067342 0.011307
v -0.189144 1.113920 -0.061447
v -0.313093 1.748376 -0.151765
v -0.386746 1.658852 -0.155156
v -0.268589 1.021273 -0.064935
v -0.188068 0.293145 0.008561
v -0.197683 0.317719 -0.033390
v -0.151799 0.307422 -0.006663
v -0.508222 2.189567 -0.198242
v -0.492936 2.136649 -0.242113
v -0.450276 2.207851 -0.230092
v 0.188467 1.328885 0.139255
v 0.309397 1.732192 0.227283
v 0.103341 0.474091 0.103608
v 0.212004 1.316021 0.181275
v 0.331624 1.715838 0.264011
v 0.353105 1.710439 0.259866
v 0.236221 1.312063 0.178312
v 0.141439 0.470573 0.102369
v 0.117661 -0.174057 0.040644
v 0.076780 -0.170349 0.041712
v 0.042716 -0.162241 0.009176
v 0.042212 -0.156100 -0.031422
v 0.150391 -0.165912 -0.034249
v 0.150895 -0.172054 0.006349
v 0.075446 -0.154097 -0.065717
v 0.116327 -0.157805 -0.066785
v 0.071090 0.487660 0.035285
v 0.071577 0.481805 0.073319
v 0.190439 1.323617 0.163641
v 0.311893 1.725659 0.249302
v 0.346455 1.727745 0.201606
v 0.230973 1.326060 0.113810
v 0.140142 0.486085 0.001739
v 0.102050 0.489592 0.002971
v 0.206769 1.329987 0.116758
v 0.324978 1.733141 0.205744
v 0.368729 1.711374 0.238341
v 0.254510 1.313171 0.155811
v 0.172390 0.472503 0.070047
v 0.171895 0.478370 0.032020
v 0.252523 1.318469 0.131440
v 0.366226 1.717911 0.216329
v 0.120085 0.156601 0.061292
v 0.047000 0.160009 0.029893
v 0.080296 0.157153 0.061992
v 0.046345 0.162924 -0.009804
v 0.118362 0.164310 -0.043748
v 0.152299 0.158544 0.028043
v 0.078564 0.164866 -0.043051
v 0.151653 0.161456 -0.011651
v 0.678016 2.531168 0.527487
v 0.550478 2.240824 0.427361
v 0.564598 2.235827 0.423883
v 0.688028 2.527488 0.524628
v 0.667360 2.541923 0.510386
v 0.535735 2.255459 0.403436
v 0.537476 2.249713 0.418132
v 0.668689 2.537691 0.521061
v 0.695171 2.527887 0.513514
v 0.574745 2.236430 0.408902
v 0.572951 2.242115 0.394173
v 0.693865 2.532081 0.502875
v 0.684536 2.538604 0.496447
v 0.559896 2.250982 0.384957
v 0.545841 2.256040 0.388468
v 0.674499 2.542323 0.499271
v 0.785511 1.700538 0.542951
v 0.205582 0.549471 0.014696
v 0.129444 0.558425 0.085136
v 0.462844 1.430487 0.180162
v 0.314442 1.080324 0.048563
v 0.184177 1.091983 0.193640
v 0.341809 1.441197 0.317231
v 0.431036 1.387201 0.277959
v 0.279662 1.035344 0.153099
v 0.179149 0.512568 0.031536
v 0.207195 0.519136 0.080482
v 0.141782 0.517744 0.066256
v 0.563536 1.593191 0.339323
v 0.558507 1.548936 0.385325
v 0.506575 1.595904 0.402853
v 0.115441 1.779934 0.800881
v 0.106217 0.123705 0.003866
v 0.048761 0.152408 -0.022657
v 0.170429 1.175971 0.422655
v 0.165844 0.686906 0.197505
v 0.050497 0.736326 0.156758
v 0.063757 1.221753 0.386074
v 0.098060 1.139112 0.419219
v 0.087657 0.650356 0.193078
v 0.084543 0.081874 -0.016070
v 0.062728 0.096401 0.015167
v 0.056378 0.096974 -0.028877
v 0.139174 1.545746 0.605933
v 0.102400 1.501121 0.609521
v 0.089264 1.565518 0.588498
v 1.203572 2.007360 -0.313574
v 1.192638 2.014779 -0.307470
v 1.198151 2.012739 -0.292790
v 1.208921 2.004622 -0.298658
v 0.799557 2.949912 -0.340698
v 0.971442 2.876075 -0.386880
v 1.156781 2.594468 -0.377517
v 1.241635 2.242678 -0.325419
v 1.255092 2.245556 -0.335063
v 1.166895 2.605164 -0.390396
v 0.979427 2.882245 -0.395716
v 0.807233 2.961888 -0.350762
v 0.798378 2.955150 -0.362883
v 0.971053 2.878007 -0.408559
v 1.156908 2.597939 -0.400979
v 1.246198 2.244784 -0.348342
v 1.232279 2.244030 -0.339118
v 1.147985 2.589924 -0.389242
v 0.963159 2.871080 -0.399613
v 0.791153 2.943646 -0.353018
v 0.418835 2.939081 -0.232458
v 0.424663 2.922292 -0.221874
v 0.425814 2.934233 -0.204728
v 0.420006 2.951016 -0.215121
v 0.510030 2.970948 -0.269509
v 0.639035 2.984777 -0.313474
v 0.638699 2.972739 -0.302901
v 0.508371 2.958163 -0.259909
v 0.641578 2.981996 -0.289075
v 0.510848 2.967731 -0.248790
v 0.642014 2.994114 -0.300160
v 0.512540 2.980521 -0.258105
v 1.137439 2.442300 -0.312621
v 1.180324 2.415608 -0.359709
v 1.115368 2.446367 -0.374792
v 1.146992 2.494802 -0.326930
v 1.124054 2.381966 -0.314478
v 1.182148 2.472252 -0.365359
v 1.159391 2.359891 -0.353208
v 1.165327 2.550511 -0.371078
v 1.133882 2.495169 -0.380081
v 1.116370 2.317585 -0.345865
v 1.110951 2.382328 -0.367634
v 1.075162 2.565919 -0.324319
v 1.129192 2.534680 -0.359602
v 1.066678 2.564521 -0.388507
v 1.085448 2.618065 -0.338122
v 1.066649 2.502832 -0.326891
v 1.130192 2.592349 -0.367363
v 1.110829 2.477247 -0.355752
v 1.110323 2.670625 -0.378539
v 1.083937 2.613138 -0.391412
v 1.069899 2.432768 -0.355612
v 1.064673 2.498605 -0.380070
v 1.012588 2.663302 -0.333889
v 1.064070 2.664857 -0.391464
v 0.984882 2.686308 -0.406107
v 1.012429 2.730258 -0.339074
v 1.010069 2.590526 -0.348759
v 1.054481 2.731645 -0.386240
v 1.052908 2.592986 -0.396887
v 1.018750 2.811475 -0.375182
v 0.995875 2.746914 -0.400763
v 1.015542 2.527290 -0.399825
v 0.993369 2.610283 -0.411402
v 0.894807 2.796597 -0.388544
v 0.959677 2.774223 -0.394495
v 0.918482 2.810927 -0.442464
v 0.907101 2.840434 -0.382587
v 0.891540 2.746943 -0.408003
v 0.960049 2.823050 -0.387536
v 0.945010 2.726834 -0.412412
v 0.943654 2.888083 -0.388371
v 0.931675 2.848748 -0.424898
v 0.912586 2.694106 -0.442190
v 0.916514 2.756287 -0.450970
v 0.879920 2.839044 -0.318646
v 0.901491 2.836942 -0.374329
v 0.843750 2.835144 -0.361927
v 0.871193 2.880240 -0.327540
v 0.883194 2.789026 -0.322662
v 0.888852 2.879004 -0.373432
v 0.901067 2.786391 -0.368236
v 0.857941 2.927351 -0.362486
v 0.844941 2.876914 -0.366777
v 0.882813 2.736326 -0.353026
v 0.856945 2.786473 -0.362166
v 0.797146 2.860626 -0.327168
v 0.839647 2.866383 -0.370933
v 0.778073 2.873709 -0.381019
v 0.795149 2.903565 -0.327712
v 0.798279 2.814796 -0.342572
v 0.830063 2.908682 -0.363804
v 0.833237 2.819163 -0.378440
v 0.799448 2.958766 -0.352075
v 0.784315 2.914294 -0.374052
v 0.806124 2.774302 -0.383897
v 0.787560 2.825789 -0.389089
v 0.663916 2.887871 -0.297208
v 0.726026 2.874014 -0.297124
v 0.692369 2.880595 -0.346435
v 0.673605 2.925601 -0.303094
v 0.664469 2.841624 -0.301675
v 0.724618 2.914342 -0.303032
v 0.715457 2.829580 -0.301325
v 0.707763 2.964566 -0.320789
v 0.701864 2.918582 -0.341561
v 0.689676 2.789470 -0.318324
v 0.692766 2.834098 -0.339997
v 0.740738 2.898505 -0.245081
v 0.794637 2.870306 -0.287835
v 0.725955 2.865722 -0.300976
v 0.738411 2.934751 -0.272622
v 0.744044 2.846438 -0.229666
v 0.782795 2.912261 -0.308065
v 0.788362 2.823084 -0.264763
v 0.746435 2.963379 -0.329376
v 0.732168 2.906833 -0.320746
v 0.757943 2.777879 -0.240534
v 0.737617 2.817528 -0.277312
v 0.592051 2.868508 -0.276126
v 0.653587 2.878847 -0.299462
v 0.599558 2.877593 -0.335477
v 0.586751 2.911137 -0.277979
v 0.604839 2.822047 -0.289419
v 0.637301 2.920336 -0.297371
v 0.655454 2.829795 -0.308362
v 0.598378 2.966300 -0.299647
v 0.598588 2.919494 -0.326743
v 0.636493 2.780591 -0.324046
v 0.616760 2.829942 -0.338088
v 1.192323 1.972294 -0.261760
v 1.202649 1.966003 -0.320252
v 1.153735 1.988728 -0.298649
v 1.204603 2.008927 -0.269279
v 1.170027 1.933140 -0.266572
v 1.212989 2.003590 -0.317235
v 1.178764 1.928929 -0.315179
v 1.213006 2.055152 -0.302606
v 1.175569 2.021194 -0.303978
v 1.141336 1.898164 -0.298330
v 1.140902 1.946034 -0.301417
v 1.178351 2.119220 -0.246084
v 1.194567 2.064669 -0.274766
v 1.158361 2.110501 -0.297282
v 1.205001 2.136607 -0.266590
v 1.144645 2.091586 -0.236762
v 1.218002 2.091405 -0.289801
v 1.158087 2.046611 -0.260384
v 1.235373 2.141697 -0.309943
v 1.190686 2.125381 -0.309573
v 1.110562 2.048197 -0.249553
v 1.130555 2.079359 -0.279573
v 1.174523 2.206418 -0.263721
v 1.198911 2.164228 -0.315963
v 1.149846 2.223070 -0.324822
v 1.201901 2.241803 -0.279302
v 1.139055 2.166528 -0.264466
v 1.221858 2.207374 -0.322272
v 1.159155 2.132199 -0.307579
v 1.234342 2.278229 -0.325859
v 1.185006 2.250813 -0.332272
v 1.104257 2.119134 -0.295670
v 1.122085 2.174722 -0.317099
v 1.259171 2.046210 -0.337329
v 1.208462 2.028991 -0.309891
v 1.255664 2.055256 -0.282571
v 1.244512 2.082579 -0.338032
v 1.270816 2.006370 -0.321810
v 1.202855 2.069043 -0.315712
v 1.229094 1.992337 -0.299271
v 1.212655 2.124536 -0.319498
v 1.236589 2.087285 -0.292099
v 1.266995 1.964818 -0.284455
v 1.263073 2.011836 -0.276273
v 1.216103 2.372498 -0.433229
v 1.168841 2.346773 -0.405709
v 1.223229 2.327078 -0.385249
v 1.215254 2.401770 -0.406626
v 1.214219 2.326749 -0.450053
v 1.176563 2.381121 -0.384298
v 1.175240 2.305439 -0.427281
v 1.202822 2.421889 -0.357673
v 1.216194 2.364058 -0.366497
v 1.200119 2.263041 -0.445817
v 1.215048 2.287936 -0.409462
v 1.251081 2.234873 -0.400122
v 1.194574 2.248059 -0.393517
v 1.226903 2.202367 -0.354313
v 1.255183 2.265355 -0.375390
v 1.235538 2.194526 -0.417349
v 1.208821 2.276084 -0.369995
v 1.188921 2.205524 -0.411853
v 1.238819 2.298893 -0.334173
v 1.230735 2.241438 -0.338972
v 1.197276 2.151699 -0.420510
v 1.211058 2.170317 -0.380806
v 1.205880 2.536226 -0.328740
v 1.157240 2.499699 -0.346763
v 1.155701 2.561325 -0.311285
v 1.194024 2.570145 -0.356499
v 1.203233 2.501433 -0.294592
v 1.154005 2.540440 -0.371408
v 1.164328 2.469828 -0.309690
v 1.154830 2.607626 -0.390183
v 1.149908 2.585968 -0.344439
v 1.174774 2.462056 -0.261995
v 1.159959 2.516809 -0.283013
v 0.212474 2.776317 -0.160715
v 0.225678 2.760035 -0.152681
v 0.222962 2.768943 -0.131967
v 0.209792 2.785190 -0.139798
v 1.423476 2.407651 -0.078378
v 1.409413 2.409783 -0.075289
v 1.411070 2.405464 -0.060167
v 1.425167 2.402579 -0.063212
v 0.737854 3.170691 -0.086065
v 0.930341 3.163119 -0.081536
v 1.192739 2.952831 -0.055711
v 1.378138 2.638276 -0.036905
v 1.391808 2.647294 -0.040673
v 1.201548 2.968994 -0.062319
v 0.937733 3.173424 -0.085902
v 0.743264 3.186592 -0.090704
v 0.740998 3.181199 -0.106082
v 0.935217 3.170664 -0.101364
v 1.198021 2.962420 -0.076751
v 1.387727 2.647700 -0.056140
v 1.373012 2.640623 -0.052566
v 1.189648 2.949367 -0.070339
v 0.928142 3.159656 -0.096991
v 0.735882 3.165912 -0.101393
v 0.371133 3.025198 -0.119681
v 0.379369 3.008489 -0.110692
v 0.371537 3.015166 -0.092472
v 0.363268 3.031824 -0.101278
v 0.451721 3.090031 -0.117019
v 0.574398 3.150665 -0.110663
v 0.575447 3.136616 -0.103025
v 0.452112 3.075188 -0.110861
v 0.571009 3.142202 -0.087720
v 0.447942 3.081682 -0.098142
v 0.570161 3.156491 -0.095783
v 0.447501 3.096461 -0.104024
v 1.102764 2.982755 -0.153542
v 1.156491 2.968108 -0.117826
v 1.107349 2.943032 -0.105055
v 1.121496 2.939537 -0.164314
v 1.086662 3.022030 -0.126764
v 1.166052 2.926420 -0.134816
v 1.130472 3.011271 -0.097581
v 1.159122 2.873610 -0.155935
v 1.130646 2.906167 -0.122783
v 1.087254 3.048311 -0.077968
v 1.095616 2.990671 -0.085602
v 1.211192 2.789660 -0.027860
v 1.271808 2.789787 -0.060947
v 1.206922 2.804094 -0.092221
v 1.205204 2.844572 -0.029011
v 1.220901 2.730844 -0.044267
v 1.255082 2.844012 -0.056087
v 1.270857 2.730855 -0.071478
v 1.214081 2.912971 -0.054139
v 1.207805 2.855653 -0.082561
v 1.245180 2.677889 -0.086640
v 1.223511 2.741923 -0.097818
v 1.115166 2.889350 -0.039598
v 1.184147 2.885198 -0.058687
v 1.125536 2.903086 -0.102031
v 1.109822 2.944001 -0.040089
v 1.130402 2.829550 -0.055439
v 1.166900 2.940711 -0.055891
v 1.186825 2.826120 -0.071064
v 1.124648 3.010313 -0.060033
v 1.124710 2.953478 -0.090635
v 1.165745 2.773687 -0.092514
v 1.144597 2.839512 -0.105927
v 0.884749 3.093123 -0.020526
v 0.971009 3.057340 -0.027575
v 0.912424 3.042508 -0.080867
v 0.895401 3.131799 -0.052753
v 0.886585 3.033906 0.001696
v 0.965360 3.103727 -0.058607
v 0.958360 3.002449 -0.003876
v 0.935644 3.158695 -0.106465
v 0.925000 3.091006 -0.101021
v 0.919940 2.949842 0.006210
v 0.916568 2.988405 -0.045691
v 1.027510 2.964209 -0.053850
v 1.088759 2.995600 -0.088934
v 1.014275 2.997242 -0.126279
v 1.005260 3.027257 -0.047528
v 1.054868 2.900486 -0.080586
v 1.055287 3.053042 -0.076292
v 1.105484 2.927741 -0.109787
v 0.992226 3.113628 -0.065137
v 1.001379 3.054698 -0.107436
v 1.095889 2.857588 -0.136385
v 1.050025 2.931002 -0.140908
v 0.890063 3.068970 -0.122844
v 0.957653 3.068063 -0.109622
v 0.920920 3.103385 -0.162045
v 0.884054 3.111174 -0.105780
v 0.909876 3.027585 -0.150220
v 0.938939 3.111266 -0.094925
v 0.966039 3.025167 -0.139141
v 0.901636 3.166835 -0.090526
v 0.914669 3.137150 -0.134955
v 0.956599 2.994038 -0.183311
v 0.940666 3.054800 -0.179690
v 0.729091 3.104549 -0.062706
v 0.773357 3.135840 -0.054784
v 0.758872 3.116228 -0.103460
v 0.711281 3.137202 -0.071531
v 0.760050 3.072061 -0.061272
v 0.747584 3.163221 -0.065057
v 0.796560 3.097422 -0.054709
v 0.708584 3.186824 -0.088981
v 0.738795 3.149710 -0.102685
v 0.810718 3.051111 -0.068074
v 0.787795 3.083865 -0.092333
v 0.842783 3.084988 -0.056382
v 0.878007 3.104154 -0.100679
v 0.823537 3.083033 -0.109510
v 0.822916 3.122918 -0.060744
v 0.864379 3.040908 -0.067297
v 0.851665 3.139137 -0.097211
v 0.893725 3.055812 -0.103629
v 0.804012 3.172093 -0.089740
v 0.811252 3.123162 -0.106610
v 0.890818 3.000475 -0.104251
v 0.852519 3.041937 -0.113280
v 0.763373 3.084094 -0.089295
v 0.811340 3.113109 -0.114035
v 0.756355 3.105417 -0.143433
v 0.746649 3.123243 -0.083329
v 0.784681 3.046360 -0.110767
v 0.785956 3.147475 -0.103717
v 0.824229 3.069851 -0.131058
v 0.737744 3.181901 -0.095130
v 0.745794 3.142661 -0.128074
v 0.817187 3.022436 -0.152959
v 0.783885 3.066100 -0.155592
v 0.626297 3.063918 -0.103194
v 0.686780 3.068452 -0.083934
v 0.667746 3.078487 -0.140011
v 0.623326 3.102975 -0.098985
v 0.644254 3.022675 -0.114839
v 0.672961 3.106814 -0.083152
v 0.694064 3.025705 -0.098879
v 0.645056 3.153196 -0.097004
v 0.661581 3.114812 -0.125892
v 0.689688 2.986166 -0.130183
v 0.682681 3.034015 -0.141683
v 0.562981 3.020322 -0.111827
v 0.620828 3.053333 -0.110354
v 0.582677 3.046865 -0.162511
v 0.543763 3.058620 -0.108263
v 0.594377 2.984685 -0.127421
v 0.591096 3.086449 -0.107141
v 0.642155 3.011074 -0.126104
v 0.540702 3.118556 -0.115047
v 0.564711 3.082833 -0.147797
v 0.646724 2.964702 -0.155350
v 0.615535 3.008470 -0.166915
v 1.411608 2.358170 -0.040279
v 1.438995 2.371100 -0.091759
v 1.381313 2.372541 -0.084950
v 1.411787 2.397382 -0.036863
v 1.406699 2.317181 -0.058966
v 1.434233 2.407796 -0.079128
v 1.429241 2.328907 -0.101523
v 1.412152 2.451342 -0.057018
v 1.390918 2.409986 -0.076901
v 1.401931 2.285559 -0.104047
v 1.385568 2.330377 -0.099066
v 1.343212 2.485389 -0.006141
v 1.384710 2.447424 -0.036108
v 1.342309 2.485652 -0.061783
v 1.366561 2.514396 -0.012953
v 1.320186 2.448003 -0.013807
v 1.400406 2.482666 -0.037422
v 1.354458 2.416716 -0.038464
v 1.403786 2.539302 -0.041622
v 1.369386 2.511706 -0.059464
v 1.308379 2.401987 -0.044645
v 1.323518 2.444407 -0.060247
v 1.282648 2.726370 0.026940
v 1.324925 2.649870 0.010865
v 1.263327 2.679897 -0.020169
v 1.302045 2.741928 -0.008065
v 1.258484 2.690413 0.055086
v 1.336858 2.679743 -0.021440
v 1.293133 2.628209 0.041752
v 1.330956 2.731729 -0.064733
v 1.291026 2.698088 -0.046487
v 1.240313 2.624783 0.065330
v 1.247383 2.647569 0.016477
v 1.313955 2.569436 -0.009211
v 1.364848 2.551521 -0.056041
v 1.302639 2.594448 -0.071387
v 1.330293 2.613894 -0.008222
v 1.296398 2.522994 -0.028823
v 1.371966 2.599382 -0.046731
v 1.338202 2.508653 -0.067397
v 1.359236 2.669115 -0.033908
v 1.326418 2.631833 -0.061472
v 1.290371 2.478077 -0.077577
v 1.292651 2.540070 -0.081925
v 1.249686 2.709286 -0.054847
v 1.300845 2.664983 -0.056302
v 1.278580 2.708658 -0.098526
v 1.270592 2.736920 -0.046244
v 1.235962 2.673758 -0.074866
v 1.312661 2.700915 -0.047528
v 1.278094 2.637419 -0.076096
v 1.314623 2.759331 -0.046598
v 1.298194 2.732495 -0.080643
v 1.244286 2.626216 -0.106403
v 1.263670 2.669261 -0.109274
v 0.618985 3.103659 -0.132698
v 0.639425 3.134980 -0.092111
v 0.622650 3.155612 -0.140857
v 0.586206 3.117813 -0.120385
v 0.659230 3.101660 -0.145120
v 0.602953 3.143671 -0.087024
v 0.676102 3.127205 -0.111723
v 0.553903 3.153840 -0.096572
v 0.591098 3.161281 -0.122762
v 0.705503 3.121680 -0.147779
v 0.664046 3.145559 -0.147568
v 1.466103 2.465387 -0.074593
v 1.419255 2.427946 -0.069679
v 1.444874 2.457908 -0.023741
v 1.440387 2.494995 -0.074250
v 1.486304 2.427726 -0.062878
v 1.401748 2.464859 -0.070315
v 1.447721 2.397054 -0.058846
v 1.392065 2.519745 -0.061166
v 1.419129 2.484677 -0.033798
v 1.487305 2.378258 -0.036639
v 1.465047 2.418265 -0.022603
v 1.409683 2.653959 -0.103910
v 1.352633 2.648556 -0.115167
v 1.386969 2.604856 -0.075403
v 1.395916 2.676486 -0.074574
v 1.414623 2.617119 -0.131921
v 1.349146 2.671978 -0.083846
v 1.367504 2.612760 -0.141145
v 1.358252 2.691654 -0.036589
v 1.372500 2.637765 -0.053398
v 1.396253 2.567846 -0.155222
v 1.391248 2.578087 -0.110690
v 0.223913 2.798248 -0.151991
v 0.239273 2.784753 -0.142720
v 0.228071 2.786592 -0.123049
v 0.212697 2.800008 -0.132128
v 0.900888 1.990068 -0.317352
v 0.892155 1.994878 -0.311952
v 0.895789 1.990850 -0.300892
v 0.904380 1.985472 -0.306234
v 0.592732 2.718058 -0.200523
v 0.728054 2.666914 -0.240551
v 0.870332 2.448286 -0.271799
v 0.932225 2.170666 -0.286239
v 0.943128 2.174240 -0.292539
v 0.878817 2.458388 -0.279419
v 0.734683 2.672941 -0.245926
v 0.599205 2.728711 -0.205894
v 0.592814 2.725685 -0.216584
v 0.728711 2.671929 -0.256736
v 0.871477 2.454756 -0.289067
v 0.936789 2.175946 -0.303135
v 0.925555 2.174065 -0.296826
v 0.863981 2.446864 -0.281827
v 0.722144 2.665306 -0.251397
v 0.586704 2.715416 -0.211268
v 0.291835 2.697573 -0.135889
v 0.295817 2.682976 -0.130347
v 0.296023 2.689255 -0.115305
v 0.292048 2.703816 -0.120702
v 0.364549 2.726588 -0.155037
v 0.466877 2.742455 -0.180817
v 0.466090 2.731567 -0.174762
v 0.362771 2.715308 -0.149900
v 0.467771 2.736319 -0.162612
v 0.364260 2.720744 -0.139774
v 0.468658 2.747350 -0.169039
v 0.366050 2.731981 -0.144692
v 0.851659 2.322086 -0.248174
v 0.886938 2.308832 -0.286560
v 0.837240 2.335644 -0.295706
v 0.859987 2.364268 -0.250059
v 0.841019 2.276632 -0.260024
v 0.888896 2.352865 -0.281506
v 0.870085 2.265638 -0.291614
v 0.876469 2.413637 -0.273744
v 0.852122 2.373409 -0.290965
v 0.836086 2.232835 -0.294754
v 0.833160 2.285769 -0.300933
v 0.804376 2.419025 -0.239429
v 0.847781 2.400223 -0.269118
v 0.800583 2.428557 -0.288823
v 0.813250 2.460843 -0.240958
v 0.797542 2.371522 -0.252071
v 0.849197 2.445393 -0.265536
v 0.833035 2.356118 -0.276361
v 0.834638 2.507112 -0.262047
v 0.814385 2.465809 -0.282351
v 0.800967 2.322805 -0.285247
v 0.798314 2.377010 -0.293284
v 0.693484 2.623993 -0.181766
v 0.744479 2.577304 -0.205048
v 0.687375 2.581644 -0.230735
v 0.702650 2.651095 -0.209841
v 0.686052 2.578993 -0.163077
v 0.744198 2.613938 -0.228866
v 0.728158 2.538888 -0.182157
v 0.725047 2.663095 -0.260107
v 0.702964 2.615233 -0.250694
v 0.691031 2.508634 -0.163639
v 0.685741 2.539522 -0.203157
v 0.756632 2.495641 -0.233376
v 0.799203 2.505488 -0.274752
v 0.738369 2.525342 -0.285682
v 0.757082 2.547481 -0.226362
v 0.754950 2.442681 -0.256704
v 0.791861 2.555634 -0.260245
v 0.790389 2.451798 -0.291110
v 0.764000 2.615135 -0.240258
v 0.746997 2.570469 -0.271236
v 0.761118 2.402779 -0.305662
v 0.744809 2.468188 -0.301802
v 0.668116 2.607751 -0.258031
v 0.718711 2.590759 -0.263511
v 0.688965 2.627126 -0.295698
v 0.677642 2.639988 -0.245810
v 0.666171 2.573159 -0.281095
v 0.718948 2.626802 -0.250208
v 0.707845 2.557803 -0.285506
v 0.706569 2.676698 -0.240879
v 0.698651 2.652874 -0.275597
v 0.683765 2.538200 -0.314863
v 0.687525 2.586931 -0.311195
v 0.653693 2.628881 -0.198550
v 0.672899 2.636061 -0.240336
v 0.627439 2.633491 -0.233612
v 0.647509 2.661831 -0.198933
v 0.656157 2.591400 -0.209657
v 0.663247 2.668127 -0.233295
v 0.672041 2.596575 -0.243998
v 0.638977 2.703600 -0.218347
v 0.628794 2.666075 -0.230410
v 0.656919 2.556226 -0.241392
v 0.637461 2.596276 -0.241212
v 0.589803 2.647889 -0.204954
v 0.624804 2.658809 -0.235516
v 0.577397 2.666912 -0.244558
v 0.588495 2.680706 -0.198421
v 0.591122 2.615484 -0.224124
v 0.617257 2.689996 -0.223570
v 0.619904 2.624165 -0.249224
v 0.593192 2.726660 -0.207729
v 0.582155 2.696593 -0.232354
v 0.598826 2.591278 -0.261852
v 0.584882 2.631600 -0.258145
v 0.485014 2.665646 -0.183275
v 0.533243 2.654195 -0.182886
v 0.509263 2.667733 -0.220712
v 0.493002 2.695202 -0.181169
v 0.485401 2.631148 -0.194222
v 0.532615 2.685891 -0.180834
v 0.524978 2.621192 -0.193797
v 0.520545 2.727278 -0.186818
v 0.516630 2.695732 -0.210389
v 0.505465 2.593788 -0.214368
v 0.509049 2.631267 -0.223413
v 0.542531 2.664143 -0.138687
v 0.586178 2.648877 -0.173564
v 0.533314 2.648510 -0.187176
v 0.542115 2.696274 -0.153793
v 0.544157 2.621928 -0.135352
v 0.578071 2.684298 -0.182573
v 0.580042 2.609239 -0.164013
v 0.550991 2.727223 -0.191927
v 0.539225 2.682956 -0.195219
v 0.555090 2.571293 -0.154261
v 0.541098 2.607779 -0.176585
v 0.428099 2.648484 -0.173416
v 0.477033 2.659289 -0.186898
v 0.436586 2.664982 -0.216747
v 0.424278 2.681327 -0.168066
v 0.438387 2.615088 -0.190597
v 0.464490 2.690777 -0.179195
v 0.478622 2.623359 -0.201620
v 0.434556 2.726706 -0.175026
v 0.435665 2.695481 -0.203286
v 0.464309 2.588718 -0.222394
v 0.449833 2.628875 -0.225816
v 0.878893 2.064600 -0.248768
v 0.892479 2.027507 -0.278834
v 0.865545 2.066602 -0.289964
v 0.900607 2.080809 -0.260402
v 0.852127 2.042515 -0.247613
v 0.911503 2.049987 -0.284910
v 0.863384 2.011928 -0.272378
v 0.926155 2.091327 -0.291267
v 0.891300 2.079478 -0.295524
v 0.825956 2.012045 -0.265866
v 0.842983 2.040391 -0.282758
v 0.899960 2.256712 -0.220889
v 0.908285 2.190449 -0.239122
v 0.864638 2.228141 -0.249520
v 0.909269 2.264682 -0.252011
v 0.880943 2.234930 -0.192899
v 0.916282 2.210721 -0.267163
v 0.887845 2.180994 -0.207982
v 0.914315 2.251919 -0.300287
v 0.882423 2.235857 -0.276180
v 0.855123 2.190234 -0.178295
v 0.854229 2.206870 -0.217232
v 0.877139 2.133940 -0.248063
v 0.898178 2.109988 -0.293679
v 0.860711 2.156944 -0.292830
v 0.899297 2.163040 -0.252974
v 0.849381 2.104189 -0.256642
v 0.916523 2.143548 -0.290453
v 0.866726 2.084795 -0.294207
v 0.926755 2.197917 -0.281058
v 0.888526 2.178787 -0.292484
v 0.823440 2.073684 -0.289584
v 0.838533 2.119260 -0.296033
v 0.871008 1.983913 -0.330472
v 0.866829 2.030635 -0.352447
v 0.844311 2.015776 -0.314104
v 0.889340 2.000324 -0.313381
v 0.843143 1.977585 -0.348098
v 0.886011 2.038749 -0.331518
v 0.839611 2.016095 -0.366114
v 0.903719 2.040243 -0.295484
v 0.868153 2.029870 -0.302796
v 0.807165 1.993967 -0.367232
v 0.821760 2.007206 -0.337395
v 0.931410 2.131340 -0.255411
v 0.922776 2.103455 -0.287377
v 0.958371 2.115443 -0.274992
v 0.934656 2.105488 -0.244704
v 0.933024 2.155285 -0.274921
v 0.927671 2.082583 -0.271060
v 0.926046 2.132721 -0.301318
v 0.942334 2.064842 -0.245292
v 0.954953 2.090067 -0.263148
v 0.939466 2.168870 -0.308720
v 0.953512 2.141305 -0.293637
v 0.917763 2.287489 -0.348031
v 0.879667 2.264081 -0.333290
v 0.920968 2.244968 -0.318685
v 0.916088 2.305452 -0.323044
v 0.916799 2.255421 -0.368394
v 0.884912 2.286635 -0.311062
v 0.885377 2.236032 -0.356195
v 0.904378 2.312962 -0.283044
v 0.914866 2.270170 -0.298665
v 0.905319 2.206414 -0.376193
v 0.915464 2.219227 -0.343848
v 0.942805 2.176779 -0.343929
v 0.898636 2.186548 -0.339107
v 0.921826 2.144892 -0.315427
v 0.945068 2.195898 -0.319960
v 0.931263 2.149086 -0.364284
v 0.908830 2.203850 -0.316037
v 0.894824 2.157229 -0.360251
v 0.930708 2.214946 -0.283809
v 0.924335 2.172089 -0.297204
v 0.901424 2.117531 -0.375298
v 0.910498 2.125034 -0.341482
v 0.906079 2.395271 -0.242194
v 0.868852 2.371088 -0.263911
v 0.866418 2.412251 -0.226907
v 0.898250 2.425801 -0.258244
v 0.902344 2.363239 -0.222034
v 0.867626 2.406183 -0.276116
v 0.872585 2.342188 -0.240315
v 0.869437 2.460401 -0.279358
v 0.863493 2.436512 -0.248325
v 0.878579 2.328337 -0.204882
v 0.868260 2.373675 -0.212519
v 0.127359 2.564851 -0.116603
v 0.137191 2.550952 -0.112609
v 0.134218 2.554395 -0.095512
v 0.124402 2.568234 -0.099357
v 1.357219 1.838776 0.874403
v 1.346544 1.842613 0.871913
v 1.342301 1.840780 0.883654
v 1.352862 1.836357 0.886226
v 0.995001 2.520934 0.603354
v 1.130086 2.490639 0.670236
v 1.275077 2.295869 0.786243
v 1.349932 2.029051 0.877396
v 1.362379 2.033870 0.878674
v 1.286111 2.306555 0.783487
v 1.138440 2.497204 0.668951
v 1.002946 2.532082 0.600924
v 1.005230 2.526400 0.589312
v 1.141006 2.493595 0.657057
v 1.287003 2.300225 0.772209
v 1.364350 2.032929 0.866094
v 1.351536 2.029735 0.864230
v 1.276855 2.291883 0.774802
v 1.132761 2.486443 0.658488
v 0.997581 2.515697 0.591842
v 0.719019 2.451214 0.466271
v 0.719350 2.438171 0.476379
v 0.709166 2.446489 0.486669
v 0.708746 2.459517 0.476686
v 0.786569 2.491583 0.491230
v 0.882392 2.523659 0.532908
v 0.878440 2.513462 0.539535
v 0.782476 2.480683 0.496609
v 0.871414 2.520154 0.548884
v 0.776598 2.487748 0.504122
v 0.875681 2.530462 0.542001
v 0.780558 2.498637 0.498929
v 1.246143 2.319533 0.684162
v 1.271033 2.305292 0.728481
v 1.227741 2.293597 0.722937
v 1.255769 2.282204 0.684785
v 1.232755 2.355296 0.696220
v 1.276288 2.269624 0.721503
v 1.253228 2.344614 0.732339
v 1.269192 2.226954 0.706704
v 1.243853 2.259823 0.719678
v 1.222301 2.381320 0.730416
v 1.221146 2.334465 0.730674
v 1.252645 2.169611 0.821136
v 1.306363 2.158044 0.817032
v 1.272046 2.173978 0.772288
v 1.257789 2.213021 0.815429
v 1.254995 2.120652 0.815535
v 1.301835 2.203003 0.812196
v 1.299234 2.111053 0.812199
v 1.283276 2.262243 0.796499
v 1.278181 2.215134 0.776857
v 1.276838 2.071376 0.795574
v 1.275395 2.122763 0.776964
v 1.204053 2.258330 0.775820
v 1.258686 2.243963 0.784842
v 1.233215 2.260480 0.733214
v 1.209409 2.301530 0.770818
v 1.210020 2.207955 0.772497
v 1.254640 2.289754 0.778270
v 1.254703 2.196176 0.779870
v 1.237191 2.348955 0.757711
v 1.237393 2.301150 0.738544
v 1.237648 2.155592 0.760166
v 1.237569 2.208050 0.740011
v 1.066870 2.449068 0.703223
v 1.124888 2.409217 0.728324
v 1.097135 2.399099 0.671221
v 1.090933 2.474091 0.681299
v 1.051473 2.405274 0.723076
v 1.138186 2.442495 0.701507
v 1.099379 2.370839 0.744265
v 1.140926 2.483630 0.654130
v 1.120430 2.432917 0.658166
v 1.060050 2.336005 0.741749
v 1.080193 2.360485 0.700957
v 1.158134 2.326337 0.732744
v 1.218092 2.338806 0.725745
v 1.176708 2.345418 0.674117
v 1.150653 2.379051 0.726688
v 1.175525 2.270080 0.725705
v 1.199684 2.389337 0.720886
v 1.225356 2.281383 0.719701
v 1.161084 2.445975 0.705067
v 1.171092 2.394011 0.680510
v 1.215198 2.224918 0.700971
v 1.195913 2.287511 0.678749
v 1.098595 2.417760 0.632033
v 1.142690 2.409829 0.663862
v 1.138587 2.436043 0.611909
v 1.095944 2.453376 0.640204
v 1.114476 2.379802 0.620871
v 1.131851 2.447596 0.666091
v 1.150813 2.371927 0.647475
v 1.112962 2.496212 0.654095
v 1.131242 2.466277 0.627719
v 1.152692 2.343807 0.613985
v 1.150196 2.393611 0.608165
v 0.970521 2.473250 0.620920
v 1.004896 2.492804 0.639543
v 1.006472 2.473787 0.600520
v 0.965921 2.499968 0.606944
v 0.986861 2.444104 0.633843
v 0.994179 2.516281 0.622181
v 1.015131 2.459887 0.649248
v 0.977629 2.536951 0.590776
v 0.997393 2.502553 0.592718
v 1.021783 2.420443 0.646653
v 1.018354 2.446121 0.619798
v 1.046677 2.444026 0.663868
v 1.088866 2.449281 0.642290
v 1.049151 2.438863 0.619119
v 1.040086 2.475636 0.652175
v 1.058256 2.405640 0.665374
v 1.074712 2.480338 0.634306
v 1.093050 2.409255 0.647868
v 1.043723 2.513036 0.622335
v 1.046084 2.472042 0.615065
v 1.082023 2.366461 0.649391
v 1.064279 2.402669 0.628074
v 0.918262 2.465799 0.631232
v 0.976300 2.454308 0.635611
v 0.944144 2.441933 0.591571
v 0.925963 2.495730 0.612058
v 0.919917 2.424469 0.644397
v 0.973770 2.486856 0.615493
v 0.967633 2.414885 0.648039
v 0.956223 2.523184 0.581333
v 0.951957 2.476339 0.581337
v 0.944068 2.373552 0.648264
v 0.945702 2.404243 0.613906
v 0.853056 2.423486 0.535212
v 0.899446 2.441878 0.553526
v 0.887342 2.435759 0.503512
v 0.844517 2.456214 0.529461
v 0.874501 2.389867 0.536095
v 0.882636 2.471889 0.544342
v 0.912640 2.404385 0.551340
v 0.854342 2.502507 0.520364
v 0.875837 2.467797 0.506383
v 0.917372 2.364303 0.534081
v 0.905888 2.401094 0.513137
v 1.337351 1.946495 0.820184
v 1.353596 1.915375 0.849860
v 1.317411 1.934151 0.852840
v 1.326178 1.921157 0.813749
v 1.346805 1.968586 0.838173
v 1.339599 1.896210 0.837957
v 1.360054 1.943027 0.862548
v 1.312716 1.881092 0.821263
v 1.312171 1.908567 0.842166
v 1.355068 1.979210 0.872521
v 1.332760 1.955947 0.866600
v 1.328671 1.806171 0.900758
v 1.366461 1.806754 0.871726
v 1.323297 1.816130 0.857650
v 1.334211 1.837082 0.901219
v 1.324216 1.772727 0.887761
v 1.365175 1.837409 0.877382
v 1.355557 1.774029 0.863675
v 1.349671 1.876735 0.883866
v 1.333846 1.844980 0.864661
v 1.329641 1.743513 0.855171
v 1.323780 1.781112 0.851040
v 1.276236 2.117392 0.887692
v 1.298868 2.050484 0.893960
v 1.269426 2.078263 0.849638
v 1.303604 2.122959 0.867847
v 1.244226 2.095764 0.902075
v 1.322417 2.068476 0.872866
v 1.262907 2.041293 0.907071
v 1.340282 2.104732 0.836777
v 1.300460 2.085806 0.838681
v 1.217188 2.048185 0.907012
v 1.241247 2.059378 0.872694
v 1.283994 1.986941 0.880053
v 1.332060 1.960995 0.863743
v 1.299418 2.000710 0.829917
v 1.302721 2.019566 0.883782
v 1.269876 1.950780 0.862521
v 1.342156 1.998424 0.870301
v 1.309453 1.929747 0.849027
v 1.340565 2.055863 0.871732
v 1.319518 2.027893 0.842938
v 1.273349 1.910951 0.827557
v 1.286575 1.958436 0.821872
v 1.343002 1.825124 0.846678
v 1.351423 1.867957 0.816515
v 1.309405 1.853945 0.835074
v 1.344962 1.847309 0.867788
v 1.333350 1.811083 0.816806
v 1.352013 1.882547 0.843000
v 1.340158 1.846383 0.791963
v 1.341862 1.892280 0.881677
v 1.319629 1.874107 0.855762
v 1.316978 1.817921 0.775466
v 1.307782 1.837933 0.804730
v 0.913408 2.478733 0.534051
v 0.920550 2.505165 0.568543
v 0.927156 2.517780 0.526588
v 0.888448 2.495422 0.531471
v 0.945752 2.470533 0.538360
v 0.894299 2.517243 0.559798
v 0.951630 2.492098 0.566771
v 0.863855 2.530410 0.536231
v 0.899870 2.528368 0.529053
v 0.983002 2.479827 0.550564
v 0.957213 2.503816 0.535843
v 1.331305 1.993817 0.909522
v 1.347456 1.960065 0.885730
v 1.366253 1.980535 0.915204
v 1.328335 1.970103 0.925688
v 1.344007 2.015387 0.890102
v 1.341751 1.942385 0.906137
v 1.357434 1.988006 0.870448
v 1.337207 1.930976 0.939328
v 1.357310 1.956163 0.927896
v 1.370569 2.025641 0.865101
v 1.373222 2.002885 0.891897
v 1.396080 1.878661 0.888088
v 1.354838 1.856132 0.878253
v 1.363793 1.881453 0.918397
v 1.382461 1.905089 0.878327
v 1.400662 1.848066 0.905210
v 1.348605 1.887075 0.870090
v 1.366728 1.829638 0.897090
v 1.347888 1.932131 0.870643
v 1.352928 1.904474 0.901234
v 1.385024 1.812437 0.927187
v 1.371327 1.848097 0.927944
v 1.372391 2.134459 0.794151
v 1.334388 2.105758 0.786559
v 1.358074 2.096616 0.828418
v 1.353438 2.155398 0.808256
v 1.387094 2.099570 0.785121
v 1.322371 2.132237 0.801904
v 1.355726 2.075821 0.778909
v 1.317370 2.165994 0.829903
v 1.338515 2.123253 0.834242
v 1.386325 2.047449 0.782911
v 1.372028 2.066516 0.811370
v 0.586257 2.289787 0.406510
v 0.592128 2.278358 0.418991
v 0.578280 2.283510 0.429483
v 0.572326 2.294902 0.417141
v 1.464751 1.977973 0.213282
v 1.454036 1.976583 0.217543
v 1.458177 1.973241 0.228984
v 1.469075 1.974058 0.224710
v 0.787396 2.421181 0.334798
v 0.935848 2.455684 0.314543
v 1.181488 2.348393 0.290778
v 1.388875 2.144876 0.264793
v 1.396933 2.154777 0.260693
v 1.184022 2.362840 0.285450
v 0.938793 2.465272 0.310810
v 0.787660 2.434664 0.331416
v 0.784999 2.430413 0.319283
v 0.935395 2.462996 0.298794
v 1.180767 2.357393 0.274146
v 1.391701 2.154609 0.249047
v 1.382428 2.145986 0.253235
v 1.177906 2.345435 0.279448
v 0.932835 2.452934 0.302454
v 0.784839 2.417463 0.322705
v 0.533783 2.233015 0.344453
v 0.544633 2.221671 0.349552
v 0.539733 2.224719 0.365221
v 0.528894 2.236012 0.360266
v 0.582207 2.299762 0.340523
v 0.663966 2.372031 0.334142
v 0.668631 2.361257 0.339206
v 0.586338 2.288274 0.344456
v 0.666149 2.364249 0.352106
v 0.583531 2.292085 0.355343
v 0.661531 2.375261 0.346697
v 0.579412 2.303506 0.351628
v 1.094059 2.354895 0.226501
v 1.142605 2.354044 0.247215
v 1.112042 2.324115 0.261772
v 1.115661 2.325841 0.213245
v 1.077377 2.381077 0.251797
v 1.156102 2.324392 0.230272
v 1.116729 2.381293 0.268803
v 1.158778 2.282820 0.211439
v 1.134901 2.301079 0.242860
v 1.078942 2.400234 0.291628
v 1.096010 2.357829 0.281262
v 1.137567 2.282863 0.309187
v 1.188318 2.294626 0.285555
v 1.134390 2.297129 0.259623
v 1.122325 2.323799 0.312623
v 1.159213 2.240441 0.291407
v 1.164288 2.333644 0.293071
v 1.200730 2.250036 0.272067
v 1.117468 2.378418 0.298986
v 1.125023 2.335448 0.271612
v 1.192531 2.205789 0.254713
v 1.161292 2.252317 0.250554
v 0.923505 2.390768 0.364000
v 0.995418 2.381531 0.345903
v 0.946847 2.359109 0.310244
v 0.919470 2.423547 0.339605
v 0.939886 2.345052 0.377817
v 0.977582 2.416789 0.324876
v 1.000104 2.336066 0.362892
v 0.937478 2.454002 0.294036
v 0.943875 2.399554 0.295681
v 0.982934 2.287274 0.372436
v 0.965657 2.317497 0.334265
v 1.053827 2.322389 0.312970
v 1.089355 2.360262 0.279760
v 1.027460 2.346786 0.259531
v 1.024929 2.366068 0.324304
v 1.084042 2.279761 0.284921
v 1.053903 2.397116 0.297102
v 1.113107 2.312074 0.257389
v 0.995124 2.430210 0.317052
v 1.008466 2.387823 0.279252
v 1.116560 2.256732 0.233564
v 1.066169 2.303689 0.239839
v 0.918911 2.375793 0.281482
v 0.972222 2.388973 0.283619
v 0.930177 2.409707 0.248901
v 0.908019 2.406585 0.298082
v 0.938764 2.348781 0.255142
v 0.951157 2.417922 0.299958
v 0.983413 2.358450 0.256895
v 0.912083 2.452731 0.311174
v 0.922145 2.433713 0.272926
v 0.976720 2.333592 0.221495
v 0.952731 2.376905 0.229805
v 0.797279 2.367883 0.350394
v 0.825611 2.401065 0.353065
v 0.812145 2.384117 0.315403
v 0.775932 2.389478 0.347512
v 0.827608 2.349356 0.345877
v 0.799092 2.416966 0.349705
v 0.851071 2.376379 0.348076
v 0.761480 2.427515 0.336996
v 0.790177 2.405641 0.320394
v 0.869483 2.344049 0.333157
v 0.842185 2.365024 0.318763
v 0.823977 2.359995 0.324132
v 0.851262 2.392998 0.300533
v 0.807139 2.376244 0.283643
v 0.804093 2.386457 0.333128
v 0.845006 2.335963 0.302466
v 0.826343 2.413854 0.313726
v 0.867603 2.362838 0.283068
v 0.783832 2.430003 0.328333
v 0.793570 2.402306 0.299168
v 0.868993 2.325412 0.263947
v 0.834451 2.352074 0.268455
v 0.767375 2.337999 0.383644
v 0.816946 2.353781 0.355125
v 0.773299 2.327588 0.331981
v 0.750963 2.367887 0.370987
v 0.791641 2.302008 0.383864
v 0.791474 2.381411 0.347494
v 0.832471 2.314862 0.360420
v 0.745646 2.405466 0.336739
v 0.760276 2.361674 0.327742
v 0.830915 2.267362 0.362698
v 0.801246 2.294960 0.340716
v 0.681642 2.269378 0.327047
v 0.719094 2.306894 0.323096
v 0.684505 2.295172 0.286334
v 0.659718 2.294720 0.334407
v 0.710690 2.248936 0.308901
v 0.690185 2.326047 0.331156
v 0.741814 2.279244 0.305665
v 0.644303 2.340354 0.332922
v 0.665482 2.318712 0.302176
v 0.750846 2.245239 0.279418
v 0.716707 2.272642 0.276651
v 1.397494 2.019162 0.284355
v 1.432792 1.999400 0.253543
v 1.389388 2.020529 0.240719
v 1.408441 2.046551 0.277846
v 1.386580 1.985747 0.278953
v 1.437381 2.029845 0.252649
v 1.415730 1.969476 0.253582
v 1.427875 2.074231 0.252223
v 1.404977 2.046206 0.240766
v 1.382881 1.948614 0.253462
v 1.383696 1.984810 0.241815
v 1.306828 2.191037 0.331717
v 1.352393 2.141454 0.309499
v 1.295357 2.152370 0.294315
v 1.313774 2.207934 0.302734
v 1.299500 2.157610 0.354700
v 1.351112 2.167730 0.284376
v 1.336723 2.117357 0.336395
v 1.330321 2.207541 0.254062
v 1.309227 2.172825 0.271309
v 1.300391 2.103050 0.361155
v 1.294663 2.123255 0.323197
v 1.274419 2.172959 0.270404
v 1.322124 2.149657 0.260476
v 1.290728 2.179609 0.232507
v 1.285829 2.198402 0.276236
v 1.268563 2.143229 0.254264
v 1.324960 2.179571 0.268027
v 1.307816 2.124152 0.246071
v 1.314693 2.224904 0.271910
v 1.303157 2.201634 0.245573
v 1.280384 2.109168 0.225691
v 1.285984 2.146428 0.223577
v 1.443937 1.958941 0.194262
v 1.417010 2.000503 0.175211
v 1.401756 1.969476 0.208541
v 1.448780 1.980005 0.216046
v 1.425433 1.941569 0.171058
v 1.426734 2.014253 0.200332
v 1.403153 1.975763 0.155437
v 1.437210 2.019055 0.239841
v 1.413220 1.992422 0.225304
v 1.387638 1.939664 0.146732
v 1.389651 1.953927 0.180406
v 0.704500 2.345770 0.308668
v 0.719040 2.373173 0.339924
v 0.695640 2.386710 0.304822
v 0.678336 2.349473 0.323155
v 0.733853 2.352990 0.293895
v 0.690223 2.372074 0.348859
v 0.745904 2.375375 0.319594
v 0.649608 2.369825 0.347897
v 0.672899 2.384001 0.323214
v 0.764602 2.378178 0.287345
v 0.728261 2.387835 0.293932
v 1.406498 2.105572 0.292454
v 1.417886 2.082229 0.256515
v 1.440466 2.109437 0.276287
v 1.422355 2.083309 0.301702
v 1.396806 2.130219 0.275067
v 1.431811 2.064209 0.272101
v 1.406085 2.111422 0.245455
v 1.451368 2.052528 0.299185
v 1.450226 2.083855 0.285528
v 1.398492 2.150861 0.243337
v 1.424077 2.132149 0.258772
v 1.485911 2.031257 0.214433
v 1.458567 1.992489 0.221814
v 1.478028 2.019805 0.256571
v 1.460388 2.048626 0.219544
v 1.510476 2.006240 0.219007
v 1.437667 2.017227 0.225583
v 1.487921 1.974438 0.225084
v 1.420356 2.057197 0.237140
v 1.451683 2.035237 0.253342
v 1.524772 1.967753 0.236650
v 1.501575 1.993516 0.252715
v 1.318844 2.247782 0.209558
v 1.297483 2.204983 0.215687
v 1.341831 2.208110 0.236188
v 1.304831 2.258252 0.235838
v 1.337858 2.223020 0.186314
v 1.287173 2.223532 0.240799
v 1.320279 2.187642 0.191403
v 1.286353 2.251940 0.274574
v 1.320575 2.223265 0.257271
v 1.355826 2.176041 0.172453
v 1.353988 2.187162 0.207820
v 1.400793 2.165200 0.209174
v 1.357037 2.149332 0.206936
v 1.397288 2.121956 0.231503
v 1.389631 2.178925 0.235226
v 1.408332 2.138576 0.184405
v 1.353770 2.165857 0.233352
v 1.372181 2.125548 0.182621
v 1.362946 2.181758 0.270555
v 1.382511 2.143699 0.252477
v 1.401305 2.097375 0.165451
v 1.401313 2.103118 0.201677
v 1.238116 2.316952 0.322622
v 1.221852 2.279916 0.292187
v 1.193128 2.307971 0.332294
v 1.216332 2.341677 0.307563
v 1.250371 2.284116 0.339627
v 1.202803 2.311447 0.282542
v 1.238416 2.253181 0.314233
v 1.174867 2.359574 0.284001
v 1.179576 2.330788 0.312205
v 1.247360 2.238656 0.349803
v 1.214387 2.273416 0.343960
v 0.463758 2.028262 0.323748
v 0.479405 2.020881 0.328391
v 0.473120 2.019463 0.345329
v 0.457504 2.026777 0.340834
v 1.282737 1.702183 0.775378
v 1.271652 1.700689 0.772250
v 1.268188 1.696503 0.783637
v 1.279443 1.697423 0.786829
v 0.656186 2.147577 0.494189
v 0.786073 2.180839 0.569436
v 0.999640 2.071236 0.691054
v 1.186597 1.866452 0.781690
v 1.195228 1.876471 0.783904
v 1.004468 2.085968 0.689267
v 0.790405 2.190608 0.568851
v 0.658058 2.161253 0.492527
v 0.663329 2.157887 0.480984
v 0.794962 2.189216 0.557087
v 1.008800 2.081362 0.677951
v 1.198039 1.877187 0.771470
v 1.188349 1.868458 0.768679
v 1.003658 2.069120 0.679682
v 0.790995 2.178973 0.557814
v 0.661502 2.144738 0.482775
v 0.452804 1.963557 0.337375
v 0.458727 1.951707 0.347218
v 0.445324 1.953761 0.356961
v 0.439323 1.965551 0.347235
v 0.492046 2.029579 0.367652
v 0.559255 2.100705 0.416354
v 0.560241 2.089532 0.422493
v 0.493302 2.017780 0.372523
v 0.550432 2.091679 0.431477
v 0.484420 2.020885 0.379761
v 0.549685 2.103111 0.425107
v 0.483043 2.032603 0.375067
v 0.968147 2.083607 0.587745
v 0.994546 2.080513 0.633352
v 0.962197 2.050187 0.624658
v 0.994167 2.055161 0.588269
v 0.938913 2.108282 0.599585
v 1.016317 2.051861 0.626031
v 0.960159 2.106663 0.636785
v 1.030897 2.011632 0.609933
v 0.992452 2.028108 0.621819
v 0.915734 2.124643 0.633511
v 0.936761 2.082761 0.632750
v 1.037563 1.947633 0.721809
v 1.090531 1.962803 0.721117
v 1.055052 1.962994 0.674483
v 1.021945 1.988614 0.717336
v 1.062962 1.905827 0.715399
v 1.065621 2.000577 0.716890
v 1.106615 1.918254 0.714872
v 1.022176 2.044910 0.701165
v 1.040852 2.001944 0.680282
v 1.106402 1.873587 0.695976
v 1.081876 1.919158 0.678346
v 0.748301 2.112917 0.597229
v 0.816903 2.103709 0.625393
v 0.800090 2.084609 0.566351
v 0.758819 2.147350 0.577490
v 0.754356 2.066092 0.615112
v 0.814298 2.140621 0.600211
v 0.811698 2.057116 0.638798
v 0.799730 2.180534 0.553963
v 0.805346 2.126000 0.555584
v 0.793580 2.008088 0.632929
v 0.801850 2.041139 0.594093
v 0.884980 2.045964 0.630388
v 0.932275 2.085403 0.627714
v 0.895306 2.074402 0.573547
v 0.853880 2.089255 0.624900
v 0.927136 2.004840 0.623415
v 0.892518 2.121589 0.622635
v 0.966009 2.038457 0.621024
v 0.832650 2.154243 0.605381
v 0.867163 2.114315 0.580520
v 0.984584 1.984821 0.600520
v 0.939249 2.032094 0.578305
v 0.734866 2.100958 0.556505
v 0.770639 2.126430 0.537940
v 0.741726 2.099780 0.511931
v 0.714768 2.126330 0.545029
v 0.763059 2.072450 0.558020
v 0.743953 2.147586 0.529642
v 0.792885 2.092809 0.542985
v 0.701866 2.162501 0.516261
v 0.723608 2.127808 0.508346
v 0.803241 2.049821 0.542898
v 0.771639 2.074500 0.521161
v 0.693507 2.086646 0.503689
v 0.728578 2.120712 0.503407
v 0.703901 2.105907 0.462363
v 0.671488 2.112768 0.500633
v 0.723979 2.063793 0.497492
v 0.700169 2.141042 0.500310
v 0.752949 2.091541 0.497346
v 0.656977 2.156880 0.487469
v 0.683023 2.131076 0.468277
v 0.766561 2.055490 0.480515
v 0.735512 2.082368 0.465093
v 0.610499 2.044205 0.443245
v 0.643281 2.058527 0.479280
v 0.648742 2.066825 0.432395
v 0.598422 2.073214 0.444088
v 0.635884 2.017185 0.442814
v 0.625289 2.085057 0.473676
v 0.662999 2.028433 0.472577
v 0.601389 2.116025 0.452291
v 0.631484 2.092290 0.439100
v 0.680127 1.999723 0.449909
v 0.669147 2.035910 0.437947
v 0.613145 2.061608 0.515699
v 0.669456 2.078450 0.523763
v 0.649171 2.054650 0.477408
v 0.606802 2.092567 0.497694
v 0.633396 2.025276 0.528113
v 0.652916 2.106970 0.504177
v 0.679755 2.039001 0.534782
v 0.622077 2.132483 0.469644
v 0.640372 2.089164 0.468420
v 0.678444 1.991490 0.532582
v 0.667164 2.021029 0.499037
v 0.580455 1.998490 0.414657
v 0.611738 2.035541 0.436433
v 0.606472 2.026950 0.385602
v 0.557817 2.023640 0.409000
v 0.615126 1.978840 0.416314
v 0.583266 2.054591 0.426737
v 0.641119 2.008762 0.434392
v 0.545136 2.069527 0.401519
v 0.581112 2.049675 0.388330
v 0.665024 1.976479 0.416692
v 0.638643 2.004587 0.395762
v 1.217254 1.790572 0.722113
v 1.244720 1.769265 0.752189
v 1.203859 1.768723 0.753090
v 1.219664 1.763306 0.714429
v 1.214277 1.813596 0.741140
v 1.242011 1.746392 0.738985
v 1.236755 1.796053 0.765838
v 1.226289 1.721288 0.720210
v 1.211824 1.744231 0.741575
v 1.214828 1.825137 0.776175
v 1.206427 1.794459 0.768292
v 1.271614 1.658743 0.799082
v 1.306086 1.678403 0.772691
v 1.264359 1.667144 0.755918
v 1.261919 1.688580 0.800537
v 1.284087 1.627800 0.785145
v 1.290238 1.704558 0.778862
v 1.312292 1.644827 0.763265
v 1.257743 1.731659 0.785069
v 1.259718 1.697186 0.764204
v 1.304257 1.606188 0.752416
v 1.281602 1.636810 0.748655
v 1.185189 1.739566 0.794302
v 1.232439 1.721354 0.789662
v 1.204859 1.744048 0.754746
v 1.197096 1.767144 0.797465
v 1.180621 1.706789 0.781275
v 1.235811 1.751705 0.793680
v 1.219596 1.691793 0.777506
v 1.227252 1.796173 0.790511
v 1.216590 1.769392 0.765812
v 1.193979 1.671553 0.756330
v 1.200629 1.708441 0.749884
v 1.079578 1.909330 0.788747
v 1.130696 1.860609 0.795188
v 1.093913 1.873510 0.749542
v 1.102062 1.928047 0.770915
v 1.060841 1.874543 0.800495
v 1.144029 1.888557 0.776101
v 1.102686 1.835002 0.805649
v 1.144512 1.930695 0.742038
v 1.118249 1.895248 0.740863
v 1.059174 1.819662 0.802635
v 1.076823 1.842507 0.770255
v 1.148205 1.798281 0.779034
v 1.203578 1.798725 0.765496
v 1.157830 1.820136 0.730343
v 1.149155 1.835647 0.784675
v 1.153673 1.760638 0.759864
v 1.194521 1.836144 0.773472
v 1.199115 1.761299 0.748659
v 1.166008 1.885991 0.775945
v 1.162084 1.852886 0.745237
v 1.177240 1.728866 0.724423
v 1.166823 1.777229 0.720600
v 1.297503 1.754895 0.792460
v 1.272275 1.716186 0.779406
v 1.266225 1.740728 0.820565
v 1.273557 1.772308 0.782332
v 1.315081 1.729207 0.809235
v 1.252629 1.740963 0.771463
v 1.294273 1.697455 0.798469
v 1.230760 1.780340 0.772870
v 1.246681 1.756792 0.803171
v 1.316974 1.689366 0.829384
v 1.288083 1.714364 0.829928
v 1.160944 1.974072 0.702288
v 1.141362 1.931326 0.691568
v 1.164425 1.932287 0.734742
v 1.133684 1.982962 0.715496
v 1.190772 1.950634 0.693575
v 1.117541 1.948291 0.706593
v 1.174634 1.915297 0.684780
v 1.095837 1.974335 0.734861
v 1.134364 1.946328 0.739762
v 1.214742 1.904411 0.690272
v 1.191742 1.913120 0.718076
v 1.228947 1.890320 0.745839
v 1.195746 1.875392 0.716749
v 1.213929 1.845718 0.758725
v 1.204013 1.902422 0.760788
v 1.250568 1.865325 0.728900
v 1.176827 1.890128 0.736911
v 1.223097 1.853069 0.704923
v 1.161400 1.903291 0.773103
v 1.188932 1.866228 0.767976
v 1.257454 1.825640 0.706902
v 1.235562 1.828895 0.736149
v 1.026659 2.036730 0.748401
v 1.032938 2.002142 0.711976
v 0.985137 2.027880 0.728509
v 1.017605 2.062794 0.724922
v 1.027150 2.002604 0.767183
v 1.022634 2.034580 0.694895
v 1.033680 1.973685 0.737759
v 0.998109 2.082966 0.682403
v 0.985735 2.052244 0.705842
v 1.019880 1.956613 0.770536
v 0.996076 1.992250 0.748333
v 0.414858 1.761924 0.265540
v 0.424782 1.753976 0.278158
v 0.409632 1.751512 0.287791
v 0.399645 1.759382 0.275305
v -0.030832 1.506919 -0.070080
v -0.090460 1.929131 -0.013417
v -0.077070 0.648754 -0.045477
v -0.076898 1.501188 -0.051909
v -0.131515 1.919303 0.004702
v -0.131051 1.916501 0.027055
v -0.077825 1.500283 -0.027226
v -0.081600 0.650310 -0.007498
v -0.087877 0.005450 0.056055
v -0.082767 0.003691 0.015349
v -0.045069 0.004162 -0.014033
v -0.004379 0.006494 -0.009025
v -0.017903 0.011150 0.098689
v -0.058593 0.008818 0.093681
v 0.024905 0.009862 0.028601
v 0.019794 0.011622 0.069307
v -0.003817 0.651633 -0.068236
v -0.041950 0.649350 -0.072902
v -0.055680 1.504185 -0.071261
v -0.113191 1.925006 -0.013569
v -0.070898 1.927428 0.027409
v -0.012088 1.507571 -0.024140
v 0.019295 0.656370 0.004834
v 0.023831 0.654803 -0.033136
v -0.011152 1.508447 -0.048804
v -0.071356 1.930228 0.005061
v -0.111969 1.917589 0.045575
v -0.058139 1.501815 -0.005963
v -0.053943 0.653477 0.027596
v -0.015815 0.655771 0.032250
v -0.033300 1.504578 -0.004803
v -0.089243 1.921719 0.045719
v -0.072444 0.333915 0.015564
v -0.030883 0.324588 -0.051701
v -0.067469 0.329155 -0.023635
v 0.008589 0.323797 -0.046593
v 0.031999 0.331820 0.029093
v -0.044052 0.337181 0.052036
v 0.036979 0.327062 -0.010116
v -0.004585 0.336388 0.057153
v -0.350563 2.794311 0.206069
v -0.265769 2.481583 0.131224
v -0.264881 2.478244 0.146208
v -0.349561 2.791772 0.216771
v -0.331061 2.801945 0.196955
v -0.238554 2.491878 0.118685
v -0.253887 2.487769 0.118824
v -0.342214 2.798911 0.197126
v -0.339588 2.792129 0.225436
v -0.251503 2.478857 0.158390
v -0.236137 2.482897 0.158212
v -0.328477 2.795132 0.225287
v -0.320126 2.799730 0.216342
v -0.224262 2.489054 0.145759
v -0.225185 2.492466 0.130827
v -0.321085 2.802300 0.205618
v -0.471584 1.990583 0.408840
v 0.004248 0.728912 0.059417
v -0.053364 0.733826 -0.027160
v -0.098635 1.647876 0.180545
v 0.013537 1.270470 0.097255
v -0.109601 1.277479 -0.054206
v -0.215296 1.654473 0.039482
v -0.195113 1.609689 0.139513
v -0.089338 1.230818 0.052475
v -0.012627 0.690450 0.035334
v -0.064023 0.705128 0.054530
v -0.040964 0.693647 -0.007274
v -0.251670 1.836356 0.235310
v -0.301058 1.796157 0.228620
v -0.305865 1.837076 0.169353
v -0.711645 2.444940 -0.458402
v -0.122479 0.749434 -0.062731
v -0.079686 0.767502 -0.114411
v -0.426770 1.828463 -0.235574
v -0.262163 1.328299 -0.123154
v -0.189188 1.357415 -0.229146
v -0.360336 1.855551 -0.333890
v -0.409708 1.781428 -0.299639
v -0.242683 1.280658 -0.192576
v -0.102519 0.703543 -0.073341
v -0.125662 0.717088 -0.104060
v -0.081617 0.713430 -0.098849
v -0.555264 2.202618 -0.357227
v -0.554558 2.153566 -0.388048
v -0.524053 2.213640 -0.402947
v -0.863158 2.233995 0.902035
v -0.858786 2.236117 0.891486
v -0.869942 2.234794 0.885740
v -0.874443 2.232086 0.896234
v -0.470975 2.833814 0.506537
v -0.559118 2.828174 0.632386
v -0.714947 2.666002 0.780145
v -0.844308 2.421036 0.871585
v -0.846792 2.427585 0.883018
v -0.712623 2.677787 0.790109
v -0.558313 2.835663 0.639988
v -0.468486 2.845668 0.513364
v -0.458001 2.839322 0.518072
v -0.547364 2.831376 0.644767
v -0.702342 2.670645 0.793476
v -0.834794 2.425789 0.886998
v -0.831504 2.420740 0.875099
v -0.704375 2.661278 0.784126
v -0.548392 2.823335 0.637319
v -0.460582 2.827958 0.511465
v -0.304828 2.715430 0.265293
v -0.316244 2.703516 0.265630
v -0.324028 2.711276 0.253061
v -0.312723 2.723175 0.252620
v -0.334494 2.766626 0.322863
v -0.385499 2.814961 0.406590
v -0.392577 2.804964 0.402919
v -0.340401 2.755803 0.319331
v -0.400056 2.811462 0.393788
v -0.346195 2.762659 0.311563
v -0.392759 2.821589 0.397794
v -0.340454 2.773470 0.314937
v -0.607842 2.676246 0.764615
v -0.656512 2.669547 0.783925
v -0.646236 2.651667 0.743720
v -0.613886 2.640767 0.778442
v -0.613918 2.710817 0.745338
v -0.654279 2.634433 0.794434
v -0.653509 2.706294 0.761149
v -0.643375 2.590036 0.794871
v -0.648985 2.620221 0.764078
v -0.643254 2.738169 0.726705
v -0.648459 2.691801 0.731157
v -0.759905 2.541538 0.767939
v -0.764694 2.537000 0.822645
v -0.714094 2.544060 0.793951
v -0.750275 2.584552 0.768649
v -0.760068 2.493039 0.776982
v -0.754390 2.580317 0.813549
v -0.764064 2.489235 0.822036
v -0.729864 2.634853 0.790647
v -0.714961 2.585910 0.794325
v -0.748882 2.445563 0.807389
v -0.724757 2.494397 0.802664
v -0.698786 2.618440 0.716594
v -0.716926 2.612447 0.770516
v -0.660735 2.620655 0.751485
v -0.689904 2.661339 0.717429
v -0.701855 2.569238 0.729004
v -0.704892 2.656493 0.762060
v -0.716689 2.564307 0.773111
v -0.675743 2.710701 0.741000
v -0.662128 2.661829 0.749882
v -0.699328 2.520185 0.764283
v -0.673759 2.570119 0.761006
v -0.587211 2.781599 0.570305
v -0.624432 2.752367 0.628135
v -0.565438 2.733491 0.610905
v -0.566296 2.807560 0.594271
v -0.609359 2.738098 0.557409
v -0.596284 2.784580 0.641304
v -0.640714 2.712493 0.605272
v -0.545561 2.821268 0.646334
v -0.552181 2.768826 0.631700
v -0.636502 2.672588 0.571267
v -0.596528 2.695784 0.594354
v -0.642509 2.675467 0.670013
v -0.642706 2.695229 0.728398
v -0.585354 2.691516 0.694950
v -0.629743 2.725928 0.657278
v -0.644174 2.621667 0.694905
v -0.629816 2.742169 0.705024
v -0.644050 2.639002 0.743345
v -0.602632 2.791424 0.662797
v -0.585550 2.739284 0.682626
v -0.630352 2.580226 0.743039
v -0.598937 2.637385 0.720026
v -0.525046 2.748568 0.616120
v -0.563441 2.749560 0.655429
v -0.508881 2.770190 0.656242
v -0.528825 2.784092 0.607988
v -0.520443 2.712250 0.637969
v -0.559986 2.785565 0.639921
v -0.552597 2.711779 0.670464
v -0.540215 2.829907 0.617402
v -0.520103 2.800458 0.642979
v -0.522977 2.681265 0.680830
v -0.511463 2.729549 0.673298
v -0.546193 2.770353 0.557153
v -0.530328 2.779284 0.601218
v -0.503072 2.761558 0.567077
v -0.530308 2.799600 0.548691
v -0.553495 2.734172 0.572886
v -0.517088 2.807300 0.584834
v -0.540775 2.740856 0.609269
v -0.497376 2.834305 0.552355
v -0.495030 2.793517 0.560708
v -0.545391 2.697278 0.603357
v -0.517965 2.728691 0.584884
v -0.489885 2.765262 0.518314
v -0.491333 2.784597 0.563199
v -0.448806 2.774606 0.538613
v -0.482026 2.796880 0.507587
v -0.489402 2.732621 0.538894
v -0.483084 2.813066 0.544452
v -0.490714 2.748239 0.575821
v -0.463694 2.841382 0.511232
v -0.450036 2.806005 0.527800
v -0.478633 2.707976 0.576934
v -0.457348 2.741990 0.559205
v -0.493618 2.771571 0.433605
v -0.507355 2.768457 0.491236
v -0.460841 2.747938 0.467952
v -0.472568 2.800416 0.440513
v -0.511316 2.732199 0.438167
v -0.483649 2.798418 0.487939
v -0.522666 2.729508 0.485558
v -0.443599 2.828819 0.471618
v -0.448116 2.782019 0.473057
v -0.524080 2.685563 0.467372
v -0.487152 2.712970 0.470572
v -0.394569 2.712366 0.389489
v -0.417116 2.738423 0.429965
v -0.366866 2.726244 0.426515
v -0.384136 2.742990 0.378069
v -0.402128 2.682165 0.414422
v -0.402436 2.764941 0.411287
v -0.420915 2.703010 0.447743
v -0.371515 2.789175 0.383546
v -0.364573 2.756564 0.410944
v -0.408974 2.662541 0.459848
v -0.382733 2.695408 0.447388
v -0.795251 2.332719 0.877949
v -0.830137 2.306878 0.893057
v -0.825923 2.320792 0.854854
v -0.790111 2.305629 0.871022
v -0.811872 2.357414 0.881804
v -0.818545 2.285006 0.883458
v -0.840513 2.336179 0.894122
v -0.799983 2.264956 0.861473
v -0.817475 2.293878 0.854428
v -0.845675 2.372109 0.883355
v -0.839246 2.345611 0.865178
v -0.888630 2.200347 0.873898
v -0.865321 2.203403 0.915354
v -0.844368 2.205563 0.874057
v -0.886490 2.231637 0.875549
v -0.878864 2.165573 0.875541
v -0.867360 2.233988 0.909544
v -0.859435 2.168915 0.909826
v -0.867263 2.271286 0.888619
v -0.849603 2.236085 0.879862
v -0.850748 2.134540 0.889377
v -0.841754 2.170478 0.879750
v -0.834417 2.499193 0.787116
v -0.851076 2.436789 0.816383
v -0.800285 2.456232 0.790983
v -0.818137 2.506589 0.816340
v -0.846424 2.474830 0.756107
v -0.831672 2.455818 0.840562
v -0.859916 2.424051 0.780200
v -0.794719 2.490750 0.859278
v -0.793050 2.466875 0.822200
v -0.852667 2.424679 0.734541
v -0.821064 2.435875 0.762068
v -0.835365 2.216107 0.893990
v -0.802195 2.256789 0.901743
v -0.816070 2.238968 0.859362
v -0.853991 2.240165 0.890005
v -0.806144 2.198257 0.890800
v -0.826747 2.273653 0.896500
v -0.778805 2.231768 0.897058
v -0.862313 2.285374 0.879430
v -0.835666 2.262106 0.863790
v -0.762414 2.199068 0.880275
v -0.787730 2.220213 0.864356
v -0.877142 2.386652 0.852608
v -0.859690 2.353381 0.876157
v -0.889105 2.378773 0.887606
v -0.895220 2.364308 0.850057
v -0.857468 2.407899 0.865461
v -0.880896 2.337005 0.869547
v -0.843008 2.380920 0.884938
v -0.914163 2.328127 0.861359
v -0.902995 2.354662 0.879810
v -0.835488 2.419347 0.894124
v -0.864713 2.399665 0.895340
v -0.877744 2.279828 0.933258
v -0.864717 2.251147 0.897023
v -0.902716 2.280960 0.896597
v -0.863336 2.303189 0.918227
v -0.898577 2.251799 0.938793
v -0.852429 2.280103 0.888450
v -0.887819 2.228306 0.908970
v -0.847954 2.324516 0.882253
v -0.881785 2.300663 0.885814
v -0.921889 2.216515 0.924355
v -0.916812 2.249923 0.906523
v -0.754052 2.520572 0.893753
v -0.744363 2.486440 0.861092
v -0.789886 2.484388 0.878987
v -0.762977 2.539948 0.870483
v -0.751046 2.487314 0.913749
v -0.754880 2.512331 0.843769
v -0.743108 2.459089 0.886789
v -0.778041 2.547490 0.830508
v -0.789954 2.508559 0.855710
v -0.754452 2.435581 0.919592
v -0.778362 2.455033 0.898907
v -0.812304 2.424119 0.922720
v -0.780535 2.418420 0.889111
v -0.826679 2.389471 0.891515
v -0.822990 2.445873 0.902614
v -0.800252 2.391311 0.935271
v -0.796925 2.441133 0.875073
v -0.774050 2.386695 0.907488
v -0.829731 2.463067 0.862276
v -0.831058 2.418380 0.874898
v -0.782502 2.349414 0.929291
v -0.808409 2.363581 0.907534
v -0.777786 2.631297 0.787632
v -0.745291 2.592633 0.784218
v -0.753585 2.635252 0.747672
v -0.751368 2.655893 0.790743
v -0.799118 2.601652 0.774080
v -0.724538 2.624349 0.787901
v -0.773130 2.568999 0.772322
v -0.705272 2.676409 0.783735
v -0.729319 2.654985 0.759056
v -0.805153 2.561866 0.750416
v -0.777381 2.600673 0.743182
v -0.244946 2.532844 0.163644
v -0.259302 2.523484 0.168856
v -0.267114 2.527646 0.153042
v -0.252888 2.536970 0.147732
v -0.212566 2.326254 1.092399
v -0.215402 2.323821 1.081402
v -0.227608 2.322113 1.084106
v -0.224848 2.324003 1.095355
v -0.188367 2.683166 0.356168
v -0.185576 2.735413 0.500741
v -0.208497 2.660538 0.758196
v -0.234349 2.485353 0.990028
v -0.230369 2.495840 0.997372
v -0.202034 2.674656 0.759766
v -0.181271 2.744934 0.503052
v -0.183604 2.696202 0.355328
v -0.171754 2.690554 0.355093
v -0.169218 2.741147 0.501839
v -0.191048 2.667823 0.758966
v -0.218191 2.493919 0.994051
v -0.221947 2.484536 0.985348
v -0.197167 2.656115 0.756780
v -0.173556 2.731203 0.499974
v -0.176513 2.678062 0.355965
v -0.182689 2.464151 0.128530
v -0.190473 2.454880 0.139749
v -0.204868 2.458640 0.132170
v -0.197233 2.467875 0.120945
v -0.178356 2.536192 0.168615
v -0.175703 2.617957 0.241109
v -0.182519 2.608412 0.246200
v -0.184062 2.525769 0.173441
v -0.194536 2.612193 0.241423
v -0.193963 2.530131 0.168558
v -0.187361 2.621948 0.236403
v -0.188481 2.540511 0.163717
v -0.132226 2.649365 0.681544
v -0.159539 2.656942 0.726077
v -0.172825 2.624599 0.697456
v -0.125396 2.622416 0.708257
v -0.151910 2.675230 0.658152
v -0.148004 2.627977 0.745478
v -0.174163 2.682286 0.694109
v -0.134387 2.585618 0.755988
v -0.159949 2.603247 0.725549
v -0.189233 2.697935 0.651266
v -0.186065 2.657461 0.674690
v -0.239048 2.547605 0.821239
v -0.210585 2.563674 0.865600
v -0.187218 2.552799 0.812976
v -0.235297 2.586209 0.800285
v -0.228922 2.506098 0.845907
v -0.212032 2.598953 0.836990
v -0.205515 2.519277 0.882496
v -0.211204 2.637644 0.785975
v -0.192007 2.591686 0.798237
v -0.197307 2.471586 0.879270
v -0.185631 2.511576 0.843867
v -0.227579 2.591612 0.720156
v -0.210189 2.607934 0.772153
v -0.176803 2.600792 0.722946
v -0.224345 2.630259 0.699765
v -0.217762 2.551069 0.749212
v -0.209941 2.643871 0.742745
v -0.203532 2.564394 0.791752
v -0.204280 2.682269 0.690540
v -0.183098 2.638421 0.707316
v -0.190130 2.518063 0.791690
v -0.176560 2.559385 0.756105
v -0.239590 2.674150 0.488827
v -0.232918 2.673106 0.563249
v -0.193436 2.641213 0.523783
v -0.211439 2.703751 0.484684
v -0.260482 2.632496 0.508258
v -0.205867 2.703594 0.544754
v -0.255258 2.630406 0.570692
v -0.165811 2.732124 0.505694
v -0.174274 2.679410 0.518250
v -0.267557 2.580806 0.558243
v -0.224265 2.604857 0.543535
v -0.215193 2.619658 0.632698
v -0.183385 2.658828 0.668101
v -0.156233 2.635357 0.612121
v -0.217509 2.659881 0.597369
v -0.196502 2.579142 0.671761
v -0.191434 2.691975 0.626240
v -0.169977 2.612466 0.700621
v -0.199174 2.718499 0.561551
v -0.168484 2.675066 0.585535
v -0.153060 2.556176 0.714312
v -0.147012 2.596278 0.658287
v -0.159380 2.651315 0.498801
v -0.167552 2.671704 0.549178
v -0.125204 2.683362 0.510787
v -0.170819 2.681726 0.481871
v -0.139206 2.624964 0.525564
v -0.177503 2.698902 0.522530
v -0.146163 2.640687 0.567925
v -0.179237 2.728990 0.478304
v -0.145093 2.708132 0.496334
v -0.113101 2.612064 0.569786
v -0.113171 2.652316 0.539780
v -0.213014 2.653290 0.459836
v -0.175479 2.675075 0.479574
v -0.171557 2.642657 0.445570
v -0.208143 2.675023 0.433695
v -0.206017 2.626553 0.488922
v -0.177227 2.693208 0.449628
v -0.175260 2.643956 0.505693
v -0.183025 2.703736 0.404591
v -0.172070 2.668746 0.424457
v -0.177940 2.602264 0.520180
v -0.169814 2.620789 0.479301
v -0.189702 2.626764 0.401032
v -0.166720 2.660883 0.427457
v -0.145716 2.636876 0.388789
v -0.192865 2.651004 0.376970
v -0.173967 2.603934 0.427871
v -0.173916 2.679291 0.398486
v -0.155129 2.631754 0.449789
v -0.180540 2.690808 0.352607
v -0.156237 2.662162 0.369965
v -0.140594 2.593287 0.458585
v -0.137255 2.615342 0.420812
v -0.184620 2.570023 0.305640
v -0.197544 2.592690 0.349200
v -0.153068 2.590765 0.331449
v -0.185905 2.598192 0.291747
v -0.177014 2.544241 0.331175
v -0.196525 2.616882 0.327460
v -0.187774 2.562396 0.367261
v -0.183923 2.641826 0.292725
v -0.162497 2.616608 0.316136
v -0.165230 2.529922 0.375546
v -0.153678 2.562347 0.355841
v -0.242691 2.602788 0.339010
v -0.219887 2.622478 0.390118
v -0.193826 2.588658 0.354011
v -0.224663 2.628926 0.321270
v -0.250253 2.570569 0.367097
v -0.205774 2.645618 0.362991
v -0.231531 2.586647 0.409204
v -0.186112 2.662203 0.316808
v -0.184099 2.620153 0.337797
v -0.238739 2.539772 0.413029
v -0.209918 2.561020 0.383996
v -0.181994 2.399206 0.999227
v -0.198668 2.385670 1.039868
v -0.218949 2.384245 1.004408
v -0.179095 2.370997 1.001258
v -0.195694 2.425721 1.002435
v -0.192659 2.360413 1.034310
v -0.209431 2.414558 1.035746
v -0.188430 2.331424 1.015032
v -0.209615 2.358060 1.009219
v -0.223562 2.444595 1.017537
v -0.226236 2.412724 1.010397
v -0.246029 2.288706 1.098964
v -0.203405 2.303089 1.114701
v -0.210781 2.287350 1.071723
v -0.246562 2.317879 1.087344
v -0.233618 2.255822 1.107441
v -0.211581 2.329527 1.100296
v -0.198328 2.268446 1.120067
v -0.227528 2.356451 1.071145
v -0.214763 2.318339 1.067655
v -0.199693 2.228173 1.112892
v -0.201746 2.256635 1.087381
v -0.268534 2.364231 1.010566
v -0.245344 2.346715 1.052294
v -0.224306 2.360552 1.009158
v -0.260681 2.392147 1.019015
v -0.265329 2.329299 1.004704
v -0.241787 2.377295 1.053278
v -0.246245 2.314889 1.039146
v -0.235184 2.419772 1.038692
v -0.223745 2.387997 1.021358
v -0.243779 2.289861 1.009451
v -0.228481 2.324638 1.007694
v -0.283609 2.525867 0.893729
v -0.273575 2.481085 0.947786
v -0.249411 2.482793 0.892868
v -0.254223 2.540865 0.902967
v -0.308841 2.493967 0.887022
v -0.245806 2.504575 0.947236
v -0.300464 2.457618 0.931176
v -0.208704 2.538321 0.926724
v -0.226493 2.502774 0.907552
v -0.321273 2.440832 0.893454
v -0.280910 2.456574 0.891244
v -0.262464 2.417228 0.963632
v -0.224418 2.416205 1.006071
v -0.212034 2.428253 0.947007
v -0.260204 2.454940 0.962346
v -0.250067 2.376483 0.964393
v -0.228913 2.454207 0.997048
v -0.218710 2.375913 0.999139
v -0.235690 2.502625 0.966821
v -0.217002 2.463554 0.953454
v -0.214005 2.338423 0.972867
v -0.207026 2.384510 0.955856
v -0.192997 2.302952 1.077193
v -0.165922 2.338612 1.048722
v -0.199957 2.308943 1.032363
v -0.212815 2.326354 1.076067
v -0.169454 2.281222 1.064696
v -0.190509 2.355757 1.052748
v -0.147213 2.310548 1.041140
v -0.230337 2.365470 1.056374
v -0.215562 2.334644 1.038275
v -0.140403 2.272050 1.031594
v -0.172265 2.289431 1.026681
v -0.210863 2.381790 1.106580
v -0.218507 2.340512 1.083280
v -0.252466 2.373225 1.093746
v -0.210402 2.395947 1.078676
v -0.221554 2.360831 1.132974
v -0.216571 2.362442 1.059233
v -0.227828 2.326956 1.113735
v -0.221143 2.400590 1.035680
v -0.243894 2.384608 1.066552
v -0.245129 2.326372 1.148903
v -0.254858 2.350113 1.120590
v -0.158903 2.572468 0.917476
v -0.166597 2.527907 0.900721
v -0.192674 2.538824 0.940692
v -0.181646 2.583279 0.898437
v -0.141411 2.548504 0.942670
v -0.187831 2.547083 0.884523
v -0.147805 2.511682 0.928894
v -0.217849 2.578049 0.875118
v -0.208772 2.552812 0.914784
v -0.135430 2.503322 0.968064
v -0.168759 2.517236 0.959491
v -0.179080 2.502001 1.007825
v -0.172448 2.480239 0.967158
v -0.205279 2.460870 1.006147
v -0.201645 2.516387 0.991225
v -0.158676 2.474515 1.022222
v -0.196177 2.498485 0.957909
v -0.153251 2.456621 0.988604
v -0.232342 2.518767 0.959283
v -0.221463 2.482224 0.985819
v -0.143533 2.431202 1.023189
v -0.178553 2.440136 1.016940
v -0.251238 2.640025 0.812618
v -0.223042 2.598541 0.805790
v -0.255400 2.625965 0.768085
v -0.230654 2.660125 0.790598
v -0.273281 2.610810 0.825966
v -0.207428 2.626215 0.784803
v -0.249987 2.576383 0.821857
v -0.199676 2.670068 0.751403
v -0.231234 2.644841 0.755142
v -0.287833 2.566463 0.826906
v -0.273646 2.595788 0.791291
v -0.174803 2.250798 0.087612
v -0.182381 2.246044 0.103131
v -0.198317 2.245324 0.094534
v -0.190897 2.250029 0.079030
v -0.770138 2.080238 0.860599
v -0.765662 2.076986 0.850387
v -0.776836 2.073414 0.845741
v -0.781461 2.076128 0.856180
v -0.356594 2.409857 0.235826
v -0.445298 2.466984 0.347661
v -0.607011 2.398607 0.551594
v -0.744878 2.229928 0.745614
v -0.747179 2.241179 0.752536
v -0.604324 2.413635 0.554835
v -0.444266 2.477154 0.350827
v -0.353728 2.423455 0.236276
v -0.343480 2.419803 0.243624
v -0.433484 2.475336 0.357271
v -0.594302 2.408653 0.561376
v -0.735261 2.241144 0.757119
v -0.732103 2.230972 0.749092
v -0.596618 2.396037 0.557536
v -0.434759 2.464758 0.354499
v -0.346421 2.406743 0.243135
v -0.193732 2.186701 0.082541
v -0.205546 2.176694 0.088261
v -0.213021 2.177792 0.073370
v -0.201319 2.187738 0.067565
v -0.221845 2.259871 0.108451
v -0.271469 2.343513 0.158346
v -0.278868 2.333174 0.159710
v -0.228102 2.248837 0.110350
v -0.286092 2.334779 0.148451
v -0.233635 2.251356 0.100154
v -0.278471 2.345385 0.147325
v -0.227543 2.262309 0.098118
v -0.499570 2.397253 0.535098
v -0.548502 2.401872 0.554352
v -0.538701 2.366801 0.527601
v -0.506855 2.372741 0.563953
v -0.504409 2.418724 0.501643
v -0.547492 2.375877 0.580269
v -0.544183 2.423347 0.516958
v -0.538095 2.336697 0.601874
v -0.542579 2.348840 0.560362
v -0.532742 2.434801 0.471731
v -0.539526 2.396241 0.497499
v -0.656106 2.284531 0.598900
v -0.661229 2.306583 0.649136
v -0.610324 2.297781 0.621483
v -0.645032 2.322459 0.579350
v -0.657938 2.246128 0.629815
v -0.649438 2.340115 0.620820
v -0.662211 2.264231 0.671219
v -0.623007 2.376583 0.575303
v -0.609778 2.334822 0.601988
v -0.648464 2.218424 0.679276
v -0.622688 2.258493 0.652460
v -0.592253 2.326184 0.518441
v -0.610766 2.346959 0.568423
v -0.554266 2.343588 0.548843
v -0.581929 2.364091 0.499041
v -0.597024 2.288837 0.552599
v -0.597222 2.381387 0.540358
v -0.612164 2.305807 0.593497
v -0.566188 2.418308 0.496705
v -0.554262 2.379111 0.527917
v -0.596273 2.262297 0.606935
v -0.569021 2.303980 0.580899
v -0.474741 2.397371 0.314497
v -0.513121 2.400079 0.378558
v -0.454741 2.373641 0.373436
v -0.453040 2.430987 0.323713
v -0.498301 2.353595 0.323308
v -0.483945 2.433880 0.375443
v -0.530663 2.354610 0.376986
v -0.432029 2.467130 0.363470
v -0.440368 2.414222 0.375277
v -0.527688 2.303258 0.366004
v -0.487031 2.333486 0.376116
v -0.533926 2.352734 0.451493
v -0.533650 2.397789 0.493556
v -0.476345 2.377063 0.466943
v -0.519420 2.390760 0.416637
v -0.537490 2.317213 0.498847
v -0.519104 2.427674 0.450999
v -0.536943 2.355413 0.533307
v -0.490131 2.450264 0.391013
v -0.474886 2.413279 0.433477
v -0.525238 2.303145 0.561114
v -0.491833 2.341673 0.514389
v -0.413880 2.388246 0.371658
v -0.452352 2.408819 0.405080
v -0.397129 2.425828 0.397066
v -0.416430 2.415770 0.347611
v -0.410580 2.366496 0.408176
v -0.447630 2.433071 0.374447
v -0.442840 2.382379 0.436409
v -0.426297 2.460880 0.334002
v -0.407278 2.446505 0.370847
v -0.414303 2.359595 0.460541
v -0.401139 2.398204 0.431274
v -0.377201 2.357522 0.240066
v -0.397452 2.394161 0.252650
v -0.362150 2.378371 0.272435
v -0.359049 2.375948 0.223900
v -0.396306 2.343993 0.267185
v -0.375591 2.406256 0.234123
v -0.413090 2.373886 0.277687
v -0.339558 2.412176 0.215309
v -0.349131 2.396033 0.250314
v -0.417108 2.345806 0.306011
v -0.386649 2.363637 0.293905
v -0.377848 2.355624 0.278285
v -0.378792 2.393944 0.308636
v -0.336545 2.372307 0.292518
v -0.368889 2.378154 0.254022
v -0.378536 2.336626 0.311867
v -0.369524 2.409893 0.278808
v -0.379444 2.367901 0.336973
v -0.349076 2.418537 0.236518
v -0.336677 2.394859 0.268111
v -0.368734 2.332646 0.357238
v -0.346252 2.353590 0.325929
v -0.311314 2.297098 0.211256
v -0.349825 2.318902 0.236151
v -0.303554 2.323599 0.247716
v -0.307276 2.324170 0.195798
v -0.317414 2.273822 0.239463
v -0.338881 2.342148 0.216180
v -0.349292 2.291262 0.260133
v -0.311093 2.367553 0.192308
v -0.304942 2.347003 0.226703
v -0.332533 2.263200 0.283862
v -0.315266 2.296348 0.270588
v -0.381081 2.321159 0.200625
v -0.395108 2.346102 0.252594
v -0.349237 2.315702 0.242681
v -0.359092 2.349229 0.193455
v -0.400114 2.289160 0.222942
v -0.370393 2.370247 0.235959
v -0.411708 2.309558 0.265738
v -0.329285 2.388149 0.207956
v -0.335385 2.347761 0.231288
v -0.414544 2.262302 0.270494
v -0.376722 2.286903 0.261040
v -0.283942 2.245358 0.191670
v -0.305731 2.288102 0.214558
v -0.255909 2.274332 0.218236
v -0.272442 2.266612 0.167317
v -0.292600 2.230796 0.227780
v -0.290101 2.302184 0.185835
v -0.310784 2.265457 0.246903
v -0.258286 2.309505 0.150521
v -0.252542 2.293581 0.190216
v -0.300257 2.235232 0.276945
v -0.272879 2.257521 0.250912
v -0.698855 2.153819 0.793949
v -0.734644 2.139211 0.818823
v -0.729834 2.133245 0.778673
v -0.694610 2.126547 0.800767
v -0.714645 2.177852 0.785341
v -0.723766 2.115085 0.820941
v -0.744028 2.165800 0.805697
v -0.705817 2.086500 0.811420
v -0.722299 2.109114 0.791195
v -0.747937 2.192473 0.779111
v -0.742346 2.160357 0.775765
v -0.796638 2.038009 0.851261
v -0.773378 2.059680 0.886767
v -0.752226 2.041429 0.849771
v -0.793447 2.066275 0.837947
v -0.788058 2.007902 0.869352
v -0.774363 2.083907 0.867136
v -0.768642 2.026536 0.898333
v -0.772937 2.106825 0.831057
v -0.756446 2.071194 0.840339
v -0.761052 1.986347 0.896758
v -0.750818 2.013168 0.871441
v -0.732071 2.258438 0.634419
v -0.750925 2.217839 0.689413
v -0.699422 2.221492 0.658804
v -0.715648 2.278332 0.656964
v -0.744789 2.222643 0.618412
v -0.730971 2.245495 0.702069
v -0.760069 2.189736 0.663408
v -0.692922 2.284069 0.702719
v -0.691936 2.245443 0.681397
v -0.752650 2.168458 0.623036
v -0.720780 2.190462 0.642580
v -0.742938 2.059898 0.862508
v -0.708439 2.098447 0.850709
v -0.722766 2.063077 0.821556
v -0.760728 2.079713 0.847258
v -0.714327 2.041852 0.868700
v -0.732390 2.111501 0.837645
v -0.685892 2.073545 0.858868
v -0.767483 2.114734 0.816390
v -0.741584 2.086094 0.814133
v -0.670558 2.036349 0.859875
v -0.695093 2.048135 0.835367
v -0.283332 2.325438 0.208487
v -0.314350 2.352189 0.192314
v -0.272359 2.364832 0.198633
v -0.274939 2.324186 0.179571
v -0.293237 2.337949 0.238107
v -0.300395 2.346239 0.166212
v -0.318816 2.359814 0.224899
v -0.271176 2.338201 0.139060
v -0.269457 2.357454 0.170351
v -0.309064 2.367759 0.260101
v -0.287615 2.371509 0.228745
v -0.778792 2.191598 0.744552
v -0.762552 2.172973 0.781370
v -0.791131 2.201576 0.778878
v -0.797606 2.171230 0.752538
v -0.758455 2.215835 0.746189
v -0.784278 2.156025 0.782897
v -0.744979 2.200905 0.776386
v -0.817797 2.145268 0.779258
v -0.805802 2.177051 0.783160
v -0.736196 2.238869 0.766431
v -0.766074 2.222943 0.776263
v -0.783272 2.135782 0.866128
v -0.771100 2.093007 0.848038
v -0.808069 2.120117 0.832832
v -0.768033 2.148821 0.842108
v -0.805058 2.114319 0.883874
v -0.757812 2.114088 0.827016
v -0.795000 2.079210 0.868933
v -0.751819 2.150121 0.800622
v -0.786448 2.131764 0.814407
v -0.829500 2.077077 0.887417
v -0.823238 2.097896 0.855997
v -0.651387 2.325504 0.719738
v -0.642747 2.279716 0.707311
v -0.688373 2.287668 0.723181
v -0.659574 2.331789 0.689904
v -0.649573 2.305615 0.753147
v -0.652325 2.294597 0.679602
v -0.642503 2.267776 0.742912
v -0.674241 2.319917 0.650843
v -0.687547 2.297920 0.691240
v -0.654744 2.262941 0.782713
v -0.677914 2.270938 0.754836
v -0.712960 2.255962 0.789796
v -0.681289 2.234131 0.763496
v -0.728393 2.211086 0.778440
v -0.722838 2.265888 0.761590
v -0.702066 2.232688 0.816606
v -0.696856 2.247937 0.740073
v -0.675941 2.214727 0.794818
v -0.728859 2.262107 0.717799
v -0.731737 2.228787 0.750040
v -0.685721 2.192474 0.831505
v -0.711062 2.195369 0.805148
v -0.671011 2.373374 0.573423
v -0.639829 2.336807 0.589331
v -0.646556 2.357246 0.536817
v -0.643788 2.395754 0.565022
v -0.693287 2.341460 0.575114
v -0.618030 2.365885 0.577956
v -0.668410 2.311152 0.589512
v -0.597002 2.409195 0.550013
v -0.621676 2.379324 0.537962
v -0.700583 2.295399 0.572989
v -0.671492 2.325351 0.548776
v -0.139712 1.976145 0.080570
v -0.154393 1.970778 0.089318
v -0.162007 1.967172 0.073274
v -0.147456 1.972464 0.064453
v -0.841479 2.768623 0.096577
v -0.832560 2.762893 0.091832
v -0.838561 2.761038 0.080889
v -0.847875 2.766317 0.085696
v -0.055555 2.898430 -0.091792
v -0.176089 2.990247 -0.065714
v -0.441483 2.991292 -0.021222
v -0.709880 2.889015 0.029835
v -0.713005 2.901468 0.033700
v -0.437658 3.005744 -0.016745
v -0.174690 3.000351 -0.062477
v -0.050186 2.911013 -0.089314
v -0.048496 2.906536 -0.077089
v -0.171552 2.997383 -0.050542
v -0.435964 2.999901 -0.005298
v -0.707383 2.899680 0.045023
v -0.702645 2.887907 0.040918
v -0.438501 2.987598 -0.009935
v -0.173485 2.987001 -0.053652
v -0.053752 2.894481 -0.079636
v 0.101050 2.624254 -0.102798
v 0.086231 2.618009 -0.106514
v 0.090705 2.618218 -0.122599
v 0.105483 2.624415 -0.119023
v 0.083533 2.704903 -0.100690
v 0.037905 2.804047 -0.094667
v 0.028971 2.795851 -0.098729
v 0.074893 2.695883 -0.103607
v 0.031428 2.797086 -0.111919
v 0.078127 2.697818 -0.114864
v 0.040439 2.805533 -0.107526
v 0.086713 2.706772 -0.112160
v -0.537352 2.899259 -0.020329
v -0.567467 2.929746 0.014311
v -0.515410 2.906102 0.027140
v -0.506800 2.930339 -0.026964
v -0.568679 2.867628 0.000932
v -0.531932 2.955013 0.001504
v -0.593554 2.892695 0.029447
v -0.474042 2.977253 -0.014444
v -0.492704 2.938542 0.013559
v -0.600951 2.846952 0.043765
v -0.554588 2.875835 0.041459
v -0.428727 2.912987 -0.037586
v -0.468650 2.945008 -0.012025
v -0.416316 2.926738 0.010655
v -0.398817 2.944228 -0.044606
v -0.463971 2.883517 -0.015822
v -0.431778 2.970813 -0.023467
v -0.496640 2.909687 0.005098
v -0.371653 2.992828 -0.034963
v -0.393481 2.957596 -0.004384
v -0.505342 2.866582 0.024908
v -0.457992 2.896838 0.024192
v -0.194383 2.923917 -0.111301
v -0.262420 2.944964 -0.088669
v -0.224118 2.906403 -0.054327
v -0.175799 2.953277 -0.089427
v -0.228570 2.888074 -0.121083
v -0.230490 2.970936 -0.071081
v -0.286057 2.904543 -0.102276
v -0.176655 2.990171 -0.045081
v -0.204227 2.942818 -0.042704
v -0.290443 2.852623 -0.109453
v -0.259691 2.874887 -0.074417
v -0.336747 2.915503 -0.048649
v -0.351647 2.965712 -0.016146
v -0.298805 2.929398 0.001486
v -0.293870 2.943475 -0.064478
v -0.379114 2.889680 -0.016167
v -0.305948 2.984576 -0.037864
v -0.390748 2.931988 0.010696
v -0.240606 2.990555 -0.063218
v -0.266687 2.958585 -0.021972
v -0.414006 2.883646 0.038344
v -0.349776 2.906216 0.026145
v -0.189715 2.911632 -0.028343
v -0.233418 2.944955 -0.028407
v -0.184041 2.948480 0.002457
v -0.168829 2.934806 -0.047554
v -0.216543 2.895891 0.000812
v -0.203936 2.962380 -0.047797
v -0.253685 2.922548 0.000888
v -0.155260 2.978163 -0.063476
v -0.169038 2.966292 -0.023536
v -0.254674 2.898511 0.037455
v -0.216198 2.928233 0.024935
v -0.086944 2.852974 -0.103196
v -0.099907 2.894588 -0.106520
v -0.091387 2.875172 -0.068607
v -0.058629 2.864314 -0.102959
v -0.121683 2.848332 -0.095771
v -0.069082 2.898664 -0.105711
v -0.132598 2.882378 -0.098480
v -0.029508 2.893767 -0.095842
v -0.063144 2.885886 -0.076244
v -0.161103 2.860739 -0.080423
v -0.126698 2.869584 -0.069006
v -0.166179 2.897839 -0.088797
v -0.169580 2.927415 -0.051558
v -0.145345 2.886996 -0.050279
v -0.134913 2.911421 -0.092961
v -0.198550 2.881313 -0.071800
v -0.137348 2.935919 -0.062394
v -0.202010 2.905293 -0.041090
v -0.094030 2.932475 -0.079260
v -0.118970 2.905742 -0.059204
v -0.227070 2.869490 -0.034355
v -0.182084 2.876023 -0.038076
v -0.112455 2.857479 -0.075025
v -0.122491 2.899549 -0.052225
v -0.087465 2.867216 -0.036716
v -0.084470 2.873389 -0.086868
v -0.139539 2.844751 -0.050661
v -0.092450 2.908147 -0.068150
v -0.148044 2.879170 -0.031893
v -0.048294 2.905336 -0.086141
v -0.065923 2.885030 -0.054686
v -0.162675 2.846219 -0.010251
v -0.120855 2.856622 -0.018447
v -0.037015 2.776227 -0.082240
v -0.074945 2.809361 -0.088696
v -0.047838 2.806068 -0.049310
v -0.017024 2.798977 -0.090662
v -0.065672 2.759637 -0.065562
v -0.048099 2.826243 -0.095995
v -0.097271 2.786488 -0.070870
v -0.006057 2.841043 -0.095027
v -0.029153 2.825517 -0.065554
v -0.107872 2.759766 -0.042499
v -0.078158 2.785956 -0.040418
v -0.727931 2.813820 0.095157
v -0.773518 2.811271 0.089835
v -0.745852 2.797998 0.062832
v -0.736467 2.787739 0.102587
v -0.727409 2.838907 0.078683
v -0.773431 2.786072 0.098193
v -0.764810 2.836747 0.074264
v -0.761962 2.753202 0.102431
v -0.754852 2.775182 0.076771
v -0.743496 2.858973 0.052235
v -0.745817 2.826292 0.052856
v -0.865716 2.731945 0.071279
v -0.866051 2.753724 0.113669
v -0.831900 2.725692 0.099630
v -0.847396 2.756371 0.063923
v -0.879121 2.704051 0.089975
v -0.847746 2.774107 0.098743
v -0.878834 2.722649 0.124877
v -0.817490 2.790054 0.073067
v -0.821008 2.753747 0.090302
v -0.882991 2.682051 0.128002
v -0.852276 2.701662 0.116291
v -0.621718 2.895785 -0.044482
v -0.681337 2.869509 -0.016490
v -0.623657 2.857272 -0.005257
v -0.619120 2.915181 -0.016361
v -0.630055 2.861339 -0.065536
v -0.667794 2.894047 0.006698
v -0.678647 2.840111 -0.042531
v -0.630634 2.923371 0.033068
v -0.626446 2.882461 0.017055
v -0.653010 2.811490 -0.068247
v -0.636811 2.829196 -0.032109
v -0.594484 2.868686 0.016019
v -0.646591 2.866841 0.030119
v -0.603823 2.882802 0.054228
v -0.595283 2.896317 0.009130
v -0.599666 2.839761 0.033773
v -0.637907 2.895065 0.020742
v -0.642500 2.838333 0.045391
v -0.610839 2.932305 0.013255
v -0.607470 2.907425 0.040419
v -0.621769 2.814440 0.065183
v -0.611950 2.850877 0.065093
v -0.828512 2.743619 0.115652
v -0.785920 2.771644 0.130345
v -0.786859 2.735813 0.098384
v -0.826279 2.763981 0.092803
v -0.816675 2.721225 0.138912
v -0.791311 2.787132 0.104933
v -0.781522 2.744230 0.150940
v -0.802056 2.794159 0.065832
v -0.789546 2.760747 0.080775
v -0.780972 2.705313 0.161180
v -0.779769 2.717845 0.126786
v -0.007610 2.797239 -0.065279
v -0.012468 2.826911 -0.097455
v 0.017030 2.831325 -0.064691
v 0.016667 2.789582 -0.081409
v -0.030449 2.816184 -0.049422
v 0.012762 2.814016 -0.107877
v -0.034589 2.840485 -0.075862
v 0.049096 2.795736 -0.109017
v 0.035330 2.819015 -0.084091
v -0.048077 2.851812 -0.042889
v -0.011517 2.845845 -0.052113
v -0.743735 2.858992 0.005899
v -0.760619 2.843601 0.043902
v -0.772017 2.876768 0.023625
v -0.767786 2.844592 -0.000939
v -0.723744 2.878364 0.021025
v -0.781713 2.832060 0.030358
v -0.737388 2.866041 0.052303
v -0.806337 2.828125 0.005245
v -0.791808 2.856889 0.016680
v -0.714637 2.899192 0.051340
v -0.746659 2.891694 0.038639
v -0.839791 2.825831 0.093018
v -0.830727 2.779099 0.086758
v -0.840393 2.810524 0.051374
v -0.809953 2.831314 0.085345
v -0.872538 2.812581 0.091504
v -0.802092 2.793232 0.080183
v -0.864990 2.774195 0.086341
v -0.771303 2.822439 0.065023
v -0.809925 2.814234 0.052094
v -0.902247 2.782369 0.077309
v -0.872059 2.796034 0.058288
v -0.708403 2.914593 0.084536
v -0.674499 2.882638 0.085410
v -0.724081 2.872716 0.065006
v -0.694772 2.921660 0.057042
v -0.723936 2.894216 0.111418
v -0.667007 2.895414 0.057802
v -0.695897 2.867887 0.112070
v -0.671982 2.912173 0.020179
v -0.703568 2.885877 0.041831
v -0.732377 2.854432 0.132682
v -0.732919 2.858260 0.096209
v -0.508222 2.983917 -0.047694
v -0.505673 2.944702 -0.015785
v -0.471385 2.957302 -0.059217
v -0.477322 2.998428 -0.035563
v -0.533775 2.958088 -0.061748
v -0.474994 2.966326 -0.009353
v -0.533137 2.925985 -0.035032
v -0.430467 2.999147 -0.015589
v -0.448380 2.973562 -0.041490
v -0.549840 2.914859 -0.068995
v -0.505440 2.933715 -0.067338
v 0.085504 2.409584 -0.072278
v 0.067904 2.408906 -0.075541
v 0.071776 2.404422 -0.092667
v 0.089309 2.405044 -0.089546
v 0.047794 1.437512 0.150418
v 0.050813 1.862943 0.104230
v 0.071730 0.592225 0.148367
v 0.071776 1.434618 0.106810
v 0.070936 1.856103 0.063503
v 0.056354 1.854694 0.046381
v 0.056798 1.435144 0.087155
v 0.051082 0.593781 0.116171
v 0.015525 -0.051079 0.115480
v 0.037458 -0.052838 0.150150
v 0.027039 -0.052367 0.196797
v -0.007554 -0.050035 0.218799
v -0.065593 -0.045379 0.127057
v -0.031001 -0.047711 0.105054
v -0.054079 -0.046667 0.208373
v -0.076012 -0.044907 0.173703
v 0.029656 0.595104 0.212505
v 0.062056 0.592821 0.191864
v 0.067712 1.435688 0.135377
v 0.068434 1.859829 0.089618
v 0.009753 1.862944 0.085088
v 0.004129 1.440023 0.126981
v -0.034639 0.599841 0.170795
v -0.014000 0.598273 0.202988
v 0.019087 1.439469 0.146626
v 0.024326 1.864351 0.102208
v 0.029857 1.856097 0.044314
v 0.028095 1.437103 0.083376
v 0.007423 0.596947 0.106665
v -0.024967 0.599242 0.127312
v 0.008197 1.438955 0.098430
v 0.012245 1.859216 0.058930
v 0.029353 0.277386 0.116770
v 0.040035 0.268059 0.195114
v 0.050434 0.272626 0.150190
v 0.006319 0.267268 0.216265
v -0.059867 0.275291 0.172726
v -0.015750 0.280652 0.106667
v -0.038785 0.270533 0.206157
v -0.049468 0.279859 0.127808
v 0.171897 2.565433 -0.070754
v 0.123572 2.248223 0.016614
v 0.113167 2.246723 0.005392
v 0.164167 2.564218 -0.078549
v 0.163268 2.572408 -0.050790
v 0.111384 2.257624 0.044309
v 0.122756 2.253177 0.034165
v 0.171492 2.569138 -0.058226
v 0.151056 2.565858 -0.078865
v 0.095243 2.249123 0.004547
v 0.083862 2.253498 0.014737
v 0.142848 2.569099 -0.071475
v 0.142443 2.572802 -0.058945
v 0.083083 2.258417 0.032321
v 0.093489 2.259995 0.043487
v 0.150156 2.574048 -0.051104
v -0.157814 1.421051 0.184827
v -0.118154 1.846482 0.208691
v -0.166968 0.575763 0.207039
v -0.130060 1.418157 0.226137
v -0.091189 1.839641 0.245249
v -0.069287 1.838232 0.240143
v -0.105725 1.418682 0.221840
v -0.128888 0.577320 0.203454
v -0.111969 -0.067540 0.172172
v -0.152837 -0.069300 0.175765
v -0.189511 -0.068829 0.145115
v -0.193201 -0.066497 0.104284
v -0.085058 -0.061840 0.094778
v -0.081368 -0.064173 0.135609
v -0.162600 -0.063129 0.067721
v -0.121732 -0.061369 0.064128
v -0.204671 0.578642 0.140237
v -0.201186 0.576359 0.178495
v -0.153582 1.419227 0.209425
v -0.113249 1.843367 0.231051
v -0.082314 1.846482 0.180980
v -0.116964 1.423561 0.156772
v -0.138121 0.583379 0.102228
v -0.176194 0.581812 0.105806
v -0.141280 1.423007 0.161056
v -0.104211 1.847889 0.186080
v -0.055299 1.839635 0.217545
v -0.089204 1.420641 0.198065
v -0.100420 0.580486 0.169016
v -0.103915 0.582780 0.130764
v -0.093457 1.422494 0.173479
v -0.060211 1.842754 0.195191
v -0.119456 0.260924 0.183870
v -0.193976 0.251597 0.157436
v -0.158823 0.256165 0.187277
v -0.197310 0.250806 0.117775
v -0.128268 0.258829 0.078923
v -0.089796 0.264190 0.148422
v -0.167644 0.254071 0.082328
v -0.093120 0.263397 0.108764
v -0.018179 2.548971 0.396536
v -0.073659 2.231761 0.313527
v -0.058915 2.230262 0.309427
v -0.007708 2.547756 0.393241
v -0.031963 2.555946 0.379713
v -0.092681 2.241162 0.289996
v -0.088881 2.236715 0.304754
v -0.029127 2.552676 0.390432
v -0.001414 2.549396 0.381735
v -0.049945 2.232661 0.293886
v -0.053781 2.237036 0.279100
v -0.004218 2.552638 0.371052
v -0.015167 2.556340 0.364946
v -0.069050 2.241955 0.270343
v -0.083745 2.243533 0.274470
v -0.025672 2.557586 0.368205
v -0.249267 1.979378 0.604173
v -0.114041 1.056500 0.213526
v -0.152344 1.075021 0.160393
v -0.111813 1.624554 0.407518
v -0.077676 1.353530 0.300516
v -0.160484 1.388148 0.206642
v -0.188828 1.656744 0.321673
v -0.179947 1.615118 0.381771
v -0.150649 1.344880 0.271416
v -0.130131 1.035993 0.194966
v -0.160920 1.049894 0.211022
v -0.148875 1.045609 0.168892
v -0.174337 1.835570 0.485727
v -0.213880 1.818505 0.482512
v -0.210419 1.849768 0.445602
vn -0.4293 -0.0091 -0.9031
vn -0.4878 -0.0020 -0.8730
vn 0.2730 -0.0710 -0.9594
vn 0.3422 0.0042 -0.9396
vn -0.8781 0.1165 0.4641
vn -0.8251 0.2561 0.5037
vn -0.9463 0.2164 -0.2402
vn -0.9574 0.0758 -0.2787
vn -0.9032 0.0061 0.4291
vn -0.9436 -0.0080 -0.3310
vn -0.9121 -0.0631 0.4052
vn -0.9345 -0.0608 -0.3507
vn -0.5153 0.0547 -0.8553
vn 0.2152 -0.1345 -0.9673
vn -0.4191 -0.0195 -0.9077
vn 0.3444 0.0362 -0.9381
vn -0.6743 -0.6690 0.3127
vn -0.2522 -0.6439 0.7223
vn -0.3650 -0.0257 0.9307
vn -0.2939 -0.6439 -0.7064
vn -0.6914 -0.6690 -0.2728
vn 0.9072 0.0732 -0.4143
vn 0.7417 -0.5871 -0.3244
vn 0.3001 -0.6100 -0.7334
vn 0.7593 -0.5871 0.2806
vn 0.3424 -0.6100 0.7146
vn 0.9069 0.0233 -0.4207
vn 0.9388 0.0365 0.3426
vn 0.9315 0.0702 0.3570
vn 0.8757 -0.0882 -0.4748
vn 0.9525 -0.0430 0.3015
vn 0.8195 -0.2415 -0.5197
vn 0.9481 -0.2009 0.2466
vn 0.4003 0.0294 0.9159
vn 0.4214 0.0368 0.9061
vn -0.3415 0.0244 0.9396
vn 0.4493 0.0364 0.8927
vn -0.3084 0.1009 0.9459
vn 0.4955 -0.0306 0.8681
vn -0.2415 0.1574 0.9575
vn -0.7800 0.5912 -0.2052
vn -0.6314 0.6114 0.4770
vn -0.3753 0.8446 0.3819
vn -0.5240 0.8075 -0.2710
vn -0.4030 0.3529 -0.8444
vn 0.3567 0.6577 -0.6635
vn 0.7884 -0.5600 0.2546
vn 0.6388 -0.5902 -0.4935
vn 0.4120 -0.8067 -0.4237
vn 0.5770 -0.7642 0.2882
vn 0.0890 -0.2608 -0.9613
vn -0.0002 -0.3594 -0.9332
vn -0.1493 0.3082 0.9395
vn 0.0045 0.4423 0.8969
vn -0.5201 0.2513 -0.8163
vn 0.4570 -0.1907 0.8688
vn 0.4173 -0.2670 0.8687
vn 0.5915 0.7010 0.3984
vn 0.7946 -0.4122 0.4457
vn 0.5575 -0.4522 -0.6962
vn 0.8919 -0.3980 0.2148
vn 0.4961 -0.1597 0.8534
vn 0.5019 -0.1090 0.8580
vn 0.9224 -0.3171 0.2207
vn -0.1936 0.1795 0.9645
vn -0.7457 0.4090 0.5259
vn -0.7781 0.3461 0.5242
vn -0.2053 0.1652 0.9647
vn -0.8860 0.4136 -0.2096
vn -0.5044 0.1754 -0.8455
vn -0.5109 0.1286 -0.8500
vn -0.9152 0.3351 -0.2238
vn 0.1844 -0.1630 -0.9692
vn 0.7514 -0.3925 -0.5304
vn 0.7754 -0.3250 -0.5414
vn 0.1870 -0.1428 -0.9719
vn -0.8032 -0.3796 0.4591
vn -0.8604 -0.4789 -0.1742
vn -0.9000 -0.3818 -0.2101
vn -0.8554 -0.3130 0.4127
vn -0.5965 -0.3453 -0.7246
vn -0.5665 -0.3877 -0.7272
vn -0.6330 -0.4133 0.6546
vn -0.7457 -0.6540 -0.1275
vn -0.8150 -0.5620 -0.1413
vn -0.4793 -0.3760 -0.7931
vn -0.6514 -0.7223 0.2323
vn -0.8432 -0.5075 -0.1776
vn -0.4851 -0.6209 -0.6158
vn -0.5784 -0.2751 -0.7679
vn -0.8691 -0.2135 0.4461
vn -0.0057 -0.6125 -0.7904
vn 0.4851 -0.7659 -0.4220
vn 0.6277 -0.5834 -0.5153
vn 0.1261 -0.5058 -0.8534
vn 0.8563 -0.5158 0.0243
vn 0.7718 -0.6241 0.1217
vn -0.3057 -0.6125 -0.7290
vn 0.1696 -0.9706 -0.1707
vn 0.2977 -0.9089 -0.2921
vn 0.6984 -0.6525 0.2940
vn 0.0564 -0.8523 -0.5200
vn 0.5589 -0.6849 -0.4675
vn 0.6717 -0.7350 0.0927
vn 0.9154 -0.4020 0.0214
vn 0.1524 -0.3778 -0.9133
vn -0.3508 -0.8664 -0.3553
vn 0.3619 -0.8711 -0.3319
vn 0.5085 -0.4258 -0.7484
vn 0.0263 -0.4395 -0.8979
vn 0.8253 -0.3939 -0.4045
vn 0.7010 -0.6558 0.2804
vn -0.7432 -0.6665 0.0581
vn -0.1231 -0.8060 0.5790
vn -0.0687 -0.8666 0.4942
vn 0.5907 -0.5214 0.6158
vn 0.0652 -0.7037 -0.7075
vn 0.4885 -0.4379 -0.7547
vn 0.8064 -0.5207 -0.2804
vn 0.9357 -0.1563 -0.3162
vn -0.1256 -0.2089 -0.9698
vn 0.3380 -0.2615 0.9041
vn -0.3400 -0.3825 0.8592
vn -0.3730 -0.3212 0.8705
vn 0.2551 -0.2428 0.9359
vn -0.8270 -0.3227 0.4603
vn -0.8471 -0.3352 0.4123
vn 0.6203 -0.2478 0.7442
vn -0.3452 -0.5043 0.7915
vn -0.2995 -0.4224 0.8555
vn -0.8989 -0.3202 0.2992
vn -0.0026 -0.7284 0.6852
vn -0.3391 -0.4655 0.8175
vn -0.6983 -0.6240 0.3507
vn -0.8621 -0.2758 0.4251
vn 0.2890 -0.1756 0.9411
vn -0.8969 -0.2320 -0.3765
vn -0.4256 -0.2097 -0.8803
vn -0.4169 -0.1419 -0.8978
vn -0.8699 -0.1929 -0.4539
vn 0.1873 -0.0893 -0.9782
vn 0.2379 -0.1021 -0.9659
vn -0.9532 -0.2955 -0.0631
vn -0.3633 -0.3340 -0.8698
vn -0.4462 -0.2575 -0.8571
vn 0.3570 -0.0883 -0.9299
vn -0.4858 -0.6358 -0.5999
vn -0.3894 -0.2949 -0.8726
vn 0.2074 -0.4209 -0.8831
vn 0.2341 -0.0399 -0.9714
vn -0.8992 -0.1343 -0.4164
vn 0.3486 0.0977 -0.9322
vn 0.2871 0.1136 -0.9511
vn 0.8691 -0.0811 -0.4880
vn 0.9098 -0.0196 -0.4145
vn -0.9290 0.2475 -0.2750
vn -0.9044 0.3805 -0.1930
vn -0.4582 0.3889 -0.7993
vn -0.4560 0.2484 -0.8546
vn -0.9317 0.1444 -0.3334
vn -0.4168 0.1655 -0.8938
vn -0.9271 0.0786 -0.3665
vn -0.4014 0.1127 -0.9089
vn 0.2642 0.1779 -0.9479
vn 0.8315 -0.1314 -0.5398
vn 0.3579 0.0859 -0.9298
vn 0.9133 0.0115 -0.4072
vn -0.7528 -0.5551 -0.3537
vn -0.7516 -0.6177 0.2316
vn -0.9212 0.0027 0.3892
vn 0.2422 -0.5578 -0.7939
vn -0.3455 -0.5306 -0.7740
vn 0.9312 -0.0675 0.3582
vn 0.6908 -0.6927 0.2072
vn 0.6758 -0.6248 -0.3910
vn 0.2700 -0.7181 0.6414
vn -0.3314 -0.6855 0.6483
vn 0.9309 -0.1164 0.3462
vn 0.4079 -0.1370 0.9027
vn 0.3956 -0.1031 0.9126
vn 0.9376 -0.2188 0.2701
vn 0.4394 -0.2161 0.8719
vn 0.9162 -0.3575 0.1813
vn 0.4585 -0.3670 0.8094
vn -0.3759 -0.0732 0.9238
vn -0.3536 -0.0692 0.9328
vn -0.9066 0.0476 0.4193
vn -0.3247 -0.0738 0.9429
vn -0.8811 0.1171 0.4582
vn -0.2835 -0.1435 0.9482
vn -0.8387 0.1665 0.5186
vn 0.6055 0.1887 0.7732
vn 0.0504 0.3834 0.9222
vn -0.2640 -0.1967 0.9443
vn 0.4598 -0.4427 0.7698
vn -0.3716 0.6817 0.6302
vn -0.4302 0.8974 0.0979
vn -0.8858 0.4434 -0.1370
vn -0.8135 0.1713 0.5558
vn -0.1004 0.9150 -0.3908
vn 0.4504 0.7153 -0.5343
vn 0.2712 0.2306 -0.9345
vn -0.4465 0.4739 -0.7590
vn 0.8708 0.4272 -0.2434
vn 0.9339 0.2154 0.2854
vn 0.9005 -0.4110 0.1421
vn 0.8223 -0.1361 -0.5525
vn 0.8807 -0.4736 0.0080
vn 0.5958 -0.5715 0.5643
vn 0.6696 -0.3507 0.6547
vn 0.9369 -0.3329 0.1068
vn 0.1521 -0.3174 0.9360
vn 0.0672 -0.4547 0.8881
vn 0.7904 -0.5472 -0.2752
vn 0.3539 -0.8746 0.3315
vn 0.4748 -0.7692 0.4276
vn -0.1040 -0.5238 0.8455
vn 0.6640 -0.7322 0.1515
vn 0.6336 -0.4706 0.6141
vn 0.1049 -0.5789 0.8086
vn 0.1410 -0.1945 0.9707
vn 0.9758 -0.1947 0.0993
vn 0.2584 -0.4212 0.8694
vn -0.4287 -0.3774 0.8209
vn -0.4468 -0.3116 0.8386
vn 0.1817 -0.3872 0.9039
vn -0.8843 -0.1674 0.4360
vn -0.9062 -0.1701 0.3872
vn 0.5380 -0.4571 0.7082
vn -0.4611 -0.4874 0.7415
vn -0.3985 -0.4250 0.8127
vn -0.9518 -0.1324 0.2768
vn -0.1782 -0.7727 0.6092
vn -0.4465 -0.4538 0.7712
vn -0.8273 -0.4779 0.2953
vn -0.9072 -0.1104 0.4060
vn 0.2302 -0.3305 0.9153
vn -0.3588 -0.3378 0.8701
vn -0.9427 -0.2805 -0.1805
vn 0.0218 -0.6914 -0.7222
vn 0.4769 -0.8334 0.2794
vn 0.9847 0.0553 0.1652
vn -0.1033 0.1501 0.9833
vn -0.9762 -0.0738 -0.2038
vn 0.2703 -0.1440 -0.9519
vn 0.2035 -0.2041 0.9576
vn -0.3249 -0.9251 -0.1966
vn -0.6385 -0.7411 -0.2075
vn 0.0839 -0.0529 0.9951
vn -0.9071 -0.4019 -0.1248
vn -0.0522 0.0644 0.9966
vn -0.1888 0.2930 -0.9373
vn 0.3550 0.9228 0.1497
vn 0.6724 0.7396 0.0276
vn 0.0174 0.2389 -0.9709
vn 0.9037 0.4265 0.0387
vn 0.1597 -0.0391 -0.9864
vn 0.4117 -0.0606 0.9093
vn -0.3323 0.8941 0.3004
vn -0.8518 0.3100 0.4223
vn -0.1579 -0.4913 0.8566
vn -0.2856 0.2361 -0.9288
vn -0.0989 -0.9797 -0.1746
vn 0.1661 -0.9582 -0.2328
vn -0.3833 0.1647 -0.9088
vn 0.3964 -0.0761 0.9149
vn 0.2905 -0.1116 0.9503
vn -0.1413 0.9775 0.1567
vn 0.0891 0.9855 0.1442
vn 0.4240 -0.8542 -0.3009
vn -0.4541 0.1809 -0.8724
vn 0.1972 0.9603 -0.1974
vn -0.1304 0.4738 0.8709
vn 0.9516 0.0087 -0.3073
vn -0.2809 -0.9597 0.0018
vn 0.8172 -0.5332 -0.2190
vn -0.2976 -0.1619 0.9409
vn -0.6318 0.2958 -0.7165
vn -0.7365 -0.1143 -0.6667
vn -0.1772 0.1627 0.9706
vn 0.9362 -0.2301 -0.2655
vn -0.7646 0.1001 -0.6367
vn 0.1926 0.9628 -0.1897
vn -0.3363 0.5034 0.7959
vn 0.9923 0.0462 -0.1148
vn -0.2149 -0.9766 -0.0106
vn 0.8718 -0.4893 -0.0212
vn -0.4871 -0.1407 0.8620
vn -0.4837 0.2389 -0.8420
vn -0.5822 -0.1739 -0.7942
vn -0.4002 0.1847 0.8976
vn 0.9813 -0.1850 -0.0539
vn -0.6274 0.0377 -0.7778
vn -0.0061 0.9996 0.0265
vn -0.1937 0.2425 0.9506
vn 0.9293 0.2516 -0.2703
vn -0.0643 -0.9774 -0.2012
vn 0.9122 -0.2685 -0.3095
vn -0.2311 -0.4133 0.8808
vn -0.6751 0.3175 -0.6659
vn -0.7010 -0.1125 -0.7042
vn -0.1813 -0.0652 0.9813
vn 0.9592 0.0129 -0.2824
vn -0.7695 0.0844 -0.6330
vn 0.2226 0.9514 0.2130
vn -0.7171 0.3542 0.6002
vn 0.8990 0.0191 0.4376
vn -0.1371 -0.9230 -0.3594
vn 0.7569 -0.5805 0.3003
vn -0.8663 -0.3042 0.3961
vn 0.0162 0.5272 -0.8496
vn -0.0858 0.0513 -0.9950
vn -0.8191 0.0136 0.5736
vn 0.8740 -0.2572 0.4122
vn -0.1519 0.3024 -0.9410
vn -0.1895 0.9746 -0.1191
vn 0.0658 0.4200 0.9052
vn 0.6967 0.3401 -0.6316
vn 0.0430 -0.9988 -0.0254
vn 0.7758 -0.2242 -0.5898
vn 0.1454 -0.2786 0.9493
vn -0.9086 0.0966 -0.4063
vn -0.8610 -0.3331 -0.3844
vn 0.1600 0.0885 0.9831
vn 0.7758 0.0752 -0.6265
vn -0.9434 -0.1300 -0.3051
vn -0.0560 0.9950 0.0825
vn -0.2472 0.2047 0.9471
vn 0.9052 0.3567 -0.2310
vn -0.0177 -0.9604 -0.2779
vn 0.9199 -0.2373 -0.3122
vn -0.2414 -0.5181 0.8205
vn -0.6802 0.3438 -0.6474
vn -0.6722 -0.1225 -0.7301
vn -0.2137 -0.1563 0.9643
vn 0.9616 0.0810 -0.2623
vn -0.7719 0.0901 -0.6294
vn 0.1739 0.9803 -0.0934
vn -0.7575 0.5103 0.4072
vn 0.8730 0.2038 0.4430
vn -0.0611 -0.9956 -0.0710
vn 0.7853 -0.4002 0.4724
vn -0.8673 -0.2591 0.4251
vn 0.0919 0.2244 -0.9702
vn 0.0158 -0.2620 -0.9649
vn -0.8579 0.1343 0.4960
vn 0.8652 -0.0859 0.4940
vn -0.0617 -0.0064 -0.9981
vn -0.0703 0.8449 -0.5303
vn -0.3241 0.7351 0.5955
vn 0.9030 0.1939 -0.3834
vn 0.0121 -0.9384 0.3453
vn 0.9320 -0.3513 -0.0893
vn -0.2934 0.0504 0.9547
vn -0.6319 -0.1411 -0.7621
vn -0.6286 -0.5598 -0.5400
vn -0.2848 0.4355 0.8540
vn 0.9691 -0.0592 -0.2393
vn -0.7325 -0.3300 -0.5954
vn -0.1762 0.9836 0.0381
vn -0.6602 0.1766 0.7300
vn 0.8748 0.4570 0.1610
vn 0.2000 -0.9529 -0.2278
vn 0.9836 -0.1441 0.1083
vn -0.5299 -0.5575 0.6391
vn -0.3583 0.2990 -0.8844
vn -0.2765 -0.1758 -0.9448
vn -0.6051 -0.1963 0.7715
vn 0.9711 0.1770 0.1602
vn -0.4306 0.0335 -0.9019
vn 0.3390 0.9346 -0.1080
vn 0.4003 0.2765 0.8737
vn 0.6830 -0.0119 -0.7303
vn -0.4857 -0.8711 -0.0724
vn 0.4390 -0.5405 -0.7177
vn 0.0777 -0.4395 0.8949
vn -0.7570 0.5969 -0.2659
vn -0.9560 0.1690 -0.2397
vn 0.3091 -0.0926 0.9465
vn 0.6049 -0.2893 -0.7419
vn -0.8971 0.4176 -0.1442
vn 0.7150 0.5212 -0.4659
vn 0.2931 0.7514 0.5912
vn 0.7607 -0.6173 -0.2008
vn -0.7983 -0.5485 0.2489
vn 0.2732 -0.9601 0.0600
vn -0.3141 0.3316 0.8896
vn -0.3448 0.3751 -0.8605
vn -0.7310 0.1029 -0.6746
vn 0.0170 0.5656 0.8245
vn 0.5761 -0.8149 -0.0642
vn -0.6018 0.3399 -0.7227
vn 0.5883 0.7719 -0.2411
vn 0.2251 0.4865 0.8442
vn 0.8288 -0.3903 -0.4010
vn -0.6950 -0.7182 0.0342
vn 0.4119 -0.8660 -0.2834
vn -0.2850 -0.0629 0.9565
vn -0.4506 0.6020 -0.6592
vn -0.7806 0.2383 -0.5778
vn 0.0158 0.2023 0.9792
vn 0.6834 -0.6469 -0.3384
vn -0.6860 0.4858 -0.5416
vn -0.3292 0.9391 -0.0986
vn 0.4170 0.3940 -0.8191
vn -0.9954 -0.0479 -0.0824
vn 0.3110 -0.8971 0.3137
vn -0.7839 -0.6202 0.0289
vn 0.6704 -0.3124 -0.6731
vn 0.2385 0.5183 0.8212
vn 0.4219 0.0745 0.9036
vn 0.5435 0.0349 -0.8387
vn -0.9395 -0.3390 -0.0499
vn 0.4462 0.3379 0.8287
vn 0.0047 0.8022 0.5971
vn 0.3987 0.7812 -0.4804
vn -0.9533 0.2039 0.2229
vn -0.0285 -0.9055 -0.4234
vn -0.9618 -0.2581 -0.0916
vn 0.3887 0.1162 -0.9140
vn 0.4700 -0.2228 0.8541
vn 0.4793 -0.6752 0.5607
vn 0.3829 0.4989 -0.7774
vn -0.9983 -0.0150 0.0558
vn 0.5947 -0.4111 0.6909
vn 0.1662 0.7908 0.5890
vn 0.8685 0.4047 -0.2863
vn -0.7225 0.6758 -0.1459
vn -0.3210 -0.8420 -0.4336
vn -0.8704 0.1747 -0.4604
vn 0.6834 -0.2129 -0.6983
vn 0.0498 -0.2823 0.9580
vn -0.0634 -0.7549 0.6527
vn 0.8156 0.1382 -0.5618
vn -0.8242 0.4502 -0.3435
vn 0.1176 -0.5350 0.8366
vn -0.1892 0.7443 -0.6405
vn 0.8929 0.3754 -0.2487
vn -0.4550 -0.4197 -0.7854
vn -0.0083 -0.6748 0.7379
vn -0.3398 -0.8732 -0.3494
vn 0.9570 -0.0940 0.2745
vn -0.5740 0.6876 0.4447
vn -0.5252 0.3470 0.7770
vn 0.9919 0.1213 -0.0390
vn -0.4147 -0.6488 -0.6381
vn -0.4651 0.5694 0.6778
vn -0.7552 -0.1985 -0.6247
vn -0.0178 -0.9858 -0.1672
vn -0.4397 -0.6471 0.6229
vn -0.6968 -0.4725 -0.5397
vn 0.4590 -0.4352 -0.7745
vn 0.6439 -0.7105 0.2840
vn 0.8177 0.2809 0.5025
vn -0.4130 -0.1569 0.8971
vn -0.7931 -0.2851 -0.5383
vn 0.5519 0.2006 -0.8094
vn -0.0068 -0.3907 0.9205
vn 0.0875 -0.8896 -0.4482
vn -0.2551 -0.8047 -0.5361
vn -0.1773 -0.2949 0.9389
vn -0.6375 -0.5895 -0.4961
vn -0.3408 -0.2253 0.9128
vn -0.0168 0.4712 -0.8819
vn -0.0469 0.9086 0.4150
vn 0.3350 0.8615 0.3815
vn 0.1960 0.4880 -0.8505
vn 0.6492 0.6345 0.4195
vn 0.4254 0.2758 -0.8619
vn 0.1424 -0.1873 0.9719
vn -0.6935 0.6496 0.3114
vn -0.9869 -0.0664 0.1468
vn -0.2021 -0.7287 0.6543
vn -0.0859 0.3895 -0.9170
vn 0.3031 -0.8828 -0.3588
vn 0.5488 -0.7734 -0.3172
vn -0.1537 0.2910 -0.9443
vn 0.1327 -0.2075 0.9692
vn 0.0406 -0.2792 0.9594
vn -0.5126 0.8187 0.2588
vn -0.3057 0.8937 0.3283
vn 0.7618 -0.5872 -0.2735
vn -0.2328 0.2764 -0.9324
vn 0.3325 -0.8864 -0.3221
vn -0.3042 -0.0665 -0.9503
vn 0.9941 0.0369 0.1024
vn -0.3217 0.7914 0.5198
vn 0.8192 0.4672 0.3325
vn -0.5587 0.5591 -0.6125
vn -0.3797 -0.6936 0.6122
vn -0.5042 -0.3420 0.7930
vn -0.4148 0.2551 -0.8734
vn 0.9375 0.2718 0.2175
vn -0.5364 -0.5349 0.6528
vn -0.1069 0.9932 0.0461
vn -0.5204 0.1642 0.8380
vn 0.9330 0.3567 0.0470
vn 0.0850 -0.9631 -0.2556
vn 0.9789 -0.2040 -0.0083
vn -0.4659 -0.4871 0.7387
vn -0.4747 0.2905 -0.8308
vn -0.4380 -0.1301 -0.8895
vn -0.4802 -0.1624 0.8620
vn 0.9918 0.1211 0.0405
vn -0.5467 0.0515 -0.8357
vn -0.1140 0.9921 0.0521
vn -0.6949 0.1544 0.7024
vn 0.9040 0.3504 0.2451
vn 0.1534 -0.9568 -0.2469
vn 0.9587 -0.2019 0.2005
vn -0.6216 -0.4990 0.6038
vn -0.2879 0.3133 -0.9050
vn -0.2442 -0.1075 -0.9637
vn -0.6678 -0.1846 0.7211
vn 0.9587 0.1179 0.2590
vn -0.3634 0.0705 -0.9290
vn 0.1393 0.8089 -0.5712
vn -0.6373 0.7316 0.2420
vn 0.9507 0.2935 0.1001
vn -0.0667 -0.9167 0.3939
vn 0.8774 -0.2347 0.4184
vn -0.7452 0.0230 0.6664
vn -0.0988 -0.2396 -0.9658
vn -0.1840 -0.6610 -0.7274
vn -0.7291 0.4236 0.5375
vn 0.9587 0.0677 0.2764
vn -0.2615 -0.4403 -0.8589
vn -0.3638 0.9121 0.1890
vn -0.5176 -0.0881 0.8511
vn 0.8177 0.5642 0.1140
vn 0.3405 -0.8640 -0.3710
vn 0.9958 0.0909 -0.0148
vn -0.3016 -0.6839 0.6643
vn -0.5350 0.2846 -0.7955
vn -0.3966 -0.1084 -0.9116
vn -0.4067 -0.3765 0.8324
vn 0.9316 0.3559 0.0733
vn -0.5466 0.0347 -0.8367
vn -0.1928 0.8808 0.4324
vn -0.9303 -0.0363 0.3651
vn 0.6794 0.1498 0.7183
vn 0.2993 -0.7913 -0.5332
vn 0.8001 -0.4051 0.4424
vn -0.7771 -0.6292 0.0152
vn 0.0607 0.7204 -0.6909
vn 0.1761 0.2929 -0.9398
vn -0.8947 -0.3713 0.2484
vn 0.7611 -0.1049 0.6401
vn 0.0139 0.4912 -0.8709
vn -0.5383 0.8188 -0.1997
vn -0.9457 -0.1905 0.2634
vn 0.3997 0.7442 0.5352
vn 0.6441 -0.7634 0.0491
vn 0.7326 0.2825 0.6193
vn -0.5282 -0.7668 0.3646
vn 0.0867 0.1996 -0.9760
vn 0.3502 -0.1816 -0.9189
vn -0.7817 -0.4947 0.3799
vn 0.5796 0.5347 0.6149
vn 0.1372 -0.0510 -0.9892
vn -0.4797 0.8773 -0.0131
vn -0.3350 0.1600 0.9285
vn 0.6766 0.6788 -0.2854
vn 0.3962 -0.9013 -0.1751
vn 0.9343 0.1697 -0.3135
vn -0.0304 -0.4733 0.8804
vn -0.7372 -0.0544 -0.6735
vn -0.5496 -0.4429 -0.7084
vn -0.1555 -0.1402 0.9778
vn 0.8391 0.4554 -0.2975
vn -0.7164 -0.3003 -0.6298
vn -0.4222 0.8787 0.2227
vn -0.5512 -0.1369 0.8230
vn 0.7485 0.6437 0.1595
vn 0.3972 -0.8145 -0.4229
vn 0.9924 0.1226 -0.0095
vn -0.2577 -0.7670 0.5876
vn -0.5538 0.3024 -0.7758
vn -0.3603 -0.1026 -0.9272
vn -0.3991 -0.4648 0.7904
vn 0.9044 0.4139 0.1040
vn -0.5517 0.0382 -0.8332
vn -0.1631 0.9770 0.1374
vn -0.9687 0.1486 0.1990
vn 0.5898 0.3112 0.7451
vn 0.3143 -0.9151 -0.2527
vn 0.7154 -0.2776 0.6412
vn -0.8017 -0.5958 0.0491
vn 0.2677 0.4952 -0.8265
vn 0.3690 0.0244 -0.9291
vn -0.9507 -0.2499 0.1835
vn 0.6707 0.0283 0.7412
vn 0.2187 0.2473 -0.9439
vn -0.5137 0.8468 0.1383
vn -0.8523 -0.2192 0.4750
vn 0.5793 0.6214 0.5276
vn 0.5759 -0.7605 -0.3001
vn 0.9023 0.1122 0.4163
vn -0.4529 -0.8345 0.3137
vn -0.1851 0.4152 -0.8907
vn 0.0713 0.0169 -0.9973
vn -0.6832 -0.5587 0.4702
vn 0.7641 0.3905 0.5135
vn -0.1519 0.1551 -0.9761
vn 0.0048 0.9848 0.1734
vn 0.0235 0.1297 0.9913
vn 0.8149 0.3774 -0.4399
vn -0.1093 -0.9184 -0.3802
vn 0.7786 -0.1811 -0.6009
vn -0.0197 -0.6257 0.7798
vn -0.8153 0.4108 -0.4080
vn -0.8505 -0.0460 -0.5239
vn 0.0517 -0.2555 0.9654
vn 0.8455 0.1032 -0.5239
vn -0.9111 0.1736 -0.3739
vn 0.5843 0.8059 -0.0958
vn -0.1624 0.6138 0.7726
vn 0.9529 -0.3021 -0.0251
vn -0.5902 -0.7954 -0.1379
vn 0.5656 -0.8246 -0.0102
vn -0.6401 -0.0231 0.7679
vn -0.2063 0.4826 -0.8512
vn -0.5072 0.0737 -0.8587
vn -0.4080 0.3025 0.8614
vn 0.8198 -0.5726 0.0042
vn -0.4617 0.3411 -0.8189
vn 0.4368 0.4861 -0.7569
vn 0.0493 0.9884 0.1436
vn 0.8953 -0.4025 -0.1908
vn -0.5475 -0.5899 0.5935
vn 0.5380 -0.7817 0.3156
vn -0.3813 0.5243 0.7614
vn -0.5089 -0.1524 -0.8472
vn -0.7682 -0.3922 -0.5060
vn -0.1352 0.8383 0.5283
vn 0.7927 -0.6059 0.0667
vn -0.7356 -0.1681 -0.6562
vn 0.3215 0.9405 0.1097
vn -0.1991 0.2823 0.9384
vn 0.9887 -0.0198 -0.1485
vn -0.3796 -0.8648 -0.3287
vn 0.7504 -0.6062 -0.2636
vn -0.4936 -0.3966 0.7740
vn -0.4356 0.6075 -0.6642
vn -0.6256 0.1584 -0.7639
vn -0.3235 -0.0745 0.9433
vn 0.9315 -0.3137 -0.1839
vn -0.6377 0.4030 -0.6565
vn 0.5111 0.8089 0.2906
vn -0.5816 0.6152 0.5322
vn 0.8101 -0.2879 0.5108
vn -0.4055 -0.7878 -0.4636
vn 0.4536 -0.8514 0.2635
vn -0.9720 -0.0102 0.2346
vn 0.3199 0.5098 -0.7986
vn 0.0556 0.1173 -0.9915
vn -0.8350 0.3013 0.4605
vn 0.6759 -0.5869 0.4457
vn 0.0790 0.3819 -0.9208
vn -0.9091 0.2716 0.3160
vn -0.6333 -0.7428 -0.2172
vn 0.0595 0.1616 0.9851
vn 0.9424 -0.0847 -0.3237
vn 0.6034 0.0305 0.7968
vn 0.0641 -0.8848 -0.4615
vn -0.2606 0.8485 -0.4607
vn 0.2071 0.7532 -0.6243
vn -0.3149 -0.8943 -0.3180
vn 0.3278 0.0877 0.9407
vn -0.0667 0.7608 -0.6455
vn -0.5979 0.8001 -0.0484
vn 0.4582 0.7012 -0.5462
vn -0.8525 -0.2994 -0.4285
vn 0.5083 -0.8248 0.2477
vn -0.4923 -0.7979 -0.3480
vn 0.8935 0.0815 -0.4416
vn -0.1920 0.3216 0.9272
vn 0.1057 -0.0585 0.9927
vn 0.7030 0.4110 -0.5804
vn -0.7089 -0.5608 -0.4277
vn 0.0553 0.2112 0.9759
vn -0.2893 0.6154 0.7332
vn 0.7138 0.6926 0.1037
vn -0.8449 0.4606 -0.2720
vn 0.1263 -0.7478 -0.6518
vn -0.7157 0.0429 -0.6971
vn 0.8771 0.1836 -0.4438
vn -0.1171 -0.5058 0.8547
vn 0.0307 -0.8900 0.4549
vn 0.8351 0.5070 -0.2135
vn -0.8029 0.2780 -0.5273
vn 0.0655 -0.6868 0.7239
vn -0.4367 -0.2243 -0.8712
vn 0.3759 -0.8679 -0.3249
vn -0.4095 -0.5060 0.7592
vn -0.9329 -0.2192 -0.2857
vn 0.0578 -0.5250 -0.8491
vn 0.4549 -0.8820 0.1231
vn 0.9742 0.0015 0.2257
vn -0.1575 -0.0573 0.9859
vn -0.9637 -0.0116 -0.2668
vn 0.3225 0.0537 -0.9450
vn 0.1480 -0.4038 0.9028
vn -0.3194 -0.8573 -0.4038
vn -0.6307 -0.6694 -0.3925
vn 0.0274 -0.2617 0.9648
vn -0.9013 -0.3502 -0.2549
vn -0.1078 -0.1449 0.9836
vn -0.1338 0.4863 -0.8635
vn 0.3522 0.8643 0.3591
vn 0.6747 0.7050 0.2184
vn 0.0736 0.4367 -0.8966
vn 0.9029 0.3923 0.1758
vn 0.2147 0.1655 -0.9625
vn 0.3594 -0.2572 0.8970
vn -0.3428 0.8172 0.4633
vn -0.8721 0.2302 0.4317
vn -0.2091 -0.6569 0.7244
vn -0.2313 0.4306 -0.8724
vn -0.0954 -0.9194 -0.3817
vn 0.1726 -0.8911 -0.4198
vn -0.3304 0.3584 -0.8731
vn 0.3437 -0.2734 0.8984
vn 0.2358 -0.3135 0.9198
vn -0.1434 0.9254 0.3508
vn 0.0873 0.9316 0.3527
vn 0.4346 -0.7798 -0.4506
vn -0.4031 0.3680 -0.8379
vn 0.2144 0.9766 0.0197
vn -0.1760 0.2831 0.9428
vn 0.9674 0.0555 -0.2472
vn -0.2869 -0.9335 -0.2150
vn 0.8246 -0.4903 -0.2820
vn -0.3512 -0.3499 0.8685
vn -0.5885 0.4509 -0.6711
vn -0.6985 0.0414 -0.7144
vn -0.2305 -0.0410 0.9722
vn 0.9482 -0.1865 -0.2574
vn -0.7269 0.2452 -0.6415
vn 0.2094 0.9774 0.0276
vn -0.3772 0.3316 0.8647
vn 0.9975 0.0510 -0.0492
vn -0.2204 -0.9486 -0.2271
vn 0.8684 -0.4899 -0.0769
vn -0.5357 -0.3092 0.7858
vn -0.4340 0.4188 -0.7977
vn -0.5378 0.0070 -0.8431
vn -0.4488 -0.0002 0.8936
vn 0.9815 -0.1875 -0.0389
vn -0.5823 0.2113 -0.7850
vn 0.2006 0.7491 -0.6313
vn -0.2876 0.8808 0.3760
vn 0.9801 -0.0120 -0.1981
vn -0.2193 -0.8673 0.4468
vn 0.8490 -0.5045 0.1567
vn -0.4729 0.2231 0.8524
vn -0.4460 -0.1628 -0.8801
vn -0.5795 -0.5471 -0.6040
vn -0.3762 0.6045 0.7022
vn 0.9716 -0.2359 -0.0194
vn -0.6224 -0.3086 -0.7193
vn -0.0010 0.9718 0.2356
vn -0.2453 0.0415 0.9686
vn 0.9447 0.2856 -0.1612
vn -0.0594 -0.9123 -0.4053
vn 0.9264 -0.2144 -0.3096
vn -0.2830 -0.5844 0.7605
vn -0.6345 0.4622 -0.6195
vn -0.6610 0.0504 -0.7487
vn -0.2366 -0.2660 0.9345
vn 0.9736 0.0542 -0.2215
vn -0.7321 0.2293 -0.6415
vn 0.2165 0.8814 0.4199
vn -0.7474 0.2337 0.6219
vn 0.8730 -0.0895 0.4794
vn -0.1228 -0.8246 -0.5522
vn 0.7349 -0.6443 0.2117
vn -0.8892 -0.3645 0.2763
vn 0.0675 0.6931 -0.7177
vn -0.0293 0.2601 -0.9651
vn -0.8499 -0.0918 0.5188
vn 0.8477 -0.3538 0.3952
vn -0.0967 0.4956 -0.8632
vn -0.1761 0.9813 0.0784
vn 0.0176 0.2197 0.9754
vn 0.7334 0.4521 -0.5078
vn 0.0377 -0.9719 -0.2324
vn 0.8062 -0.1098 -0.5813
vn 0.0899 -0.4739 0.8760
vn -0.8836 0.1962 -0.4251
vn -0.8402 -0.2293 -0.4914
vn 0.1050 -0.1224 0.9869
vn 0.8103 0.1906 -0.5542
vn -0.9256 -0.0460 -0.3757
vn -0.0539 0.9565 0.2867
vn -0.2987 0.0063 0.9543
vn 0.9191 0.3805 -0.1020
vn -0.0084 -0.8804 -0.4742
vn 0.9344 -0.1834 -0.3053
vn -0.2906 -0.6740 0.6791
vn -0.6404 0.4842 -0.5962
vn -0.6309 0.0455 -0.7746
vn -0.2686 -0.3509 0.8971
vn 0.9753 0.1165 -0.1875
vn -0.7346 0.2341 -0.6368
vn 0.1854 0.9748 0.1242
vn -0.7758 0.4274 0.4642
vn 0.8481 0.0904 0.5221
vn -0.0637 -0.9573 -0.2818
vn 0.7548 -0.5046 0.4191
vn -0.8915 -0.3265 0.3140
vn 0.1478 0.4210 -0.8950
vn 0.0683 -0.0543 -0.9962
vn -0.8835 0.0431 0.4664
vn 0.8354 -0.2033 0.5106
vn -0.0055 0.2040 -0.9790
vn -0.0348 0.9384 -0.3438
vn -0.3522 0.5998 0.7184
vn 0.9244 0.2534 -0.2851
vn -0.0136 -0.9900 0.1405
vn 0.9332 -0.3418 -0.1111
vn -0.3463 -0.1453 0.9268
vn -0.5890 0.0333 -0.8075
vn -0.6009 -0.4226 -0.6785
vn -0.3295 0.2520 0.9099
vn 0.9806 -0.0255 -0.1941
vn -0.7000 -0.1845 -0.6899
vn -0.1715 0.9569 0.2345
vn -0.6991 0.0318 0.7143
vn 0.8674 0.3970 0.3001
vn 0.2061 -0.8876 -0.4120
vn 0.9750 -0.1816 0.1281
vn -0.5687 -0.6692 0.4783
vn -0.3059 0.4842 -0.8197
vn -0.2241 0.0311 -0.9741
vn -0.6489 -0.3425 0.6795
vn 0.9617 0.1217 0.2457
vn -0.3789 0.2296 -0.8965
vn 0.7435 0.5941 -0.3069
vn 0.2643 0.6054 0.7508
vn 0.7667 -0.5753 -0.2850
vn -0.8146 -0.5738 0.0849
vn 0.2630 -0.9562 -0.1286
vn -0.3615 0.1436 0.9213
vn -0.2934 0.5533 -0.7796
vn -0.6911 0.2553 -0.6761
vn -0.0257 0.3800 0.9246
vn 0.5734 -0.7937 -0.2031
vn -0.5579 0.4947 -0.6663
vn 0.3190 0.3586 -0.8773
vn 0.3834 0.9211 0.0676
vn 0.6354 -0.6474 -0.4208
vn -0.4988 -0.4179 0.7593
vn 0.3467 -0.9189 0.1881
vn 0.0355 0.5868 0.8090
vn -0.7571 0.0401 -0.6521
vn -0.9637 -0.1224 -0.2372
vn 0.2843 0.8198 0.4970
vn 0.5573 -0.8195 -0.1336
vn -0.9112 0.0868 -0.4027
vn 0.6060 0.7944 -0.0416
vn 0.1804 0.2947 0.9384
vn 0.8474 -0.3128 -0.4290
vn -0.7006 -0.6966 -0.1548
vn 0.4215 -0.7948 -0.4366
vn -0.3387 -0.2567 0.9052
vn -0.4088 0.7348 -0.5412
vn -0.7452 0.3683 -0.5558
vn -0.0380 -0.0076 0.9993
vn 0.6970 -0.5740 -0.4297
vn -0.6512 0.6010 -0.4634
vn 0.6644 0.4649 0.5852
vn 0.6636 -0.6731 0.3264
vn 0.4371 0.7431 -0.5067
vn -0.8261 -0.2228 -0.5176
vn -0.0225 0.5221 -0.8526
vn 0.0138 -0.9856 -0.1687
vn -0.4680 0.4070 0.7845
vn -0.8197 0.2299 0.5246
vn 0.4176 -0.9070 0.0546
vn 0.2409 0.6470 -0.7234
vn -0.6422 0.2080 0.7377
vn 0.0930 -0.8674 0.4889
vn -0.2264 0.1635 0.9602
vn -0.5957 -0.6710 -0.4415
vn 0.0445 0.8020 -0.5956
vn -0.6097 -0.1744 -0.7732
vn -0.2574 0.7914 0.5546
vn 0.9486 -0.3036 -0.0894
vn 0.9401 0.0892 -0.3292
vn -0.3011 0.4903 0.8179
vn -0.6468 -0.4267 -0.6321
vn 0.9910 -0.0569 -0.1213
vn -0.0236 0.6591 0.7517
vn 0.4303 0.8571 -0.2833
vn -0.9629 0.1701 0.2093
vn -0.0106 -0.7960 -0.6052
vn -0.9568 -0.2155 -0.1953
vn 0.4402 0.2980 -0.8470
vn 0.4197 -0.4053 0.8121
vn 0.4425 -0.7864 0.4311
vn 0.4294 0.6437 -0.6335
vn -1.0000 -0.0081 -0.0022
vn 0.5521 -0.5575 0.6200
vn 0.1380 0.6467 0.7501
vn 0.8859 0.4397 -0.1478
vn -0.7086 0.7045 -0.0391
vn -0.3017 -0.7264 -0.6175
vn -0.8419 0.2832 -0.4594
vn 0.7202 -0.0744 -0.6898
vn -0.0061 -0.4776 0.8786
vn -0.1050 -0.8736 0.4751
vn 0.8468 0.2379 -0.4757
vn -0.8005 0.5272 -0.2849
vn 0.0668 -0.7005 0.7105
vn -0.1479 0.8653 -0.4790
vn 0.9079 0.4027 -0.1159
vn -0.4129 -0.2374 -0.8793
vn -0.0543 -0.8142 0.5780
vn -0.3254 -0.7742 -0.5429
vn 0.9394 -0.1669 0.2995
vn -0.5935 0.5895 0.5479
vn -0.5658 0.1861 0.8033
vn 0.9933 0.1086 0.0406
vn -0.3824 -0.4930 -0.7815
vn -0.4988 0.4232 0.7564
vn -0.7202 -0.0494 -0.6920
vn -0.0149 -0.9284 -0.3713
vn -0.7718 -0.4702 0.4282
vn -0.5118 -0.4262 -0.7459
vn 0.6243 -0.6113 -0.4863
vn 0.3194 -0.7569 0.5702
vn 0.5951 0.2142 0.7746
vn -0.7535 0.0436 0.6559
vn -0.5599 -0.2275 -0.7967
vn 0.8529 -0.0108 -0.5219
vn -0.4467 -0.2471 0.8599
vn 0.0695 -0.9474 -0.3125
vn -0.1859 -0.8216 -0.5389
vn -0.5870 -0.1233 0.8001
vn -0.4998 -0.5437 -0.6742
vn -0.7090 -0.0326 0.7044
vn 0.4272 0.3351 -0.8398
vn -0.0161 0.9545 0.2977
vn 0.3297 0.8417 0.4275
vn 0.6093 0.3215 -0.7248
vn 0.5496 0.5747 0.6064
vn 0.7755 0.0755 -0.6268
vn -0.2909 -0.0654 0.9545
vn -0.6093 0.7917 -0.0454
vn -0.9563 0.1166 -0.2682
vn -0.5879 -0.5839 0.5599
vn 0.3621 0.2615 -0.8947
vn 0.2293 -0.9628 -0.1429
vn 0.4561 -0.8899 -0.0113
vn 0.2915 0.1724 -0.9409
vn -0.3028 -0.0838 0.9494
vn -0.3963 -0.1404 0.9073
vn -0.3914 0.9197 -0.0300
vn -0.2175 0.9695 0.1134
vn 0.6686 -0.7364 0.1037
vn 0.2129 0.1727 -0.9617
vn 0.2406 -0.9657 -0.0972
vn 0.0848 -0.1530 -0.9846
vn 0.8591 -0.1105 0.4997
vn -0.3279 0.8999 0.2876
vn 0.7015 0.3712 0.6083
vn -0.1460 0.5478 -0.8238
vn -0.7234 -0.5268 0.4463
vn -0.8329 -0.1373 0.5361
vn 0.0222 0.1900 -0.9815
vn 0.8120 0.1447 0.5654
vn -0.8470 -0.3406 0.4082
vn 0.0917 0.9935 -0.0679
vn -0.7603 0.3659 0.5367
vn 0.8923 0.2036 0.4030
vn -0.0232 -0.9908 -0.1335
vn 0.8390 -0.3591 0.4088
vn -0.8074 -0.2930 0.5121
vn -0.0409 0.2404 -0.9698
vn -0.0721 -0.1846 -0.9802
vn -0.8012 0.0440 0.5967
vn 0.8988 -0.0369 0.4369
vn -0.1530 0.0180 -0.9881
vn 0.0828 0.9944 -0.0653
vn -0.8658 0.3650 0.3423
vn 0.7875 0.2308 0.5715
vn 0.0361 -0.9945 -0.0979
vn 0.7396 -0.3236 0.5901
vn -0.8968 -0.2988 0.3262
vn 0.1603 0.2216 -0.9619
vn 0.1354 -0.2047 -0.9694
vn -0.9190 0.0324 0.3930
vn 0.7830 -0.0030 0.6221
vn 0.0518 -0.0066 -0.9986
vn 0.5157 0.6843 -0.5156
vn -0.5147 0.8525 -0.0908
vn 0.8743 0.1467 0.4627
vn -0.4035 -0.8270 0.3914
vn 0.5748 -0.3109 0.7569
vn -0.9241 0.2398 0.2977
vn 0.2393 -0.3576 -0.9027
vn -0.0176 -0.7206 -0.6931
vn -0.7763 0.6096 0.1605
vn 0.7658 -0.0495 0.6412
vn 0.0100 -0.5116 -0.8592
vn -0.2114 0.9767 -0.0384
vn -0.8151 0.1211 0.5665
vn 0.8056 0.4345 0.4026
vn 0.2716 -0.9522 -0.1398
vn 0.9177 -0.0750 0.3902
vn -0.6718 -0.5225 0.5251
vn -0.1100 0.2495 -0.9621
vn -0.0219 -0.1733 -0.9846
vn -0.7680 -0.1811 0.6143
vn 0.8806 0.2068 0.4264
vn -0.1561 0.0015 -0.9877
vn -0.1596 0.9536 0.2553
vn -0.9845 0.1683 -0.0485
vn 0.3596 0.1399 0.9226
vn 0.3130 -0.8980 -0.3091
vn 0.4608 -0.4612 0.7582
vn -0.8331 -0.4859 -0.2642
vn 0.4736 0.5934 -0.6509
vn 0.5859 0.1214 -0.8013
vn -0.9764 -0.1813 -0.1177
vn 0.4107 -0.1332 0.9020
vn 0.4546 0.3512 -0.8186
vn -0.2352 0.8576 -0.4573
vn -0.9906 0.0056 -0.1370
vn 0.3033 0.7390 0.6016
vn 0.4004 -0.8426 0.3602
vn 0.4735 0.2464 0.8456
vn -0.7750 -0.6101 0.1649
vn 0.5006 0.0396 -0.8648
vn 0.6357 -0.3670 -0.6791
vn -0.9519 -0.3011 0.0565
vn 0.3902 0.5169 0.7620
vn 0.4992 -0.2151 -0.8394
vn -0.2435 0.9323 -0.2674
vn -0.6303 0.3449 0.6956
vn 0.8589 0.5115 -0.0260
vn 0.2372 -0.9694 0.0636
vn 0.9956 -0.0313 0.0882
vn -0.4694 -0.3297 0.8191
vn -0.4092 -0.0309 -0.9119
vn -0.3077 -0.4456 -0.8407
vn -0.5507 0.0298 0.8342
vn 0.9631 0.2653 0.0447
vn -0.4585 -0.2680 -0.8473
vn 0.1395 0.8619 -0.4876
vn -0.7683 0.6117 0.1886
vn 0.8722 0.3832 0.3040
vn -0.0417 -0.9478 0.3161
vn 0.8022 -0.1717 0.5719
vn -0.8537 -0.0852 0.5137
vn 0.0719 -0.1840 -0.9803
vn 0.0068 -0.6132 -0.7899
vn -0.8539 0.3025 0.4236
vn 0.8729 0.1342 0.4690
vn -0.0755 -0.4016 -0.9127
vn -0.3395 0.9298 -0.1418
vn -0.9954 -0.0070 0.0956
vn 0.4419 0.5889 0.6767
vn 0.4764 -0.8791 0.0146
vn 0.6697 0.0234 0.7422
vn -0.7016 -0.6957 0.1541
vn 0.2681 0.3064 -0.9134
vn 0.4573 -0.1394 -0.8783
vn -0.9122 -0.3665 0.1834
vn 0.5654 0.3314 0.7553
vn 0.2774 0.0349 -0.9601
vn -0.4163 -0.8388 -0.3508
vn -0.1577 0.1074 -0.9816
vn 0.6123 -0.7647 0.2009
vn 0.3061 0.7742 0.5540
vn 0.8262 -0.2801 0.4888
vn 0.1609 0.7879 -0.5944
vn -0.8596 -0.1628 0.4843
vn -0.6850 0.2202 0.6944
vn 0.0339 0.4594 -0.8876
vn 0.7697 -0.5387 0.3427
vn -0.8584 0.0969 0.5037
vn 0.1404 0.9856 0.0943
vn -0.3395 0.2662 0.9021
vn 0.9809 0.1725 -0.0896
vn -0.1396 -0.9337 -0.3297
vn 0.8957 -0.3900 -0.2139
vn -0.4520 -0.4948 0.7423
vn -0.4867 0.4743 -0.7336
vn -0.5675 0.0173 -0.8232
vn -0.3839 -0.1182 0.9158
vn 0.9844 -0.1123 -0.1352
vn -0.6350 0.2632 -0.7263
vn 0.7882 0.2942 -0.5405
vn 0.1927 0.9776 0.0853
vn 0.7942 -0.5658 0.2216
vn -0.8451 -0.4011 0.3533
vn 0.1973 -0.8046 0.5600
vn -0.5311 0.6838 0.5004
vn -0.1568 -0.1887 -0.9694
vn -0.5724 -0.3314 -0.7500
vn -0.1542 0.9166 0.3690
vn 0.5595 -0.7104 0.4270
vn -0.4381 -0.1396 -0.8880
vn 0.4401 0.8818 0.1696
vn -0.4870 0.4436 0.7524
vn 0.9407 -0.2012 0.2732
vn -0.3910 -0.8301 -0.3976
vn 0.6505 -0.7516 0.1094
vn -0.8273 -0.1950 0.5267
vn -0.0053 0.5676 -0.8233
vn -0.2297 0.1456 -0.9623
vn -0.6743 0.1162 0.7293
vn 0.8424 -0.4840 0.2370
vn -0.2319 0.4018 -0.8859
vn 0.0992 0.6541 0.7499
vn 0.3343 -0.4877 0.8065
vn 0.6153 0.7392 -0.2737
vn -0.2805 -0.4400 -0.8531
vn 0.5026 0.3924 -0.7703
vn 0.1787 -0.9788 0.0997
vn -0.8874 0.4108 0.2089
vn -0.9764 0.1383 -0.1658
vn 0.3368 -0.7972 0.5011
vn 0.6120 0.5804 -0.5372
vn -0.9779 0.1783 0.1096
vn -0.8826 0.4583 -0.1048
vn -0.6369 -0.6537 -0.4088
vn -0.2982 0.2906 0.9092
vn 0.9542 -0.2824 0.0991
vn 0.2360 0.0472 0.9706
vn 0.0547 -0.9408 -0.3345
vn 0.1220 0.8038 -0.5822
vn 0.5857 0.6113 -0.5322
vn -0.3432 -0.8678 -0.3594
vn -0.0555 0.1684 0.9841
vn 0.3499 0.6601 -0.6647
vn -0.1932 -0.7628 0.6171
vn -0.8026 0.2423 0.5450
vn -0.1275 -0.8230 -0.5536
vn 0.3707 0.7111 -0.5974
vn 0.0465 -0.3857 -0.9215
vn -0.6017 0.7945 0.0820
vn 0.7976 -0.1288 0.5893
vn 0.9225 0.2205 0.3169
vn -0.7871 0.5277 0.3194
vn -0.0578 -0.6197 -0.7827
vn 0.8357 0.1150 0.5371
vn -0.3517 0.8710 -0.3431
vn 0.7696 0.5311 -0.3545
vn -0.6590 -0.2160 -0.7205
vn 0.1883 -0.8517 0.4890
vn -0.4706 -0.7492 -0.4660
vn 0.9908 -0.1293 -0.0391
vn -0.4681 0.4792 0.7425
vn -0.3053 0.0694 0.9497
vn 0.9424 0.2032 -0.2656
vn -0.5847 -0.4943 -0.6433
vn -0.2881 0.3383 0.8958
vn -0.5434 0.7355 0.4047
vn 0.4590 0.8781 -0.1352
vn -0.8780 0.0119 -0.4785
vn 0.4309 -0.8560 -0.2855
vn -0.5887 -0.4152 -0.6936
vn 0.8645 0.2619 -0.4291
vn -0.1814 -0.2093 0.9609
vn 0.1051 -0.6258 0.7729
vn 0.6974 0.6243 -0.3518
vn -0.7587 -0.1963 -0.6211
vn 0.0527 -0.3577 0.9324
vn -0.0975 -0.2741 -0.9567
vn 0.2844 -0.9551 -0.0831
vn -0.1506 -0.7587 0.6338
vn -0.6329 -0.6226 -0.4602
vn 0.4197 -0.2752 -0.8649
vn 0.8416 -0.5242 0.1302
vn 0.7908 0.4708 0.3912
vn -0.2046 -0.2874 0.9357
vn -0.7722 -0.4673 -0.4306
vn 0.3404 0.3635 -0.8672
vn 0.2459 -0.4065 0.8799
vn 0.2357 -0.8211 -0.5198
vn -0.1269 -0.8267 -0.5481
vn 0.0621 -0.3597 0.9310
vn -0.5393 -0.7211 -0.4349
vn -0.1157 -0.3348 0.9352
vn -0.2824 0.4768 -0.8324
vn -0.2074 0.8511 0.4822
vn 0.1629 0.9073 0.3877
vn -0.0788 0.5481 -0.8327
vn 0.5263 0.7699 0.3609
vn 0.1919 0.4042 -0.8943
vn 0.3447 -0.1728 0.9227
vn -0.7746 0.4343 0.4598
vn -0.8989 -0.3284 0.2901
vn 0.1018 -0.7758 0.6227
vn -0.3332 0.3809 -0.8625
vn 0.4542 -0.7605 -0.4640
vn 0.6673 -0.5916 -0.4525
vn -0.3773 0.2690 -0.8862
vn 0.3401 -0.1947 0.9200
vn 0.2691 -0.2878 0.9191
vn -0.6541 0.6466 0.3926
vn -0.4645 0.7713 0.4352
vn 0.8300 -0.3573 -0.4283
vn -0.4469 0.2337 -0.8635
vn 0.4892 -0.7573 -0.4326
vn -0.4306 -0.1152 -0.8952
vn 0.9546 0.2942 -0.0477
vn -0.4220 0.6625 0.6189
vn 0.7165 0.6561 0.2370
vn -0.7764 0.4107 -0.4780
vn -0.0833 -0.7874 0.6108
vn -0.2616 -0.4867 0.8335
vn -0.6051 0.1634 -0.7792
vn 0.8598 0.5023 0.0914
vn -0.2664 -0.6769 0.6862
vn -0.3528 0.9250 0.1409
vn -0.5848 -0.0555 0.8093
vn 0.8125 0.5684 0.1294
vn 0.3491 -0.8746 -0.3364
vn 0.9980 0.0516 0.0370
vn -0.3648 -0.6632 0.6535
vn -0.5043 0.2539 -0.8254
vn -0.3652 -0.1385 -0.9206
vn -0.4694 -0.3759 0.7990
vn 0.9262 0.3582 0.1179
vn -0.5183 0.0006 -0.8552
vn -0.1682 0.8341 -0.5254
vn -0.7535 0.5303 0.3887
vn 0.8475 0.5303 -0.0247
vn 0.2355 -0.9135 0.3317
vn 0.9651 -0.0080 0.2618
vn -0.6052 -0.1943 0.7720
vn -0.1932 -0.2276 -0.9544
vn -0.1275 -0.6637 -0.7371
vn -0.7134 0.2001 0.6716
vn 0.9418 0.3093 0.1314
vn -0.2794 -0.4672 -0.8388
vn -0.5477 0.7779 0.3080
vn -0.3294 -0.2472 0.9112
vn 0.6541 0.7559 0.0289
vn 0.4830 -0.7321 -0.4803
vn 0.9230 0.3503 -0.1596
vn -0.0028 -0.7591 0.6510
vn -0.7142 0.1578 -0.6819
vn -0.5015 -0.1811 -0.8460
vn -0.1533 -0.4955 0.8550
vn 0.8090 0.5862 -0.0436
vn -0.6684 -0.0850 -0.7389
vn -0.3365 0.7854 0.5196
vn -0.8164 -0.2911 0.4988
vn 0.7282 0.3014 0.6155
vn 0.3983 -0.6679 -0.6287
vn 0.9389 -0.1934 0.2848
vn -0.5774 -0.8118 0.0875
vn -0.2405 0.7317 -0.6379
vn -0.0628 0.3574 -0.9318
vn -0.7165 -0.6011 0.3540
vn 0.8580 0.0797 0.5075
vn -0.2565 0.5038 -0.8248
vn -0.7546 0.6538 -0.0553
vn -0.8086 -0.4407 0.3897
vn 0.2799 0.8065 0.5208
vn 0.8163 -0.5680 -0.1052
vn 0.7286 0.4464 0.5194
vn -0.2473 -0.8896 0.3840
vn -0.1302 0.2450 -0.9607
vn 0.2274 -0.0548 -0.9722
vn -0.5555 -0.6944 0.4574
vn 0.5179 0.6495 0.5568
vn -0.0205 0.0172 -0.9996
vn -0.5892 0.7294 0.3477
vn -0.3537 -0.3023 0.8852
vn 0.5754 0.8129 0.0901
vn 0.5158 -0.6679 -0.5365
vn 0.9126 0.3798 -0.1515
vn 0.0475 -0.8253 0.5626
vn -0.7334 0.1695 -0.6583
vn -0.4709 -0.1655 -0.8665
vn -0.1306 -0.5774 0.8060
vn 0.7733 0.6340 -0.0050
vn -0.6736 -0.0830 -0.7344
vn -0.4971 0.8249 -0.2692
vn -0.6925 0.2061 0.6913
vn 0.6674 0.7381 -0.0988
vn 0.5057 -0.8608 0.0572
vn 0.9762 0.2151 0.0264
vn -0.3092 -0.4498 0.8379
vn -0.4259 -0.1487 -0.8925
vn -0.2045 -0.5583 -0.8040
vn -0.5068 -0.1048 0.8557
vn 0.8548 0.5186 -0.0218
vn -0.4141 -0.4080 -0.8136
vn -0.6823 0.6770 0.2761
vn -0.6772 -0.4502 0.5819
vn 0.4810 0.7356 0.4770
vn 0.6927 -0.5725 -0.4387
vn 0.9000 0.3331 0.2812
vn -0.1667 -0.9335 0.3174
vn -0.4300 0.3787 -0.8196
vn -0.1018 0.0655 -0.9926
vn -0.4304 -0.7329 0.5268
vn 0.7136 0.5620 0.4182
vn -0.3462 0.1394 -0.9277
vn 0.3353 0.9338 -0.1247
vn -0.1830 0.5256 0.8309
vn 0.9806 -0.0397 -0.1917
vn -0.3824 -0.9181 -0.1039
vn 0.7473 -0.6459 -0.1561
vn -0.4765 -0.2142 0.8527
vn -0.4608 0.4369 -0.7725
vn -0.6445 -0.0363 -0.7638
vn -0.3228 0.1580 0.9332
vn 0.9276 -0.3364 -0.1623
vn -0.6626 0.2323 -0.7120
vn 0.1666 0.6069 -0.7772
vn -0.1812 0.9616 0.2060
vn 0.9238 -0.1466 -0.3536
vn -0.2727 -0.7311 0.6254
vn 0.7641 -0.6217 0.1723
vn -0.3706 0.3819 0.8466
vn -0.5865 -0.2551 -0.7687
vn -0.7158 -0.5650 -0.4104
vn -0.2548 0.7566 0.6022
vn 0.9207 -0.3775 -0.0990
vn -0.7668 -0.3358 -0.5470
vn 0.3289 0.9057 0.2675
vn -0.6226 0.4238 0.6579
vn 0.9298 -0.0799 0.3592
vn -0.2624 -0.8522 -0.4526
vn 0.6928 -0.7095 0.1288
vn -0.8845 -0.2730 0.3785
vn 0.0423 0.6002 -0.7988
vn -0.1414 0.1580 -0.9773
vn -0.7958 0.0566 0.6029
vn 0.8675 -0.4015 0.2937
vn -0.1748 0.4172 -0.8919
vn 0.2447 0.6417 0.7269
vn 0.8827 -0.2729 0.3826
vn 0.0198 0.9318 -0.3624
vn -0.5172 -0.5331 -0.6695
vn -0.2097 0.5630 -0.7994
vn 0.5588 -0.7934 -0.2412
vn -0.6927 -0.0265 0.7207
vn -0.8647 -0.3162 0.3903
vn 0.8310 -0.5536 0.0545
vn -0.0700 0.7839 -0.6169
vn -0.7268 -0.2766 0.6288
vn -0.8828 0.0128 0.4696
vn -0.4501 -0.8763 -0.1717
vn 0.1789 0.1414 0.9736
vn 0.8656 0.1764 -0.4687
vn 0.6993 0.1640 0.6958
vn 0.2100 -0.8222 -0.5290
vn -0.5409 0.7636 -0.3527
vn -0.0982 0.7998 -0.5921
vn -0.1248 -0.9355 -0.3306
vn 0.4460 0.1422 0.8837
vn -0.3646 0.7358 -0.5707
vn 0.4924 -0.7582 0.4274
vn -0.3782 -0.1336 0.9160
vn -0.0916 -0.8021 -0.5902
vn -0.3310 0.7918 -0.5134
vn -0.3352 -0.3394 -0.8789
vn -0.6988 0.4423 0.5621
vn 0.9663 0.2517 0.0534
vn 0.7734 0.6154 -0.1523
vn -0.6013 0.1247 0.7892
vn -0.2456 -0.5930 -0.7668
vn 0.8726 0.4859 0.0490
vn -0.7816 0.6155 0.1015
vn 0.1671 0.8134 -0.5571
vn -0.8069 -0.5001 -0.3144
vn 0.7356 -0.6690 0.1067
vn -0.3233 -0.8883 -0.3261
vn 0.7572 0.3273 -0.5653
vn -0.1111 0.2312 0.9665
vn 0.2803 -0.0588 0.9581
vn 0.4686 0.5991 -0.6492
vn -0.6033 -0.7144 -0.3544
vn 0.1608 0.1885 0.9688
vn -0.4529 0.4211 0.7859
vn -0.0706 0.9883 -0.1354
vn -0.9192 -0.3904 0.0512
vn 0.4824 -0.5772 -0.6589
vn -0.6644 -0.6463 -0.3753
vn 0.2974 0.6140 -0.7311
vn 0.4836 -0.2523 0.8382
vn 0.7474 -0.4995 0.4380
vn 0.0801 0.8645 -0.4961
vn -0.8322 -0.5255 -0.1769
vn 0.6964 -0.2807 0.6605
vn -0.3108 0.4948 0.8115
vn 0.5207 0.8526 0.0440
vn -0.9674 0.2300 -0.1060
vn 0.2027 -0.6679 -0.7161
vn -0.8084 -0.1258 -0.5751
vn 0.7151 0.4216 -0.5576
vn 0.1591 -0.5446 0.8235
vn 0.3316 -0.8640 0.3789
vn 0.6309 0.7153 -0.3006
vn -0.9232 0.0727 -0.3773
vn 0.3575 -0.6671 0.6536
vn -0.5383 0.7263 -0.4274
vn 0.5556 0.8279 0.0762
vn -0.1255 -0.2732 -0.9537
vn 0.3312 -0.8042 0.4935
vn 0.2007 -0.7323 -0.6508
vn 0.8443 0.2995 0.4443
vn -0.8710 0.0994 0.4811
vn -0.6579 -0.2658 0.7047
vn 0.7686 0.6002 0.2214
vn 0.0270 -0.4876 -0.8727
vn -0.7243 -0.0244 0.6891
vn -0.5034 -0.3047 -0.8086
vn 0.5254 -0.7279 -0.4405
vn -0.4800 -0.7975 0.3655
vn -0.2127 -0.5788 -0.7873
vn 0.8621 -0.2226 -0.4551
vn 0.6090 -0.5462 0.5752
vn 0.3845 0.4294 0.8172
vn -0.7173 -0.3471 0.6042
vn -0.3461 -0.4235 -0.8372
vn 0.7826 0.4160 -0.4632
vn -0.3204 -0.4698 0.8225
vn 0.5229 -0.7876 -0.3260
vn 0.2501 -0.7851 -0.5666
vn -0.4993 -0.4234 0.7559
vn -0.1504 -0.6804 -0.7172
vn -0.6446 -0.3958 0.6541
vn 0.2607 0.5373 -0.8021
vn -0.4785 0.8196 0.3150
vn -0.1273 0.8758 0.4656
vn 0.4218 0.6050 -0.6754
vn 0.1831 0.7344 0.6536
vn 0.6791 0.4610 -0.5712
vn -0.2735 -0.2413 0.9311
vn -0.9071 0.4150 -0.0706
vn -0.8837 -0.3320 -0.3299
vn -0.2711 -0.8182 0.5070
vn 0.2408 0.4446 -0.8628
vn 0.6624 -0.7347 -0.1463
vn 0.8212 -0.5706 0.0017
vn 0.2229 0.3353 -0.9154
vn -0.2750 -0.2628 0.9248
vn -0.3286 -0.3545 0.8754
vn -0.7762 0.6293 -0.0379
vn -0.6536 0.7476 0.1179
vn 0.9303 -0.3413 0.1339
vn 0.1546 0.2997 -0.9414
vn 0.6715 -0.7343 -0.1001
vn 0.1962 -0.0464 -0.9795
vn 0.7836 0.2804 0.5543
vn -0.7269 0.6258 0.2828
vn 0.4126 0.6260 0.6617
vn -0.3450 0.4556 -0.8206
vn -0.4116 -0.8257 0.3857
vn -0.6960 -0.5379 0.4756
vn -0.0206 0.2266 -0.9738
vn 0.6187 0.4801 0.6218
vn -0.6062 -0.7175 0.3430
vn -0.3835 0.9226 -0.0416
vn -0.8689 -0.0601 0.4913
vn 0.6699 0.5777 0.4664
vn 0.4527 -0.8782 -0.1546
vn 0.8875 0.0561 0.4573
vn -0.5991 -0.6621 0.4503
vn -0.1004 0.2409 -0.9653
vn 0.0727 -0.1481 -0.9863
vn -0.7565 -0.3661 0.5419
vn 0.7871 0.3669 0.4958
vn -0.0936 -0.0068 -0.9956
vn 0.1580 0.8707 -0.4656
vn -0.8502 0.5153 -0.1083
vn 0.6778 0.5162 0.5236
vn 0.0142 -0.9379 0.3465
vn 0.6146 -0.0424 0.7877
vn -0.9418 -0.2362 0.2392
vn 0.4245 -0.1585 -0.8914
vn 0.3586 -0.6095 -0.7071
vn -0.9788 0.1660 0.1198
vn 0.6656 0.2834 0.6904
vn 0.2929 -0.4040 -0.8666
vn -0.6440 0.7643 -0.0330
vn -0.8035 -0.3032 0.5124
vn 0.4849 0.7408 0.4649
vn 0.6945 -0.7057 -0.1402
vn 0.8240 0.3445 0.4498
vn -0.3721 -0.8016 0.4679
vn -0.1660 0.2162 -0.9621
vn 0.1118 -0.1143 -0.9871
vn -0.6221 -0.5500 0.5572
vn 0.6568 0.5739 0.4891
vn -0.0885 -0.0229 -0.9958
vn -0.6399 0.7215 -0.2645
vn -0.7525 -0.0256 0.6581
vn 0.5171 0.8549 0.0424
vn 0.6621 -0.7470 0.0601
vn 0.8873 0.4345 0.1547
vn -0.2994 -0.5513 0.7787
vn -0.3001 -0.1738 -0.9380
vn -0.0190 -0.4956 -0.8684
vn -0.5410 -0.2730 0.7954
vn 0.7212 0.6831 0.1150
vn -0.2351 -0.4092 -0.8816
vn -0.6996 0.7139 -0.0294
vn -0.8057 -0.3559 0.4735
vn 0.3837 0.7949 0.4701
vn 0.7526 -0.6384 -0.1612
vn 0.8100 0.3736 0.4520
vn -0.2771 -0.8625 0.4234
vn -0.1958 0.2266 -0.9541
vn 0.1481 -0.0978 -0.9841
vn -0.5723 -0.6288 0.5264
vn 0.6038 0.6196 0.5015
vn -0.0954 -0.0211 -0.9952
vn -0.4684 0.8834 0.0132
vn -0.9510 -0.1259 -0.2823
vn 0.0723 0.3756 0.9239
vn 0.6321 -0.7735 -0.0464
vn 0.3873 -0.1477 0.9100
vn -0.5373 -0.7834 -0.3123
vn 0.4694 0.6279 -0.6209
vn 0.7310 0.2117 -0.6488
vn -0.8196 -0.5028 -0.2746
vn 0.2199 0.1249 0.9675
vn 0.5497 0.3888 -0.7394
vn -0.2584 0.8497 -0.4596
vn -0.9742 0.1702 0.1484
vn 0.5726 0.7316 0.3699
vn 0.3936 -0.8712 0.2935
vn 0.7587 0.1961 0.6213
vn -0.7377 -0.5007 0.4529
vn 0.1992 -0.0801 -0.9767
vn 0.3344 -0.4986 -0.7998
vn -0.9158 -0.1543 0.3708
vn 0.6822 0.5042 0.5296
vn 0.1684 -0.3444 -0.9236
vn -0.7296 0.6681 -0.1458
vn -0.8783 -0.4773 0.0279
vn 0.0781 0.6930 0.7167
vn 0.8327 -0.5529 0.0292
vn 0.5416 0.2977 0.7862
vn -0.2982 -0.9500 0.0923
vn 0.1378 0.4411 -0.8868
vn 0.5125 0.1349 -0.8480
vn -0.6402 -0.7597 0.1138
vn 0.3041 0.5199 0.7983
vn 0.2762 0.2083 -0.9383
vn 0.0458 -0.9176 -0.3949
vn -0.1401 0.0694 -0.9877
vn 0.8892 -0.3975 0.2265
vn -0.1226 0.7989 0.5889
vn 0.8350 0.1159 0.5378
vn -0.1993 0.7998 -0.5662
vn -0.7049 -0.5703 0.4217
vn -0.7420 -0.1612 0.6508
vn -0.1418 0.4650 -0.8739
vn 0.9143 -0.1314 0.3831
vn -0.8271 -0.3417 0.4463
vn -0.3450 0.9304 0.1234
vn -0.4697 0.0310 0.8823
vn 0.7873 0.6162 -0.0196
vn 0.3332 -0.8726 -0.3570
vn 0.9832 0.0863 -0.1606
vn -0.2025 -0.6849 0.6999
vn -0.6151 0.2266 -0.7552
vn -0.4667 -0.2099 -0.8592
vn -0.3286 -0.3295 0.8851
vn 0.9268 0.3690 -0.0705
vn -0.6467 -0.0294 -0.7622
vn 0.3173 0.9343 0.1625
vn -0.6593 0.4706 0.5864
vn 0.9001 -0.0432 0.4335
vn -0.2182 -0.9022 -0.3720
vn 0.7088 -0.6464 0.2825
vn -0.8868 -0.2638 0.3795
vn 0.0833 0.4965 -0.8640
vn -0.0558 0.0270 -0.9981
vn -0.8224 0.0994 0.5601
vn 0.8482 -0.3404 0.4059
vn -0.1087 0.2917 -0.9503
vn 0.5830 0.6556 -0.4800
vn -0.2948 0.9483 0.1177
vn 0.9548 -0.1379 0.2635
vn -0.5733 -0.7673 0.2872
vn 0.5244 -0.6450 0.5559
vn -0.8148 0.3295 0.4770
vn -0.0005 -0.1919 -0.9814
vn -0.3104 -0.5234 -0.7935
vn -0.5859 0.7179 0.3760
vn 0.8057 -0.3856 0.4496
vn -0.2755 -0.2844 -0.9182
vn -0.0359 0.9756 0.2167
vn -0.6756 0.1258 0.7265
vn 0.9096 0.2497 0.3321
vn 0.0663 -0.8957 -0.4397
vn 0.9213 -0.3635 0.1380
vn -0.6634 -0.5858 0.4655
vn -0.2305 0.5389 -0.8102
vn -0.2225 0.0685 -0.9725
vn -0.6853 -0.2495 0.6842
vn 0.9579 -0.0439 0.2837
vn -0.3489 0.2896 -0.8913
vn -0.7026 0.6204 -0.3485
vn 0.4457 0.8466 -0.2909
vn -0.4426 -0.4636 -0.7676
vn 0.5423 -0.6872 0.4834
vn -0.0384 -0.8583 -0.5117
vn 0.9356 0.3522 0.0254
vn -0.6752 0.1665 0.7186
vn -0.3493 -0.1289 0.9281
vn 0.7478 0.6339 -0.1971
vn -0.2500 -0.6781 -0.6911
vn -0.4581 0.1191 0.8809
vn -0.8452 0.3741 0.3817
vn -0.0022 0.9963 -0.0861
vn -0.7549 -0.3772 -0.5365
vn 0.7969 -0.5390 -0.2728
vn -0.2882 -0.6077 -0.7400
vn 0.6597 0.6573 -0.3643
vn -0.1095 -0.3172 0.9420
vn 0.3483 -0.5410 0.7655
vn 0.3381 0.8949 -0.2912
vn -0.5447 -0.4979 -0.6748
vn 0.1679 -0.3370 0.9264
vn -0.7490 0.4435 0.4922
vn 0.3665 0.8386 0.4030
vn -0.7160 0.2532 -0.6505
vn 0.6101 -0.6208 -0.4923
vn -0.2976 -0.0724 -0.9519
vn 0.8948 0.4464 0.0125
vn -0.3521 -0.6022 0.7165
vn 0.0613 -0.8934 0.4450
vn 0.6652 0.7232 0.1857
vn -0.5136 0.1141 -0.8504
vn -0.0882 -0.7162 0.6923
vn -0.1937 0.7629 -0.6168
vn 0.3758 0.8112 0.4481
vn 0.4795 -0.2052 -0.8532
vn -0.0094 -0.8416 0.5400
vn 0.5711 -0.6894 -0.4456
vn 0.4001 0.2540 0.8806
vn -0.9878 0.0812 -0.1332
vn -0.9416 -0.3020 0.1493
vn 0.4651 0.5705 0.6770
vn 0.5587 -0.4272 -0.7109
vn -0.9919 -0.0590 0.1126
vn 0.0912 -0.2401 -0.9665
vn 0.7043 -0.7050 -0.0828
vn 0.8788 0.0594 0.4734
vn 0.9079 0.0651 0.4141
vn 0.3490 -0.0068 0.9371
vn 0.2776 0.0660 0.9584
vn 0.4284 0.0941 -0.8987
vn 0.3588 0.2361 -0.9031
vn 0.8934 0.2499 -0.3732
vn 0.9323 0.1065 -0.3457
vn 0.4750 -0.0132 -0.8799
vn 0.9563 0.0265 -0.2913
vn 0.4998 -0.0805 -0.8624
vn 0.9632 -0.0249 -0.2675
vn 0.9150 0.1257 0.3834
vn 0.3998 -0.0661 0.9142
vn 0.8739 0.0492 0.4836
vn 0.2733 0.0979 0.9569
vn 0.3935 -0.6812 -0.6174
vn -0.1895 -0.6900 -0.6986
vn -0.2529 -0.0865 -0.9636
vn 0.6862 -0.5893 0.4265
vn 0.7524 -0.6399 -0.1562
vn -0.4910 0.0913 0.8664
vn -0.3767 -0.5717 0.7289
vn 0.2214 -0.5606 0.7980
vn -0.7476 -0.6144 0.2524
vn -0.6661 -0.6627 -0.3424
vn -0.4844 0.0419 0.8738
vn -0.9607 0.0012 0.2777
vn -0.9650 0.0339 0.2601
vn -0.4217 -0.0651 0.9044
vn -0.9434 -0.0753 0.3229
vn -0.3465 -0.2128 0.9136
vn -0.9010 -0.2273 0.3694
vn -0.8641 -0.0397 -0.5018
vn -0.8757 -0.0319 -0.4818
vn -0.2797 -0.0375 -0.9594
vn -0.8902 -0.0317 -0.4545
vn -0.3140 0.0379 -0.9487
vn -0.9087 -0.0943 -0.4066
vn -0.3740 0.0979 -0.9223
vn -0.8255 0.3376 0.4524
vn -0.8727 0.4682 -0.1384
vn -0.9134 -0.1446 -0.3804
vn -0.8706 -0.3054 0.3858
vn -0.4934 0.6794 -0.5432
vn 0.0622 0.8363 -0.5448
vn 0.3080 0.3057 -0.9010
vn -0.4137 0.1094 -0.9038
vn 0.4986 0.8541 -0.1483
vn 0.5404 0.7184 0.4380
vn 0.9065 0.1799 0.3819
vn 0.8615 0.3390 -0.3781
vn 0.1635 0.5170 0.8402
vn -0.3889 0.3643 0.8462
vn -0.3115 -0.2713 0.9107
vn 0.4130 -0.0732 0.9078
vn -0.1836 -0.3478 0.9194
vn -0.7016 -0.4327 0.5662
vn -0.7768 -0.1967 0.5983
vn -0.2734 -0.1924 0.9425
vn -0.9771 -0.2083 0.0434
vn -0.9330 -0.3595 -0.0160
vn 0.0997 -0.4582 0.8833
vn -0.4715 -0.7854 0.4011
vn -0.5716 -0.6565 0.4923
vn -0.8745 -0.4546 -0.1691
vn -0.3225 -0.6193 0.7158
vn -0.7448 -0.3236 0.5836
vn -0.8736 -0.4842 0.0481
vn -0.9963 -0.0853 0.0124
vn -0.2564 -0.0515 0.9652
vn -0.9468 -0.3131 0.0739
vn -0.7266 -0.3723 -0.5775
vn -0.7320 -0.3087 -0.6073
vn -0.9575 -0.2880 -0.0126
vn -0.2210 -0.2596 -0.9401
vn -0.1689 -0.2690 -0.9482
vn -0.8642 -0.3205 0.3879
vn -0.6542 -0.4915 -0.5749
vn -0.7314 -0.4156 -0.5407
vn -0.0473 -0.2467 -0.9679
vn -0.6274 -0.7423 -0.2353
vn -0.6827 -0.4541 -0.5725
vn -0.1334 -0.5683 -0.8119
vn -0.1803 -0.2089 -0.9612
vn -0.9742 -0.2242 0.0241
vn -0.3639 -0.5294 -0.7663
vn 0.7596 -0.5568 -0.3362
vn 0.3239 -0.5628 0.7605
vn -0.6887 -0.6524 0.3165
vn -0.8226 0.3614 0.4389
vn -0.5346 0.0005 -0.8451
vn 0.8380 -0.3718 -0.3994
vn 0.3923 0.0574 0.9180
vn -0.8102 -0.2265 -0.5406
vn 0.1943 -0.9536 0.2299
vn 0.4668 -0.8844 -0.0008
vn -0.7181 -0.1287 -0.6839
vn 0.6744 -0.6647 -0.3213
vn -0.5969 -0.0643 -0.7998
vn 0.8028 0.3126 0.5078
vn -0.1864 0.9665 -0.1762
vn -0.3752 0.9136 0.1566
vn 0.6625 0.3341 0.6704
vn -0.6114 0.6959 0.3769
vn 0.5158 0.1226 0.8479
vn -0.9054 -0.0177 -0.4242
vn 0.2169 0.6949 -0.6856
vn 0.4113 -0.0382 -0.9107
vn -0.5319 -0.6050 -0.5925
vn 0.8580 0.2262 0.4612
vn 0.0032 -0.9320 0.3625
vn -0.1503 -0.8176 0.5559
vn 0.9036 0.1246 0.4098
vn -0.9007 -0.0380 -0.4328
vn -0.8523 -0.1102 -0.5113
vn 0.1850 0.8520 -0.4897
vn 0.0249 0.9375 -0.3471
vn -0.2766 -0.6270 0.7282
vn 0.9352 0.1124 0.3359
vn -0.0437 -0.9292 0.3669
vn 0.9402 -0.2283 0.2529
vn -0.6247 0.0520 0.7791
vn -0.1386 0.8696 -0.4739
vn -0.6569 0.5158 0.5500
vn 0.8910 0.4466 -0.0823
vn -0.3948 -0.5772 -0.7148
vn -0.4252 -0.1995 -0.8829
vn 0.9834 0.1020 0.1498
vn -0.6549 0.3033 0.6922
vn -0.3195 -0.4136 -0.8526
vn 0.1624 0.9865 -0.0189
vn -0.3811 0.3069 -0.8721
vn -0.5000 0.3576 0.7888
vn 0.0264 -0.9928 0.1167
vn -0.5596 -0.2043 0.8032
vn -0.4221 -0.3519 -0.8355
vn 0.9863 0.1442 0.0801
vn 0.9545 -0.2803 0.1021
vn -0.4695 -0.0108 -0.8829
vn -0.5605 0.1242 0.8188
vn 0.9958 -0.0919 -0.0004
vn 0.1612 0.9865 -0.0281
vn -0.1751 0.2743 -0.9456
vn -0.6480 0.3855 0.6568
vn -0.0173 -0.9853 0.1698
vn -0.7201 -0.1664 0.6736
vn -0.2273 -0.3865 -0.8939
vn 0.9481 0.1536 0.2785
vn 0.9125 -0.2711 0.3064
vn -0.2537 -0.0566 -0.9656
vn -0.7227 0.1587 0.6727
vn 0.9746 -0.0896 0.2050
vn 0.5094 0.6983 0.5029
vn 0.2549 0.7636 -0.5932
vn -0.5624 0.3044 0.7688
vn -0.4186 -0.8352 -0.3567
vn -0.8597 -0.1610 0.4848
vn -0.1366 0.1388 -0.9809
vn 0.8155 -0.4019 0.4164
vn 0.6059 -0.7759 0.1758
vn 0.0180 0.5112 -0.8593
vn -0.7442 0.1123 0.6585
vn 0.7882 -0.5809 0.2033
vn 0.1741 0.9317 -0.3186
vn -0.4294 0.0606 -0.9011
vn -0.4622 0.5737 0.6761
vn -0.0046 -0.9156 0.4021
vn -0.5214 0.0850 0.8491
vn -0.4791 -0.5589 -0.6768
vn 0.9894 0.1447 0.0101
vn 0.9530 -0.2627 0.1507
vn -0.5161 -0.2269 -0.8259
vn -0.5210 0.3613 0.7733
vn 0.9941 -0.1086 -0.0014
vn -0.1246 0.9425 -0.3102
vn 0.2048 0.0289 -0.9784
vn -0.9432 0.2697 0.1941
vn 0.1620 -0.8718 0.4623
vn -0.8613 -0.3246 0.3908
vn 0.3242 -0.6157 -0.7182
vn 0.6385 0.5907 0.4933
vn 0.7192 0.1265 0.6832
vn 0.2335 -0.3212 -0.9178
vn -0.9599 0.0052 0.2801
vn 0.7798 0.3341 0.5295
vn 0.3992 0.8630 -0.3096
vn -0.5580 0.3180 -0.7665
vn -0.0395 0.6182 0.7850
vn -0.2018 -0.9188 0.3393
vn -0.2304 0.1113 0.9667
vn -0.7759 -0.3148 -0.5467
vn 0.9516 -0.1679 -0.2575
vn 0.8219 -0.5570 -0.1191
vn -0.7400 0.0303 -0.6719
vn -0.1506 0.3958 0.9059
vn 0.8691 -0.4027 -0.2873
vn 0.1736 0.9048 -0.3888
vn -0.3948 0.0078 -0.9187
vn -0.4504 0.6600 0.6013
vn 0.0141 -0.8759 0.4823
vn -0.5195 0.1171 0.8464
vn -0.4520 -0.6540 -0.6066
vn 0.9861 0.1657 -0.0146
vn 0.9468 -0.2597 0.1901
vn -0.4982 -0.3212 -0.8054
vn -0.5231 0.4238 0.7395
vn 0.9945 -0.1045 -0.0072
vn 0.5542 0.8253 0.1082
vn -0.0106 0.5169 -0.8560
vn -0.3801 0.5232 0.7628
vn -0.4086 -0.9124 0.0243
vn -0.6944 -0.0097 0.7195
vn -0.3945 -0.1530 -0.9061
vn 0.9344 -0.2603 0.2433
vn 0.7094 -0.6754 0.2017
vn -0.2635 0.2215 -0.9389
vn -0.5698 0.2924 0.7680
vn 0.8649 -0.4887 0.1144
vn 0.2889 0.8589 -0.4228
vn 0.0453 -0.1325 -0.9901
vn -0.6638 0.7017 0.2588
vn -0.1775 -0.8019 0.5705
vn -0.8221 0.1803 0.5400
vn -0.1288 -0.7672 -0.6283
vn 0.8944 0.2562 0.3665
vn 0.7847 -0.1550 0.6002
vn -0.0920 -0.4681 -0.8789
vn -0.7866 0.4714 0.3987
vn 0.9095 -0.0147 0.4155
vn 0.3122 -0.9155 -0.2537
vn 0.9999 -0.0038 -0.0167
vn -0.3674 -0.6538 0.6615
vn -0.5038 0.8552 0.1222
vn -0.6279 -0.1209 0.7689
vn 0.6482 0.7456 0.1546
vn -0.3733 -0.2329 -0.8980
vn -0.5628 0.1875 -0.8050
vn 0.9188 0.3778 0.1145
vn -0.5044 -0.3968 0.7669
vn -0.3641 0.0252 -0.9310
vn -0.0050 1.0000 0.0049
vn -0.8108 0.2982 -0.5036
vn -0.0311 0.2945 0.9552
vn 0.2421 -0.9699 0.0259
vn 0.0417 -0.2833 0.9581
vn -0.7207 -0.4823 -0.4980
vn 0.8422 0.3362 -0.4216
vn 0.8918 -0.1337 -0.4322
vn -0.8599 -0.0858 -0.5031
vn -0.0179 0.0099 0.9998
vn 0.8328 0.1086 -0.5428
vn 0.4530 0.3479 0.8208
vn -0.0044 0.9983 0.0585
vn -0.3917 -0.4312 0.8128
vn -0.2725 -0.4780 -0.8350
vn -0.6667 -0.7169 0.2040
vn -0.3430 0.6482 -0.6799
vn 0.9554 -0.2948 0.0179
vn 0.7825 -0.4719 -0.4063
vn -0.2413 0.9169 -0.3180
vn -0.5765 -0.5870 0.5684
vn 0.9203 -0.2769 -0.2764
vn -0.6805 0.7264 -0.0965
vn -0.8939 -0.3634 0.2624
vn 0.2633 0.7878 0.5568
vn 0.8309 -0.5489 -0.0912
vn 0.7301 0.3855 0.5642
vn -0.2301 -0.9328 0.2775
vn -0.0358 0.3045 -0.9518
vn 0.3158 -0.0102 -0.9488
vn -0.6275 -0.6960 0.3490
vn 0.5058 0.6069 0.6131
vn 0.0494 0.0539 -0.9973
vn -0.6633 -0.7231 -0.1927
vn -0.3968 0.1799 -0.9001
vn 0.4728 -0.8792 0.0588
vn 0.6133 0.6978 0.3700
vn 0.8581 -0.4574 0.2335
vn 0.0908 0.7102 -0.6981
vn -0.7062 0.0336 0.7072
vn -0.4177 0.3706 0.8296
vn -0.1458 0.4433 -0.8844
vn 0.7106 -0.6899 0.1380
vn -0.6336 0.2747 0.7233
vn 0.4822 0.7811 -0.3968
vn 0.2984 0.5959 0.7455
vn 0.7782 -0.3669 -0.5097
vn -0.6007 -0.7709 0.2118
vn 0.4430 -0.8448 -0.3000
vn -0.1152 0.0026 0.9933
vn -0.6124 0.4766 -0.6307
vn -0.8839 0.1129 -0.4538
vn 0.1508 0.3036 0.9408
vn 0.6614 -0.6246 -0.4153
vn -0.8040 0.3758 -0.4608
vn -0.2414 0.6889 -0.6834
vn 0.1642 0.9162 0.3656
vn 0.5958 -0.1498 -0.7890
vn 0.1268 -0.8123 0.5693
vn 0.7201 -0.5517 -0.4209
vn 0.3290 0.3364 0.8824
vn -0.9428 -0.1443 -0.3004
vn -0.8436 -0.5336 0.0594
vn 0.3161 0.6784 0.6632
vn 0.6966 -0.3520 -0.6252
vn -0.9639 -0.2618 -0.0487
vn -0.3573 0.7329 -0.5790
vn -0.3784 0.6987 0.6071
vn 0.7535 0.4087 -0.5150
vn 0.3609 -0.8490 0.3860
vn 0.9731 -0.0762 -0.2174
vn -0.0898 0.1028 0.9906
vn -0.7118 -0.3510 -0.6084
vn -0.5184 -0.7986 -0.3057
vn -0.2103 0.4611 0.8621
vn 0.9147 0.1848 -0.3594
vn -0.7301 -0.5522 -0.4025
vn 0.6946 0.7034 0.1510
vn -0.4263 0.6753 0.6018
vn 0.7671 -0.4600 0.4472
vn -0.5994 -0.7145 -0.3610
vn 0.3142 -0.8935 0.3208
vn -0.9011 0.2005 0.3844
vn 0.2626 0.4055 -0.8755
vn -0.0528 0.0669 -0.9964
vn -0.6829 0.4476 0.5773
vn 0.5988 -0.6771 0.4277
vn 0.0089 0.3059 -0.9520
vn 0.9252 -0.3699 0.0843
vn -0.0625 -0.9116 0.4064
vn -0.6853 -0.7118 -0.1540
vn 0.4741 -0.7412 -0.4753
vn 0.7620 -0.2929 0.5776
vn -0.3039 -0.3920 0.8683
vn -0.4449 0.6065 0.6589
vn -0.9233 -0.2268 -0.3100
vn 0.4814 -0.6041 -0.6351
vn 0.8451 0.3264 0.4235
vn -0.9448 -0.2887 0.1547
vn 0.3887 -0.8253 0.4096
vn 0.4670 -0.8823 0.0590
vn -0.9641 -0.2626 -0.0390
vn 0.4252 -0.8235 -0.3756
vn -0.9404 -0.2616 -0.2171
vn 0.9109 0.3574 -0.2063
vn -0.3524 0.8554 -0.3797
vn -0.3054 0.9522 -0.0088
vn 0.8903 0.4552 -0.0151
vn -0.3452 0.8632 0.3683
vn 0.8971 0.3442 0.2772
vn -0.9753 -0.0408 0.2170
vn -0.2959 0.3655 -0.8825
vn -0.1947 -0.4191 -0.8868
vn -0.7117 -0.6957 0.0973
vn 0.9372 0.2532 -0.2400
vn 0.3096 -0.7310 0.6081
vn 0.2867 -0.5345 0.7950
vn 0.9545 0.1346 -0.2661
vn -0.9745 -0.0633 0.2155
vn -0.9737 -0.1648 0.1572
vn -0.2237 0.5852 -0.7795
vn -0.2786 0.7376 -0.6151
vn 0.2656 -0.2792 0.9228
vn 0.9382 0.0924 -0.3337
vn 0.2741 -0.7203 0.6372
vn 0.9289 -0.2525 -0.2709
vn -0.0554 0.4148 0.9082
vn -0.4773 0.6526 -0.5885
vn -0.2625 0.7654 0.5876
vn 0.6246 0.2574 -0.7373
vn -0.6752 -0.7332 -0.0810
vn -0.8364 -0.4404 -0.3262
vn 0.8698 0.0094 -0.4933
vn -0.1562 0.6199 0.7690
vn -0.7116 -0.6420 -0.2854
vn 0.0184 0.8810 -0.4727
vn -0.8468 0.0247 -0.5313
vn 0.0194 0.6828 0.7304
vn 0.1915 -0.8784 0.4379
vn 0.0375 0.1777 0.9834
vn -0.7907 -0.5645 -0.2369
vn 0.8271 0.0230 -0.5615
vn 0.8580 -0.3564 -0.3699
vn -0.8916 -0.2600 -0.3707
vn 0.0121 0.4866 0.8735
vn 0.8122 -0.2251 -0.5382
vn 0.0120 0.8779 -0.4787
vn -0.7201 -0.0607 -0.6912
vn -0.1798 0.6822 0.7088
vn 0.1863 -0.8463 0.4991
vn -0.1713 0.1889 0.9669
vn -0.6641 -0.6447 -0.3786
vn 0.9109 0.1081 -0.3983
vn 0.9422 -0.2689 -0.2000
vn -0.7611 -0.3622 -0.5381
vn -0.2074 0.4890 0.8473
vn 0.9146 -0.1464 -0.3770
vn 0.6317 0.7529 -0.1843
vn -0.2185 0.4566 -0.8624
vn -0.0372 0.6354 0.7713
vn -0.4593 -0.8397 0.2896
vn -0.3944 0.1459 0.9073
vn -0.6956 -0.2038 -0.6889
vn 0.9415 -0.3367 -0.0155
vn 0.6708 -0.7385 0.0679
vn -0.5385 0.1618 -0.8269
vn -0.2282 0.4441 0.8664
vn 0.8138 -0.5743 -0.0890
vn -0.1410 0.7215 -0.6779
vn -0.8773 -0.2062 -0.4335
vn -0.0381 0.8367 0.5464
vn 0.3247 -0.7005 0.6355
vn 0.0653 0.4557 0.8877
vn -0.7230 -0.6907 -0.0117
vn 0.7888 -0.0021 -0.6146
vn 0.8833 -0.3227 -0.3401
vn -0.8738 -0.4325 -0.2223
vn -0.0070 0.6837 0.7298
vn 0.8120 -0.2406 -0.5318
vn -0.3782 0.7764 -0.5041
vn -0.4076 -0.3524 -0.8424
vn -0.6753 0.4511 0.5835
vn 0.4896 -0.6620 0.5675
vn -0.4336 -0.0385 0.9003
vn -0.0934 -0.8710 -0.4823
vn 0.7414 0.6320 -0.2256
vn 0.9648 0.2602 0.0387
vn -0.3131 -0.6579 -0.6849
vn -0.6115 0.2402 0.7539
vn 0.9028 0.3882 -0.1853
vn 0.0528 0.6296 -0.7752
vn -0.9291 0.0977 -0.3567
vn 0.3617 0.8572 0.3665
vn 0.1294 -0.6983 0.7041
vn 0.3657 0.4813 0.7967
vn -0.9116 -0.3771 0.1634
vn 0.6347 -0.3810 -0.6723
vn 0.6508 -0.6724 -0.3526
vn -0.9912 -0.1084 -0.0766
vn 0.3654 0.7108 0.6011
vn 0.5750 -0.5968 -0.5596
vn -0.1795 0.6716 -0.7189
vn -0.8542 -0.2662 -0.4466
vn -0.0809 0.8878 0.4530
vn 0.3824 -0.6378 0.6685
vn 0.0620 0.4842 0.8728
vn -0.6504 -0.7573 0.0592
vn 0.7696 0.0089 -0.6385
vn 0.9009 -0.3049 -0.3089
vn -0.8377 -0.5147 -0.1826
vn -0.0348 0.7295 0.6831
vn 0.8085 -0.2390 -0.5378
vn -0.0762 0.8524 -0.5173
vn -0.2309 -0.2095 -0.9501
vn -0.6948 0.5689 0.4401
vn 0.2021 -0.7480 0.6322
vn -0.6266 0.0636 0.7768
vn -0.1260 -0.8466 -0.5171
vn 0.8700 0.4906 0.0489
vn 0.9440 0.0854 0.3187
vn -0.2424 -0.5721 -0.7835
vn -0.7070 0.3375 0.6215
vn 0.9676 0.2338 0.0953
vn 0.4250 0.7226 -0.5452
vn -0.5602 0.1722 -0.8102
vn 0.0838 0.8095 0.5812
vn -0.2215 -0.7760 0.5906
vn -0.1400 0.3463 0.9276
vn -0.8300 -0.4101 -0.3780
vn 0.9219 -0.2846 -0.2627
vn 0.7590 -0.6510 -0.0099
vn -0.7821 -0.0946 -0.6160
vn -0.0423 0.6250 0.7794
vn 0.8144 -0.5319 -0.2322
vn 0.1983 -0.9798 -0.0252
vn 0.7969 -0.1502 -0.5851
vn 0.1563 -0.3150 0.9361
vn -0.4231 0.9040 0.0616
vn -0.0461 0.2520 0.9666
vn 0.5360 0.6524 -0.5358
vn -0.8000 -0.4839 -0.3547
vn -0.9420 -0.0360 -0.3338
vn 0.7687 0.2605 -0.5842
vn 0.0807 -0.0208 0.9965
vn -0.8384 -0.2588 -0.4797
vn -0.1041 0.9255 -0.3641
vn -0.9778 0.2091 -0.0124
vn 0.5008 0.6181 0.6059
vn 0.3102 -0.9201 0.2392
vn 0.6208 0.0757 0.7803
vn -0.8215 -0.5220 0.2293
vn 0.3990 0.0409 -0.9160
vn 0.4812 -0.4036 -0.7782
vn -0.9776 -0.1383 0.1586
vn 0.5668 0.3695 0.7363
vn 0.3443 -0.2113 -0.9148
vn 0.1775 0.9554 0.2359
vn -0.7344 0.5688 -0.3702
vn 0.0462 0.0759 0.9960
vn 0.0559 -0.9669 -0.2488
vn -0.0221 -0.5505 0.8345
vn -0.7953 -0.1988 -0.5727
vn 0.8727 0.2993 -0.3857
vn 0.8384 -0.1916 -0.5103
vn -0.8555 0.1965 -0.4790
vn -0.0076 -0.2215 0.9751
vn 0.8193 0.0756 -0.5683
vn 0.8075 0.5512 0.2100
vn -0.0722 0.9430 -0.3248
vn 0.2019 -0.0519 0.9780
vn -0.6568 -0.7018 -0.2758
vn -0.3450 -0.4949 0.7975
vn -0.7392 0.4032 -0.5394
vn 0.8112 -0.4001 -0.4265
vn 0.4429 -0.6911 -0.5711
vn -0.4741 0.7664 -0.4333
vn -0.0735 -0.2572 0.9635
vn 0.6096 -0.4841 -0.6277
vn -0.0296 0.9980 -0.0552
vn -0.9244 0.2623 -0.2769
vn 0.1905 0.3400 0.9209
vn 0.2506 -0.9676 -0.0305
vn 0.2538 -0.3002 0.9195
vn -0.8208 -0.4884 -0.2962
vn 0.6849 0.3440 -0.6423
vn 0.7445 -0.1500 -0.6505
vn -0.9596 -0.1134 -0.2575
vn 0.2027 0.0443 0.9782
vn 0.6540 0.0800 -0.7523
vn -0.6797 0.7317 0.0512
vn -0.5306 -0.1157 0.8397
vn 0.4555 0.8895 -0.0368
vn 0.6735 -0.6562 -0.3404
vn 0.8776 0.4551 -0.1504
vn 0.0720 -0.7293 0.6804
vn -0.6145 -0.0546 -0.7870
vn -0.2968 -0.3935 -0.8701
vn -0.2311 -0.4293 0.8731
vn 0.7024 0.7085 -0.0679
vn -0.5465 -0.3143 -0.7762
vn 0.0773 0.5111 -0.8560
vn 0.6135 0.7750 0.1519
vn 0.3684 -0.6307 -0.6830
vn -0.2817 -0.5513 0.7853
vn 0.2695 -0.9496 -0.1603
vn 0.4854 0.3742 0.7902
vn -0.9102 0.3003 -0.2852
vn -0.9887 0.0661 0.1347
vn 0.6382 0.5958 0.4875
vn 0.3558 -0.8183 -0.4515
vn -0.9554 0.2950 -0.0138
vn -0.6636 0.4252 -0.6155
vn 0.2510 0.9535 -0.1671
vn 0.0364 -0.5046 -0.8626
vn 0.5174 -0.5639 0.6437
vn 0.3923 -0.7612 -0.5163
vn 0.7446 0.5801 0.3303
vn -0.9204 -0.1081 0.3758
vn -0.5907 -0.3526 0.7257
vn 0.5713 0.8192 0.0510
vn 0.2339 -0.6467 -0.7260
vn -0.7787 -0.1234 0.6152
vn -0.7007 0.5195 -0.4890
vn -0.0235 0.9155 0.4015
vn 0.2657 0.0869 -0.9601
vn 0.6032 -0.6962 0.3891
vn 0.6660 -0.2850 -0.6894
vn 0.4939 0.4622 0.7365
vn -0.8921 -0.4417 0.0949
vn -0.5138 -0.7737 0.3707
vn 0.2850 0.7638 0.5791
vn 0.5092 -0.0868 -0.8562
vn -0.7663 -0.5511 0.3303
vn 0.5757 0.6056 -0.5495
vn -0.0628 0.8988 0.4338
vn 0.9263 -0.3725 0.0563
vn -0.6200 -0.7044 0.3456
vn 0.5322 -0.7541 0.3848
vn -0.5234 0.4495 0.7239
vn -0.3399 0.0240 -0.9402
vn -0.6297 -0.2875 -0.7217
vn -0.2606 0.7159 0.6477
vn 0.8017 -0.5562 0.2191
vn -0.5787 -0.0596 -0.8133
vn 0.8333 -0.4415 -0.3328
vn 0.2801 -0.6871 0.6704
vn -0.3791 -0.8188 -0.4312
vn 0.7414 -0.6708 -0.0181
vn 0.3021 -0.1444 0.9423
vn -0.7114 -0.4050 0.5744
vn -0.8114 0.5492 0.1999
vn -0.5314 -0.3848 -0.7547
vn 0.8263 -0.5401 -0.1599
vn 0.3909 0.4743 0.7888
vn -0.8155 -0.4327 -0.3843
vn 0.1612 -0.7360 0.6575
vn 0.4366 -0.7920 0.4267
vn -0.7197 -0.4170 -0.5550
vn 0.6527 -0.7563 0.0444
vn -0.5960 -0.4186 -0.6852
vn 0.8112 0.4931 0.3145
vn -0.1531 0.7726 -0.6161
vn -0.3447 0.8890 -0.3016
vn 0.6712 0.5930 0.4448
vn -0.5888 0.8082 -0.0090
vn 0.5168 0.4950 0.6985
vn -0.9040 -0.1910 -0.3824
vn 0.2425 0.2808 -0.9286
vn 0.4129 -0.4765 -0.7762
vn -0.5500 -0.7982 -0.2456
vn 0.8636 0.3934 0.3154
vn -0.0295 -0.6488 0.7604
vn -0.1797 -0.4521 0.8737
vn 0.9059 0.2784 0.3191
vn -0.9000 -0.2131 -0.3803
vn -0.8538 -0.3152 -0.4143
vn 0.2154 0.5129 -0.8310
vn 0.0577 0.6601 -0.7489
vn -0.3001 -0.1992 0.9329
vn 0.9373 0.2317 0.2603
vn -0.0763 -0.6430 0.7621
vn 0.9311 -0.1077 0.3486
vn -0.6252 0.4324 0.6497
vn -0.1076 0.5450 -0.8315
vn -0.6409 0.7330 0.2278
vn 0.9058 0.3290 -0.2670
vn -0.4117 -0.8356 -0.3638
vn -0.4287 -0.5818 -0.6912
vn 0.9858 0.1330 0.1023
vn -0.6466 0.6133 0.4537
vn -0.3304 -0.7589 -0.5611
vn 0.1957 0.8549 -0.4805
vn -0.3676 -0.1322 -0.9205
vn -0.4902 0.7025 0.5160
vn -0.0075 -0.8194 0.5732
vn -0.5689 0.2163 0.7935
vn -0.4310 -0.6936 -0.5773
vn 0.9903 0.1371 0.0210
vn 0.9441 -0.2252 0.2406
vn -0.4667 -0.4145 -0.7813
vn -0.5587 0.5130 0.6517
vn 0.9921 -0.1091 0.0620
vn 0.1945 0.8505 -0.4886
vn -0.1625 -0.2015 -0.9659
vn -0.6368 0.6687 0.3837
vn -0.0512 -0.7864 0.6156
vn -0.7276 0.1929 0.6583
vn -0.2372 -0.7572 -0.6086
vn 0.9518 0.2404 0.1905
vn 0.9018 -0.1192 0.4154
vn -0.2522 -0.5000 -0.8285
vn -0.7192 0.4787 0.5036
vn 0.9704 -0.0092 0.2414
vn 0.5310 0.8385 0.1220
vn 0.2825 0.3840 -0.8790
vn -0.5544 0.6480 0.5223
vn -0.4454 -0.8923 0.0733
vn -0.8663 0.1121 0.4869
vn -0.1285 -0.3386 -0.9321
vn 0.8001 -0.1795 0.5724
vn 0.5787 -0.6168 0.5335
vn 0.0381 0.0425 -0.9984
vn -0.7422 0.4317 0.5127
vn 0.7674 -0.4373 0.4689
vn 0.2066 0.6643 -0.7183
vn -0.4241 -0.3614 -0.8304
vn -0.4449 0.8383 0.3152
vn -0.0369 -0.6153 0.7874
vn -0.5211 0.4916 0.6977
vn -0.4955 -0.7990 -0.3407
vn 0.9937 0.1042 -0.0409
vn 0.9431 -0.1867 0.2751
vn -0.5207 -0.5764 -0.6298
vn -0.5111 0.6990 0.5001
vn 0.9898 -0.1243 0.0690
vn -0.0917 0.6862 -0.7216
vn 0.2089 -0.4437 -0.8715
vn -0.9342 0.3559 0.0254
vn 0.1309 -0.5529 0.8229
vn -0.8731 -0.0763 0.4815
vn 0.3057 -0.8913 -0.3350
vn 0.6565 0.7357 0.1670
vn 0.7207 0.4148 0.5554
vn 0.2256 -0.7240 -0.6518
vn -0.9602 0.1643 0.2261
vn 0.7888 0.5229 0.3230
vn 0.6034 0.5397 -0.5871
vn 0.2732 -0.5819 -0.7660
vn -0.5262 0.7963 -0.2982
vn -0.5292 -0.4338 0.7292
vn -0.8595 0.5063 0.0705
vn -0.1406 -0.9428 -0.3022
vn 0.7832 0.2963 0.5466
vn 0.5244 0.0533 0.8498
vn 0.0344 -0.8006 -0.5982
vn -0.7272 0.6732 -0.1338
vn 0.7222 0.0905 0.6858
vn 0.2054 0.6074 -0.7674
vn -0.3913 -0.4172 -0.8203
vn -0.4298 0.8785 0.2087
vn -0.0171 -0.5429 0.8396
vn -0.5180 0.5186 0.6802
vn -0.4718 -0.8503 -0.2333
vn 0.9912 0.1111 -0.0726
vn 0.9368 -0.1653 0.3083
vn -0.5060 -0.6502 -0.5667
vn -0.5109 0.7380 0.4408
vn 0.9904 -0.1234 0.0619
vn 0.1494 0.8097 -0.5675
vn 0.3980 -0.2780 -0.8743
vn -0.8783 0.4637 -0.1162
vn -0.1278 -0.6821 0.7200
vn -0.9661 -0.0114 0.2577
vn 0.2975 -0.8737 -0.3849
vn 0.6134 0.6269 0.4804
vn 0.5585 0.2490 0.7912
vn 0.3308 -0.6315 -0.7013
vn -0.9694 0.2401 0.0520
vn 0.6926 0.3912 0.6061
vn 0.5814 0.7622 -0.2848
vn 0.0097 0.0499 -0.9987
vn -0.3648 0.8325 0.4170
vn -0.4393 -0.7801 0.4455
vn -0.6968 0.3518 0.6251
vn -0.3964 -0.5527 -0.7330
vn 0.9242 -0.1402 0.3551
vn 0.6855 -0.5189 0.5107
vn -0.2528 -0.2423 -0.9367
vn -0.5622 0.6372 0.5272
vn 0.8475 -0.4004 0.3485
vn 0.3191 0.5477 -0.7734
vn 0.0442 -0.5869 -0.8084
vn -0.6406 0.7589 -0.1168
vn -0.2063 -0.4306 0.8786
vn -0.8174 0.4377 0.3746
vn -0.1526 -0.9693 -0.1926
vn 0.9014 0.3739 0.2185
vn 0.7770 0.1258 0.6168
vn -0.1048 -0.8258 -0.5542
vn -0.7716 0.6260 0.1131
vn 0.9071 0.1582 0.3901
vn 0.2820 -0.9348 0.2158
vn 0.9992 -0.0395 0.0061
vn -0.3915 -0.2518 0.8851
vn -0.4750 0.8248 -0.3067
vn -0.6342 0.2755 0.7224
vn 0.6725 0.7113 -0.2045
vn -0.3779 -0.6199 -0.6877
vn -0.5535 -0.2004 -0.8084
vn 0.9306 0.3609 -0.0606
vn -0.5201 0.0282 0.8537
vn -0.3599 -0.4085 -0.8388
vn 0.0287 0.8827 -0.4691
vn -0.7986 0.0468 -0.6000
vn -0.0244 0.7125 0.7013
vn 0.2092 -0.8483 0.4864
vn 0.0289 0.2033 0.9787
vn -0.7349 -0.6401 -0.2240
vn 0.8544 0.0726 -0.5145
vn 0.8882 -0.3475 -0.3005
vn -0.8607 -0.2896 -0.4188
vn -0.0209 0.4827 0.8755
vn 0.8378 -0.1850 -0.5136
vn 0.4617 0.6823 0.5668
vn 0.0292 0.9066 -0.4210
vn -0.4088 0.0165 0.9125
vn -0.2856 -0.8086 -0.5144
vn -0.6912 -0.5156 0.5063
vn -0.3186 0.2582 -0.9120
vn 0.9448 -0.2779 0.1734
vn 0.7674 -0.6299 -0.1197
vn -0.2091 0.6633 -0.7186
vn -0.5979 -0.2313 0.7675
vn 0.9113 -0.4006 -0.0950
vn -0.6552 0.6129 -0.4417
vn -0.9065 -0.1704 0.3862
vn 0.2879 0.9498 0.1226
vn 0.8122 -0.5497 0.1952
vn 0.7408 0.5861 0.3283
vn -0.2624 -0.6832 0.6815
vn -0.0223 -0.1818 -0.9831
vn 0.3184 -0.4673 -0.8248
vn -0.6518 -0.4297 0.6249
vn 0.5239 0.8104 0.2623
vn 0.0545 -0.4264 -0.9029
vn 0.2912 -0.1514 -0.9446
vn 0.3960 -0.9166 -0.0543
vn -0.8078 0.0910 -0.5824
vn -0.2705 0.3354 0.9024
vn -0.9772 0.2100 -0.0296
vn 0.1857 -0.7401 0.6463
vn 0.6683 0.7017 -0.2469
vn 0.5271 0.8201 0.2228
vn 0.2761 -0.9156 0.2923
vn -0.9325 0.1373 -0.3340
vn 0.6968 0.7165 0.0330
vn -0.6867 -0.7092 0.1599
vn -0.3875 -0.2568 -0.8854
vn 0.4427 -0.7594 0.4769
vn 0.6353 0.7723 0.0072
vn 0.8413 -0.3161 0.4384
vn 0.1171 0.2919 -0.9492
vn -0.7071 0.3845 0.5935
vn -0.4077 0.7309 0.5473
vn -0.1278 -0.0246 -0.9915
vn 0.6865 -0.5620 0.4615
vn -0.6264 0.6022 0.4950
vn 0.5096 0.4860 -0.7100
vn 0.3159 0.8693 0.3802
vn 0.7670 -0.5864 -0.2605
vn -0.6271 -0.5614 0.5400
vn 0.4152 -0.8982 0.1440
vn -0.1183 0.4760 0.8714
vn -0.5938 0.1380 -0.7927
vn -0.8781 -0.0907 -0.4698
vn 0.1579 0.7086 0.6877
vn 0.6413 -0.7651 -0.0576
vn -0.7893 0.1351 -0.5990
vn -0.2157 0.2895 -0.9326
vn 0.1938 0.9750 -0.1086
vn 0.5931 -0.5224 -0.6127
vn 0.0974 -0.4490 0.8882
vn 0.7024 -0.7053 -0.0959
vn 0.3373 0.7048 0.6241
vn -0.9461 -0.2428 -0.2141
vn -0.8614 -0.4178 0.2889
vn 0.3366 0.9024 0.2690
vn 0.6864 -0.6256 -0.3708
vn -0.9720 -0.2263 0.0628
vn -0.3304 0.3809 -0.8635
vn -0.3566 0.9133 0.1968
vn 0.7686 0.0946 -0.6327
vn 0.3307 -0.5746 0.7486
vn 0.9707 -0.1974 -0.1369
vn -0.0895 0.5623 0.8221
vn -0.7212 -0.5771 -0.3832
vn -0.5441 -0.8332 0.0990
vn -0.1975 0.8201 0.5370
vn 0.9216 -0.0333 -0.3867
vn -0.7470 -0.6562 -0.1069
vn 0.7175 0.6711 -0.1868
vn -0.4053 0.8915 0.2023
vn 0.7496 -0.2147 0.6261
vn -0.6219 -0.7830 0.0089
vn 0.2828 -0.6434 0.7114
vn -0.8951 0.3840 0.2266
vn 0.2791 -0.0651 -0.9581
vn -0.0472 -0.4116 -0.9102
vn -0.6694 0.6867 0.2836
vn 0.5742 -0.4103 0.7085
vn 0.0224 -0.1819 -0.9831
vn 0.9119 -0.3117 0.2668
vn -0.0947 -0.6082 0.7882
vn -0.2123 -0.7800 -0.5887
vn 0.3677 -0.8051 0.4653
vn -0.4259 -0.0497 0.9034
vn -0.9878 -0.1482 -0.0479
vn -0.5670 0.7321 -0.3776
vn 0.0005 -0.3820 -0.9241
vn 0.5544 -0.7199 0.4176
vn -0.0999 0.5033 0.8583
vn -0.4544 -0.3086 -0.8356
vn -0.5009 -0.6368 0.5861
vn -0.1693 -0.7860 0.5946
vn -0.2717 -0.3413 -0.8998
vn 0.2411 -0.8589 0.4519
vn -0.0995 -0.3898 -0.9155
vn 0.5121 0.3564 0.7815
vn 0.4898 0.6771 -0.5491
vn 0.1808 0.8805 -0.4382
vn 0.3541 0.5032 0.7883
vn -0.2041 0.9013 -0.3821
vn 0.0542 0.4823 0.8743
vn -0.4554 -0.0567 -0.8885
vn 0.8451 0.0693 -0.5301
vn 0.6695 -0.6719 -0.3167
vn -0.4491 -0.6942 -0.5625
vn 0.5228 0.2495 0.8151
vn -0.6811 -0.4961 0.5385
vn -0.8099 -0.2566 0.5275
vn 0.5205 0.1303 0.8438
vn -0.4597 -0.0785 -0.8846
vn -0.4316 -0.1921 -0.8814
vn 0.8242 0.3146 -0.4708
vn 0.6970 0.5029 -0.5111
vn -0.8677 0.0221 0.4967
vn 0.5685 0.0692 0.8198
vn 0.6754 0.7054 -0.2151
vn 0.2917 -0.1997 -0.9354
vn -0.4983 0.8638 0.0746
vn -0.5901 -0.6956 0.4098
vn -0.8616 0.4565 0.2217
vn -0.1228 -0.6721 -0.7303
vn 0.7354 -0.0720 0.6739
vn 0.4652 -0.3760 0.8014
vn 0.0564 -0.4286 -0.9017
vn -0.6849 0.7174 0.1275
vn 0.6451 -0.3031 0.7014
vn 0.6786 0.7001 -0.2221
vn 0.4500 -0.3169 -0.8349
vn -0.5278 0.8405 -0.1222
vn -0.6401 -0.6477 0.4132
vn -0.8953 0.4453 0.0149
vn 0.0199 -0.7791 -0.6266
vn 0.6260 0.0632 0.7772
vn 0.3505 -0.2366 0.9062
vn 0.2183 -0.5636 -0.7966
vn -0.7143 0.6940 -0.0903
vn 0.5407 -0.1731 0.8232
vn 0.5254 0.7170 0.4580
vn 0.8693 0.1685 -0.4646
vn -0.5629 0.8257 0.0359
vn -0.6034 -0.7552 -0.2560
vn -0.9063 0.3686 -0.2068
vn 0.4166 -0.4507 -0.7895
vn 0.1606 -0.2480 0.9554
vn -0.0893 -0.6295 0.7719
vn 0.6798 -0.1289 -0.7220
vn -0.7491 0.6550 -0.0996
vn 0.1354 -0.5064 0.8516
vn 0.7856 0.4808 -0.3895
vn 0.1325 -0.3942 -0.9094
vn -0.3008 0.9527 -0.0434
vn -0.6949 -0.4579 0.5545
vn -0.6929 0.6965 0.1865
vn -0.3490 -0.7219 -0.5976
vn 0.7688 -0.1144 0.6292
vn 0.4525 -0.3331 0.8272
vn -0.1226 -0.5488 -0.8269
vn -0.5041 0.8623 0.0488
vn 0.6350 -0.3161 0.7048
vn 0.5789 0.5638 -0.5891
vn 0.5926 -0.6130 -0.5225
vn -0.5944 0.5431 -0.5931
vn -0.5805 -0.4271 0.6933
vn -0.9576 0.1875 -0.2187
vn 0.1994 -0.9778 -0.0646
vn 0.5596 0.5988 0.5729
vn 0.2716 0.3389 0.9008
vn 0.3894 -0.8512 -0.3519
vn -0.7925 0.3964 -0.4634
vn 0.4984 0.3912 0.7736
vn 0.9538 0.2987 -0.0307
vn 0.5346 -0.7426 -0.4034
vn 0.0234 0.8298 -0.5576
vn -0.9637 -0.1891 0.1882
vn -0.5298 0.6798 -0.5071
vn -0.1564 -0.9286 -0.3364
vn 0.2909 0.2102 0.9334
vn -0.1543 0.0793 0.9848
vn 0.1973 -0.8762 -0.4397
vn -0.2593 0.7799 -0.5697
vn 0.1031 0.0471 0.9936
vn 0.9005 0.3810 -0.2097
vn 0.1274 -0.0865 -0.9881
vn -0.0283 0.9533 0.3005
vn -0.8068 -0.4520 0.3804
vn -0.5267 0.7193 0.4530
vn -0.4773 -0.3877 -0.7886
vn 0.6854 -0.5052 0.5243
vn 0.3152 -0.6895 0.6521
vn -0.2032 -0.2073 -0.9570
vn -0.2844 0.8817 0.3764
vn 0.5092 -0.6835 0.5231
vn 0.8012 0.4181 -0.4280
vn 0.1349 -0.4533 -0.8811
vn -0.2110 0.9710 -0.1125
vn -0.6950 -0.3838 0.6080
vn -0.6724 0.7190 0.1759
vn -0.4145 -0.7589 -0.5023
vn 0.7891 -0.1124 0.6038
vn 0.4324 -0.3057 0.8483
vn -0.1721 -0.6128 -0.7713
vn -0.4555 0.8902 0.0052
vn 0.6402 -0.3166 0.6999
vn 0.6860 0.6574 -0.3118
vn 0.7743 -0.4933 -0.3965
vn -0.4347 0.6124 -0.6603
vn -0.7347 -0.5142 0.4425
vn -0.8637 0.2333 -0.4468
vn 0.2302 -0.9672 -0.1071
vn 0.2986 0.5538 0.7772
vn -0.0404 0.2513 0.9671
vn 0.5214 -0.7920 -0.3177
vn -0.6673 0.4431 -0.5986
vn 0.2125 0.3303 0.9196
vn -0.1829 -0.9255 0.3316
vn 0.7046 -0.2465 0.6654
vn -0.9166 -0.0172 0.3994
vn 0.0733 0.8451 -0.5295
vn -0.8474 0.5158 0.1263
vn 0.8033 0.5117 0.3048
vn 0.0058 -0.6300 -0.7766
vn 0.0679 -0.2084 -0.9757
vn 0.8039 0.1431 0.5772
vn -0.9149 0.2746 0.2957
vn 0.1716 -0.4545 -0.8741
vn 0.5553 0.7690 -0.3166
vn -0.1769 0.1152 -0.9775
vn -0.2794 0.8059 0.5220
vn -0.3862 -0.7829 0.4877
vn -0.5539 0.3487 0.7560
vn -0.5542 -0.4995 -0.6659
vn 0.9643 -0.1926 0.1816
vn 0.7402 -0.5700 0.3568
vn -0.4269 -0.1668 -0.8888
vn -0.4496 0.6119 0.6507
vn 0.8838 -0.4373 0.1666
vn 0.1486 0.6530 0.7426
vn 0.5311 0.7997 -0.2799
vn -0.8757 0.2496 0.4133
vn -0.0890 -0.8032 -0.5890
vn -0.9588 -0.2701 -0.0875
vn 0.4247 0.1678 -0.8896
vn 0.4950 -0.4379 0.7505
vn 0.4625 -0.7876 0.4072
vn 0.4864 0.5668 -0.6649
vn -0.9842 0.0268 0.1750
vn 0.6107 -0.5927 0.5251
vn 0.0376 0.9503 -0.3092
vn 0.6865 0.1127 -0.7184
vn -0.9101 0.2849 -0.3010
vn -0.0628 -0.8674 0.4936
vn -0.9251 -0.3774 -0.0422
vn 0.6714 -0.6189 -0.4076
vn 0.2613 0.5980 0.7577
vn 0.2679 0.1267 0.9551
vn 0.7036 -0.2906 -0.6485
vn -0.9755 -0.0320 -0.2176
vn 0.3946 0.3472 0.8507
vn -0.0257 0.6567 -0.7538
vn -0.9453 0.0884 -0.3140
vn 0.3796 0.8753 0.2995
vn 0.3136 -0.6687 0.6742
vn 0.4771 0.4631 0.7469
vn -0.8071 -0.4932 0.3246
vn 0.5672 -0.3301 -0.7545
vn 0.6352 -0.6511 -0.4155
vn -0.9839 -0.1764 0.0289
vn 0.4228 0.7141 0.5579
vn 0.5063 -0.5690 -0.6480
vn 0.7761 -0.3602 -0.5176
vn 0.0775 -0.9757 0.2051
vn -0.1831 0.1626 -0.9696
vn -0.6854 0.5265 0.5030
vn -0.6286 0.4026 -0.6655
vn -0.4771 -0.6477 0.5939
vn 0.8250 0.4965 0.2700
vn 0.4530 0.7164 0.5306
vn -0.2312 -0.8933 0.3854
vn -0.4202 0.2737 -0.8652
vn 0.6696 0.5502 0.4989
vn -0.7843 -0.5139 -0.3475
vn 0.2219 -0.3100 -0.9245
vn -0.1885 -0.7476 0.6368
vn 0.6567 0.6127 0.4398
vn 0.2402 -0.4101 0.8798
vn 0.7710 0.1030 -0.6284
vn -0.7882 0.6152 -0.0166
vn -0.4515 0.8790 0.1532
vn 0.5383 -0.1578 -0.8279
vn 0.0490 -0.6109 0.7902
vn -0.6093 0.7923 -0.0331
vn 0.9511 0.2466 -0.1858
vn 0.2130 0.8337 0.5095
vn 0.5641 -0.7684 0.3022
vn -0.9464 -0.3223 -0.0206
vn -0.0313 -0.9298 0.3667
vn -0.5189 0.6251 0.5831
vn 0.1183 0.1290 -0.9846
vn -0.3541 0.0204 -0.9350
vn -0.1406 0.7618 0.6324
vn 0.2961 -0.8815 0.3677
vn -0.1475 0.1986 -0.9689
vn 0.4176 0.2965 -0.8589
vn -0.1415 0.9873 -0.0723
vn 0.9843 -0.1725 0.0366
vn -0.3947 -0.5020 0.7695
vn 0.7342 -0.4160 0.5366
vn -0.4437 0.6943 0.5667
vn -0.4255 -0.4674 -0.7749
vn -0.6753 -0.6733 -0.3010
vn -0.2701 0.9193 0.2863
vn 0.9026 -0.2881 0.3199
vn -0.6423 -0.4935 -0.5865
vn 0.8136 0.4664 0.3471
vn -0.1858 0.9774 -0.1008
vn 0.0805 -0.2626 0.9615
vn -0.6602 -0.6232 -0.4192
vn -0.4235 -0.5643 0.7087
vn -0.6880 0.5946 -0.4160
vn 0.7988 -0.2767 -0.5342
vn 0.4417 -0.5346 -0.7205
vn -0.4822 0.8484 -0.2184
vn -0.1503 -0.4011 0.9036
vn 0.5993 -0.3395 -0.7249
vn 0.4023 -0.4485 0.7981
vn -0.7351 -0.4387 0.5169
vn -0.9783 0.0669 0.1961
vn -0.9680 0.0486 0.2462
vn -0.8584 -0.0115 -0.5128
vn -0.8267 0.0378 -0.5614
vn 0.2476 0.0840 0.9652
vn 0.2876 0.0993 0.9526
vn -0.4670 0.1526 0.8710
vn -0.5034 0.0880 0.8596
vn 0.1962 0.0325 0.9800
vn -0.5484 0.0644 0.8337
vn 0.1687 -0.0001 0.9857
vn -0.5738 0.0420 0.8179
vn -0.9523 0.1254 0.2783
vn -0.8830 0.0356 -0.4681
vn -0.9829 0.0637 0.1730
vn -0.8172 0.0521 -0.5740
vn 0.0932 -0.6359 0.7661
vn 0.5972 -0.6652 0.4483
vn 0.8150 -0.0394 0.5782
vn -0.8020 -0.5827 0.1310
vn -0.4856 -0.6019 0.6340
vn -0.1746 0.0129 -0.9846
vn -0.1722 -0.6169 -0.7680
vn -0.6720 -0.5889 -0.4491
vn 0.4075 -0.6513 -0.6401
vn 0.7282 -0.6717 -0.1361
vn -0.1856 -0.0051 -0.9826
vn 0.5635 -0.0364 -0.8253
vn 0.5706 -0.0311 -0.8206
vn -0.2466 -0.0555 -0.9675
vn 0.5137 -0.0580 -0.8560
vn -0.3183 -0.0636 -0.9458
vn 0.4428 -0.1192 -0.8887
vn 0.9836 -0.0528 -0.1725
vn 0.9823 -0.0383 -0.1833
vn 0.8264 -0.0097 0.5630
vn 0.9722 -0.0174 -0.2337
vn 0.8536 0.0411 0.5193
vn 0.9530 -0.0943 -0.2879
vn 0.8755 -0.0019 0.4833
vn 0.3863 0.3684 -0.8456
vn 0.8058 0.4263 -0.4110
vn 0.9393 -0.1920 -0.2842
vn 0.4199 -0.2246 -0.8794
vn 0.7867 0.5969 0.1573
vn 0.3733 0.7664 0.5227
vn 0.3427 0.1549 0.9266
vn 0.8871 -0.0319 0.4604
vn -0.2111 0.8424 0.4957
vn -0.6241 0.7790 0.0607
vn -0.9218 0.2366 0.3070
vn -0.4015 0.2678 0.8759
vn -0.6043 0.6178 -0.5032
vn -0.1957 0.4530 -0.8698
vn -0.3488 -0.1073 -0.9310
vn -0.8944 0.0811 -0.4398
vn 0.2744 0.0669 -0.9593
vn 0.2251 0.0486 -0.9731
vn 0.8494 -0.0115 -0.5277
vn 0.8780 0.0378 -0.4772
vn -0.9713 0.0840 -0.2226
vn -0.9784 0.0993 -0.1812
vn -0.5599 0.1526 -0.8144
vn -0.5330 0.0880 -0.8415
vn -0.9609 0.0325 -0.2750
vn -0.4894 0.0644 -0.8697
vn -0.9533 -0.0001 -0.3021
vn -0.4637 0.0420 -0.8850
vn 0.1894 0.1254 -0.9739
vn 0.8209 0.0356 -0.5700
vn 0.2970 0.0637 -0.9527
vn 0.8848 0.0521 -0.4630
vn -0.7236 -0.6359 -0.2685
vn -0.6722 -0.6652 0.3251
vn -0.8875 -0.0394 0.4591
vn 0.2514 -0.5827 -0.7728
vn -0.3407 -0.6019 -0.7222
vn 0.9550 0.0129 0.2963
vn 0.7614 -0.6169 0.1992
vn 0.7073 -0.5889 -0.3912
vn 0.3819 -0.6514 0.6557
vn -0.2130 -0.6717 0.7095
vn 0.9583 -0.0051 0.2857
vn 0.4750 -0.0364 0.8792
vn 0.4676 -0.0311 0.8834
vn 0.9729 -0.0555 0.2245
vn 0.5251 -0.0580 0.8491
vn 0.9865 -0.0636 0.1509
vn 0.5867 -0.1192 0.8010
vn -0.2977 -0.0528 0.9532
vn -0.2875 -0.0383 0.9570
vn -0.8793 -0.0097 0.4763
vn -0.2381 -0.0174 0.9711
vn -0.8529 0.0411 0.5204
vn -0.1812 -0.0943 0.9789
vn -0.8309 -0.0019 0.5564
vn 0.5743 0.3684 0.7311
vn -0.0043 0.4263 0.9046
vn -0.1782 -0.1920 0.9651
vn 0.5889 -0.2246 0.7764
vn -0.5005 0.5969 0.6270
vn -0.6357 0.7664 0.0920
vn -0.9806 0.1549 -0.1204
vn -0.8160 -0.0319 0.5772
vn -0.3437 0.8424 -0.4149
vn 0.2323 0.7790 -0.5825
vn 0.1499 0.2366 -0.9600
vn -0.5942 0.2678 -0.7584
vn 0.7243 0.6178 -0.3063
vn 0.8627 0.4530 0.2250
vn 0.9873 -0.1073 0.1170
vn 0.8010 0.0811 -0.5931
vn -0.2120 -0.4046 0.8896
vn -0.7600 -0.3280 0.5610
vn -0.7843 -0.2215 0.5795
vn -0.2598 -0.3232 0.9100
vn -0.9959 -0.0818 0.0375
vn -0.9921 -0.1248 0.0085
vn 0.0278 -0.5052 0.8626
vn -0.7052 -0.5198 0.4822
vn -0.7310 -0.4209 0.5371
vn -0.9895 -0.1050 -0.0996
vn -0.3920 -0.6891 0.6094
vn -0.7604 -0.3563 0.5430
vn -0.9225 -0.3859 -0.0101
vn -1.0000 -0.0048 0.0029
vn -0.2150 -0.2351 0.9479
vt 0.115224 0.569991
vt 0.116691 0.633438
vt 0.117081 0.633198
vt 0.115839 0.569938
vt 0.116529 0.633642
vt 0.118326 0.664945
vt 0.118263 0.664890
vt 0.116482 0.633605
vt 0.114885 0.570020
vt 0.114863 0.570022
vt 0.114401 0.545538
vt 0.114382 0.545540
vt 0.118434 0.664586
vt 0.118779 0.664141
vt 0.114763 0.545742
vt 0.115408 0.546074
vt 0.114347 0.521849
vt 0.114760 0.521821
vt 0.114804 0.545739
vt 0.114718 0.521824
vt 0.114328 0.521850
vt 0.115811 0.546275
vt 0.115791 0.521752
vt 0.115378 0.521779
vt 0.115810 0.521750
vt 0.115421 0.521776
vt 0.116226 0.569903
vt 0.116248 0.569901
vt 0.115830 0.546273
vt 0.117346 0.633074
vt 0.117393 0.633110
vt 0.119027 0.663904
vt 0.119089 0.663960
vt 0.115449 0.546071
vt 0.115887 0.569933
vt 0.115272 0.569986
vt 0.117184 0.633279
vt 0.116794 0.633519
vt 0.118918 0.664264
vt 0.118574 0.664709
vt 0.125414 0.741457
vt 0.125475 0.741517
vt 0.129495 0.757702
vt 0.129431 0.757606
vt 0.129435 0.756893
vt 0.132721 0.763246
vt 0.125829 0.739353
vt 0.125767 0.739293
vt 0.129567 0.755138
vt 0.129630 0.755236
vt 0.125632 0.739845
vt 0.129496 0.755779
vt 0.125608 0.740952
vt 0.129581 0.757146
vt 0.125472 0.740823
vt 0.125768 0.739974
vt 0.129642 0.756035
vt 0.132763 0.763290
vt 0.132738 0.762195
vt 0.132697 0.762150
vt 0.124564 0.728654
vt 0.124457 0.729008
vt 0.123392 0.718746
vt 0.123504 0.718318
vt 0.124219 0.729538
vt 0.124037 0.729826
vt 0.122959 0.719760
vt 0.123146 0.719396
vt 0.123975 0.729765
vt 0.124082 0.729407
vt 0.123006 0.719259
vt 0.122895 0.719697
vt 0.124320 0.728877
vt 0.124502 0.728592
vt 0.123440 0.718255
vt 0.123252 0.718608
vt 0.133529 0.566767
vt 0.133140 0.563878
vt 0.134985 0.538011
vt 0.135379 0.540980
vt 0.135846 0.541330
vt 0.133942 0.567103
vt 0.131760 0.585864
vt 0.129233 0.598581
vt 0.131357 0.583183
vt 0.131952 0.585939
vt 0.136217 0.508523
vt 0.135640 0.509176
vt 0.136394 0.508731
vt 0.136492 0.511367
vt 0.136132 0.511048
vt 0.123888 0.643041
vt 0.124932 0.638844
vt 0.121494 0.617547
vt 0.120374 0.621930
vt 0.122186 0.622230
vt 0.125602 0.643276
vt 0.126838 0.650920
vt 0.130243 0.652555
vt 0.127229 0.647103
vt 0.127621 0.650879
vt 0.117358 0.583284
vt 0.118059 0.582631
vt 0.117796 0.583609
vt 0.118219 0.586393
vt 0.117338 0.585843
vt 0.441280 0.170456
vt 0.441394 0.169352
vt 0.441294 0.159997
vt 0.441115 0.161117
vt 0.441379 0.161965
vt 0.441536 0.171589
vt 0.441591 0.165163
vt 0.441776 0.157785
vt 0.441627 0.164031
vt 0.441709 0.165690
vt 0.464703 0.065103
vt 0.464936 0.067019
vt 0.464945 0.066122
vt 0.466895 0.211719
vt 0.465040 0.071637
vt 0.466573 0.204293
vt 0.464547 0.069770
vt 0.465895 0.208520
vt 0.478774 0.269449
vt 0.478476 0.263738
vt 0.478984 0.209786
vt 0.479310 0.215620
vt 0.478716 0.217480
vt 0.478225 0.271189
vt 0.444377 0.187856
vt 0.444275 0.194763
vt 0.444344 0.186382
vt 0.477950 0.310058
vt 0.478082 0.303860
vt 0.478150 0.068773
vt 0.478029 0.070088
vt 0.478002 0.069514
vt 0.477904 0.075204
vt 0.478204 0.073916
vt 0.444309 0.188025
vt 0.478205 0.309421
vt 0.107076 0.600348
vt 0.107605 0.597355
vt 0.108048 0.556397
vt 0.107455 0.559395
vt 0.109133 0.562271
vt 0.108616 0.603033
vt 0.106961 0.631466
vt 0.106079 0.652471
vt 0.107063 0.628062
vt 0.107678 0.632591
vt 0.107907 0.509667
vt 0.107830 0.511250
vt 0.108360 0.510553
vt 0.108596 0.514861
vt 0.107677 0.513220
vt 0.119784 0.563898
vt 0.122513 0.626356
vt 0.122797 0.625771
vt 0.120209 0.563294
vt 0.121930 0.626607
vt 0.124309 0.656523
vt 0.124526 0.656579
vt 0.122185 0.626671
vt 0.118832 0.564080
vt 0.119264 0.564195
vt 0.117921 0.539923
vt 0.118369 0.540038
vt 0.124814 0.656158
vt 0.125070 0.655407
vt 0.118918 0.539959
vt 0.119374 0.539716
vt 0.117304 0.516173
vt 0.117300 0.515716
vt 0.117924 0.539706
vt 0.118325 0.515977
vt 0.117767 0.516291
vt 0.119377 0.539498
vt 0.118778 0.514884
vt 0.118782 0.515342
vt 0.118315 0.514766
vt 0.117757 0.515080
vt 0.120206 0.562857
vt 0.119775 0.562742
vt 0.118929 0.539384
vt 0.122815 0.625375
vt 0.122561 0.625309
vt 0.125093 0.654918
vt 0.124875 0.654863
vt 0.118380 0.539462
vt 0.119254 0.563039
vt 0.118829 0.563644
vt 0.122233 0.625627
vt 0.121948 0.626212
vt 0.124588 0.655285
vt 0.124332 0.656034
vt 0.130938 0.715386
vt 0.130806 0.715670
vt 0.128534 0.694170
vt 0.128720 0.693785
vt 0.130688 0.716164
vt 0.130677 0.716480
vt 0.128355 0.695274
vt 0.128369 0.694844
vt 0.130777 0.716504
vt 0.130909 0.716217
vt 0.128682 0.694918
vt 0.128496 0.695307
vt 0.131026 0.715723
vt 0.131037 0.715409
vt 0.128861 0.693820
vt 0.128847 0.694245
vt 0.466759 0.284043
vt 0.466552 0.277719
vt 0.465567 0.226321
vt 0.465793 0.232892
vt 0.464946 0.234595
vt 0.465971 0.285607
vt 0.441517 0.187429
vt 0.441900 0.191584
vt 0.441508 0.185716
vt 0.467043 0.308206
vt 0.467381 0.301345
vt 0.463449 0.070890
vt 0.463631 0.071849
vt 0.463205 0.071645
vt 0.463125 0.077588
vt 0.463620 0.076281
vt 0.441419 0.187534
vt 0.467414 0.307810
vt 0.121572 0.648551
vt 0.120518 0.645874
vt 0.119854 0.609469
vt 0.120986 0.612118
vt 0.119548 0.615901
vt 0.120241 0.652056
vt 0.121520 0.676131
vt 0.121315 0.693610
vt 0.120931 0.672843
vt 0.120894 0.677648
vt 0.119124 0.567122
vt 0.118803 0.568227
vt 0.118782 0.568271
vt 0.118766 0.572407
vt 0.119466 0.570219
vt 0.137086 0.676583
vt 0.137013 0.676740
vt 0.137151 0.676177
vt 0.137221 0.675968
vt 0.138281 0.693865
vt 0.138090 0.693663
vt 0.137963 0.693772
vt 0.138157 0.693816
vt 0.133220 0.746735
vt 0.133093 0.746276
vt 0.135343 0.740713
vt 0.135467 0.741077
vt 0.137405 0.719606
vt 0.137535 0.719936
vt 0.133213 0.747126
vt 0.133347 0.747620
vt 0.135588 0.741529
vt 0.135465 0.741221
vt 0.137693 0.720723
vt 0.137542 0.720194
vt 0.128027 0.745917
vt 0.127976 0.747172
vt 0.124779 0.735021
vt 0.124933 0.733799
vt 0.131063 0.749481
vt 0.131037 0.748585
vt 0.129210 0.747622
vt 0.129255 0.748572
vt 0.129261 0.748331
vt 0.131093 0.749272
vt 0.129307 0.749282
vt 0.131120 0.750174
vt 0.127990 0.745029
vt 0.127939 0.746284
vt 0.432181 0.178927
vt 0.432247 0.182374
vt 0.432164 0.183770
vt 0.432387 0.193340
vt 0.432261 0.190723
vt 0.432345 0.189356
vt 0.432281 0.182351
vt 0.432379 0.189333
vt 0.432290 0.185623
vt 0.432188 0.187275
vt 0.432346 0.185371
vt 0.432283 0.171493
vt 0.432365 0.174745
vt 0.432258 0.176337
vt 0.432468 0.186211
vt 0.432347 0.183460
vt 0.432453 0.181876
vt 0.432371 0.175050
vt 0.432460 0.182137
vt 0.432410 0.177972
vt 0.432280 0.179906
vt 0.432432 0.178058
vt 0.432473 0.162775
vt 0.432517 0.167801
vt 0.432407 0.167716
vt 0.432577 0.180361
vt 0.432458 0.176296
vt 0.432570 0.176448
vt 0.432554 0.166770
vt 0.432607 0.175225
vt 0.432539 0.171944
vt 0.432405 0.171849
vt 0.432603 0.170520
vt 0.432642 0.158033
vt 0.432753 0.160981
vt 0.432621 0.162058
vt 0.432788 0.170036
vt 0.432693 0.168012
vt 0.432825 0.166767
vt 0.432686 0.160467
vt 0.432757 0.166189
vt 0.432799 0.163694
vt 0.432639 0.165080
vt 0.432733 0.162807
vt 0.432851 0.155602
vt 0.432832 0.158517
vt 0.432787 0.158594
vt 0.432851 0.167423
vt 0.432787 0.164326
vt 0.432832 0.164162
vt 0.432901 0.158723
vt 0.432901 0.164320
vt 0.432824 0.161067
vt 0.432768 0.161197
vt 0.432919 0.161308
vt 0.432992 0.153657
vt 0.433022 0.157073
vt 0.432929 0.156757
vt 0.433037 0.165072
vt 0.432951 0.162296
vt 0.433043 0.162566
vt 0.433046 0.156409
vt 0.433068 0.161886
vt 0.433031 0.159730
vt 0.432919 0.159374
vt 0.433076 0.158920
vt 0.433227 0.153296
vt 0.433329 0.155707
vt 0.433201 0.156405
vt 0.433334 0.164132
vt 0.433253 0.161650
vt 0.433381 0.160904
vt 0.433258 0.156142
vt 0.433310 0.161370
vt 0.433367 0.158042
vt 0.433211 0.158900
vt 0.433296 0.158493
vt 0.433128 0.153371
vt 0.433158 0.155142
vt 0.433051 0.156535
vt 0.433160 0.164850
vt 0.433066 0.162053
vt 0.433173 0.160607
vt 0.433184 0.156869
vt 0.433200 0.162396
vt 0.433164 0.157385
vt 0.433034 0.159131
vt 0.433214 0.159414
vt 0.433510 0.153187
vt 0.433559 0.156601
vt 0.433425 0.156033
vt 0.433474 0.164680
vt 0.433409 0.161636
vt 0.433542 0.162114
vt 0.433526 0.156084
vt 0.433509 0.161626
vt 0.433560 0.159239
vt 0.433397 0.158600
vt 0.433537 0.158677
vt 0.436728 0.140629
vt 0.436746 0.141246
vt 0.436736 0.141317
vt 0.436840 0.142725
vt 0.436790 0.142314
vt 0.436800 0.142258
vt 0.436779 0.141082
vt 0.436833 0.142085
vt 0.436766 0.141735
vt 0.436755 0.141819
vt 0.436811 0.141516
vt 0.432138 0.204226
vt 0.432218 0.204541
vt 0.432200 0.207338
vt 0.432493 0.210010
vt 0.432370 0.210109
vt 0.432390 0.207326
vt 0.432259 0.205235
vt 0.432431 0.208082
vt 0.432293 0.205616
vt 0.432269 0.208992
vt 0.432348 0.206155
vt 0.436667 0.137651
vt 0.436712 0.138137
vt 0.436693 0.138597
vt 0.436850 0.139774
vt 0.436781 0.139600
vt 0.436800 0.139142
vt 0.436731 0.138017
vt 0.436820 0.139032
vt 0.436751 0.138609
vt 0.436728 0.139173
vt 0.436778 0.138387
vt 0.432202 0.205288
vt 0.432134 0.207885
vt 0.432247 0.208722
vt 0.432115 0.215173
vt 0.432204 0.213469
vt 0.432092 0.212601
vt 0.432153 0.207594
vt 0.432110 0.212263
vt 0.432108 0.210136
vt 0.432246 0.211200
vt 0.432114 0.209576
vt 0.436683 0.135733
vt 0.436671 0.136001
vt 0.436721 0.136277
vt 0.436711 0.137853
vt 0.436734 0.137287
vt 0.436684 0.137003
vt 0.436675 0.136505
vt 0.436689 0.137521
vt 0.436674 0.136392
vt 0.436736 0.136735
vt 0.436673 0.136998
vt 0.432076 0.194499
vt 0.432045 0.196574
vt 0.432161 0.195910
vt 0.432233 0.203607
vt 0.432237 0.200276
vt 0.432119 0.200957
vt 0.432116 0.198054
vt 0.432191 0.202455
vt 0.432065 0.198461
vt 0.432208 0.197644
vt 0.432139 0.200472
vt 0.436711 0.133253
vt 0.436670 0.133753
vt 0.436723 0.134150
vt 0.436710 0.135196
vt 0.436722 0.135092
vt 0.436669 0.134671
vt 0.436721 0.133542
vt 0.436720 0.134465
vt 0.436661 0.134206
vt 0.436726 0.134694
vt 0.436718 0.133871
vt 0.124801 0.734358
vt 0.124955 0.733133
vt 0.140718 0.705625
vt 0.140703 0.705949
vt 0.140893 0.705777
vt 0.140908 0.705398
vt 0.140876 0.723650
vt 0.140671 0.722991
vt 0.140604 0.723171
vt 0.140820 0.723684
vt 0.132755 0.763232
vt 0.132719 0.762878
vt 0.135366 0.762232
vt 0.135402 0.762488
vt 0.138611 0.746330
vt 0.138660 0.746585
vt 0.132816 0.764011
vt 0.132857 0.764411
vt 0.135522 0.763249
vt 0.135483 0.763045
vt 0.138810 0.747781
vt 0.138750 0.747295
vt 0.127418 0.751994
vt 0.127333 0.753242
vt 0.124845 0.736122
vt 0.125034 0.735108
vt 0.130460 0.761893
vt 0.130450 0.760846
vt 0.128637 0.756388
vt 0.128658 0.757493
vt 0.128591 0.756875
vt 0.130398 0.761266
vt 0.128611 0.757976
vt 0.130412 0.762331
vt 0.127515 0.751489
vt 0.127430 0.752741
vt 0.432088 0.158932
vt 0.432163 0.154852
vt 0.432052 0.155664
vt 0.432215 0.148120
vt 0.432116 0.150413
vt 0.432226 0.149747
vt 0.432151 0.156917
vt 0.432213 0.151687
vt 0.432197 0.152177
vt 0.432063 0.153085
vt 0.432199 0.154636
vt 0.431932 0.156497
vt 0.431978 0.160730
vt 0.431849 0.160765
vt 0.431931 0.171045
vt 0.431847 0.167768
vt 0.431976 0.167768
vt 0.431968 0.160044
vt 0.431966 0.167083
vt 0.431981 0.164128
vt 0.431824 0.164121
vt 0.431988 0.163235
vt 0.432131 0.150472
vt 0.432192 0.154576
vt 0.432045 0.154780
vt 0.432105 0.165116
vt 0.432032 0.161872
vt 0.432177 0.161658
vt 0.432150 0.153989
vt 0.432137 0.161042
vt 0.432197 0.157958
vt 0.432019 0.158216
vt 0.432165 0.157108
vt 0.432571 0.141287
vt 0.432685 0.142950
vt 0.432513 0.144689
vt 0.432682 0.154211
vt 0.432565 0.150956
vt 0.432740 0.149008
vt 0.432622 0.145475
vt 0.432678 0.151825
vt 0.432725 0.145344
vt 0.432514 0.147560
vt 0.432671 0.148477
vt 0.432440 0.144077
vt 0.432435 0.149422
vt 0.432297 0.147827
vt 0.432257 0.159923
vt 0.432209 0.155582
vt 0.432349 0.157267
vt 0.432436 0.147724
vt 0.432351 0.155379
vt 0.432399 0.153324
vt 0.432229 0.151382
vt 0.432422 0.151279
vt 0.432656 0.140783
vt 0.432721 0.144227
vt 0.432579 0.144222
vt 0.432572 0.151477
vt 0.432537 0.149550
vt 0.432682 0.149400
vt 0.432633 0.142620
vt 0.432593 0.147716
vt 0.432720 0.146839
vt 0.432545 0.146896
vt 0.432628 0.144709
vt 0.433150 0.139542
vt 0.433160 0.142613
vt 0.433057 0.141004
vt 0.432931 0.147942
vt 0.432952 0.145076
vt 0.433056 0.146645
vt 0.433084 0.141840
vt 0.432980 0.145915
vt 0.433125 0.144634
vt 0.433000 0.142699
vt 0.433044 0.143912
vt 0.432908 0.140456
vt 0.432875 0.143499
vt 0.432795 0.142496
vt 0.432741 0.151077
vt 0.432714 0.147653
vt 0.432796 0.148575
vt 0.432906 0.143484
vt 0.432826 0.148511
vt 0.432837 0.145847
vt 0.432739 0.144661
vt 0.432887 0.145967
vt 0.433076 0.139848
vt 0.433073 0.143478
vt 0.432963 0.141979
vt 0.432924 0.149717
vt 0.432890 0.146783
vt 0.433000 0.148236
vt 0.433069 0.142276
vt 0.432996 0.147014
vt 0.433043 0.145901
vt 0.432909 0.144106
vt 0.433054 0.144581
vt 0.433326 0.141622
vt 0.433400 0.144730
vt 0.433270 0.144493
vt 0.433267 0.151960
vt 0.433242 0.149513
vt 0.433372 0.149699
vt 0.433296 0.143998
vt 0.433269 0.148998
vt 0.433405 0.147147
vt 0.433247 0.146867
vt 0.433293 0.146246
vt 0.433609 0.143764
vt 0.433621 0.147473
vt 0.433489 0.145752
vt 0.433386 0.153287
vt 0.433382 0.150417
vt 0.433515 0.152050
vt 0.433558 0.145975
vt 0.433452 0.150578
vt 0.433584 0.149844
vt 0.433423 0.147802
vt 0.433524 0.148202
vt 0.436424 0.135340
vt 0.436433 0.136060
vt 0.436404 0.135921
vt 0.436462 0.137553
vt 0.436422 0.136975
vt 0.436452 0.137131
vt 0.436456 0.135892
vt 0.436475 0.136955
vt 0.436439 0.136584
vt 0.436404 0.136411
vt 0.436474 0.136392
vt 0.436420 0.134166
vt 0.436469 0.134498
vt 0.436433 0.134922
vt 0.436558 0.135999
vt 0.436499 0.135802
vt 0.436536 0.135384
vt 0.436466 0.134534
vt 0.436532 0.135432
vt 0.436502 0.134885
vt 0.436458 0.135392
vt 0.436503 0.134882
vt 0.436478 0.131596
vt 0.436511 0.131460
vt 0.436479 0.132290
vt 0.436605 0.133024
vt 0.436540 0.132978
vt 0.436572 0.132148
vt 0.436532 0.132045
vt 0.436593 0.132720
vt 0.436537 0.131668
vt 0.436498 0.132689
vt 0.436568 0.132288
vt 0.436453 0.132432
vt 0.436497 0.133170
vt 0.436449 0.133363
vt 0.436567 0.134983
vt 0.436504 0.134575
vt 0.436553 0.134383
vt 0.436499 0.132930
vt 0.436555 0.134155
vt 0.436524 0.133763
vt 0.436465 0.134002
vt 0.436534 0.133429
vt 0.431723 0.166007
vt 0.431845 0.167393
vt 0.431748 0.169622
vt 0.431951 0.174243
vt 0.431859 0.173550
vt 0.431956 0.171301
vt 0.431775 0.167667
vt 0.431886 0.171580
vt 0.431909 0.169103
vt 0.431791 0.171845
vt 0.431834 0.169142
vt 0.433562 0.141581
vt 0.433491 0.143811
vt 0.433439 0.142211
vt 0.433180 0.143574
vt 0.433255 0.143231
vt 0.433307 0.144812
vt 0.433463 0.141121
vt 0.433280 0.142095
vt 0.433411 0.144688
vt 0.433347 0.142750
vt 0.433384 0.141473
vt 0.431604 0.180834
vt 0.431487 0.182367
vt 0.431597 0.184231
vt 0.431405 0.189591
vt 0.431501 0.188427
vt 0.431390 0.186530
vt 0.431545 0.183005
vt 0.431449 0.187115
vt 0.431430 0.184199
vt 0.431564 0.186515
vt 0.431488 0.184662
vt 0.431633 0.170196
vt 0.431541 0.171135
vt 0.431664 0.171413
vt 0.431577 0.177858
vt 0.431636 0.175078
vt 0.431512 0.174809
vt 0.431614 0.173530
vt 0.431586 0.177224
vt 0.431513 0.172529
vt 0.431662 0.172862
vt 0.431588 0.175567
vt 0.124997 0.735980
vt 0.125186 0.734961
vt 0.132868 0.675235
vt 0.132825 0.675538
vt 0.132937 0.675172
vt 0.132978 0.674827
vt 0.133844 0.688846
vt 0.133687 0.688590
vt 0.133601 0.688849
vt 0.133760 0.688979
vt 0.129955 0.729665
vt 0.129867 0.729474
vt 0.131651 0.725616
vt 0.131736 0.725730
vt 0.133228 0.709219
vt 0.133319 0.709319
vt 0.129969 0.730232
vt 0.130063 0.730452
vt 0.131838 0.726173
vt 0.131753 0.726103
vt 0.133454 0.710063
vt 0.133346 0.709800
vt 0.125803 0.727797
vt 0.125774 0.728885
vt 0.123218 0.718947
vt 0.123330 0.717907
vt 0.128258 0.731599
vt 0.128228 0.730789
vt 0.126771 0.729675
vt 0.126816 0.730513
vt 0.126801 0.730078
vt 0.128259 0.731141
vt 0.126846 0.730913
vt 0.128291 0.731962
vt 0.125789 0.727330
vt 0.125760 0.728420
vt 0.432976 0.187392
vt 0.433036 0.190447
vt 0.432965 0.191153
vt 0.433142 0.198580
vt 0.433043 0.196551
vt 0.433114 0.195870
vt 0.433053 0.189881
vt 0.433132 0.195304
vt 0.433072 0.193057
vt 0.432985 0.193878
vt 0.433104 0.192218
vt 0.433053 0.181607
vt 0.433124 0.184470
vt 0.433036 0.185427
vt 0.433203 0.193012
vt 0.433108 0.190951
vt 0.433195 0.189997
vt 0.433120 0.184163
vt 0.433191 0.189657
vt 0.433161 0.187058
vt 0.433055 0.188222
vt 0.433168 0.186468
vt 0.433285 0.171953
vt 0.433347 0.172695
vt 0.433252 0.174995
vt 0.433425 0.181510
vt 0.433318 0.179639
vt 0.433414 0.177156
vt 0.433358 0.174914
vt 0.433428 0.179599
vt 0.433380 0.174372
vt 0.433263 0.177262
vt 0.433410 0.176992
vt 0.433200 0.174921
vt 0.433241 0.179108
vt 0.433148 0.178604
vt 0.433279 0.188062
vt 0.433187 0.185029
vt 0.433282 0.185593
vt 0.433259 0.177685
vt 0.433299 0.184014
vt 0.433259 0.182315
vt 0.433146 0.181707
vt 0.433297 0.180477
vt 0.433328 0.171110
vt 0.433415 0.173382
vt 0.433313 0.174199
vt 0.433434 0.179681
vt 0.433365 0.178468
vt 0.433468 0.177517
vt 0.433356 0.172585
vt 0.433408 0.176665
vt 0.433451 0.175376
vt 0.433325 0.176429
vt 0.433390 0.174178
vt 0.433494 0.169445
vt 0.433486 0.172030
vt 0.433443 0.171640
vt 0.433497 0.178565
vt 0.433444 0.176068
vt 0.433487 0.176388
vt 0.433533 0.171767
vt 0.433534 0.176086
vt 0.433481 0.174069
vt 0.433429 0.173625
vt 0.433548 0.173783
vt 0.433605 0.168017
vt 0.433633 0.170861
vt 0.433555 0.170286
vt 0.433636 0.176395
vt 0.433570 0.174360
vt 0.433648 0.174897
vt 0.433644 0.169877
vt 0.433659 0.173899
vt 0.433640 0.172892
vt 0.433546 0.172216
vt 0.433666 0.171714
vt 0.433793 0.167978
vt 0.433875 0.169962
vt 0.433776 0.170539
vt 0.433877 0.176238
vt 0.433817 0.174542
vt 0.433917 0.173926
vt 0.433814 0.169930
vt 0.433855 0.173919
vt 0.433906 0.171791
vt 0.433785 0.172500
vt 0.433842 0.171662
vt 0.433714 0.167981
vt 0.433748 0.169897
vt 0.433658 0.170638
vt 0.433756 0.177631
vt 0.433679 0.175283
vt 0.433767 0.174497
vt 0.433760 0.170721
vt 0.433780 0.175373
vt 0.433757 0.171885
vt 0.433649 0.172830
vt 0.433787 0.172852
vt 0.434016 0.168012
vt 0.434058 0.170820
vt 0.433951 0.170235
vt 0.433986 0.176551
vt 0.433937 0.174407
vt 0.434044 0.174919
vt 0.434024 0.169944
vt 0.434010 0.174066
vt 0.434059 0.172852
vt 0.433929 0.172184
vt 0.434032 0.171831
vt 0.437071 0.140145
vt 0.437104 0.140285
vt 0.437095 0.140697
vt 0.437205 0.141203
vt 0.437160 0.141205
vt 0.437168 0.140796
vt 0.437115 0.140303
vt 0.437180 0.140825
vt 0.437132 0.140502
vt 0.437122 0.140997
vt 0.437148 0.140475
vt 0.432933 0.197400
vt 0.432942 0.196610
vt 0.432942 0.199950
vt 0.433107 0.201217
vt 0.433025 0.201789
vt 0.433025 0.198451
vt 0.433021 0.198394
vt 0.433104 0.200187
vt 0.432968 0.197103
vt 0.432969 0.201204
vt 0.433070 0.198871
vt 0.432919 0.200742
vt 0.433002 0.202900
vt 0.432964 0.204107
vt 0.433229 0.208429
vt 0.433113 0.207742
vt 0.433151 0.206541
vt 0.433024 0.201926
vt 0.433174 0.205609
vt 0.433069 0.204701
vt 0.433023 0.206183
vt 0.433104 0.203277
vt 0.437106 0.140827
vt 0.437130 0.141360
vt 0.437128 0.140847
vt 0.437231 0.141444
vt 0.437188 0.141149
vt 0.437190 0.141663
vt 0.437151 0.140965
vt 0.437211 0.141268
vt 0.437155 0.141579
vt 0.437152 0.140955
vt 0.437182 0.141153
vt 0.437055 0.140499
vt 0.437058 0.139956
vt 0.437070 0.140262
vt 0.437042 0.139110
vt 0.437064 0.139592
vt 0.437052 0.139291
vt 0.437036 0.140162
vt 0.437030 0.139478
vt 0.437058 0.139611
vt 0.437073 0.139983
vt 0.437028 0.139823
vt 0.432938 0.193623
vt 0.432910 0.194088
vt 0.432997 0.195252
vt 0.432972 0.200216
vt 0.433013 0.198383
vt 0.432925 0.197184
vt 0.432925 0.196271
vt 0.432941 0.199423
vt 0.432912 0.195199
vt 0.433019 0.196647
vt 0.432918 0.197831
vt 0.437046 0.138495
vt 0.437031 0.138749
vt 0.437074 0.138643
vt 0.437097 0.139795
vt 0.437098 0.139265
vt 0.437055 0.139374
vt 0.437060 0.139067
vt 0.437084 0.139695
vt 0.437037 0.139004
vt 0.437089 0.138874
vt 0.437068 0.139430
vt 0.437081 0.135217
vt 0.437052 0.135679
vt 0.437092 0.135941
vt 0.437091 0.136980
vt 0.437096 0.136796
vt 0.437057 0.136515
vt 0.437092 0.135536
vt 0.437096 0.136375
vt 0.437047 0.136087
vt 0.437096 0.136410
vt 0.437093 0.135860
vt 0.123253 0.718692
vt 0.123365 0.717648
vt 0.138777 0.663644
vt 0.138839 0.663777
vt 0.138980 0.663481
vt 0.138915 0.663305
vt 0.139393 0.678003
vt 0.139213 0.677656
vt 0.139236 0.677705
vt 0.139419 0.677931
vt 0.135169 0.714612
vt 0.135196 0.714220
vt 0.137013 0.711915
vt 0.136983 0.712230
vt 0.138664 0.697294
vt 0.138646 0.697592
vt 0.135320 0.715009
vt 0.135299 0.715434
vt 0.137110 0.712711
vt 0.137140 0.712440
vt 0.138817 0.698378
vt 0.138818 0.697905
vt 0.131088 0.709335
vt 0.131105 0.710306
vt 0.128930 0.698176
vt 0.128993 0.697322
vt 0.133618 0.714920
vt 0.133545 0.714164
vt 0.132161 0.711813
vt 0.132237 0.712621
vt 0.132092 0.712345
vt 0.133460 0.714669
vt 0.132166 0.713152
vt 0.133537 0.715432
vt 0.131214 0.708707
vt 0.131232 0.709678
vt 0.436633 0.138335
vt 0.436640 0.137598
vt 0.436617 0.137766
vt 0.436665 0.136274
vt 0.436634 0.136764
vt 0.436657 0.136622
vt 0.436658 0.137896
vt 0.436674 0.136900
vt 0.436646 0.137099
vt 0.436618 0.137289
vt 0.436673 0.137445
vt 0.436610 0.137864
vt 0.436649 0.138521
vt 0.436597 0.138655
vt 0.436648 0.140412
vt 0.436615 0.139883
vt 0.436667 0.139755
vt 0.436624 0.138493
vt 0.436642 0.139726
vt 0.436662 0.139101
vt 0.436599 0.139256
vt 0.436638 0.139043
vt 0.432063 0.191401
vt 0.432151 0.194335
vt 0.432038 0.195064
vt 0.432127 0.203366
vt 0.432069 0.200855
vt 0.432181 0.200126
vt 0.432079 0.194359
vt 0.432110 0.200120
vt 0.432179 0.197008
vt 0.432043 0.197898
vt 0.432103 0.196876
vt 0.432267 0.183065
vt 0.432400 0.183655
vt 0.432288 0.185610
vt 0.432527 0.192199
vt 0.432413 0.190044
vt 0.432525 0.187913
vt 0.432337 0.186203
vt 0.432466 0.190685
vt 0.432471 0.185203
vt 0.432334 0.187670
vt 0.432409 0.188295
vt 0.432227 0.185396
vt 0.432277 0.189537
vt 0.432147 0.188901
vt 0.432162 0.199076
vt 0.432116 0.195582
vt 0.432249 0.196281
vt 0.432219 0.188611
vt 0.432191 0.195202
vt 0.432276 0.192799
vt 0.432116 0.192028
vt 0.432221 0.191619
vt 0.432335 0.182286
vt 0.432394 0.184936
vt 0.432303 0.185295
vt 0.432284 0.191718
vt 0.432279 0.189978
vt 0.432371 0.189490
vt 0.432298 0.184139
vt 0.432273 0.188636
vt 0.432399 0.187141
vt 0.432287 0.187632
vt 0.432289 0.186010
vt 0.432672 0.179763
vt 0.432715 0.182051
vt 0.432636 0.181042
vt 0.432597 0.186973
vt 0.432601 0.184532
vt 0.432680 0.185509
vt 0.432633 0.181892
vt 0.432597 0.185384
vt 0.432712 0.183705
vt 0.432617 0.182495
vt 0.432619 0.183672
vt 0.432509 0.181244
vt 0.432531 0.183558
vt 0.432440 0.183268
vt 0.432459 0.190315
vt 0.432416 0.187667
vt 0.432508 0.187890
vt 0.432517 0.183781
vt 0.432493 0.188074
vt 0.432525 0.185514
vt 0.432414 0.185190
vt 0.432520 0.185834
vt 0.432732 0.180614
vt 0.432820 0.182313
vt 0.432699 0.182863
vt 0.432815 0.189874
vt 0.432739 0.187316
vt 0.432860 0.186723
vt 0.432759 0.183513
vt 0.432800 0.187975
vt 0.432850 0.184165
vt 0.432704 0.184877
vt 0.432791 0.185642
vt 0.433004 0.181892
vt 0.433045 0.184757
vt 0.432941 0.183788
vt 0.432887 0.190446
vt 0.432886 0.187965
vt 0.432989 0.188863
vt 0.432960 0.184041
vt 0.432904 0.188169
vt 0.433034 0.186782
vt 0.432907 0.185645
vt 0.432941 0.186023
vt 0.432025 0.220355
vt 0.431977 0.217875
vt 0.431950 0.219419
vt 0.431882 0.214283
vt 0.431882 0.216523
vt 0.431907 0.214941
vt 0.432017 0.218654
vt 0.431948 0.215723
vt 0.431939 0.216308
vt 0.431908 0.218234
vt 0.431995 0.217071
vt 0.431931 0.220625
vt 0.431984 0.223078
vt 0.431904 0.223059
vt 0.432028 0.228869
vt 0.431950 0.226981
vt 0.432032 0.227061
vt 0.431983 0.222590
vt 0.432030 0.226542
vt 0.432009 0.224991
vt 0.431911 0.224955
vt 0.432020 0.224375
vt 0.431878 0.206516
vt 0.431967 0.205387
vt 0.431937 0.208759
vt 0.432216 0.210013
vt 0.432100 0.210440
vt 0.432130 0.207069
vt 0.431988 0.207686
vt 0.432150 0.209321
vt 0.432040 0.205731
vt 0.432004 0.209872
vt 0.432071 0.208152
vt 0.436573 0.140620
vt 0.436625 0.141104
vt 0.436580 0.141387
vt 0.436678 0.142554
vt 0.436631 0.142304
vt 0.436676 0.142023
vt 0.436603 0.140993
vt 0.436654 0.141920
vt 0.436653 0.141540
vt 0.436599 0.141886
vt 0.436632 0.141356
vt 0.436598 0.142804
vt 0.436601 0.143404
vt 0.436587 0.142934
vt 0.436640 0.143797
vt 0.436607 0.143417
vt 0.436621 0.143888
vt 0.436627 0.143046
vt 0.436648 0.143529
vt 0.436607 0.143700
vt 0.436590 0.143129
vt 0.436643 0.143316
vt 0.432970 0.180166
vt 0.432918 0.182331
vt 0.432895 0.180981
vt 0.432678 0.183298
vt 0.432755 0.182538
vt 0.432777 0.183872
vt 0.432877 0.180293
vt 0.432736 0.181813
vt 0.432859 0.183364
vt 0.432831 0.181729
vt 0.432810 0.180948
vt 0.436597 0.142287
vt 0.436602 0.141765
vt 0.436590 0.142135
vt 0.436542 0.141023
vt 0.436563 0.141526
vt 0.436575 0.141160
vt 0.436569 0.141951
vt 0.436542 0.141327
vt 0.436594 0.141448
vt 0.436580 0.141899
vt 0.436554 0.141626
vt 0.436584 0.142272
vt 0.436546 0.142633
vt 0.436590 0.142873
vt 0.436558 0.143870
vt 0.436577 0.143640
vt 0.436533 0.143394
vt 0.436582 0.142641
vt 0.436569 0.143394
vt 0.436534 0.142986
vt 0.436588 0.143287
vt 0.436573 0.142948
vt 0.431917 0.202724
vt 0.431827 0.203380
vt 0.431915 0.204813
vt 0.431778 0.210061
vt 0.431848 0.208305
vt 0.431759 0.206836
vt 0.431877 0.205369
vt 0.431809 0.208881
vt 0.431785 0.204676
vt 0.431893 0.206452
vt 0.431835 0.207018
vt 0.129114 0.697782
vt 0.129175 0.696926
vt 0.140611 0.673399
vt 0.140560 0.673651
vt 0.140710 0.673745
vt 0.140763 0.673449
vt 0.140083 0.686973
vt 0.139954 0.686243
vt 0.139867 0.686332
vt 0.140010 0.686965
vt 0.132125 0.707378
vt 0.132083 0.707103
vt 0.134191 0.709607
vt 0.134237 0.709809
vt 0.137390 0.701373
vt 0.137444 0.701590
vt 0.132108 0.708068
vt 0.132152 0.708382
vt 0.134295 0.710520
vt 0.134244 0.710353
vt 0.137505 0.702664
vt 0.137450 0.702261
vt 0.128357 0.692981
vt 0.128227 0.693832
vt 0.126873 0.678319
vt 0.127076 0.677760
vt 0.130332 0.703834
vt 0.130378 0.703027
vt 0.129112 0.697670
vt 0.129076 0.698529
vt 0.129080 0.697956
vt 0.130349 0.703252
vt 0.129043 0.698810
vt 0.130304 0.704076
vt 0.128419 0.692749
vt 0.128289 0.693604
vt 0.433538 0.190445
vt 0.433533 0.190630
vt 0.433213 0.187154
vt 0.433205 0.186924
vt 0.432289 0.195492
vt 0.432386 0.192829
vt 0.432281 0.192919
vt 0.432456 0.188225
vt 0.432364 0.189398
vt 0.432466 0.189410
vt 0.432344 0.194362
vt 0.432426 0.190849
vt 0.432432 0.191031
vt 0.432306 0.191084
vt 0.432396 0.192936
vt 0.432363 0.189575
vt 0.432369 0.192955
vt 0.432257 0.192347
vt 0.432227 0.200259
vt 0.432191 0.197521
vt 0.432302 0.198115
vt 0.432358 0.192235
vt 0.432292 0.197380
vt 0.432344 0.195489
vt 0.432208 0.194762
vt 0.432347 0.194606
vt 0.432804 0.184895
vt 0.432861 0.186780
vt 0.432713 0.187199
vt 0.432743 0.195214
vt 0.432682 0.192195
vt 0.432835 0.191638
vt 0.432806 0.188265
vt 0.432778 0.193343
vt 0.432862 0.188808
vt 0.432679 0.189381
vt 0.432812 0.190768
vt 0.432663 0.186369
vt 0.432607 0.190338
vt 0.432522 0.188417
vt 0.432407 0.197106
vt 0.432397 0.193681
vt 0.432483 0.195680
vt 0.432643 0.188992
vt 0.432522 0.194199
vt 0.432547 0.193042
vt 0.432442 0.190698
vt 0.432607 0.191532
vt 0.432871 0.184973
vt 0.432897 0.187829
vt 0.432781 0.187128
vt 0.432743 0.192347
vt 0.432718 0.190809
vt 0.432837 0.191407
vt 0.432851 0.186151
vt 0.432791 0.189667
vt 0.432879 0.189735
vt 0.432736 0.188920
vt 0.432838 0.187636
vt 0.433270 0.186532
vt 0.433245 0.188886
vt 0.433176 0.187185
vt 0.433018 0.191698
vt 0.433055 0.189697
vt 0.433125 0.191369
vt 0.433203 0.187886
vt 0.433082 0.190400
vt 0.433197 0.190222
vt 0.433112 0.188169
vt 0.433153 0.189218
vt 0.433211 0.186378
vt 0.433173 0.189073
vt 0.433106 0.187378
vt 0.433025 0.192852
vt 0.433016 0.190536
vt 0.433084 0.192198
vt 0.433195 0.188092
vt 0.433106 0.191201
vt 0.433131 0.190711
vt 0.433049 0.188669
vt 0.433169 0.189705
vt 0.131520 0.706247
vt 0.131528 0.703444
vt 0.132111 0.704413
vt 0.433144 0.196443
vt 0.433124 0.193504
vt 0.433234 0.194299
vt 0.433318 0.187896
vt 0.433208 0.189385
vt 0.433295 0.190606
vt 0.433211 0.194735
vt 0.433317 0.190221
vt 0.433285 0.192071
vt 0.433151 0.191095
vt 0.433273 0.192715
vt 0.433603 0.191923
vt 0.433578 0.194748
vt 0.433489 0.192810
vt 0.433359 0.197811
vt 0.433371 0.195707
vt 0.433462 0.197582
vt 0.433555 0.193263
vt 0.433438 0.196115
vt 0.433530 0.196316
vt 0.433420 0.193995
vt 0.433514 0.194720
vt 0.436464 0.140375
vt 0.436492 0.140744
vt 0.436460 0.140968
vt 0.436539 0.142052
vt 0.436496 0.141773
vt 0.436528 0.141556
vt 0.436497 0.140749
vt 0.436532 0.141569
vt 0.436510 0.141110
vt 0.436470 0.141374
vt 0.436520 0.141092
vt 0.436562 0.138595
vt 0.436582 0.138589
vt 0.436543 0.139126
vt 0.436615 0.139990
vt 0.436568 0.139799
vt 0.436607 0.139261
vt 0.436593 0.139058
vt 0.436618 0.139720
vt 0.436593 0.138815
vt 0.436545 0.139477
vt 0.436613 0.139331
vt 0.436578 0.138363
vt 0.436617 0.138717
vt 0.436573 0.138968
vt 0.436638 0.139908
vt 0.436602 0.139708
vt 0.436647 0.139453
vt 0.436596 0.138674
vt 0.436625 0.139411
vt 0.436635 0.139056
vt 0.436581 0.139368
vt 0.436614 0.138968
vt 0.431656 0.211819
vt 0.431639 0.214236
vt 0.431685 0.212116
vt 0.431811 0.216731
vt 0.431759 0.214498
vt 0.431713 0.216614
vt 0.431727 0.213467
vt 0.431801 0.215849
vt 0.431659 0.215539
vt 0.431714 0.212967
vt 0.431765 0.214887
vt 0.433579 0.190100
vt 0.433512 0.191360
vt 0.433473 0.189961
vt 0.433278 0.189585
vt 0.433328 0.189758
vt 0.433367 0.191143
vt 0.433514 0.189223
vt 0.433369 0.188987
vt 0.433445 0.191589
vt 0.433398 0.189894
vt 0.433454 0.189056
vt 0.436439 0.140665
vt 0.436470 0.140254
vt 0.436461 0.140509
vt 0.436488 0.139352
vt 0.436485 0.139878
vt 0.436493 0.139627
vt 0.436436 0.140246
vt 0.436460 0.139602
vt 0.436485 0.139956
vt 0.436475 0.140268
vt 0.436443 0.139905
vt 0.431687 0.209458
vt 0.431586 0.209989
vt 0.431655 0.211932
vt 0.431446 0.214995
vt 0.431539 0.214581
vt 0.431470 0.212613
vt 0.431613 0.210818
vt 0.431498 0.213400
vt 0.431525 0.211065
vt 0.431609 0.213463
vt 0.431550 0.211773
vt 0.431968 0.197405
vt 0.431918 0.197015
vt 0.431976 0.199163
vt 0.431814 0.202103
vt 0.431902 0.201384
vt 0.431844 0.199195
vt 0.431889 0.199180
vt 0.431815 0.201415
vt 0.431885 0.197663
vt 0.431955 0.200311
vt 0.431839 0.200118
vt 0.431793 0.201749
vt 0.431725 0.201925
vt 0.431823 0.202733
vt 0.431722 0.206972
vt 0.431788 0.205228
vt 0.431690 0.204422
vt 0.431756 0.204105
vt 0.431721 0.206616
vt 0.431701 0.202774
vt 0.431820 0.203756
vt 0.431725 0.205451
vt 0.432221 0.190742
vt 0.432119 0.191851
vt 0.432165 0.193721
vt 0.432074 0.198226
vt 0.432092 0.197327
vt 0.432051 0.195413
vt 0.432218 0.192524
vt 0.432148 0.196075
vt 0.432071 0.193381
vt 0.432126 0.195673
vt 0.432191 0.193936
vt 0.126962 0.678424
vt 0.127165 0.677860
vt 0.137499 0.652971
vt 0.137555 0.653279
vt 0.137711 0.653380
vt 0.137657 0.653028
vt 0.136807 0.666439
vt 0.136670 0.665701
vt 0.136697 0.665849
vt 0.136847 0.666490
vt 0.129831 0.687128
vt 0.129900 0.686912
vt 0.131750 0.689340
vt 0.131685 0.689484
vt 0.134497 0.680962
vt 0.134445 0.681123
vt 0.129948 0.687889
vt 0.129881 0.688145
vt 0.131762 0.690207
vt 0.131822 0.690099
vt 0.134537 0.682216
vt 0.134589 0.681869
vt 0.126577 0.672894
vt 0.126514 0.673778
vt 0.125604 0.658463
vt 0.125728 0.657868
vt 0.128409 0.683729
vt 0.128403 0.682896
vt 0.127352 0.677616
vt 0.127355 0.678496
vt 0.127235 0.677855
vt 0.128271 0.683065
vt 0.127236 0.678729
vt 0.128281 0.683917
vt 0.126758 0.672729
vt 0.126697 0.673616
vt 0.432712 0.212272
vt 0.432792 0.209577
vt 0.432736 0.209782
vt 0.432972 0.205276
vt 0.432863 0.206390
vt 0.432918 0.206289
vt 0.432806 0.211251
vt 0.432932 0.207869
vt 0.432850 0.207817
vt 0.432783 0.208009
vt 0.432877 0.209885
vt 0.432723 0.210212
vt 0.432743 0.213696
vt 0.432626 0.212957
vt 0.432563 0.220816
vt 0.432547 0.218051
vt 0.432664 0.218820
vt 0.432689 0.212872
vt 0.432611 0.217995
vt 0.432716 0.216232
vt 0.432574 0.215294
vt 0.432666 0.215282
vt 0.433254 0.201816
vt 0.433371 0.203869
vt 0.433230 0.204286
vt 0.433328 0.212487
vt 0.433265 0.209454
vt 0.433410 0.208897
vt 0.433258 0.205191
vt 0.433296 0.210442
vt 0.433410 0.206000
vt 0.433235 0.206570
vt 0.433286 0.207752
vt 0.433178 0.203443
vt 0.433144 0.207465
vt 0.433033 0.205465
vt 0.432841 0.213930
vt 0.432871 0.210611
vt 0.432983 0.212690
vt 0.433102 0.205915
vt 0.432942 0.211004
vt 0.433078 0.210145
vt 0.432943 0.207705
vt 0.433042 0.208385
vt 0.433514 0.202931
vt 0.433493 0.205169
vt 0.433410 0.203854
vt 0.433289 0.209905
vt 0.433301 0.207245
vt 0.433386 0.208504
vt 0.433469 0.205078
vt 0.433363 0.208377
vt 0.433449 0.206739
vt 0.433348 0.205164
vt 0.433432 0.206812
vt 0.433632 0.203278
vt 0.433609 0.206007
vt 0.433526 0.204258
vt 0.433382 0.209554
vt 0.433405 0.207322
vt 0.433490 0.209039
vt 0.433573 0.204875
vt 0.433454 0.207890
vt 0.433561 0.207624
vt 0.433459 0.205517
vt 0.433528 0.206433
vt 0.433790 0.205805
vt 0.433812 0.208454
vt 0.433739 0.207722
vt 0.433625 0.213003
vt 0.433660 0.211226
vt 0.433734 0.211922
vt 0.433720 0.207274
vt 0.433641 0.210764
vt 0.433791 0.210249
vt 0.433701 0.209364
vt 0.433684 0.208850
vt 0.433731 0.204787
vt 0.433784 0.207257
vt 0.433660 0.206366
vt 0.433632 0.213513
vt 0.433613 0.210572
vt 0.433738 0.211421
vt 0.433698 0.207468
vt 0.433652 0.211685
vt 0.433778 0.209172
vt 0.433626 0.208131
vt 0.433687 0.209604
vt 0.433952 0.208681
vt 0.433934 0.211521
vt 0.433858 0.209606
vt 0.433672 0.214441
vt 0.433723 0.212443
vt 0.433801 0.214295
vt 0.433865 0.209910
vt 0.433731 0.212701
vt 0.433884 0.213078
vt 0.433790 0.210785
vt 0.433807 0.211317
vt 0.432303 0.230242
vt 0.432306 0.227642
vt 0.432254 0.228689
vt 0.432298 0.223816
vt 0.432251 0.225616
vt 0.432303 0.224530
vt 0.432333 0.228822
vt 0.432330 0.225714
vt 0.432303 0.225955
vt 0.432239 0.227274
vt 0.432345 0.227306
vt 0.432218 0.229601
vt 0.432222 0.232267
vt 0.432143 0.231279
vt 0.432140 0.237366
vt 0.432106 0.234975
vt 0.432185 0.236029
vt 0.432225 0.231734
vt 0.432188 0.235471
vt 0.432207 0.234113
vt 0.432111 0.232898
vt 0.432223 0.233593
vt 0.436752 0.144087
vt 0.436793 0.144474
vt 0.436749 0.144680
vt 0.436812 0.145750
vt 0.436778 0.145480
vt 0.436823 0.145280
vt 0.436769 0.144444
vt 0.436798 0.145258
vt 0.436812 0.144842
vt 0.436757 0.145086
vt 0.436787 0.144782
vt 0.432445 0.217282
vt 0.432556 0.217445
vt 0.432460 0.219890
vt 0.432703 0.224152
vt 0.432585 0.223203
vt 0.432680 0.220756
vt 0.432525 0.219475
vt 0.432650 0.222738
vt 0.432620 0.218603
vt 0.432504 0.221619
vt 0.432595 0.220820
vt 0.432404 0.220049
vt 0.432465 0.223164
vt 0.432347 0.223134
vt 0.432428 0.229773
vt 0.432360 0.227766
vt 0.432478 0.227806
vt 0.432425 0.222098
vt 0.432439 0.226779
vt 0.432480 0.225476
vt 0.432336 0.225450
vt 0.432447 0.224124
vt 0.436750 0.144298
vt 0.436700 0.144405
vt 0.436730 0.144824
vt 0.436660 0.145513
vt 0.436686 0.145405
vt 0.436656 0.144981
vt 0.436735 0.144612
vt 0.436691 0.145179
vt 0.436673 0.144638
vt 0.436710 0.145155
vt 0.436713 0.144827
vt 0.432556 0.214581
vt 0.432455 0.214048
vt 0.432509 0.216193
vt 0.432271 0.218910
vt 0.432372 0.218236
vt 0.432318 0.216049
vt 0.432466 0.216315
vt 0.432328 0.218371
vt 0.432387 0.214598
vt 0.432453 0.217243
vt 0.432392 0.217184
vt 0.436815 0.142656
vt 0.436763 0.142668
vt 0.436798 0.142832
vt 0.436711 0.143693
vt 0.436748 0.143327
vt 0.436713 0.143163
vt 0.436787 0.143151
vt 0.436737 0.143650
vt 0.436735 0.142830
vt 0.436778 0.143029
vt 0.436760 0.143425
vt 0.436985 0.140257
vt 0.436964 0.140526
vt 0.436963 0.140903
vt 0.436978 0.141944
vt 0.436959 0.141716
vt 0.436962 0.141330
vt 0.437005 0.140667
vt 0.437002 0.141468
vt 0.436957 0.140874
vt 0.436955 0.141336
vt 0.437009 0.140992
vt 0.125819 0.658638
vt 0.125942 0.658038
vt 0.118412 0.576690
vt 0.119471 0.640098
vt 0.119173 0.639895
vt 0.117926 0.576678
vt 0.119211 0.640068
vt 0.119127 0.671560
vt 0.119393 0.671624
vt 0.119486 0.640163
vt 0.118084 0.576359
vt 0.118472 0.576569
vt 0.117681 0.551937
vt 0.118079 0.552154
vt 0.119395 0.671415
vt 0.119131 0.671007
vt 0.118019 0.552513
vt 0.117521 0.552887
vt 0.116945 0.528323
vt 0.116378 0.528188
vt 0.117137 0.552033
vt 0.117288 0.528682
vt 0.117356 0.528547
vt 0.116977 0.552983
vt 0.116200 0.528547
vt 0.116766 0.528682
vt 0.115789 0.528323
vt 0.115857 0.528188
vt 0.117395 0.576543
vt 0.117007 0.576333
vt 0.116578 0.552766
vt 0.118825 0.639713
vt 0.118550 0.639617
vt 0.118810 0.670721
vt 0.118544 0.670658
vt 0.116639 0.552407
vt 0.117067 0.576213
vt 0.117553 0.576225
vt 0.118564 0.639684
vt 0.118863 0.639887
vt 0.118543 0.670867
vt 0.118806 0.671274
vt 0.117059 0.736033
vt 0.117050 0.736223
vt 0.117673 0.712859
vt 0.117680 0.712609
vt 0.117173 0.736558
vt 0.117333 0.736773
vt 0.118068 0.713600
vt 0.117848 0.713308
vt 0.117471 0.736791
vt 0.117480 0.736598
vt 0.118260 0.713376
vt 0.118253 0.713631
vt 0.117356 0.736264
vt 0.117198 0.736050
vt 0.117866 0.712642
vt 0.118085 0.712929
vt 0.118521 0.650626
vt 0.117121 0.647873
vt 0.117918 0.619564
vt 0.119410 0.622420
vt 0.117720 0.623057
vt 0.116920 0.651226
vt 0.116736 0.664803
vt 0.113967 0.676492
vt 0.115983 0.661856
vt 0.115989 0.664907
vt 0.118031 0.579257
vt 0.117346 0.580398
vt 0.117645 0.579522
vt 0.117544 0.582525
vt 0.118331 0.582105
vt 0.474746 0.307528
vt 0.474857 0.300678
vt 0.475940 0.227754
vt 0.475814 0.234692
vt 0.476287 0.238932
vt 0.475177 0.311472
vt 0.443239 0.201793
vt 0.442970 0.211144
vt 0.443240 0.199900
vt 0.443293 0.202218
vt 0.443574 0.188399
vt 0.443489 0.185539
vt 0.475384 0.064647
vt 0.475234 0.066620
vt 0.475520 0.066087
vt 0.475532 0.073961
vt 0.475255 0.071330
vt 0.443460 0.187354
vt 0.108889 0.695047
vt 0.109046 0.695135
vt 0.108982 0.694982
vt 0.108822 0.694850
vt 0.109547 0.709381
vt 0.109570 0.708891
vt 0.109747 0.708857
vt 0.109710 0.709236
vt 0.115455 0.739277
vt 0.115588 0.738831
vt 0.114366 0.738569
vt 0.114226 0.738939
vt 0.111926 0.726648
vt 0.111788 0.727010
vt 0.115644 0.739675
vt 0.115510 0.740157
vt 0.114251 0.739496
vt 0.114394 0.739167
vt 0.111841 0.727885
vt 0.111970 0.727344
vt 0.117271 0.730016
vt 0.117448 0.730891
vt 0.117948 0.716971
vt 0.117735 0.716290
vt 0.116603 0.737793
vt 0.116488 0.737056
vt 0.117123 0.733346
vt 0.117223 0.734147
vt 0.117055 0.733863
vt 0.116396 0.737547
vt 0.117153 0.734662
vt 0.116514 0.738293
vt 0.117365 0.729431
vt 0.117544 0.730307
vt 0.436857 0.176452
vt 0.436763 0.173313
vt 0.436870 0.173704
vt 0.436807 0.167285
vt 0.436844 0.169257
vt 0.436740 0.168978
vt 0.436861 0.174584
vt 0.436836 0.170154
vt 0.436736 0.171118
vt 0.436864 0.171531
vt 0.436844 0.172638
vt 0.437066 0.173677
vt 0.437136 0.176790
vt 0.437148 0.177052
vt 0.437179 0.185390
vt 0.437204 0.182688
vt 0.437192 0.182452
vt 0.437044 0.176706
vt 0.437100 0.182369
vt 0.437176 0.179451
vt 0.437190 0.179732
vt 0.437056 0.179296
vt 0.436900 0.168984
vt 0.436954 0.172039
vt 0.436994 0.172338
vt 0.437026 0.180774
vt 0.437056 0.178043
vt 0.437016 0.177738
vt 0.436881 0.172009
vt 0.436943 0.177684
vt 0.436991 0.174693
vt 0.437040 0.175064
vt 0.436892 0.174557
vt 0.436525 0.162144
vt 0.436584 0.162992
vt 0.436669 0.164414
vt 0.436811 0.171343
vt 0.436809 0.168874
vt 0.436719 0.167290
vt 0.436560 0.165389
vt 0.436700 0.169909
vt 0.436647 0.164598
vt 0.436753 0.166407
vt 0.436607 0.167576
vt 0.436683 0.163990
vt 0.436776 0.168043
vt 0.436770 0.167038
vt 0.436827 0.177059
vt 0.436842 0.173422
vt 0.436848 0.174494
vt 0.436657 0.167217
vt 0.436726 0.173522
vt 0.436826 0.171165
vt 0.436820 0.169942
vt 0.436672 0.170173
vt 0.436509 0.161610
vt 0.436494 0.164445
vt 0.436575 0.164353
vt 0.436514 0.170808
vt 0.436581 0.168920
vt 0.436497 0.168891
vt 0.436466 0.163432
vt 0.436468 0.167820
vt 0.436497 0.166643
vt 0.436596 0.166581
vt 0.436447 0.165305
vt 0.436396 0.161338
vt 0.436493 0.163485
vt 0.436456 0.163009
vt 0.436567 0.169817
vt 0.436540 0.167120
vt 0.436575 0.167534
vt 0.436404 0.163862
vt 0.436485 0.167874
vt 0.436544 0.165295
vt 0.436500 0.164742
vt 0.436435 0.165840
vt 0.436306 0.160901
vt 0.436369 0.163654
vt 0.436366 0.162653
vt 0.436390 0.169156
vt 0.436408 0.166664
vt 0.436410 0.167631
vt 0.436283 0.163090
vt 0.436323 0.167052
vt 0.436400 0.165611
vt 0.436397 0.164414
vt 0.436290 0.165033
vt 0.436258 0.161678
vt 0.436343 0.163436
vt 0.436373 0.163559
vt 0.436515 0.170542
vt 0.436497 0.167823
vt 0.436467 0.167656
vt 0.436286 0.164574
vt 0.436410 0.168847
vt 0.436407 0.165220
vt 0.436444 0.165413
vt 0.436330 0.166683
vt 0.436085 0.164133
vt 0.436133 0.166991
vt 0.436173 0.165632
vt 0.436225 0.171969
vt 0.436242 0.169464
vt 0.436200 0.170755
vt 0.436078 0.166151
vt 0.436146 0.169935
vt 0.436171 0.168886
vt 0.436220 0.167273
vt 0.436094 0.168027
vt 0.437373 0.196566
vt 0.437334 0.194049
vt 0.437414 0.195325
vt 0.437455 0.189934
vt 0.437454 0.192158
vt 0.437373 0.190844
vt 0.437409 0.194776
vt 0.437447 0.191574
vt 0.437338 0.192373
vt 0.437437 0.193971
vt 0.437421 0.193111
vt 0.439220 0.137736
vt 0.439250 0.138265
vt 0.439226 0.138234
vt 0.439222 0.139562
vt 0.439227 0.139103
vt 0.439251 0.139147
vt 0.439204 0.138206
vt 0.439205 0.139082
vt 0.439257 0.138683
vt 0.439228 0.138642
vt 0.439203 0.138614
vt 0.437283 0.182593
vt 0.437338 0.181613
vt 0.437391 0.184755
vt 0.437456 0.186681
vt 0.437475 0.186720
vt 0.437422 0.183578
vt 0.437287 0.184071
vt 0.437370 0.185989
vt 0.437383 0.182070
vt 0.437447 0.185932
vt 0.437309 0.184729
vt 0.437528 0.195302
vt 0.437521 0.198099
vt 0.437439 0.196027
vt 0.437298 0.200644
vt 0.437329 0.198620
vt 0.437411 0.200694
vt 0.437466 0.196742
vt 0.437356 0.199335
vt 0.437481 0.199588
vt 0.437381 0.197071
vt 0.437423 0.198174
vt 0.439268 0.136977
vt 0.439239 0.136494
vt 0.439226 0.136859
vt 0.439158 0.135759
vt 0.439173 0.136272
vt 0.439186 0.135912
vt 0.439250 0.136623
vt 0.439197 0.136022
vt 0.439214 0.136196
vt 0.439198 0.136640
vt 0.439229 0.136301
vt 0.437477 0.192880
vt 0.437524 0.194199
vt 0.437504 0.195628
vt 0.437705 0.199562
vt 0.437613 0.198833
vt 0.437633 0.197379
vt 0.437573 0.194355
vt 0.437681 0.197495
vt 0.437570 0.195645
vt 0.437545 0.197420
vt 0.437634 0.195574
vt 0.439068 0.134049
vt 0.439051 0.134150
vt 0.439045 0.134518
vt 0.439057 0.135543
vt 0.439039 0.135229
vt 0.439045 0.134852
vt 0.439089 0.134569
vt 0.439083 0.135283
vt 0.439043 0.134408
vt 0.439037 0.134864
vt 0.439092 0.134891
vt 0.437383 0.184306
vt 0.437371 0.185370
vt 0.437305 0.185664
vt 0.437299 0.191340
vt 0.437265 0.189033
vt 0.437331 0.188747
vt 0.437402 0.187071
vt 0.437361 0.190463
vt 0.437351 0.186716
vt 0.437271 0.187070
vt 0.437400 0.188860
vt 0.436988 0.171106
vt 0.437115 0.172375
vt 0.437056 0.174327
vt 0.437286 0.178193
vt 0.437201 0.177751
vt 0.437257 0.175731
vt 0.437058 0.172431
vt 0.437201 0.175791
vt 0.437192 0.173896
vt 0.437120 0.176290
vt 0.437128 0.173652
vt 0.118051 0.716656
vt 0.117836 0.715973
vt 0.117921 0.700949
vt 0.118093 0.701065
vt 0.118136 0.701244
vt 0.117963 0.701087
vt 0.118188 0.713887
vt 0.118114 0.713110
vt 0.118284 0.713038
vt 0.118353 0.713733
vt 0.119097 0.727796
vt 0.119252 0.727405
vt 0.119386 0.731359
vt 0.119227 0.731684
vt 0.118928 0.725790
vt 0.118779 0.726130
vt 0.119339 0.728331
vt 0.119185 0.728762
vt 0.119303 0.732389
vt 0.119463 0.732095
vt 0.118893 0.727175
vt 0.119033 0.726656
vt 0.118475 0.711094
vt 0.118597 0.711774
vt 0.118302 0.695548
vt 0.118191 0.695204
vt 0.119157 0.722929
vt 0.119046 0.722224
vt 0.118880 0.716073
vt 0.118977 0.716843
vt 0.118751 0.716406
vt 0.118887 0.722517
vt 0.118845 0.717174
vt 0.119003 0.723237
vt 0.118667 0.710800
vt 0.118791 0.711483
vt 0.435539 0.176733
vt 0.435503 0.174456
vt 0.435560 0.174112
vt 0.435643 0.169782
vt 0.435609 0.170751
vt 0.435554 0.171188
vt 0.435599 0.175642
vt 0.435649 0.172287
vt 0.435512 0.172788
vt 0.435580 0.172319
vt 0.435625 0.174320
vt 0.435721 0.173513
vt 0.435800 0.176695
vt 0.435736 0.175907
vt 0.435741 0.183789
vt 0.435746 0.180838
vt 0.435811 0.181653
vt 0.435686 0.176357
vt 0.435697 0.181314
vt 0.435823 0.179084
vt 0.435744 0.178090
vt 0.435687 0.178764
vt 0.435687 0.170751
vt 0.435757 0.173970
vt 0.435715 0.173127
vt 0.435706 0.180913
vt 0.435725 0.178046
vt 0.435767 0.178870
vt 0.435647 0.173465
vt 0.435657 0.178356
vt 0.435779 0.176361
vt 0.435728 0.175351
vt 0.435644 0.175794
vt 0.435571 0.167667
vt 0.435699 0.169422
vt 0.435684 0.169431
vt 0.435886 0.177029
vt 0.435837 0.173960
vt 0.435850 0.173830
vt 0.435611 0.170929
vt 0.435765 0.175541
vt 0.435782 0.171253
vt 0.435765 0.171318
vt 0.435673 0.173292
vt 0.435662 0.168509
vt 0.435729 0.172136
vt 0.435651 0.170151
vt 0.435597 0.178555
vt 0.435622 0.175071
vt 0.435702 0.177133
vt 0.435597 0.171197
vt 0.435568 0.176074
vt 0.435737 0.174626
vt 0.435641 0.172202
vt 0.435579 0.173655
vt 0.435607 0.167860
vt 0.435601 0.170785
vt 0.435612 0.169722
vt 0.435475 0.175097
vt 0.435551 0.173325
vt 0.435538 0.174299
vt 0.435525 0.169152
vt 0.435461 0.172606
vt 0.435582 0.172667
vt 0.435596 0.171406
vt 0.435482 0.170685
vt 0.435625 0.169423
vt 0.435700 0.171200
vt 0.435614 0.170075
vt 0.435646 0.175703
vt 0.435625 0.173123
vt 0.435711 0.174199
vt 0.435609 0.171589
vt 0.435619 0.174556
vt 0.435720 0.172544
vt 0.435615 0.171197
vt 0.435616 0.173203
vt 0.435623 0.170223
vt 0.435668 0.172686
vt 0.435610 0.170936
vt 0.435552 0.176259
vt 0.435577 0.173878
vt 0.435635 0.175599
vt 0.435570 0.171996
vt 0.435536 0.174894
vt 0.435668 0.174186
vt 0.435597 0.172075
vt 0.435551 0.173561
vt 0.435648 0.173254
vt 0.435668 0.175954
vt 0.435689 0.174798
vt 0.435638 0.180180
vt 0.435685 0.178170
vt 0.435663 0.179293
vt 0.435601 0.174815
vt 0.435597 0.178173
vt 0.435674 0.177698
vt 0.435700 0.176295
vt 0.435586 0.176414
vt 0.435647 0.171993
vt 0.435758 0.174052
vt 0.435704 0.173019
vt 0.435825 0.179569
vt 0.435790 0.176668
vt 0.435844 0.177663
vt 0.435656 0.174595
vt 0.435743 0.178254
vt 0.435814 0.175669
vt 0.435748 0.174451
vt 0.435692 0.176544
vt 0.435765 0.192463
vt 0.435727 0.190014
vt 0.435766 0.190669
vt 0.435818 0.185459
vt 0.435791 0.187318
vt 0.435752 0.186627
vt 0.435811 0.190814
vt 0.435836 0.187431
vt 0.435725 0.188268
vt 0.435773 0.189106
vt 0.435826 0.189194
vt 0.435858 0.190913
vt 0.435920 0.193300
vt 0.435826 0.192580
vt 0.435829 0.198852
vt 0.435812 0.196360
vt 0.435908 0.197140
vt 0.435838 0.193272
vt 0.435825 0.197091
vt 0.435929 0.195105
vt 0.435813 0.194216
vt 0.435838 0.195190
vt 0.438429 0.135756
vt 0.438464 0.136125
vt 0.438444 0.136323
vt 0.438460 0.137490
vt 0.438459 0.137156
vt 0.438480 0.136964
vt 0.438420 0.136180
vt 0.438436 0.137026
vt 0.438478 0.136497
vt 0.438453 0.136731
vt 0.438425 0.136546
vt 0.438378 0.134173
vt 0.438433 0.134139
vt 0.438428 0.134624
vt 0.438530 0.135474
vt 0.438502 0.135250
vt 0.438507 0.134765
vt 0.438405 0.134648
vt 0.438479 0.135264
vt 0.438471 0.134339
vt 0.438466 0.134937
vt 0.438436 0.134914
vt 0.435830 0.181868
vt 0.435909 0.184818
vt 0.435828 0.184864
vt 0.435829 0.192029
vt 0.435828 0.189709
vt 0.435910 0.189673
vt 0.435794 0.184286
vt 0.435795 0.189177
vt 0.435928 0.187152
vt 0.435830 0.187216
vt 0.435793 0.186470
vt 0.435862 0.190355
vt 0.435830 0.192776
vt 0.435762 0.190957
vt 0.435661 0.196138
vt 0.435665 0.193755
vt 0.435733 0.195570
vt 0.435834 0.192263
vt 0.435737 0.195062
vt 0.435786 0.194225
vt 0.435704 0.192018
vt 0.435802 0.193854
vt 0.118148 0.706787
vt 0.118288 0.706431
vt 0.118144 0.703942
vt 0.438456 0.137003
vt 0.438435 0.136995
vt 0.438422 0.136543
vt 0.117806 0.705618
vt 0.438464 0.136686
vt 0.438415 0.136012
vt 0.438445 0.136225
vt 0.438403 0.136074
vt 0.438405 0.136263
vt 0.438421 0.136814
vt 0.438415 0.136521
vt 0.438457 0.136377
vt 0.435758 0.177200
vt 0.435662 0.176877
vt 0.435691 0.179117
vt 0.435569 0.181826
vt 0.435599 0.181309
vt 0.435570 0.179030
vt 0.435743 0.178762
vt 0.435651 0.180964
vt 0.435607 0.177547
vt 0.435642 0.180304
vt 0.435706 0.179628
vt 0.438410 0.134434
vt 0.438373 0.134466
vt 0.438369 0.134705
vt 0.438316 0.135604
vt 0.438324 0.135264
vt 0.438327 0.135025
vt 0.438402 0.134922
vt 0.438357 0.135484
vt 0.438348 0.134658
vt 0.438343 0.134949
vt 0.438386 0.135207
vt 0.435680 0.171506
vt 0.435763 0.172121
vt 0.435715 0.174220
vt 0.435943 0.177916
vt 0.435842 0.177303
vt 0.435891 0.175172
vt 0.435770 0.173067
vt 0.435897 0.176102
vt 0.435824 0.173365
vt 0.435764 0.175932
vt 0.435839 0.174235
vt 0.118526 0.695590
vt 0.118413 0.695243
vt 0.109893 0.682944
vt 0.110054 0.683200
vt 0.109998 0.683446
vt 0.109834 0.683151
vt 0.110597 0.695408
vt 0.110609 0.694568
vt 0.110788 0.694634
vt 0.110762 0.695394
vt 0.116292 0.707603
vt 0.116427 0.707362
vt 0.115308 0.711764
vt 0.115166 0.711939
vt 0.112950 0.706798
vt 0.112811 0.706999
vt 0.116491 0.708331
vt 0.116355 0.708613
vt 0.115198 0.712696
vt 0.115344 0.712550
vt 0.112874 0.708115
vt 0.113004 0.707735
vt 0.117870 0.690190
vt 0.118049 0.690919
vt 0.118416 0.674840
vt 0.118205 0.674460
vt 0.117352 0.702583
vt 0.117232 0.701821
vt 0.117786 0.695494
vt 0.117892 0.696309
vt 0.117714 0.695687
vt 0.117135 0.701947
vt 0.117817 0.696496
vt 0.117259 0.702730
vt 0.117971 0.690101
vt 0.118152 0.690835
vt 0.436670 0.192131
vt 0.436577 0.189901
vt 0.436681 0.189706
vt 0.436623 0.186060
vt 0.436656 0.186769
vt 0.436555 0.187055
vt 0.436677 0.191379
vt 0.436653 0.188446
vt 0.436549 0.188384
vt 0.436675 0.188097
vt 0.436661 0.190268
vt 0.438907 0.136331
vt 0.438942 0.137054
vt 0.438945 0.136818
vt 0.438963 0.138443
vt 0.438972 0.137831
vt 0.438970 0.138073
vt 0.438897 0.136889
vt 0.438925 0.137908
vt 0.438961 0.137560
vt 0.438964 0.137266
vt 0.438904 0.137383
vt 0.436715 0.187080
vt 0.436774 0.190435
vt 0.436808 0.189364
vt 0.436846 0.196734
vt 0.436872 0.194041
vt 0.436839 0.195092
vt 0.436697 0.189506
vt 0.436761 0.194155
vt 0.436814 0.192781
vt 0.436855 0.191495
vt 0.436709 0.191704
vt 0.436351 0.184061
vt 0.436417 0.186297
vt 0.436496 0.186118
vt 0.436654 0.194200
vt 0.436644 0.191022
vt 0.436561 0.191086
vt 0.436390 0.187335
vt 0.436538 0.192330
vt 0.436485 0.188377
vt 0.436584 0.188209
vt 0.436441 0.189846
vt 0.436507 0.185104
vt 0.436603 0.188785
vt 0.436590 0.186501
vt 0.436648 0.194207
vt 0.436660 0.190973
vt 0.436675 0.193337
vt 0.436480 0.187393
vt 0.436548 0.191824
vt 0.436653 0.191138
vt 0.436638 0.188350
vt 0.436496 0.189634
vt 0.436338 0.184448
vt 0.436328 0.187240
vt 0.436403 0.186168
vt 0.436341 0.190716
vt 0.436407 0.189305
vt 0.436329 0.190289
vt 0.436293 0.185338
vt 0.436294 0.188327
vt 0.436330 0.188943
vt 0.436423 0.187669
vt 0.436274 0.186617
vt 0.436129 0.187463
vt 0.436192 0.189705
vt 0.436225 0.187829
vt 0.436353 0.191569
vt 0.436333 0.189831
vt 0.436300 0.191681
vt 0.436160 0.188462
vt 0.436268 0.190466
vt 0.436246 0.190845
vt 0.436286 0.188577
vt 0.436199 0.189555
vt 0.436152 0.187069
vt 0.436217 0.189568
vt 0.436208 0.187604
vt 0.436232 0.192384
vt 0.436248 0.190202
vt 0.436256 0.192138
vt 0.436128 0.188535
vt 0.436167 0.191088
vt 0.436248 0.190962
vt 0.436237 0.188591
vt 0.436135 0.189930
vt 0.436071 0.190225
vt 0.436076 0.192910
vt 0.436151 0.191797
vt 0.436162 0.196682
vt 0.436196 0.194945
vt 0.436119 0.196025
vt 0.436062 0.191497
vt 0.436106 0.194631
vt 0.436095 0.194585
vt 0.436188 0.193235
vt 0.436066 0.192945
vt 0.436111 0.188950
vt 0.436201 0.191358
vt 0.436224 0.190057
vt 0.436375 0.196737
vt 0.436351 0.193812
vt 0.436328 0.195075
vt 0.436140 0.191449
vt 0.436268 0.195215
vt 0.436268 0.193095
vt 0.436296 0.191551
vt 0.436187 0.193433
vt 0.435953 0.193818
vt 0.436005 0.196472
vt 0.436038 0.194270
vt 0.436087 0.198414
vt 0.436104 0.196543
vt 0.436069 0.198688
vt 0.435944 0.194804
vt 0.436009 0.197035
vt 0.436042 0.197787
vt 0.436084 0.195142
vt 0.435959 0.195995
vt 0.439053 0.140204
vt 0.439033 0.139669
vt 0.439070 0.139822
vt 0.439088 0.138789
vt 0.439087 0.139145
vt 0.439049 0.138984
vt 0.439070 0.139902
vt 0.439086 0.139218
vt 0.439034 0.139305
vt 0.439080 0.139500
vt 0.439075 0.139580
vt 0.439131 0.139932
vt 0.439163 0.140473
vt 0.439137 0.140238
vt 0.439136 0.141541
vt 0.439139 0.141004
vt 0.439166 0.141253
vt 0.439117 0.140408
vt 0.439119 0.141183
vt 0.439171 0.140851
vt 0.439139 0.140562
vt 0.439117 0.140805
vt 0.439006 0.137566
vt 0.439035 0.137643
vt 0.439059 0.138081
vt 0.439097 0.139109
vt 0.439103 0.138825
vt 0.439079 0.138386
vt 0.439011 0.138082
vt 0.439055 0.138816
vt 0.439058 0.137908
vt 0.439087 0.138450
vt 0.439024 0.138401
vt 0.437339 0.205863
vt 0.437334 0.208030
vt 0.437250 0.206063
vt 0.437115 0.210715
vt 0.437142 0.208413
vt 0.437226 0.210374
vt 0.437282 0.207636
vt 0.437174 0.209985
vt 0.437294 0.209257
vt 0.437192 0.206872
vt 0.437241 0.209060
vt 0.435977 0.192042
vt 0.435992 0.192909
vt 0.436050 0.191544
vt 0.436065 0.190212
vt 0.436093 0.190704
vt 0.436034 0.192057
vt 0.435966 0.190851
vt 0.436009 0.189981
vt 0.436013 0.192832
vt 0.436084 0.191176
vt 0.435971 0.190394
vt 0.437460 0.203973
vt 0.437398 0.202366
vt 0.437369 0.203307
vt 0.437216 0.198182
vt 0.437252 0.200531
vt 0.437282 0.199607
vt 0.437418 0.202006
vt 0.437299 0.199167
vt 0.437343 0.201106
vt 0.437307 0.202259
vt 0.437371 0.200489
vt 0.437287 0.203673
vt 0.437329 0.203753
vt 0.437315 0.205903
vt 0.437513 0.208192
vt 0.437423 0.208061
vt 0.437437 0.205888
vt 0.437383 0.204809
vt 0.437490 0.206904
vt 0.437373 0.204560
vt 0.437356 0.207207
vt 0.437443 0.205529
vt 0.438978 0.137087
vt 0.438958 0.136929
vt 0.438955 0.137426
vt 0.438963 0.137848
vt 0.438948 0.137784
vt 0.438950 0.137279
vt 0.438998 0.137381
vt 0.438990 0.137741
vt 0.438949 0.137013
vt 0.438946 0.137624
vt 0.439000 0.137518
vt 0.439053 0.137859
vt 0.439045 0.137809
vt 0.439017 0.138048
vt 0.439012 0.138789
vt 0.438997 0.138492
vt 0.439026 0.138252
vt 0.439062 0.138304
vt 0.439042 0.138750
vt 0.439035 0.137941
vt 0.439000 0.138233
vt 0.439061 0.138540
vt 0.436798 0.187643
vt 0.436924 0.188475
vt 0.436867 0.190323
vt 0.437105 0.194684
vt 0.437016 0.193709
vt 0.437070 0.191834
vt 0.436872 0.189491
vt 0.437019 0.192831
vt 0.437002 0.189859
vt 0.436933 0.192122
vt 0.436944 0.190857
vt 0.118529 0.675107
vt 0.118317 0.674721
vt 0.437049 0.140006
vt 0.437061 0.140747
vt 0.437005 0.140608
vt 0.436965 0.142282
vt 0.436965 0.141711
vt 0.437020 0.141847
vt 0.437027 0.140555
vt 0.436987 0.141652
vt 0.437049 0.141293
vt 0.436981 0.141126
vt 0.437014 0.141057
vt 0.433334 0.201939
vt 0.433334 0.204729
vt 0.433245 0.204083
vt 0.433090 0.208985
vt 0.433126 0.207607
vt 0.433218 0.208149
vt 0.433258 0.202963
vt 0.433142 0.206321
vt 0.433293 0.206571
vt 0.433183 0.205824
vt 0.433210 0.204352
vt 0.433693 0.203444
vt 0.433690 0.205852
vt 0.433638 0.204189
vt 0.433486 0.208696
vt 0.433539 0.206743
vt 0.433591 0.208377
vt 0.433613 0.204755
vt 0.433514 0.207311
vt 0.433656 0.207219
vt 0.433593 0.205213
vt 0.433565 0.206086
vt 0.436725 0.144948
vt 0.436727 0.145523
vt 0.436690 0.145310
vt 0.436689 0.146623
vt 0.436673 0.146108
vt 0.436710 0.146335
vt 0.436728 0.145408
vt 0.436711 0.146214
vt 0.436720 0.145922
vt 0.436675 0.145659
vt 0.436727 0.145809
vt 0.432500 0.216269
vt 0.432574 0.217892
vt 0.432485 0.219062
vt 0.432529 0.223182
vt 0.432501 0.222372
vt 0.432590 0.221187
vt 0.432489 0.217582
vt 0.432504 0.220879
vt 0.432595 0.219426
vt 0.432487 0.220874
vt 0.432500 0.218873
vt 0.432251 0.228972
vt 0.432200 0.231294
vt 0.432212 0.229090
vt 0.432228 0.233427
vt 0.432200 0.231252
vt 0.432188 0.233453
vt 0.432285 0.230529
vt 0.432273 0.232691
vt 0.432181 0.232498
vt 0.432196 0.229823
vt 0.432288 0.231863
vt 0.433956 0.206931
vt 0.433863 0.208114
vt 0.433873 0.206840
vt 0.433621 0.206283
vt 0.433711 0.206572
vt 0.433702 0.207833
vt 0.433866 0.205977
vt 0.433704 0.205676
vt 0.433787 0.208309
vt 0.433799 0.206765
vt 0.433789 0.205756
vt 0.432307 0.227171
vt 0.432363 0.225251
vt 0.432301 0.226315
vt 0.432302 0.220809
vt 0.432300 0.223260
vt 0.432361 0.222215
vt 0.432279 0.225179
vt 0.432278 0.222056
vt 0.432375 0.223820
vt 0.432301 0.225122
vt 0.432278 0.223550
vt 0.432272 0.226588
vt 0.432164 0.227086
vt 0.432228 0.229025
vt 0.432079 0.232219
vt 0.432135 0.231718
vt 0.432070 0.229754
vt 0.432238 0.228045
vt 0.432145 0.230672
vt 0.432107 0.228164
vt 0.432186 0.230559
vt 0.432193 0.229040
vt 0.432773 0.207857
vt 0.432729 0.209105
vt 0.432725 0.210852
vt 0.432759 0.215676
vt 0.432717 0.214620
vt 0.432725 0.212830
vt 0.432815 0.209758
vt 0.432809 0.213471
vt 0.432714 0.210719
vt 0.432710 0.212859
vt 0.432825 0.211266
s 1
f 23/1/1 22/2/2 31/3/3
f 23/1/1 31/3/3 30/4/4
f 1/5/5 2/6/6 26/7/7
f 1/5/5 26/7/7 25/8/8
f 17/9/9 1/5/5 25/8/8
f 17/9/9 25/8/8 24/10/10
f 36/11/11 17/9/9 24/10/10
f 36/11/11 24/10/10 39/12/12
f 22/2/2 21/13/13 32/14/14
f 22/2/2 32/14/14 31/3/3
f 37/15/15 23/1/1 30/4/4
f 37/15/15 30/4/4 40/16/16
f 36/11/11 12/17/17 11/18/18
f 36/11/11 11/18/18 34/19/19
f 37/15/15 16/20/20 15/21/21
f 37/15/15 15/21/21 39/12/12
f 38/22/22 14/23/23 13/24/24
f 38/22/22 13/24/24 40/16/16
f 11/18/18 12/17/17 15/21/21
f 11/18/18 15/21/21 16/20/20
f 11/18/18 16/20/20 13/24/24
f 11/18/18 13/24/24 14/23/23
f 11/18/18 14/23/23 9/25/25
f 11/18/18 9/25/25 10/26/26
f 38/22/22 29/27/27 8/28/28
f 38/22/22 8/28/28 33/29/29
f 29/27/27 28/30/30 7/31/31
f 29/27/27 7/31/31 8/28/28
f 28/30/30 27/32/32 6/33/33
f 28/30/30 6/33/33 7/31/31
f 35/34/34 3/35/35 18/36/36
f 35/34/34 18/36/36 34/19/19
f 3/35/35 4/37/37 19/38/38
f 3/35/35 19/38/38 18/36/36
f 4/37/37 5/39/39 20/40/40
f 4/37/37 20/40/40 19/38/38
f 27/32/32 28/30/30 31/3/3
f 27/32/32 31/3/3 32/14/14
f 28/30/30 29/27/27 30/4/4
f 28/30/30 30/4/4 31/3/3
f 21/13/13 22/2/2 25/8/8
f 21/13/13 25/8/8 26/7/7
f 22/2/2 23/1/1 24/10/10
f 22/2/2 24/10/10 25/8/8
f 2/6/6 1/5/5 19/38/38
f 2/6/6 19/38/38 20/40/40
f 1/5/5 17/9/9 18/36/36
f 1/5/5 18/36/36 19/38/38
f 33/29/29 8/28/28 3/35/35
f 33/29/29 3/35/35 35/34/34
f 8/28/28 7/31/31 4/37/37
f 8/28/28 4/37/37 3/35/35
f 7/31/31 6/33/33 5/39/39
f 7/31/31 5/39/39 4/37/37
f 9/25/25 33/29/29 35/34/34
f 9/25/25 35/34/34 10/26/26
f 10/26/26 35/34/34 34/19/19
f 10/26/26 34/19/19 11/18/18
f 14/23/23 38/22/22 33/29/29
f 14/23/23 33/29/29 9/25/25
f 29/27/27 38/22/22 40/16/16
f 29/27/27 40/16/16 30/4/4
f 23/1/1 37/15/15 39/12/12
f 23/1/1 39/12/12 24/10/10
f 17/9/9 36/11/11 34/19/19
f 17/9/9 34/19/19 18/36/36
f 16/20/20 37/15/15 40/16/16
f 16/20/20 40/16/16 13/24/24
f 12/17/17 36/11/11 39/12/12
f 12/17/17 39/12/12 15/21/21
f 45/41/41 44/42/42 52/43/43
f 45/41/41 52/43/43 53/44/44
f 54/45/45 53/44/44 59/46/46
f 41/47/47 48/48/48 56/49/49
f 41/47/47 56/49/49 49/50/50
f 48/48/48 47/51/51 55/52/52
f 48/48/48 55/52/52 56/49/49
f 44/42/42 43/53/53 51/54/54
f 44/42/42 51/54/54 52/43/43
f 47/51/51 46/55/55 54/45/45
f 47/51/51 54/45/45 55/52/52
f 43/53/53 42/56/56 50/57/57
f 43/53/53 50/57/57 51/54/54
f 46/55/55 45/41/41 53/44/44
f 46/55/55 53/44/44 54/45/45
f 42/56/56 41/47/47 49/50/50
f 42/56/56 49/50/50 50/57/57
f 59/46/46 58/58/58 57/59/59
f 59/46/46 57/59/59 60/60/60
f 50/57/57 49/50/50 57/59/59
f 53/44/44 52/43/43 58/58/58
f 53/44/44 58/58/58 59/46/46
f 49/50/50 56/49/49 60/60/60
f 49/50/50 60/60/60 57/59/59
f 56/49/49 55/52/52 60/60/60
f 52/43/43 51/54/54 58/58/58
f 55/52/52 54/45/45 59/46/46
f 55/52/52 59/46/46 60/60/60
f 51/54/54 50/57/57 57/59/59
f 51/54/54 57/59/59 58/58/58
f 64/61/61 61/62/62 62/63/63
f 64/61/61 62/63/63 63/64/64
f 68/65/65 65/66/66 66/67/67
f 68/65/65 66/67/67 67/68/68
f 76/69/69 73/70/70 74/71/71
f 76/69/69 74/71/71 75/72/72
f 72/73/73 69/74/74 70/75/75
f 72/73/73 70/75/75 71/76/76
f 61/62/62 68/65/65 67/68/68
f 61/62/62 67/68/68 62/63/63
f 69/74/74 64/61/61 63/64/64
f 69/74/74 63/64/64 70/75/75
f 71/76/76 74/71/71 73/70/70
f 71/76/76 73/70/70 72/73/73
f 75/72/72 66/67/67 65/66/66
f 75/72/72 65/66/66 76/69/69
f 5/39/39 62/63/63 67/68/68
f 5/39/39 67/68/68 20/40/40
f 68/65/65 61/62/62 42/56/56
f 68/65/65 42/56/56 43/53/53
f 6/33/33 63/64/64 62/63/63
f 6/33/33 62/63/63 5/39/39
f 61/62/62 64/61/61 41/47/47
f 61/62/62 41/47/47 42/56/56
f 27/32/32 70/75/75 63/64/64
f 27/32/32 63/64/64 6/33/33
f 64/61/61 69/74/74 48/48/48
f 64/61/61 48/48/48 41/47/47
f 66/67/67 2/6/6 20/40/40
f 66/67/67 20/40/40 67/68/68
f 65/66/66 68/65/65 43/53/53
f 65/66/66 43/53/53 44/42/42
f 2/6/6 66/67/67 75/72/72
f 2/6/6 75/72/72 26/7/7
f 76/69/69 65/66/66 44/42/42
f 76/69/69 44/42/42 45/41/41
f 69/74/74 72/73/73 47/51/51
f 69/74/74 47/51/51 48/48/48
f 70/75/75 27/32/32 32/14/14
f 70/75/75 32/14/14 71/76/76
f 21/13/13 74/71/71 71/76/76
f 21/13/13 71/76/76 32/14/14
f 72/73/73 73/70/70 46/55/55
f 72/73/73 46/55/55 47/51/51
f 73/70/70 76/69/69 45/41/41
f 73/70/70 45/41/41 46/55/55
f 74/71/71 21/13/13 26/7/7
f 74/71/71 26/7/7 75/72/72
f 80/77/77 84/78/78 85/79/79
f 80/77/77 85/79/79 81/80/80
f 82/81/81 85/79/79 84/78/78
f 82/81/81 84/78/78 83/82/82
f 89/83/83 77/84/84 90/85/85
f 91/86/86 83/82/82 84/78/78
f 91/86/86 84/78/78 90/85/85
f 86/87/87 87/88/88 88/89/89
f 82/81/81 79/90/90 88/89/89
f 82/81/81 88/89/89 87/88/88
f 82/81/81 87/88/88 85/79/79
f 78/91/91 81/80/80 85/79/79
f 78/91/91 85/79/79 87/88/88
f 78/91/91 87/88/88 86/87/87
f 77/84/84 91/86/86 90/85/85
f 80/77/77 89/83/83 90/85/85
f 80/77/77 90/85/85 84/78/78
f 95/92/92 99/93/93 100/94/94
f 95/92/92 100/94/94 96/95/95
f 97/96/96 100/94/94 99/93/93
f 97/96/96 99/93/93 98/97/97
f 104/98/98 92/99/99 105/100/100
f 106/101/101 98/97/97 99/93/93
f 106/101/101 99/93/93 105/100/100
f 101/102/102 102/103/103 103/104/104
f 97/96/96 94/105/105 103/104/104
f 97/96/96 103/104/104 102/103/103
f 97/96/96 102/103/103 100/94/94
f 93/106/106 96/95/95 100/94/94
f 93/106/106 100/94/94 102/103/103
f 93/106/106 102/103/103 101/102/102
f 92/99/99 106/101/101 105/100/100
f 95/92/92 104/98/98 105/100/100
f 95/92/92 105/100/100 99/93/93
f 110/107/107 114/108/108 115/109/109
f 110/107/107 115/109/109 111/110/110
f 112/111/111 115/109/109 114/108/108
f 112/111/111 114/108/108 113/112/112
f 119/113/113 107/114/114 120/115/115
f 121/116/116 113/112/112 114/108/108
f 121/116/116 114/108/108 120/115/115
f 116/117/117 117/118/118 118/119/119
f 112/120/111 109/121/120 118/119/119
f 112/120/111 118/119/119 117/118/118
f 112/120/111 117/118/118 115/122/109
f 108/123/121 111/124/110 115/122/109
f 108/123/121 115/122/109 117/118/118
f 108/123/121 117/118/118 116/117/117
f 107/114/114 121/116/116 120/115/115
f 110/107/107 119/113/113 120/115/115
f 110/107/107 120/115/115 114/108/108
f 125/125/122 129/126/123 130/127/124
f 125/125/122 130/127/124 126/128/125
f 127/129/126 130/127/124 129/126/123
f 127/129/126 129/126/123 128/130/127
f 134/131/128 122/132/129 135/133/130
f 136/134/131 128/130/127 129/126/123
f 136/134/131 129/126/123 135/135/130
f 131/136/132 132/137/133 133/138/134
f 127/129/126 124/139/135 133/138/134
f 127/129/126 133/138/134 132/137/133
f 127/129/126 132/137/133 130/127/124
f 123/140/136 126/128/125 130/127/124
f 123/140/136 130/127/124 132/137/133
f 123/140/136 132/137/133 131/136/132
f 122/132/129 136/141/131 135/133/130
f 125/125/122 134/142/128 135/135/130
f 125/125/122 135/135/130 129/126/123
f 140/143/137 144/144/138 145/145/139
f 140/143/137 145/145/139 141/146/140
f 142/147/141 145/145/139 144/144/138
f 142/147/141 144/144/138 143/148/142
f 149/149/143 137/150/144 150/151/145
f 151/152/146 143/148/142 144/144/138
f 151/152/146 144/144/138 150/151/145
f 146/153/147 147/154/148 148/155/149
f 142/147/141 139/156/150 148/155/149
f 142/147/141 148/155/149 147/154/148
f 142/147/141 147/154/148 145/145/139
f 138/157/151 141/146/140 145/145/139
f 138/157/151 145/145/139 147/154/148
f 138/157/151 147/154/148 146/153/147
f 137/150/144 151/152/146 150/151/145
f 140/143/137 149/149/143 150/151/145
f 140/143/137 150/151/145 144/144/138
f 174/158/152 173/159/153 182/160/154
f 174/158/152 182/160/154 181/161/155
f 152/162/156 153/163/157 177/164/158
f 152/162/156 177/164/158 176/165/159
f 168/166/160 152/162/156 176/165/159
f 168/166/160 176/165/159 175/167/161
f 187/168/162 168/166/160 175/167/161
f 187/168/162 175/167/161 190/169/163
f 173/159/153 172/170/164 183/171/165
f 173/159/153 183/171/165 182/160/154
f 188/172/166 174/158/152 181/161/155
f 188/172/166 181/161/155 191/173/167
f 187/168/162 163/174/168 162/175/169
f 187/168/162 162/175/169 185/176/170
f 188/172/166 167/177/171 166/178/172
f 188/172/166 166/178/172 190/169/163
f 189/179/173 165/180/174 164/181/175
f 189/179/173 164/181/175 191/173/167
f 162/175/169 163/174/168 166/178/172
f 162/175/169 166/178/172 167/177/171
f 162/175/169 167/177/171 164/181/175
f 162/175/169 164/181/175 165/180/174
f 162/175/169 165/180/174 160/182/176
f 162/175/169 160/182/176 161/183/177
f 189/179/173 180/184/178 159/185/179
f 189/179/173 159/185/179 184/186/180
f 180/184/178 179/187/181 158/188/182
f 180/184/178 158/188/182 159/185/179
f 179/187/181 178/189/183 157/190/184
f 179/187/181 157/190/184 158/188/182
f 186/191/185 154/192/186 169/193/187
f 186/191/185 169/193/187 185/176/170
f 154/192/186 155/194/188 170/195/189
f 154/192/186 170/195/189 169/193/187
f 155/194/188 156/196/190 171/197/191
f 155/194/188 171/197/191 170/195/189
f 178/189/183 179/187/181 182/160/154
f 178/189/183 182/160/154 183/171/165
f 179/187/181 180/184/178 181/161/155
f 179/187/181 181/161/155 182/160/154
f 172/170/164 173/159/153 176/165/159
f 172/170/164 176/165/159 177/164/158
f 173/159/153 174/158/152 175/167/161
f 173/159/153 175/167/161 176/165/159
f 153/163/157 152/162/156 170/195/189
f 153/163/157 170/195/189 171/197/191
f 152/162/156 168/166/160 169/193/187
f 152/162/156 169/193/187 170/195/189
f 184/186/180 159/185/179 154/192/186
f 184/186/180 154/192/186 186/191/185
f 159/185/179 158/188/182 155/194/188
f 159/185/179 155/194/188 154/192/186
f 158/188/182 157/190/184 156/196/190
f 158/188/182 156/196/190 155/194/188
f 160/182/176 184/186/180 186/191/185
f 160/182/176 186/191/185 161/183/177
f 161/183/177 186/191/185 185/176/170
f 161/183/177 185/176/170 162/175/169
f 165/180/174 189/179/173 184/186/180
f 165/180/174 184/186/180 160/182/176
f 180/184/178 189/179/173 191/173/167
f 180/184/178 191/173/167 181/161/155
f 174/158/152 188/172/166 190/169/163
f 174/158/152 190/169/163 175/167/161
f 168/166/160 187/168/162 185/176/170
f 168/166/160 185/176/170 169/193/187
f 167/177/171 188/172/166 191/173/167
f 167/177/171 191/173/167 164/181/175
f 163/174/168 187/168/162 190/169/163
f 163/174/168 190/169/163 166/178/172
f 195/198/192 192/199/193 193/200/194
f 195/198/192 193/200/194 194/201/195
f 199/202/196 196/203/197 197/204/198
f 199/202/196 197/204/198 198/205/199
f 207/206/200 204/207/201 205/208/202
f 207/206/200 205/208/202 206/209/203
f 203/210/204 200/211/205 201/212/206
f 203/210/204 201/212/206 202/213/207
f 192/199/193 199/202/196 198/205/199
f 192/199/193 198/205/199 193/200/194
f 200/211/205 195/198/192 194/201/195
f 200/211/205 194/201/195 201/212/206
f 202/213/207 205/208/202 204/207/201
f 202/213/207 204/207/201 203/210/204
f 206/209/203 197/204/198 196/203/197
f 206/209/203 196/203/197 207/206/200
f 156/196/190 193/200/194 198/205/199
f 156/196/190 198/205/199 171/197/191
f 157/190/184 194/201/195 193/200/194
f 157/190/184 193/200/194 156/196/190
f 178/189/183 201/212/206 194/201/195
f 178/189/183 194/201/195 157/190/184
f 197/204/198 153/163/157 171/197/191
f 197/204/198 171/197/191 198/205/199
f 153/163/157 197/204/198 206/209/203
f 153/163/157 206/209/203 177/164/158
f 201/212/206 178/189/183 183/171/165
f 201/212/206 183/171/165 202/213/207
f 172/170/164 205/208/202 202/213/207
f 172/170/164 202/213/207 183/171/165
f 205/208/202 172/170/164 177/164/158
f 205/208/202 177/164/158 206/209/203
f 195/198/192 200/211/205 203/210/204
f 195/198/192 203/210/204 204/207/201
f 195/198/192 204/207/201 207/206/200
f 195/198/192 207/206/200 196/203/197
f 195/198/192 196/203/197 199/202/196
f 195/198/192 199/202/196 192/199/193
f 211/214/208 215/215/209 216/216/210
f 211/214/208 216/216/210 212/217/211
f 213/218/212 216/216/210 215/215/209
f 213/218/212 215/215/209 214/219/213
f 220/220/214 208/221/215 221/222/216
f 222/223/217 214/219/213 215/215/209
f 222/223/217 215/215/209 221/224/216
f 217/225/218 218/226/219 219/227/220
f 213/218/212 210/228/221 219/227/220
f 213/218/212 219/227/220 218/226/219
f 213/218/212 218/226/219 216/216/210
f 209/229/222 212/217/211 216/216/210
f 209/229/222 216/216/210 218/226/219
f 209/229/222 218/226/219 217/225/218
f 208/221/215 222/230/217 221/222/216
f 211/214/208 220/231/214 221/224/216
f 211/214/208 221/224/216 215/215/209
f 226/232/223 230/233/224 231/234/225
f 226/232/223 231/234/225 227/235/226
f 228/236/227 231/234/225 230/233/224
f 228/236/227 230/233/224 229/237/228
f 235/238/229 223/239/230 236/240/231
f 237/241/232 229/237/228 230/233/224
f 237/241/232 230/233/224 236/240/231
f 232/242/233 233/243/234 234/244/235
f 228/236/227 225/245/236 234/244/235
f 228/236/227 234/244/235 233/243/234
f 228/236/227 233/243/234 231/234/225
f 224/246/237 227/235/226 231/234/225
f 224/246/237 231/234/225 233/243/234
f 224/246/237 233/243/234 232/242/233
f 223/239/230 237/241/232 236/240/231
f 226/232/223 235/238/229 236/240/231
f 226/232/223 236/240/231 230/233/224
f 240/247/238 239/248/239 238/249/240
f 240/247/238 238/249/240 241/250/241
f 246/251/242 245/252/243 240/247/238
f 246/251/242 240/247/238 241/250/241
f 254/253/244 253/254/245 238/249/240
f 254/253/244 238/249/240 239/248/239
f 253/254/245 246/251/242 241/250/241
f 253/254/245 241/250/241 238/249/240
f 245/252/243 254/253/244 239/248/239
f 245/252/243 239/248/239 240/247/238
f 242/255/246 257/256/247 256/257/248
f 242/255/246 256/257/248 243/258/249
f 243/258/249 256/257/248 255/259/250
f 243/258/249 255/259/250 244/260/251
f 244/260/251 255/259/250 254/253/244
f 244/260/251 254/253/244 245/252/243
f 250/261/252 249/262/253 248/263/254
f 250/261/252 248/263/254 251/264/255
f 251/264/255 248/263/254 247/265/256
f 251/264/255 247/265/256 252/266/257
f 252/266/257 247/265/256 246/251/242
f 252/266/257 246/251/242 253/254/245
f 257/256/247 250/261/252 251/264/255
f 257/256/247 251/264/255 256/257/248
f 256/257/248 251/264/255 252/266/257
f 256/257/248 252/266/257 255/259/250
f 255/259/250 252/266/257 253/254/245
f 255/259/250 253/254/245 254/253/244
f 249/262/253 242/255/246 243/258/249
f 249/262/253 243/258/249 248/263/254
f 248/263/254 243/258/249 244/260/251
f 248/263/254 244/260/251 247/265/256
f 247/265/256 244/260/251 245/252/243
f 247/265/256 245/252/243 246/251/242
f 260/267/258 261/268/259 449/269/260
f 260/267/258 449/269/260 448/270/261
f 263/271/262 264/272/263 265/273/264
f 263/271/262 265/273/264 262/274/265
f 267/275/266 265/273/264 264/272/263
f 267/275/266 264/272/263 266/276/267
f 269/277/268 267/275/266 266/276/267
f 269/277/268 266/276/267 268/278/269
f 268/278/269 263/271/262 262/274/265
f 268/278/269 262/274/265 269/277/268
f 262/274/265 265/273/264 259/279/270
f 262/274/265 259/279/270 258/280/271
f 263/271/262 268/278/269 249/262/253
f 263/271/262 249/262/253 250/261/252
f 264/272/263 263/271/262 250/261/252
f 264/272/263 250/261/252 257/256/247
f 269/277/268 262/274/265 258/280/271
f 269/277/268 258/280/271 261/268/259
f 265/273/264 267/275/266 260/267/258
f 265/273/264 260/267/258 259/279/270
f 266/276/267 264/272/263 257/256/247
f 266/276/267 257/256/247 242/255/246
f 267/275/266 269/277/268 261/268/259
f 267/275/266 261/268/259 260/267/258
f 268/278/269 266/276/267 242/255/246
f 268/278/269 242/255/246 249/262/253
f 277/281/272 273/282/273 275/283/274
f 279/284/275 276/285/276 274/286/277
f 277/281/272 275/283/274 278/287/278
f 279/284/275 280/288/279 276/285/276
f 277/281/272 278/287/278 273/282/273
f 279/284/275 274/286/277 280/288/279
f 273/282/273 270/289/280 271/290/281
f 273/282/273 271/290/281 275/283/274
f 278/287/278 272/291/282 270/289/280
f 278/287/278 270/289/280 273/282/273
f 272/291/282 280/288/279 274/286/277
f 272/291/282 274/286/277 270/289/280
f 270/289/280 274/286/277 276/285/276
f 270/289/280 276/285/276 271/290/281
f 275/283/274 271/290/281 272/291/282
f 275/283/274 272/291/282 278/287/278
f 271/290/281 276/285/276 280/288/279
f 271/290/281 280/288/279 272/291/282
f 288/292/283 284/293/284 286/294/285
f 290/295/286 287/296/287 285/297/288
f 288/292/283 286/294/285 289/298/289
f 290/295/286 291/299/290 287/296/287
f 288/292/283 289/298/289 284/293/284
f 290/295/286 285/297/288 291/299/290
f 284/293/284 281/300/291 282/301/292
f 284/293/284 282/301/292 286/294/285
f 289/298/289 283/302/293 281/300/291
f 289/298/289 281/300/291 284/293/284
f 283/302/293 291/299/290 285/297/288
f 283/302/293 285/297/288 281/300/291
f 281/300/291 285/297/288 287/296/287
f 281/300/291 287/296/287 282/301/292
f 286/294/285 282/301/292 283/302/293
f 286/294/285 283/302/293 289/298/289
f 282/301/292 287/296/287 291/299/290
f 282/301/292 291/299/290 283/302/293
f 299/303/294 295/304/295 297/305/296
f 301/306/297 298/307/298 296/308/299
f 299/303/294 297/305/296 300/309/300
f 301/306/297 302/310/301 298/307/298
f 299/303/294 300/309/300 295/304/295
f 301/306/297 296/308/299 302/310/301
f 295/304/295 292/311/302 293/312/303
f 295/304/295 293/312/303 297/305/296
f 300/309/300 294/313/304 292/311/302
f 300/309/300 292/311/302 295/304/295
f 294/313/304 302/310/301 296/308/299
f 294/313/304 296/308/299 292/311/302
f 292/311/302 296/308/299 298/307/298
f 292/311/302 298/307/298 293/312/303
f 297/305/296 293/312/303 294/313/304
f 297/305/296 294/313/304 300/309/300
f 293/312/303 298/307/298 302/310/301
f 293/312/303 302/310/301 294/313/304
f 310/314/305 306/315/306 308/316/307
f 312/317/308 309/318/309 307/319/310
f 310/314/305 308/316/307 311/320/311
f 312/317/308 313/321/312 309/318/309
f 310/314/305 311/320/311 306/315/306
f 312/317/308 307/319/310 313/321/312
f 306/315/306 303/322/313 304/323/314
f 306/315/306 304/323/314 308/316/307
f 311/320/311 305/324/315 303/322/313
f 311/320/311 303/322/313 306/315/306
f 305/324/315 313/321/312 307/319/310
f 305/324/315 307/319/310 303/322/313
f 303/322/313 307/319/310 309/318/309
f 303/322/313 309/318/309 304/323/314
f 308/316/307 304/323/314 305/324/315
f 308/316/307 305/324/315 311/320/311
f 304/323/314 309/318/309 313/321/312
f 304/323/314 313/321/312 305/324/315
f 321/325/316 317/326/317 319/327/318
f 323/328/319 320/329/320 318/330/321
f 321/325/316 319/327/318 322/331/322
f 323/328/319 324/332/323 320/329/320
f 321/325/316 322/331/322 317/326/317
f 323/328/319 318/330/321 324/332/323
f 317/326/317 314/333/324 315/334/325
f 317/326/317 315/334/325 319/327/318
f 322/331/322 316/335/326 314/333/324
f 322/331/322 314/333/324 317/326/317
f 316/335/326 324/332/323 318/330/321
f 316/335/326 318/330/321 314/333/324
f 314/333/324 318/330/321 320/329/320
f 314/333/324 320/329/320 315/334/325
f 319/327/318 315/334/325 316/335/326
f 319/327/318 316/335/326 322/331/322
f 315/334/325 320/329/320 324/332/323
f 315/334/325 324/332/323 316/335/326
f 332/336/327 328/337/328 330/338/329
f 334/339/330 331/340/331 329/341/332
f 332/336/327 330/338/329 333/342/333
f 334/339/330 335/343/334 331/340/331
f 332/336/327 333/342/333 328/337/328
f 334/339/330 329/341/332 335/343/334
f 328/337/328 325/344/335 326/345/336
f 328/337/328 326/345/336 330/338/329
f 333/342/333 327/346/337 325/344/335
f 333/342/333 325/344/335 328/337/328
f 327/346/337 335/343/334 329/341/332
f 327/346/337 329/341/332 325/344/335
f 325/344/335 329/341/332 331/340/331
f 325/344/335 331/340/331 326/345/336
f 330/338/329 326/345/336 327/346/337
f 330/338/329 327/346/337 333/342/333
f 326/345/336 331/340/331 335/343/334
f 326/345/336 335/343/334 327/346/337
f 343/347/338 339/348/339 341/349/340
f 345/350/341 342/351/342 340/352/343
f 343/347/338 341/349/340 344/353/344
f 345/350/341 346/354/345 342/351/342
f 343/347/338 344/353/344 339/348/339
f 345/350/341 340/352/343 346/354/345
f 339/348/339 336/355/346 337/356/347
f 339/348/339 337/356/347 341/349/340
f 344/353/344 338/357/348 336/355/346
f 344/353/344 336/355/346 339/348/339
f 338/357/348 346/354/345 340/352/343
f 338/357/348 340/352/343 336/355/346
f 336/355/346 340/352/343 342/351/342
f 336/355/346 342/351/342 337/356/347
f 341/349/340 337/356/347 338/357/348
f 341/349/340 338/357/348 344/353/344
f 337/356/347 342/351/342 346/354/345
f 337/356/347 346/354/345 338/357/348
f 354/358/349 350/359/350 352/360/351
f 356/361/352 353/362/353 351/363/354
f 354/358/349 352/360/351 355/364/355
f 356/361/352 357/365/356 353/362/353
f 354/358/349 355/364/355 350/359/350
f 356/361/352 351/363/354 357/365/356
f 350/359/350 347/366/357 348/367/358
f 350/359/350 348/367/358 352/360/351
f 355/364/355 349/368/359 347/366/357
f 355/364/355 347/366/357 350/359/350
f 349/368/359 357/365/356 351/363/354
f 349/368/359 351/363/354 347/366/357
f 347/366/357 351/363/354 353/362/353
f 347/366/357 353/362/353 348/367/358
f 352/360/351 348/367/358 349/368/359
f 352/360/351 349/368/359 355/364/355
f 348/367/358 353/362/353 357/365/356
f 348/367/358 357/365/356 349/368/359
f 365/369/360 361/370/361 363/371/362
f 367/372/363 364/373/364 362/374/365
f 365/369/360 363/371/362 366/375/366
f 367/372/363 368/376/367 364/373/364
f 365/369/360 366/375/366 361/370/361
f 367/372/363 362/374/365 368/376/367
f 361/370/361 358/377/368 359/378/369
f 361/370/361 359/378/369 363/371/362
f 366/375/366 360/379/370 358/377/368
f 366/375/366 358/377/368 361/370/361
f 360/379/370 368/376/367 362/374/365
f 360/379/370 362/374/365 358/377/368
f 358/377/368 362/374/365 364/373/364
f 358/377/368 364/373/364 359/378/369
f 363/371/362 359/378/369 360/379/370
f 363/371/362 360/379/370 366/375/366
f 359/378/369 364/373/364 368/376/367
f 359/378/369 368/376/367 360/379/370
f 376/380/371 372/381/372 374/382/373
f 378/383/374 375/384/375 373/385/376
f 376/380/371 374/382/373 377/386/377
f 378/383/374 379/387/378 375/384/375
f 376/380/371 377/386/377 372/381/372
f 378/383/374 373/385/376 379/387/378
f 372/381/372 369/388/379 370/389/380
f 372/381/372 370/389/380 374/382/373
f 377/386/377 371/390/381 369/388/379
f 377/386/377 369/388/379 372/381/372
f 371/390/381 379/387/378 373/385/376
f 371/390/381 373/385/376 369/388/379
f 369/388/379 373/385/376 375/384/375
f 369/388/379 375/384/375 370/389/380
f 374/382/373 370/389/380 371/390/381
f 374/382/373 371/390/381 377/386/377
f 370/389/380 375/384/375 379/387/378
f 370/389/380 379/387/378 371/390/381
f 387/391/382 383/392/383 385/393/384
f 389/394/385 386/395/386 384/396/387
f 387/391/382 385/393/384 388/397/388
f 389/394/385 390/398/389 386/395/386
f 387/391/382 388/397/388 383/392/383
f 389/394/385 384/396/387 390/398/389
f 383/392/383 380/399/390 381/400/391
f 383/392/383 381/400/391 385/393/384
f 388/397/388 382/401/392 380/399/390
f 388/397/388 380/399/390 383/392/383
f 382/401/392 390/398/389 384/396/387
f 382/401/392 384/396/387 380/399/390
f 380/399/390 384/396/387 386/395/386
f 380/399/390 386/395/386 381/400/391
f 385/393/384 381/400/391 382/401/392
f 385/393/384 382/401/392 388/397/388
f 381/400/391 386/395/386 390/398/389
f 381/400/391 390/398/389 382/401/392
f 398/402/393 394/403/394 396/404/395
f 400/405/396 397/406/397 395/407/398
f 398/402/393 396/404/395 399/408/399
f 400/405/396 401/409/400 397/406/397
f 398/402/393 399/408/399 394/403/394
f 400/405/396 395/407/398 401/409/400
f 394/403/394 391/410/401 392/411/402
f 394/403/394 392/411/402 396/404/395
f 399/408/399 393/412/403 391/410/401
f 399/408/399 391/410/401 394/403/394
f 393/412/403 401/409/400 395/407/398
f 393/412/403 395/407/398 391/410/401
f 391/410/401 395/407/398 397/406/397
f 391/410/401 397/406/397 392/411/402
f 396/404/395 392/411/402 393/412/403
f 396/404/395 393/412/403 399/408/399
f 392/411/402 397/406/397 401/409/400
f 392/411/402 401/409/400 393/412/403
f 409/413/404 405/414/405 407/415/406
f 411/416/407 408/417/408 406/418/409
f 409/413/404 407/415/406 410/419/410
f 411/416/407 412/420/411 408/417/408
f 409/413/404 410/419/410 405/414/405
f 411/416/407 406/418/409 412/420/411
f 405/414/405 402/421/412 403/422/413
f 405/414/405 403/422/413 407/415/406
f 410/419/410 404/423/414 402/421/412
f 410/419/410 402/421/412 405/414/405
f 404/423/414 412/420/411 406/418/409
f 404/423/414 406/418/409 402/421/412
f 402/421/412 406/418/409 408/417/408
f 402/421/412 408/417/408 403/422/413
f 407/415/406 403/422/413 404/423/414
f 407/415/406 404/423/414 410/419/410
f 403/422/413 408/417/408 412/420/411
f 403/422/413 412/420/411 404/423/414
f 420/424/415 416/425/416 418/426/417
f 422/427/418 419/428/419 417/429/420
f 420/424/415 418/426/417 421/430/421
f 422/427/418 423/431/422 419/428/419
f 420/424/415 421/430/421 416/425/416
f 422/427/418 417/429/420 423/431/422
f 416/425/416 413/432/423 414/433/424
f 416/425/416 414/433/424 418/426/417
f 421/430/421 415/434/425 413/432/423
f 421/430/421 413/432/423 416/425/416
f 415/434/425 423/431/422 417/429/420
f 415/434/425 417/429/420 413/432/423
f 413/432/423 417/429/420 419/428/419
f 413/432/423 419/428/419 414/433/424
f 418/426/417 414/433/424 415/434/425
f 418/426/417 415/434/425 421/430/421
f 414/433/424 419/428/419 423/431/422
f 414/433/424 423/431/422 415/434/425
f 431/435/426 427/436/427 429/437/428
f 433/438/429 430/439/430 428/440/431
f 431/435/426 429/437/428 432/441/432
f 433/438/429 434/442/433 430/439/430
f 431/435/426 432/441/432 427/436/427
f 433/438/429 428/440/431 434/442/433
f 427/436/427 424/443/434 425/444/435
f 427/436/427 425/444/435 429/437/428
f 432/441/432 426/445/436 424/443/434
f 432/441/432 424/443/434 427/436/427
f 426/445/436 434/442/433 428/440/431
f 426/445/436 428/440/431 424/443/434
f 424/443/434 428/440/431 430/439/430
f 424/443/434 430/439/430 425/444/435
f 429/437/428 425/444/435 426/445/436
f 429/437/428 426/445/436 432/441/432
f 425/444/435 430/439/430 434/442/433
f 425/444/435 434/442/433 426/445/436
f 442/446/437 438/447/438 440/448/439
f 444/449/440 441/450/441 439/451/442
f 442/446/437 440/448/439 443/452/443
f 444/449/440 445/453/444 441/450/441
f 442/446/437 443/452/443 438/447/438
f 444/449/440 439/451/442 445/453/444
f 438/447/438 435/454/445 436/455/446
f 438/447/438 436/455/446 440/448/439
f 443/452/443 437/456/447 435/454/445
f 443/452/443 435/454/445 438/447/438
f 437/456/447 445/453/444 439/451/442
f 437/456/447 439/451/442 435/454/445
f 435/454/445 439/451/442 441/450/441
f 435/454/445 441/450/441 436/455/446
f 440/448/439 436/455/446 437/456/447
f 440/448/439 437/456/447 443/452/443
f 436/455/446 441/450/441 445/453/444
f 436/455/446 445/453/444 437/456/447
f 448/270/261 449/269/260 446/457/448
f 448/270/261 446/457/448 447/458/449
f 258/280/271 259/279/270 447/458/449
f 258/280/271 447/458/449 446/457/448
f 261/268/259 258/280/271 446/457/448
f 261/268/259 446/457/448 449/269/260
f 259/279/270 260/267/258 448/270/261
f 259/279/270 448/270/261 447/458/449
f 452/459/450 451/460/451 450/461/452
f 452/459/450 450/461/452 453/462/453
f 458/463/454 457/464/455 452/459/450
f 458/463/454 452/459/450 453/462/453
f 466/465/456 465/466/457 450/461/452
f 466/465/456 450/461/452 451/460/451
f 465/466/457 458/463/454 453/462/453
f 465/466/457 453/462/453 450/461/452
f 457/464/455 466/465/456 451/460/451
f 457/464/455 451/460/451 452/459/450
f 454/467/458 469/468/459 468/469/460
f 454/467/458 468/469/460 455/470/461
f 455/470/461 468/469/460 467/471/462
f 455/470/461 467/471/462 456/472/463
f 456/472/463 467/471/462 466/465/456
f 456/472/463 466/465/456 457/464/455
f 462/473/464 461/474/465 460/475/466
f 462/473/464 460/475/466 463/476/467
f 463/476/467 460/475/466 459/477/468
f 463/476/467 459/477/468 464/478/469
f 464/478/469 459/477/468 458/463/454
f 464/478/469 458/463/454 465/466/457
f 469/468/459 462/473/464 463/476/467
f 469/468/459 463/476/467 468/469/460
f 468/469/460 463/476/467 464/478/469
f 468/469/460 464/478/469 467/471/462
f 467/471/462 464/478/469 465/466/457
f 467/471/462 465/466/457 466/465/456
f 461/474/465 454/467/458 455/470/461
f 461/474/465 455/470/461 460/475/466
f 460/475/466 455/470/461 456/472/463
f 460/475/466 456/472/463 459/477/468
f 459/477/468 456/472/463 457/464/455
f 459/477/468 457/464/455 458/463/454
f 472/479/470 473/480/471 694/481/472
f 472/479/470 694/481/472 693/482/473
f 475/483/474 476/484/475 477/485/476
f 475/483/474 477/485/476 474/486/477
f 479/487/478 477/485/476 476/484/475
f 479/487/478 476/484/475 478/488/479
f 481/489/480 479/487/478 478/488/479
f 481/489/480 478/488/479 480/490/481
f 480/490/481 475/483/474 474/486/477
f 480/490/481 474/486/477 481/489/480
f 474/486/477 477/485/476 471/491/482
f 474/486/477 471/491/482 470/492/483
f 475/483/474 480/490/481 461/474/465
f 475/483/474 461/474/465 462/473/464
f 476/484/475 475/483/474 462/473/464
f 476/484/475 462/473/464 469/468/459
f 481/489/480 474/486/477 470/492/483
f 481/489/480 470/492/483 473/480/471
f 477/485/476 479/487/478 472/479/470
f 477/485/476 472/479/470 471/491/482
f 478/488/479 476/484/475 469/468/459
f 478/488/479 469/468/459 454/467/458
f 479/487/478 481/489/480 473/480/471
f 479/487/478 473/480/471 472/479/470
f 480/490/481 478/488/479 454/467/458
f 480/490/481 454/467/458 461/474/465
f 489/493/484 485/494/485 487/495/486
f 491/496/487 488/497/488 486/498/489
f 489/493/484 487/495/486 490/499/490
f 491/496/487 492/500/491 488/497/488
f 489/493/484 490/499/490 485/494/485
f 491/496/487 486/498/489 492/500/491
f 485/494/485 482/501/492 483/502/493
f 485/494/485 483/502/493 487/495/486
f 490/499/490 484/503/494 482/501/492
f 490/499/490 482/501/492 485/494/485
f 484/503/494 492/500/491 486/498/489
f 484/503/494 486/498/489 482/501/492
f 482/501/492 486/498/489 488/497/488
f 482/501/492 488/497/488 483/502/493
f 487/495/486 483/502/493 484/503/494
f 487/495/486 484/503/494 490/499/490
f 483/502/493 488/497/488 492/500/491
f 483/502/493 492/500/491 484/503/494
f 500/504/495 496/505/496 498/506/497
f 502/507/498 499/508/499 497/509/500
f 500/504/495 498/506/497 501/510/501
f 502/507/498 503/511/502 499/508/499
f 500/504/495 501/510/501 496/505/496
f 502/507/498 497/509/500 503/511/502
f 496/505/496 493/512/503 494/513/504
f 496/505/496 494/513/504 498/506/497
f 501/510/501 495/514/505 493/512/503
f 501/510/501 493/512/503 496/505/496
f 495/514/505 503/511/502 497/509/500
f 495/514/505 497/509/500 493/512/503
f 493/512/503 497/509/500 499/508/499
f 493/512/503 499/508/499 494/513/504
f 498/506/497 494/513/504 495/514/505
f 498/506/497 495/514/505 501/510/501
f 494/513/504 499/508/499 503/511/502
f 494/513/504 503/511/502 495/514/505
f 511/515/506 507/516/507 509/517/508
f 513/518/509 510/519/510 508/520/511
f 511/515/506 509/517/508 512/521/512
f 513/518/509 514/522/513 510/519/510
f 511/515/506 512/521/512 507/516/507
f 513/518/509 508/520/511 514/522/513
f 507/516/507 504/523/514 505/524/515
f 507/516/507 505/524/515 509/517/508
f 512/521/512 506/525/516 504/523/514
f 512/521/512 504/523/514 507/516/507
f 506/525/516 514/522/513 508/520/511
f 506/525/516 508/520/511 504/523/514
f 504/523/514 508/520/511 510/519/510
f 504/523/514 510/519/510 505/524/515
f 509/517/508 505/524/515 506/525/516
f 509/517/508 506/525/516 512/521/512
f 505/524/515 510/519/510 514/522/513
f 505/524/515 514/522/513 506/525/516
f 522/526/517 518/527/518 520/528/519
f 524/529/520 521/530/521 519/531/522
f 522/526/517 520/528/519 523/532/523
f 524/529/520 525/533/524 521/530/521
f 522/526/517 523/532/523 518/527/518
f 524/529/520 519/531/522 525/533/524
f 518/527/518 515/534/525 516/535/526
f 518/527/518 516/535/526 520/528/519
f 523/532/523 517/536/527 515/534/525
f 523/532/523 515/534/525 518/527/518
f 517/536/527 525/533/524 519/531/522
f 517/536/527 519/531/522 515/534/525
f 515/534/525 519/531/522 521/530/521
f 515/534/525 521/530/521 516/535/526
f 520/528/519 516/535/526 517/536/527
f 520/528/519 517/536/527 523/532/523
f 516/535/526 521/530/521 525/533/524
f 516/535/526 525/533/524 517/536/527
f 533/537/528 529/538/529 531/539/530
f 535/540/531 532/541/532 530/542/533
f 533/537/528 531/539/530 534/543/534
f 535/540/531 536/544/535 532/541/532
f 533/537/528 534/543/534 529/538/529
f 535/540/531 530/542/533 536/544/535
f 529/538/529 526/545/536 527/546/537
f 529/538/529 527/546/537 531/539/530
f 534/543/534 528/547/538 526/545/536
f 534/543/534 526/545/536 529/538/529
f 528/547/538 536/544/535 530/542/533
f 528/547/538 530/542/533 526/545/536
f 526/545/536 530/542/533 532/541/532
f 526/545/536 532/541/532 527/546/537
f 531/539/530 527/546/537 528/547/538
f 531/539/530 528/547/538 534/543/534
f 527/546/537 532/541/532 536/544/535
f 527/546/537 536/544/535 528/547/538
f 544/548/539 540/549/540 542/550/541
f 546/551/542 543/552/543 541/553/544
f 544/548/539 542/550/541 545/554/545
f 546/551/542 547/555/546 543/552/543
f 544/548/539 545/554/545 540/549/540
f 546/551/542 541/553/544 547/555/546
f 540/549/540 537/556/547 538/557/548
f 540/549/540 538/557/548 542/550/541
f 545/554/545 539/558/549 537/556/547
f 545/554/545 537/556/547 540/549/540
f 539/558/549 547/555/546 541/553/544
f 539/558/549 541/553/544 537/556/547
f 537/556/547 541/553/544 543/552/543
f 537/556/547 543/552/543 538/557/548
f 542/550/541 538/557/548 539/558/549
f 542/550/541 539/558/549 545/554/545
f 538/557/548 543/552/543 547/555/546
f 538/557/548 547/555/546 539/558/549
f 555/559/550 551/560/551 553/561/552
f 557/562/553 554/563/554 552/564/555
f 555/559/550 553/561/552 556/565/556
f 557/562/553 558/566/557 554/563/554
f 555/559/550 556/565/556 551/560/551
f 557/562/553 552/564/555 558/566/557
f 551/560/551 548/567/558 549/568/559
f 551/560/551 549/568/559 553/561/552
f 556/565/556 550/569/560 548/567/558
f 556/565/556 548/567/558 551/560/551
f 550/569/560 558/566/557 552/564/555
f 550/569/560 552/564/555 548/567/558
f 548/567/558 552/564/555 554/563/554
f 548/567/558 554/563/554 549/568/559
f 553/561/552 549/568/559 550/569/560
f 553/561/552 550/569/560 556/565/556
f 549/568/559 554/563/554 558/566/557
f 549/568/559 558/566/557 550/569/560
f 566/570/561 562/571/562 564/572/563
f 568/573/564 565/574/565 563/575/566
f 566/570/561 564/572/563 567/576/567
f 568/573/564 569/577/568 565/574/565
f 566/570/561 567/576/567 562/571/562
f 568/573/564 563/575/566 569/577/568
f 562/571/562 559/578/569 560/579/570
f 562/571/562 560/579/570 564/572/563
f 567/576/567 561/580/571 559/578/569
f 567/576/567 559/578/569 562/571/562
f 561/580/571 569/577/568 563/575/566
f 561/580/571 563/575/566 559/578/569
f 559/578/569 563/575/566 565/574/565
f 559/578/569 565/574/565 560/579/570
f 564/572/563 560/579/570 561/580/571
f 564/572/563 561/580/571 567/576/567
f 560/579/570 565/574/565 569/577/568
f 560/579/570 569/577/568 561/580/571
f 577/581/572 573/582/573 575/583/574
f 579/584/575 576/585/576 574/586/577
f 577/581/572 575/583/574 578/587/578
f 579/584/575 580/588/579 576/585/576
f 577/581/572 578/587/578 573/582/573
f 579/584/575 574/586/577 580/588/579
f 573/582/573 570/589/580 571/590/581
f 573/582/573 571/590/581 575/583/574
f 578/587/578 572/591/582 570/589/580
f 578/587/578 570/589/580 573/582/573
f 572/591/582 580/588/579 574/586/577
f 572/591/582 574/586/577 570/589/580
f 570/589/580 574/586/577 576/585/576
f 570/589/580 576/585/576 571/590/581
f 575/583/574 571/590/581 572/591/582
f 575/583/574 572/591/582 578/587/578
f 571/590/581 576/585/576 580/588/579
f 571/590/581 580/588/579 572/591/582
f 588/592/583 584/593/584 586/594/585
f 590/595/586 587/596/587 585/597/588
f 588/592/583 586/594/585 589/598/589
f 590/595/586 591/599/590 587/596/587
f 588/592/583 589/598/589 584/593/584
f 590/595/586 585/597/588 591/599/590
f 584/593/584 581/600/591 582/601/592
f 584/593/584 582/601/592 586/594/585
f 589/598/589 583/602/593 581/600/591
f 589/598/589 581/600/591 584/593/584
f 583/602/593 591/599/590 585/597/588
f 583/602/593 585/597/588 581/600/591
f 581/600/591 585/597/588 587/596/587
f 581/600/591 587/596/587 582/601/592
f 586/594/585 582/601/592 583/602/593
f 586/594/585 583/602/593 589/598/589
f 582/601/592 587/596/587 591/599/590
f 582/601/592 591/599/590 583/602/593
f 599/603/594 595/604/595 597/605/596
f 601/606/597 598/607/598 596/608/599
f 599/603/594 597/605/596 600/609/600
f 601/606/597 602/610/601 598/607/598
f 599/603/594 600/609/600 595/604/595
f 601/606/597 596/608/599 602/610/601
f 595/604/595 592/611/602 593/612/603
f 595/604/595 593/612/603 597/605/596
f 600/609/600 594/613/604 592/611/602
f 600/609/600 592/611/602 595/604/595
f 594/613/604 602/610/601 596/608/599
f 594/613/604 596/608/599 592/611/602
f 592/611/602 596/608/599 598/607/598
f 592/611/602 598/607/598 593/612/603
f 597/605/596 593/612/603 594/613/604
f 597/605/596 594/613/604 600/609/600
f 593/612/603 598/607/598 602/610/601
f 593/612/603 602/610/601 594/613/604
f 610/614/605 606/615/606 608/616/607
f 612/617/608 609/618/609 607/619/610
f 610/614/605 608/616/607 611/620/611
f 612/617/608 613/621/612 609/618/609
f 610/614/605 611/620/611 606/615/606
f 612/617/608 607/619/610 613/621/612
f 606/615/606 603/622/613 604/623/614
f 606/615/606 604/623/614 608/616/607
f 611/620/611 605/624/615 603/622/613
f 611/620/611 603/622/613 606/615/606
f 605/624/615 613/621/612 607/619/610
f 605/624/615 607/619/610 603/622/613
f 603/622/613 607/619/610 609/618/609
f 603/622/613 609/618/609 604/623/614
f 608/616/607 604/623/614 605/624/615
f 608/616/607 605/624/615 611/620/611
f 604/623/614 609/618/609 613/621/612
f 604/623/614 613/621/612 605/624/615
f 621/625/616 617/626/617 619/627/618
f 623/628/619 620/629/620 618/630/621
f 621/625/616 619/627/618 622/631/622
f 623/628/619 624/632/623 620/629/620
f 621/625/616 622/631/622 617/626/617
f 623/628/619 618/630/621 624/632/623
f 617/626/617 614/633/624 615/634/625
f 617/626/617 615/634/625 619/627/618
f 622/631/622 616/635/626 614/633/624
f 622/631/622 614/633/624 617/626/617
f 616/635/626 624/632/623 618/630/621
f 616/635/626 618/630/621 614/633/624
f 614/633/624 618/630/621 620/629/620
f 614/633/624 620/629/620 615/634/625
f 619/627/618 615/634/625 616/635/626
f 619/627/618 616/635/626 622/631/622
f 615/634/625 620/629/620 624/632/623
f 615/634/625 624/632/623 616/635/626
f 632/636/627 628/637/628 630/638/629
f 634/639/630 631/640/631 629/641/632
f 632/636/627 630/638/629 633/642/633
f 634/639/630 635/643/634 631/640/631
f 632/636/627 633/642/633 628/637/628
f 634/639/630 629/641/632 635/643/634
f 628/637/628 625/644/635 626/645/636
f 628/637/628 626/645/636 630/638/629
f 633/642/633 627/646/637 625/644/635
f 633/642/633 625/644/635 628/637/628
f 627/646/637 635/643/634 629/641/632
f 627/646/637 629/641/632 625/644/635
f 625/644/635 629/641/632 631/640/631
f 625/644/635 631/640/631 626/645/636
f 630/638/629 626/645/636 627/646/637
f 630/638/629 627/646/637 633/642/633
f 626/645/636 631/640/631 635/643/634
f 626/645/636 635/643/634 627/646/637
f 643/647/638 639/648/639 641/649/640
f 645/650/641 642/651/642 640/652/643
f 643/647/638 641/649/640 644/653/644
f 645/650/641 646/654/645 642/651/642
f 643/647/638 644/653/644 639/648/639
f 645/650/641 640/652/643 646/654/645
f 639/648/639 636/655/646 637/656/647
f 639/648/639 637/656/647 641/649/640
f 644/653/644 638/657/648 636/655/646
f 644/653/644 636/655/646 639/648/639
f 638/657/648 646/654/645 640/652/643
f 638/657/648 640/652/643 636/655/646
f 636/655/646 640/652/643 642/651/642
f 636/655/646 642/651/642 637/656/647
f 641/649/640 637/656/647 638/657/648
f 641/649/640 638/657/648 644/653/644
f 637/656/647 642/651/642 646/654/645
f 637/656/647 646/654/645 638/657/648
f 654/658/649 650/659/650 652/660/651
f 656/661/652 653/662/653 651/663/654
f 654/658/649 652/660/651 655/664/655
f 656/661/652 657/665/656 653/662/653
f 654/658/649 655/664/655 650/659/650
f 656/661/652 651/663/654 657/665/656
f 650/659/650 647/666/657 648/667/658
f 650/659/650 648/667/658 652/660/651
f 655/664/655 649/668/659 647/666/657
f 655/664/655 647/666/657 650/659/650
f 649/668/659 657/665/656 651/663/654
f 649/668/659 651/663/654 647/666/657
f 647/666/657 651/663/654 653/662/653
f 647/666/657 653/662/653 648/667/658
f 652/660/651 648/667/658 649/668/659
f 652/660/651 649/668/659 655/664/655
f 648/667/658 653/662/653 657/665/656
f 648/667/658 657/665/656 649/668/659
f 665/669/660 661/670/661 663/671/662
f 667/672/663 664/673/664 662/674/665
f 665/669/660 663/671/662 666/675/666
f 667/672/663 668/676/667 664/673/664
f 665/669/660 666/675/666 661/670/661
f 667/672/663 662/674/665 668/676/667
f 661/670/661 658/677/668 659/678/669
f 661/670/661 659/678/669 663/671/662
f 666/675/666 660/679/670 658/677/668
f 666/675/666 658/677/668 661/670/661
f 660/679/670 668/676/667 662/674/665
f 660/679/670 662/674/665 658/677/668
f 658/677/668 662/674/665 664/673/664
f 658/677/668 664/673/664 659/678/669
f 663/671/662 659/678/669 660/679/670
f 663/671/662 660/679/670 666/675/666
f 659/678/669 664/673/664 668/676/667
f 659/678/669 668/676/667 660/679/670
f 676/680/671 672/681/672 674/682/673
f 678/683/674 675/684/675 673/685/676
f 676/680/671 674/682/673 677/686/677
f 678/683/674 679/687/678 675/684/675
f 676/680/671 677/686/677 672/681/672
f 678/683/674 673/685/676 679/687/678
f 672/681/672 669/688/679 670/689/680
f 672/681/672 670/689/680 674/682/673
f 677/686/677 671/690/681 669/688/679
f 677/686/677 669/688/679 672/681/672
f 671/690/681 679/687/678 673/685/676
f 671/690/681 673/685/676 669/688/679
f 669/688/679 673/685/676 675/684/675
f 669/688/679 675/684/675 670/689/680
f 674/682/673 670/689/680 671/690/681
f 674/682/673 671/690/681 677/686/677
f 670/689/680 675/684/675 679/687/678
f 670/689/680 679/687/678 671/690/681
f 687/691/682 683/692/683 685/693/684
f 689/694/685 686/695/686 684/696/687
f 687/691/682 685/693/684 688/697/688
f 689/694/685 690/698/689 686/695/686
f 687/691/682 688/697/688 683/692/683
f 689/694/685 684/696/687 690/698/689
f 683/692/683 680/699/690 681/700/691
f 683/692/683 681/700/691 685/693/684
f 688/697/688 682/701/692 680/699/690
f 688/697/688 680/699/690 683/692/683
f 682/701/692 690/698/689 684/696/687
f 682/701/692 684/696/687 680/699/690
f 680/699/690 684/696/687 686/695/686
f 680/699/690 686/695/686 681/700/691
f 685/693/684 681/700/691 682/701/692
f 685/693/684 682/701/692 688/697/688
f 681/700/691 686/695/686 690/698/689
f 681/700/691 690/698/689 682/701/692
f 693/482/473 694/481/472 691/702/693
f 693/482/473 691/702/693 692/703/694
f 470/492/483 471/491/482 692/703/694
f 470/492/483 692/703/694 691/702/693
f 473/480/471 470/492/483 691/702/693
f 473/480/471 691/702/693 694/481/472
f 471/491/482 472/479/470 693/482/473
f 471/491/482 693/482/473 692/703/694
f 697/704/695 696/705/696 695/706/697
f 697/704/695 695/706/697 698/707/698
f 703/708/699 702/709/700 697/704/695
f 703/708/699 697/704/695 698/707/698
f 711/710/701 710/711/702 695/706/697
f 711/710/701 695/706/697 696/705/696
f 710/711/702 703/708/699 698/707/698
f 710/711/702 698/707/698 695/706/697
f 702/709/700 711/710/701 696/705/696
f 702/709/700 696/705/696 697/704/695
f 699/712/703 714/713/704 713/714/705
f 699/712/703 713/714/705 700/715/706
f 700/715/706 713/714/705 712/716/707
f 700/715/706 712/716/707 701/717/708
f 701/717/708 712/716/707 711/710/701
f 701/717/708 711/710/701 702/709/700
f 707/718/709 706/719/710 705/720/711
f 707/718/709 705/720/711 708/721/712
f 708/721/712 705/720/711 704/722/713
f 708/721/712 704/722/713 709/723/714
f 709/723/714 704/722/713 703/708/699
f 709/723/714 703/708/699 710/711/702
f 714/713/704 707/718/709 708/721/712
f 714/713/704 708/721/712 713/714/705
f 713/714/705 708/721/712 709/723/714
f 713/714/705 709/723/714 712/716/707
f 712/716/707 709/723/714 710/711/702
f 712/716/707 710/711/702 711/710/701
f 706/719/710 699/712/703 700/715/706
f 706/719/710 700/715/706 705/720/711
f 705/720/711 700/715/706 701/717/708
f 705/720/711 701/717/708 704/722/713
f 704/722/713 701/717/708 702/709/700
f 704/722/713 702/709/700 703/708/699
f 717/724/715 718/725/716 928/726/717
f 717/724/715 928/726/717 927/727/718
f 720/728/719 721/729/720 722/730/721
f 720/728/719 722/730/721 719/731/722
f 724/732/723 722/730/721 721/729/720
f 724/732/723 721/729/720 723/733/724
f 726/734/725 724/732/723 723/733/724
f 726/734/725 723/733/724 725/735/726
f 725/735/726 720/728/719 719/731/722
f 725/735/726 719/731/722 726/734/725
f 719/731/722 722/730/721 716/736/727
f 719/731/722 716/736/727 715/737/728
f 720/728/719 725/735/726 706/719/710
f 720/728/719 706/719/710 707/718/709
f 721/729/720 720/728/719 707/718/709
f 721/729/720 707/718/709 714/713/704
f 726/734/725 719/731/722 715/737/728
f 726/734/725 715/737/728 718/725/716
f 722/730/721 724/732/723 717/724/715
f 722/730/721 717/724/715 716/736/727
f 723/733/724 721/729/720 714/713/704
f 723/733/724 714/713/704 699/712/703
f 724/732/723 726/734/725 718/725/716
f 724/732/723 718/725/716 717/724/715
f 725/735/726 723/733/724 699/712/703
f 725/735/726 699/712/703 706/719/710
f 734/738/729 730/739/730 732/740/731
f 736/741/732 733/742/733 731/743/734
f 734/738/729 732/740/731 735/744/735
f 736/741/732 737/745/736 733/742/733
f 734/738/729 735/744/735 730/739/730
f 736/741/732 731/743/734 737/745/736
f 730/739/730 727/746/737 728/747/738
f 730/739/730 728/747/738 732/740/731
f 735/744/735 729/748/739 727/746/737
f 735/744/735 727/746/737 730/739/730
f 729/748/739 737/745/736 731/743/734
f 729/748/739 731/743/734 727/746/737
f 727/746/737 731/743/734 733/742/733
f 727/746/737 733/742/733 728/747/738
f 732/740/731 728/747/738 729/748/739
f 732/740/731 729/748/739 735/744/735
f 728/747/738 733/742/733 737/745/736
f 728/747/738 737/745/736 729/748/739
f 745/749/740 741/750/741 743/751/742
f 747/752/743 744/753/744 742/754/745
f 745/749/740 743/751/742 746/755/746
f 747/752/743 748/756/747 744/753/744
f 745/749/740 746/755/746 741/750/741
f 747/752/743 742/754/745 748/756/747
f 741/750/741 738/757/748 739/758/749
f 741/750/741 739/758/749 743/751/742
f 746/755/746 740/759/750 738/757/748
f 746/755/746 738/757/748 741/750/741
f 740/759/750 748/756/747 742/754/745
f 740/759/750 742/754/745 738/757/748
f 738/757/748 742/754/745 744/753/744
f 738/757/748 744/753/744 739/758/749
f 743/751/742 739/758/749 740/759/750
f 743/751/742 740/759/750 746/755/746
f 739/758/749 744/753/744 748/756/747
f 739/758/749 748/756/747 740/759/750
f 756/760/751 752/761/752 754/762/753
f 758/763/754 755/764/755 753/765/756
f 756/760/751 754/762/753 757/766/757
f 758/763/754 759/767/758 755/764/755
f 756/760/751 757/766/757 752/761/752
f 758/763/754 753/765/756 759/767/758
f 752/761/752 749/768/759 750/769/760
f 752/761/752 750/769/760 754/762/753
f 757/766/757 751/770/761 749/768/759
f 757/766/757 749/768/759 752/761/752
f 751/770/761 759/767/758 753/765/756
f 751/770/761 753/765/756 749/768/759
f 749/768/759 753/765/756 755/764/755
f 749/768/759 755/764/755 750/769/760
f 754/762/753 750/769/760 751/770/761
f 754/762/753 751/770/761 757/766/757
f 750/769/760 755/764/755 759/767/758
f 750/769/760 759/767/758 751/770/761
f 767/771/762 763/772/763 765/773/764
f 769/774/765 766/775/766 764/776/767
f 767/771/762 765/773/764 768/777/768
f 769/774/765 770/778/769 766/775/766
f 767/771/762 768/777/768 763/772/763
f 769/774/765 764/776/767 770/778/769
f 763/772/763 760/779/770 761/780/771
f 763/772/763 761/780/771 765/773/764
f 768/777/768 762/781/772 760/779/770
f 768/777/768 760/779/770 763/772/763
f 762/781/772 770/778/769 764/776/767
f 762/781/772 764/776/767 760/779/770
f 760/779/770 764/776/767 766/775/766
f 760/779/770 766/775/766 761/780/771
f 765/773/764 761/780/771 762/781/772
f 765/773/764 762/781/772 768/777/768
f 761/780/771 766/775/766 770/778/769
f 761/780/771 770/778/769 762/781/772
f 778/782/773 774/783/774 776/784/775
f 780/785/776 777/786/777 775/787/778
f 778/782/773 776/784/775 779/788/779
f 780/785/776 781/789/780 777/786/777
f 778/782/773 779/788/779 774/783/774
f 780/785/776 775/787/778 781/789/780
f 774/783/774 771/790/781 772/791/782
f 774/783/774 772/791/782 776/784/775
f 779/788/779 773/792/783 771/790/781
f 779/788/779 771/790/781 774/783/774
f 773/792/783 781/789/780 775/787/778
f 773/792/783 775/787/778 771/790/781
f 771/790/781 775/787/778 777/786/777
f 771/790/781 777/786/777 772/791/782
f 776/784/775 772/791/782 773/792/783
f 776/784/775 773/792/783 779/788/779
f 772/791/782 777/786/777 781/789/780
f 772/791/782 781/789/780 773/792/783
f 789/793/784 785/794/785 787/795/786
f 791/796/787 788/797/788 786/798/789
f 789/793/784 787/795/786 790/799/790
f 791/796/787 792/800/791 788/797/788
f 789/793/784 790/799/790 785/794/785
f 791/796/787 786/798/789 792/800/791
f 785/794/785 782/801/792 783/802/793
f 785/794/785 783/802/793 787/795/786
f 790/799/790 784/803/794 782/801/792
f 790/799/790 782/801/792 785/794/785
f 784/803/794 792/800/791 786/798/789
f 784/803/794 786/798/789 782/801/792
f 782/801/792 786/798/789 788/797/788
f 782/801/792 788/797/788 783/802/793
f 787/795/786 783/802/793 784/803/794
f 787/795/786 784/803/794 790/799/790
f 783/802/793 788/797/788 792/800/791
f 783/802/793 792/800/791 784/803/794
f 800/804/795 796/805/796 798/806/797
f 802/807/798 799/808/799 797/809/800
f 800/804/795 798/806/797 801/810/801
f 802/807/798 803/811/802 799/808/799
f 800/804/795 801/810/801 796/805/796
f 802/807/798 797/809/800 803/811/802
f 796/805/796 793/812/803 794/813/804
f 796/805/796 794/813/804 798/806/797
f 801/810/801 795/814/805 793/812/803
f 801/810/801 793/812/803 796/805/796
f 795/814/805 803/811/802 797/809/800
f 795/814/805 797/809/800 793/812/803
f 793/812/803 797/809/800 799/808/799
f 793/812/803 799/808/799 794/813/804
f 798/806/797 794/813/804 795/814/805
f 798/806/797 795/814/805 801/810/801
f 794/813/804 799/808/799 803/811/802
f 794/813/804 803/811/802 795/814/805
f 811/815/806 807/816/807 809/817/808
f 813/818/809 810/819/810 808/820/811
f 811/815/806 809/817/808 812/821/812
f 813/818/809 814/822/813 810/819/810
f 811/815/806 812/821/812 807/816/807
f 813/818/809 808/820/811 814/822/813
f 807/816/807 804/823/814 805/824/815
f 807/816/807 805/824/815 809/817/808
f 812/821/812 806/825/816 804/823/814
f 812/821/812 804/823/814 807/816/807
f 806/825/816 814/822/813 808/820/811
f 806/825/816 808/820/811 804/823/814
f 804/823/814 808/820/811 810/819/810
f 804/823/814 810/819/810 805/824/815
f 809/817/808 805/824/815 806/825/816
f 809/817/808 806/825/816 812/821/812
f 805/824/815 810/819/810 814/822/813
f 805/824/815 814/822/813 806/825/816
f 822/826/817 818/827/818 820/828/819
f 824/829/820 821/830/821 819/831/822
f 822/826/817 820/828/819 823/832/823
f 824/829/820 825/833/824 821/830/821
f 822/826/817 823/832/823 818/827/818
f 824/829/820 819/831/822 825/833/824
f 818/827/818 815/834/825 816/835/826
f 818/827/818 816/835/826 820/828/819
f 823/832/823 817/836/827 815/834/825
f 823/832/823 815/834/825 818/827/818
f 817/836/827 825/833/824 819/831/822
f 817/836/827 819/831/822 815/834/825
f 815/834/825 819/831/822 821/830/821
f 815/834/825 821/830/821 816/835/826
f 820/828/819 816/835/826 817/836/827
f 820/828/819 817/836/827 823/832/823
f 816/835/826 821/830/821 825/833/824
f 816/835/826 825/833/824 817/836/827
f 833/837/828 829/838/829 831/839/830
f 835/840/831 832/841/832 830/842/833
f 833/837/828 831/839/830 834/843/834
f 835/840/831 836/844/835 832/841/832
f 833/837/828 834/843/834 829/838/829
f 835/840/831 830/842/833 836/844/835
f 829/838/829 826/845/836 827/846/837
f 829/838/829 827/846/837 831/839/830
f 834/843/834 828/847/838 826/845/836
f 834/843/834 826/845/836 829/838/829
f 828/847/838 836/844/835 830/842/833
f 828/847/838 830/842/833 826/845/836
f 826/845/836 830/842/833 832/841/832
f 826/845/836 832/841/832 827/846/837
f 831/839/830 827/846/837 828/847/838
f 831/839/830 828/847/838 834/843/834
f 827/846/837 832/841/832 836/844/835
f 827/846/837 836/844/835 828/847/838
f 844/848/839 840/849/840 842/850/841
f 846/851/842 843/852/843 841/853/844
f 844/848/839 842/850/841 845/854/845
f 846/851/842 847/855/846 843/852/843
f 844/848/839 845/854/845 840/849/840
f 846/851/842 841/853/844 847/855/846
f 840/849/840 837/856/847 838/857/848
f 840/849/840 838/857/848 842/850/841
f 845/854/845 839/858/849 837/856/847
f 845/854/845 837/856/847 840/849/840
f 839/858/849 847/855/846 841/853/844
f 839/858/849 841/853/844 837/856/847
f 837/856/847 841/853/844 843/852/843
f 837/856/847 843/852/843 838/857/848
f 842/850/841 838/857/848 839/858/849
f 842/850/841 839/858/849 845/854/845
f 838/857/848 843/852/843 847/855/846
f 838/857/848 847/855/846 839/858/849
f 855/859/850 851/860/851 853/861/852
f 857/862/853 854/863/854 852/864/855
f 855/859/850 853/861/852 856/865/856
f 857/862/853 858/866/857 854/863/854
f 855/859/850 856/865/856 851/860/851
f 857/862/853 852/864/855 858/866/857
f 851/860/851 848/867/858 849/868/859
f 851/860/851 849/868/859 853/861/852
f 856/865/856 850/869/860 848/867/858
f 856/865/856 848/867/858 851/860/851
f 850/869/860 858/866/857 852/864/855
f 850/869/860 852/864/855 848/867/858
f 848/867/858 852/864/855 854/863/854
f 848/867/858 854/863/854 849/868/859
f 853/861/852 849/868/859 850/869/860
f 853/861/852 850/869/860 856/865/856
f 849/868/859 854/863/854 858/866/857
f 849/868/859 858/866/857 850/869/860
f 866/870/861 862/871/862 864/872/863
f 868/873/864 865/874/865 863/875/866
f 866/870/861 864/872/863 867/876/867
f 868/873/864 869/877/868 865/874/865
f 866/870/861 867/876/867 862/871/862
f 868/873/864 863/875/866 869/877/868
f 862/871/862 859/878/869 860/879/870
f 862/871/862 860/879/870 864/872/863
f 867/876/867 861/880/871 859/878/869
f 867/876/867 859/878/869 862/871/862
f 861/880/871 869/877/868 863/875/866
f 861/880/871 863/875/866 859/878/869
f 859/878/869 863/875/866 865/874/865
f 859/878/869 865/874/865 860/879/870
f 864/872/863 860/879/870 861/880/871
f 864/872/863 861/880/871 867/876/867
f 860/879/870 865/874/865 869/877/868
f 860/879/870 869/877/868 861/880/871
f 877/881/872 873/882/873 875/883/874
f 879/884/875 876/885/876 874/886/877
f 877/881/872 875/883/874 878/887/878
f 879/884/875 880/888/879 876/885/876
f 877/881/872 878/887/878 873/882/873
f 879/884/875 874/886/877 880/888/879
f 873/882/873 870/889/880 871/890/881
f 873/882/873 871/890/881 875/883/874
f 878/887/878 872/891/882 870/889/880
f 878/887/878 870/889/880 873/882/873
f 872/891/882 880/888/879 874/886/877
f 872/891/882 874/886/877 870/889/880
f 870/889/880 874/886/877 876/885/876
f 870/889/880 876/885/876 871/890/881
f 875/883/874 871/890/881 872/891/882
f 875/883/874 872/891/882 878/887/878
f 871/890/881 876/885/876 880/888/879
f 871/890/881 880/888/879 872/891/882
f 888/892/883 884/893/884 886/894/885
f 890/895/886 887/896/887 885/897/888
f 888/892/883 886/894/885 889/898/889
f 890/895/886 891/899/890 887/896/887
f 888/892/883 889/898/889 884/893/884
f 890/895/886 885/897/888 891/899/890
f 884/893/884 881/900/891 882/901/892
f 884/893/884 882/901/892 886/894/885
f 889/898/889 883/902/893 881/900/891
f 889/898/889 881/900/891 884/893/884
f 883/902/893 891/899/890 885/897/888
f 883/902/893 885/897/888 881/900/891
f 881/900/891 885/897/888 887/896/887
f 881/900/891 887/896/887 882/901/892
f 886/894/885 882/901/892 883/902/893
f 886/894/885 883/902/893 889/898/889
f 882/901/892 887/896/887 891/899/890
f 882/901/892 891/899/890 883/902/893
f 899/903/894 895/904/895 897/905/896
f 901/906/897 898/907/898 896/908/899
f 899/903/894 897/905/896 900/909/900
f 901/906/897 902/910/901 898/907/898
f 899/903/894 900/909/900 895/904/895
f 901/906/897 896/908/899 902/910/901
f 895/904/895 892/911/902 893/912/903
f 895/904/895 893/912/903 897/905/896
f 900/909/900 894/913/904 892/911/902
f 900/909/900 892/911/902 895/904/895
f 894/913/904 902/910/901 896/908/899
f 894/913/904 896/908/899 892/911/902
f 892/911/902 896/908/899 898/907/898
f 892/911/902 898/907/898 893/912/903
f 897/905/896 893/912/903 894/913/904
f 897/905/896 894/913/904 900/909/900
f 893/912/903 898/907/898 902/910/901
f 893/912/903 902/910/901 894/913/904
f 910/914/905 906/915/906 908/916/907
f 912/917/908 909/918/909 907/919/910
f 910/914/905 908/916/907 911/920/911
f 912/917/908 913/921/912 909/918/909
f 910/914/905 911/920/911 906/915/906
f 912/917/908 907/919/910 913/921/912
f 906/915/906 903/922/913 904/923/914
f 906/915/906 904/923/914 908/916/907
f 911/920/911 905/924/915 903/922/913
f 911/920/911 903/922/913 906/915/906
f 905/924/915 913/921/912 907/919/910
f 905/924/915 907/919/910 903/922/913
f 903/922/913 907/919/910 909/918/909
f 903/922/913 909/918/909 904/923/914
f 908/916/907 904/923/914 905/924/915
f 908/916/907 905/924/915 911/920/911
f 904/923/914 909/918/909 913/921/912
f 904/923/914 913/921/912 905/924/915
f 921/925/916 917/926/917 919/927/918
f 923/928/919 920/929/920 918/930/921
f 921/925/916 919/927/918 922/931/922
f 923/928/919 924/932/923 920/929/920
f 921/925/916 922/931/922 917/926/917
f 923/928/919 918/930/921 924/932/923
f 917/926/917 914/933/924 915/934/925
f 917/926/917 915/934/925 919/927/918
f 922/931/922 916/935/926 914/933/924
f 922/931/922 914/933/924 917/926/917
f 916/935/926 924/932/923 918/930/921
f 916/935/926 918/930/921 914/933/924
f 914/933/924 918/930/921 920/929/920
f 914/933/924 920/929/920 915/934/925
f 919/927/918 915/934/925 916/935/926
f 919/927/918 916/935/926 922/931/922
f 915/934/925 920/929/920 924/932/923
f 915/934/925 924/932/923 916/935/926
f 927/727/718 928/726/717 925/936/927
f 927/727/718 925/936/927 926/937/928
f 715/737/728 716/736/727 926/937/928
f 715/737/728 926/937/928 925/936/927
f 718/725/716 715/737/728 925/936/927
f 718/725/716 925/936/927 928/726/717
f 716/736/727 717/724/715 927/727/718
f 716/736/727 927/727/718 926/937/928
f 931/938/929 930/939/930 929/940/931
f 931/938/929 929/940/931 932/941/932
f 937/942/933 936/943/934 931/938/929
f 937/942/933 931/938/929 932/941/932
f 945/944/935 944/945/936 929/940/931
f 945/944/935 929/940/931 930/939/930
f 944/945/936 937/942/933 932/941/932
f 944/945/936 932/941/932 929/940/931
f 936/943/934 945/944/935 930/939/930
f 936/943/934 930/939/930 931/938/929
f 933/946/937 948/947/938 947/948/939
f 933/946/937 947/948/939 934/949/940
f 934/949/940 947/948/939 946/950/941
f 934/949/940 946/950/941 935/951/942
f 935/951/942 946/950/941 945/944/935
f 935/951/942 945/944/935 936/943/934
f 941/952/943 940/953/944 939/954/945
f 941/952/943 939/954/945 942/955/946
f 942/955/946 939/954/945 938/956/947
f 942/955/946 938/956/947 943/957/948
f 943/957/948 938/956/947 937/942/933
f 943/957/948 937/942/933 944/945/936
f 948/947/938 941/952/943 942/955/946
f 948/947/938 942/955/946 947/948/939
f 947/948/939 942/955/946 943/957/948
f 947/948/939 943/957/948 946/950/941
f 946/950/941 943/957/948 944/945/936
f 946/950/941 944/945/936 945/944/935
f 940/953/944 933/946/937 934/949/940
f 940/953/944 934/949/940 939/954/945
f 939/954/945 934/949/940 935/951/942
f 939/954/945 935/951/942 938/956/947
f 938/956/947 935/951/942 936/943/934
f 938/956/947 936/943/934 937/942/933
f 951/958/949 952/959/950 1173/960/951
f 951/958/949 1173/960/951 1172/961/952
f 954/962/953 955/963/954 956/964/955
f 954/962/953 956/964/955 953/965/956
f 958/966/957 956/964/955 955/963/954
f 958/966/957 955/963/954 957/967/958
f 960/968/959 958/966/957 957/967/958
f 960/968/959 957/967/958 959/969/960
f 959/969/960 954/962/953 953/965/956
f 959/969/960 953/965/956 960/968/959
f 953/965/956 956/964/955 950/970/961
f 953/965/956 950/970/961 949/971/962
f 954/962/953 959/969/960 940/953/944
f 954/962/953 940/953/944 941/952/943
f 955/963/954 954/962/953 941/952/943
f 955/963/954 941/952/943 948/947/938
f 960/968/959 953/965/956 949/971/962
f 960/968/959 949/971/962 952/959/950
f 956/964/955 958/966/957 951/958/949
f 956/964/955 951/958/949 950/970/961
f 957/967/958 955/963/954 948/947/938
f 957/967/958 948/947/938 933/946/937
f 958/966/957 960/968/959 952/959/950
f 958/966/957 952/959/950 951/958/949
f 959/969/960 957/967/958 933/946/937
f 959/969/960 933/946/937 940/953/944
f 968/972/963 964/973/964 966/974/965
f 970/975/966 967/976/967 965/977/968
f 968/972/963 966/974/965 969/978/969
f 970/975/966 971/979/970 967/976/967
f 968/972/963 969/978/969 964/973/964
f 970/975/966 965/977/968 971/979/970
f 964/973/964 961/980/971 962/981/972
f 964/973/964 962/981/972 966/974/965
f 969/978/969 963/982/973 961/980/971
f 969/978/969 961/980/971 964/973/964
f 963/982/973 971/979/970 965/977/968
f 963/982/973 965/977/968 961/980/971
f 961/980/971 965/977/968 967/976/967
f 961/980/971 967/976/967 962/981/972
f 966/974/965 962/981/972 963/982/973
f 966/974/965 963/982/973 969/978/969
f 962/981/972 967/976/967 971/979/970
f 962/981/972 971/979/970 963/982/973
f 979/983/974 975/984/975 977/985/976
f 981/986/977 978/987/978 976/988/979
f 979/983/974 977/985/976 980/989/980
f 981/986/977 982/990/981 978/987/978
f 979/983/974 980/989/980 975/984/975
f 981/986/977 976/988/979 982/990/981
f 975/984/975 972/991/982 973/992/983
f 975/984/975 973/992/983 977/985/976
f 980/989/980 974/993/984 972/991/982
f 980/989/980 972/991/982 975/984/975
f 974/993/984 982/990/981 976/988/979
f 974/993/984 976/988/979 972/991/982
f 972/991/982 976/988/979 978/987/978
f 972/991/982 978/987/978 973/992/983
f 977/985/976 973/992/983 974/993/984
f 977/985/976 974/993/984 980/989/980
f 973/992/983 978/987/978 982/990/981
f 973/992/983 982/990/981 974/993/984
f 990/994/985 986/995/986 988/996/987
f 992/997/988 989/998/989 987/999/990
f 990/994/985 988/996/987 991/1000/991
f 992/997/988 993/1001/992 989/998/989
f 990/994/985 991/1000/991 986/995/986
f 992/997/988 987/999/990 993/1001/992
f 986/995/986 983/1002/993 984/1003/994
f 986/995/986 984/1003/994 988/996/987
f 991/1000/991 985/1004/995 983/1002/993
f 991/1000/991 983/1002/993 986/995/986
f 985/1004/995 993/1001/992 987/999/990
f 985/1004/995 987/999/990 983/1002/993
f 983/1002/993 987/999/990 989/998/989
f 983/1002/993 989/998/989 984/1003/994
f 988/996/987 984/1003/994 985/1004/995
f 988/996/987 985/1004/995 991/1000/991
f 984/1003/994 989/998/989 993/1001/992
f 984/1003/994 993/1001/992 985/1004/995
f 1001/1005/996 997/1006/997 999/1007/998
f 1003/1008/999 1000/1009/1000 998/1010/1001
f 1001/1005/996 999/1007/998 1002/1011/1002
f 1003/1008/999 1004/1012/1003 1000/1009/1000
f 1001/1005/996 1002/1011/1002 997/1006/997
f 1003/1008/999 998/1010/1001 1004/1012/1003
f 997/1006/997 994/1013/1004 995/1014/1005
f 997/1006/997 995/1014/1005 999/1007/998
f 1002/1011/1002 996/1015/1006 994/1013/1004
f 1002/1011/1002 994/1013/1004 997/1006/997
f 996/1015/1006 1004/1012/1003 998/1010/1001
f 996/1015/1006 998/1010/1001 994/1013/1004
f 994/1013/1004 998/1010/1001 1000/1009/1000
f 994/1013/1004 1000/1009/1000 995/1014/1005
f 999/1007/998 995/1014/1005 996/1015/1006
f 999/1007/998 996/1015/1006 1002/1011/1002
f 995/1014/1005 1000/1009/1000 1004/1012/1003
f 995/1014/1005 1004/1012/1003 996/1015/1006
f 1012/1016/1007 1008/1017/1008 1010/1018/1009
f 1014/1019/1010 1011/1020/1011 1009/1021/1012
f 1012/1016/1007 1010/1018/1009 1013/1022/1013
f 1014/1019/1010 1015/1023/1014 1011/1020/1011
f 1012/1016/1007 1013/1022/1013 1008/1017/1008
f 1014/1019/1010 1009/1021/1012 1015/1023/1014
f 1008/1017/1008 1005/1024/1015 1006/1025/1016
f 1008/1017/1008 1006/1025/1016 1010/1018/1009
f 1013/1022/1013 1007/1026/1017 1005/1024/1015
f 1013/1022/1013 1005/1024/1015 1008/1017/1008
f 1007/1026/1017 1015/1023/1014 1009/1021/1012
f 1007/1026/1017 1009/1021/1012 1005/1024/1015
f 1005/1024/1015 1009/1021/1012 1011/1020/1011
f 1005/1024/1015 1011/1020/1011 1006/1025/1016
f 1010/1018/1009 1006/1025/1016 1007/1026/1017
f 1010/1018/1009 1007/1026/1017 1013/1022/1013
f 1006/1025/1016 1011/1020/1011 1015/1023/1014
f 1006/1025/1016 1015/1023/1014 1007/1026/1017
f 1023/1027/1018 1019/1028/1019 1021/1029/1020
f 1025/1030/1021 1022/1031/1022 1020/1032/1023
f 1023/1027/1018 1021/1029/1020 1024/1033/1024
f 1025/1030/1021 1026/1034/1025 1022/1031/1022
f 1023/1027/1018 1024/1033/1024 1019/1028/1019
f 1025/1030/1021 1020/1032/1023 1026/1034/1025
f 1019/1028/1019 1016/1035/1026 1017/1036/1027
f 1019/1028/1019 1017/1036/1027 1021/1029/1020
f 1024/1033/1024 1018/1037/1028 1016/1035/1026
f 1024/1033/1024 1016/1035/1026 1019/1028/1019
f 1018/1037/1028 1026/1034/1025 1020/1032/1023
f 1018/1037/1028 1020/1032/1023 1016/1035/1026
f 1016/1035/1026 1020/1032/1023 1022/1031/1022
f 1016/1035/1026 1022/1031/1022 1017/1036/1027
f 1021/1029/1020 1017/1036/1027 1018/1037/1028
f 1021/1029/1020 1018/1037/1028 1024/1033/1024
f 1017/1036/1027 1022/1031/1022 1026/1034/1025
f 1017/1036/1027 1026/1034/1025 1018/1037/1028
f 1034/1038/1029 1030/1039/1030 1032/1040/1031
f 1036/1041/1032 1033/1042/1033 1031/1043/1034
f 1034/1038/1029 1032/1040/1031 1035/1044/1035
f 1036/1041/1032 1037/1045/1036 1033/1042/1033
f 1034/1038/1029 1035/1044/1035 1030/1039/1030
f 1036/1041/1032 1031/1043/1034 1037/1045/1036
f 1030/1039/1030 1027/1046/1037 1028/1047/1038
f 1030/1039/1030 1028/1047/1038 1032/1040/1031
f 1035/1044/1035 1029/1048/1039 1027/1046/1037
f 1035/1044/1035 1027/1046/1037 1030/1039/1030
f 1029/1048/1039 1037/1045/1036 1031/1043/1034
f 1029/1048/1039 1031/1043/1034 1027/1046/1037
f 1027/1046/1037 1031/1043/1034 1033/1042/1033
f 1027/1046/1037 1033/1042/1033 1028/1047/1038
f 1032/1040/1031 1028/1047/1038 1029/1048/1039
f 1032/1040/1031 1029/1048/1039 1035/1044/1035
f 1028/1047/1038 1033/1042/1033 1037/1045/1036
f 1028/1047/1038 1037/1045/1036 1029/1048/1039
f 1045/1049/1040 1041/1050/1041 1043/1051/1042
f 1047/1052/1043 1044/1053/1044 1042/1054/1045
f 1045/1049/1040 1043/1051/1042 1046/1055/1046
f 1047/1052/1043 1048/1056/1047 1044/1053/1044
f 1045/1049/1040 1046/1055/1046 1041/1050/1041
f 1047/1052/1043 1042/1054/1045 1048/1056/1047
f 1041/1050/1041 1038/1057/1048 1039/1058/1049
f 1041/1050/1041 1039/1058/1049 1043/1051/1042
f 1046/1055/1046 1040/1059/1050 1038/1057/1048
f 1046/1055/1046 1038/1057/1048 1041/1050/1041
f 1040/1059/1050 1048/1056/1047 1042/1054/1045
f 1040/1059/1050 1042/1054/1045 1038/1057/1048
f 1038/1057/1048 1042/1054/1045 1044/1053/1044
f 1038/1057/1048 1044/1053/1044 1039/1058/1049
f 1043/1051/1042 1039/1058/1049 1040/1059/1050
f 1043/1051/1042 1040/1059/1050 1046/1055/1046
f 1039/1058/1049 1044/1053/1044 1048/1056/1047
f 1039/1058/1049 1048/1056/1047 1040/1059/1050
f 1056/1060/1051 1052/1061/1052 1054/1062/1053
f 1058/1063/1054 1055/1064/1055 1053/1065/1056
f 1056/1060/1051 1054/1062/1053 1057/1066/1057
f 1058/1063/1054 1059/1067/1058 1055/1064/1055
f 1056/1060/1051 1057/1066/1057 1052/1061/1052
f 1058/1063/1054 1053/1065/1056 1059/1067/1058
f 1052/1061/1052 1049/1068/1059 1050/1069/1060
f 1052/1061/1052 1050/1069/1060 1054/1062/1053
f 1057/1066/1057 1051/1070/1061 1049/1068/1059
f 1057/1066/1057 1049/1068/1059 1052/1061/1052
f 1051/1070/1061 1059/1067/1058 1053/1065/1056
f 1051/1070/1061 1053/1065/1056 1049/1068/1059
f 1049/1068/1059 1053/1065/1056 1055/1064/1055
f 1049/1068/1059 1055/1064/1055 1050/1069/1060
f 1054/1062/1053 1050/1069/1060 1051/1070/1061
f 1054/1062/1053 1051/1070/1061 1057/1066/1057
f 1050/1069/1060 1055/1064/1055 1059/1067/1058
f 1050/1069/1060 1059/1067/1058 1051/1070/1061
f 1067/1071/1062 1063/1072/1063 1065/1073/1064
f 1069/1074/1065 1066/1075/1066 1064/1076/1067
f 1067/1071/1062 1065/1073/1064 1068/1077/1068
f 1069/1074/1065 1070/1078/1069 1066/1075/1066
f 1067/1071/1062 1068/1077/1068 1063/1072/1063
f 1069/1074/1065 1064/1076/1067 1070/1078/1069
f 1063/1072/1063 1060/1079/1070 1061/1080/1071
f 1063/1072/1063 1061/1080/1071 1065/1073/1064
f 1068/1077/1068 1062/1081/1072 1060/1079/1070
f 1068/1077/1068 1060/1079/1070 1063/1072/1063
f 1062/1081/1072 1070/1078/1069 1064/1076/1067
f 1062/1081/1072 1064/1076/1067 1060/1079/1070
f 1060/1079/1070 1064/1076/1067 1066/1075/1066
f 1060/1079/1070 1066/1075/1066 1061/1080/1071
f 1065/1073/1064 1061/1080/1071 1062/1081/1072
f 1065/1073/1064 1062/1081/1072 1068/1077/1068
f 1061/1080/1071 1066/1075/1066 1070/1078/1069
f 1061/1080/1071 1070/1078/1069 1062/1081/1072
f 1078/1082/1073 1074/1083/1074 1076/1084/1075
f 1080/1085/1076 1077/1086/1077 1075/1087/1078
f 1078/1082/1073 1076/1084/1075 1079/1088/1079
f 1080/1085/1076 1081/1089/1080 1077/1086/1077
f 1078/1082/1073 1079/1088/1079 1074/1083/1074
f 1080/1085/1076 1075/1087/1078 1081/1089/1080
f 1074/1083/1074 1071/1090/1081 1072/1091/1082
f 1074/1083/1074 1072/1091/1082 1076/1084/1075
f 1079/1088/1079 1073/1092/1083 1071/1090/1081
f 1079/1088/1079 1071/1090/1081 1074/1083/1074
f 1073/1092/1083 1081/1089/1080 1075/1087/1078
f 1073/1092/1083 1075/1087/1078 1071/1090/1081
f 1071/1090/1081 1075/1087/1078 1077/1086/1077
f 1071/1090/1081 1077/1086/1077 1072/1091/1082
f 1076/1084/1075 1072/1091/1082 1073/1092/1083
f 1076/1084/1075 1073/1092/1083 1079/1088/1079
f 1072/1091/1082 1077/1086/1077 1081/1089/1080
f 1072/1091/1082 1081/1089/1080 1073/1092/1083
f 1089/1093/1084 1085/1094/1085 1087/1095/1086
f 1091/1096/1087 1088/1097/1088 1086/1098/1089
f 1089/1093/1084 1087/1095/1086 1090/1099/1090
f 1091/1096/1087 1092/1100/1091 1088/1097/1088
f 1089/1093/1084 1090/1099/1090 1085/1094/1085
f 1091/1096/1087 1086/1098/1089 1092/1100/1091
f 1085/1094/1085 1082/1101/1092 1083/1102/1093
f 1085/1094/1085 1083/1102/1093 1087/1095/1086
f 1090/1099/1090 1084/1103/1094 1082/1101/1092
f 1090/1099/1090 1082/1101/1092 1085/1094/1085
f 1084/1103/1094 1092/1100/1091 1086/1098/1089
f 1084/1103/1094 1086/1098/1089 1082/1101/1092
f 1082/1101/1092 1086/1098/1089 1088/1097/1088
f 1082/1101/1092 1088/1097/1088 1083/1102/1093
f 1087/1095/1086 1083/1102/1093 1084/1103/1094
f 1087/1095/1086 1084/1103/1094 1090/1099/1090
f 1083/1102/1093 1088/1097/1088 1092/1100/1091
f 1083/1102/1093 1092/1100/1091 1084/1103/1094
f 1100/1104/1095 1096/1105/1096 1098/1106/1097
f 1102/1107/1098 1099/1108/1099 1097/1109/1100
f 1100/1104/1095 1098/1106/1097 1101/1110/1101
f 1102/1107/1098 1103/1111/1102 1099/1108/1099
f 1100/1104/1095 1101/1110/1101 1096/1105/1096
f 1102/1107/1098 1097/1109/1100 1103/1111/1102
f 1096/1105/1096 1093/1112/1103 1094/1113/1104
f 1096/1105/1096 1094/1113/1104 1098/1106/1097
f 1101/1110/1101 1095/1114/1105 1093/1112/1103
f 1101/1110/1101 1093/1112/1103 1096/1105/1096
f 1095/1114/1105 1103/1111/1102 1097/1109/1100
f 1095/1114/1105 1097/1109/1100 1093/1112/1103
f 1093/1112/1103 1097/1109/1100 1099/1108/1099
f 1093/1112/1103 1099/1108/1099 1094/1113/1104
f 1098/1106/1097 1094/1113/1104 1095/1114/1105
f 1098/1106/1097 1095/1114/1105 1101/1110/1101
f 1094/1113/1104 1099/1108/1099 1103/1111/1102
f 1094/1113/1104 1103/1111/1102 1095/1114/1105
f 1111/1115/1106 1107/1116/1107 1109/1117/1108
f 1113/1118/1109 1110/1119/1110 1108/1120/1111
f 1111/1115/1106 1109/1117/1108 1112/1121/1112
f 1113/1118/1109 1114/1122/1113 1110/1119/1110
f 1111/1115/1106 1112/1121/1112 1107/1116/1107
f 1113/1118/1109 1108/1120/1111 1114/1122/1113
f 1107/1116/1107 1104/1123/1114 1105/1124/1115
f 1107/1116/1107 1105/1124/1115 1109/1117/1108
f 1112/1121/1112 1106/1125/1116 1104/1123/1114
f 1112/1121/1112 1104/1123/1114 1107/1116/1107
f 1106/1125/1116 1114/1122/1113 1108/1120/1111
f 1106/1125/1116 1108/1120/1111 1104/1123/1114
f 1104/1123/1114 1108/1120/1111 1110/1119/1110
f 1104/1123/1114 1110/1119/1110 1105/1124/1115
f 1109/1117/1108 1105/1124/1115 1106/1125/1116
f 1109/1117/1108 1106/1125/1116 1112/1121/1112
f 1105/1124/1115 1110/1119/1110 1114/1122/1113
f 1105/1124/1115 1114/1122/1113 1106/1125/1116
f 1122/1126/1117 1118/1127/1118 1120/1128/1119
f 1124/1129/1120 1121/1130/1121 1119/1131/1122
f 1122/1126/1117 1120/1128/1119 1123/1132/1123
f 1124/1129/1120 1125/1133/1124 1121/1130/1121
f 1122/1126/1117 1123/1132/1123 1118/1127/1118
f 1124/1129/1120 1119/1131/1122 1125/1133/1124
f 1118/1127/1118 1115/1134/1125 1116/1135/1126
f 1118/1127/1118 1116/1135/1126 1120/1128/1119
f 1123/1132/1123 1117/1136/1127 1115/1134/1125
f 1123/1132/1123 1115/1134/1125 1118/1127/1118
f 1117/1136/1127 1125/1133/1124 1119/1131/1122
f 1117/1136/1127 1119/1131/1122 1115/1134/1125
f 1115/1134/1125 1119/1131/1122 1121/1130/1121
f 1115/1134/1125 1121/1130/1121 1116/1135/1126
f 1120/1128/1119 1116/1135/1126 1117/1136/1127
f 1120/1128/1119 1117/1136/1127 1123/1132/1123
f 1116/1135/1126 1121/1130/1121 1125/1133/1124
f 1116/1135/1126 1125/1133/1124 1117/1136/1127
f 1133/1137/1128 1129/1138/1129 1131/1139/1130
f 1135/1140/1131 1132/1141/1132 1130/1142/1133
f 1133/1137/1128 1131/1139/1130 1134/1143/1134
f 1135/1140/1131 1136/1144/1135 1132/1141/1132
f 1133/1137/1128 1134/1143/1134 1129/1138/1129
f 1135/1140/1131 1130/1142/1133 1136/1144/1135
f 1129/1138/1129 1126/1145/1136 1127/1146/1137
f 1129/1138/1129 1127/1146/1137 1131/1139/1130
f 1134/1143/1134 1128/1147/1138 1126/1145/1136
f 1134/1143/1134 1126/1145/1136 1129/1138/1129
f 1128/1147/1138 1136/1144/1135 1130/1142/1133
f 1128/1147/1138 1130/1142/1133 1126/1145/1136
f 1126/1145/1136 1130/1142/1133 1132/1141/1132
f 1126/1145/1136 1132/1141/1132 1127/1146/1137
f 1131/1139/1130 1127/1146/1137 1128/1147/1138
f 1131/1139/1130 1128/1147/1138 1134/1143/1134
f 1127/1146/1137 1132/1141/1132 1136/1144/1135
f 1127/1146/1137 1136/1144/1135 1128/1147/1138
f 1144/1148/1139 1140/1149/1140 1142/1150/1141
f 1146/1151/1142 1143/1152/1143 1141/1153/1144
f 1144/1148/1139 1142/1150/1141 1145/1154/1145
f 1146/1151/1142 1147/1155/1146 1143/1152/1143
f 1144/1148/1139 1145/1154/1145 1140/1149/1140
f 1146/1151/1142 1141/1153/1144 1147/1155/1146
f 1140/1149/1140 1137/1156/1147 1138/1157/1148
f 1140/1149/1140 1138/1157/1148 1142/1150/1141
f 1145/1154/1145 1139/1158/1149 1137/1156/1147
f 1145/1154/1145 1137/1156/1147 1140/1149/1140
f 1139/1158/1149 1147/1155/1146 1141/1153/1144
f 1139/1158/1149 1141/1153/1144 1137/1156/1147
f 1137/1156/1147 1141/1153/1144 1143/1152/1143
f 1137/1156/1147 1143/1152/1143 1138/1157/1148
f 1142/1150/1141 1138/1157/1148 1139/1158/1149
f 1142/1150/1141 1139/1158/1149 1145/1154/1145
f 1138/1157/1148 1143/1152/1143 1147/1155/1146
f 1138/1157/1148 1147/1155/1146 1139/1158/1149
f 1155/1159/1150 1151/1160/1151 1153/1161/1152
f 1157/1162/1153 1154/1163/1154 1152/1164/1155
f 1155/1159/1150 1153/1161/1152 1156/1165/1156
f 1157/1162/1153 1158/1166/1157 1154/1163/1154
f 1155/1159/1150 1156/1165/1156 1151/1160/1151
f 1157/1162/1153 1152/1164/1155 1158/1166/1157
f 1151/1160/1151 1148/1167/1158 1149/1168/1159
f 1151/1160/1151 1149/1168/1159 1153/1161/1152
f 1156/1165/1156 1150/1169/1160 1148/1167/1158
f 1156/1165/1156 1148/1167/1158 1151/1160/1151
f 1150/1169/1160 1158/1166/1157 1152/1164/1155
f 1150/1169/1160 1152/1164/1155 1148/1167/1158
f 1148/1167/1158 1152/1164/1155 1154/1163/1154
f 1148/1167/1158 1154/1163/1154 1149/1168/1159
f 1153/1161/1152 1149/1168/1159 1150/1169/1160
f 1153/1161/1152 1150/1169/1160 1156/1165/1156
f 1149/1168/1159 1154/1163/1154 1158/1166/1157
f 1149/1168/1159 1158/1166/1157 1150/1169/1160
f 1166/1170/1161 1162/1171/1162 1164/1172/1163
f 1168/1173/1164 1165/1174/1165 1163/1175/1166
f 1166/1170/1161 1164/1172/1163 1167/1176/1167
f 1168/1173/1164 1169/1177/1168 1165/1174/1165
f 1166/1170/1161 1167/1176/1167 1162/1171/1162
f 1168/1173/1164 1163/1175/1166 1169/1177/1168
f 1162/1171/1162 1159/1178/1169 1160/1179/1170
f 1162/1171/1162 1160/1179/1170 1164/1172/1163
f 1167/1176/1167 1161/1180/1171 1159/1178/1169
f 1167/1176/1167 1159/1178/1169 1162/1171/1162
f 1161/1180/1171 1169/1177/1168 1163/1175/1166
f 1161/1180/1171 1163/1175/1166 1159/1178/1169
f 1159/1178/1169 1163/1175/1166 1165/1174/1165
f 1159/1178/1169 1165/1174/1165 1160/1179/1170
f 1164/1172/1163 1160/1179/1170 1161/1180/1171
f 1164/1172/1163 1161/1180/1171 1167/1176/1167
f 1160/1179/1170 1165/1174/1165 1169/1177/1168
f 1160/1179/1170 1169/1177/1168 1161/1180/1171
f 1172/961/952 1173/960/951 1170/1181/1172
f 1172/961/952 1170/1181/1172 1171/1182/1173
f 949/971/962 950/970/961 1171/1182/1173
f 949/971/962 1171/1182/1173 1170/1181/1172
f 952/959/950 949/971/962 1170/1181/1172
f 952/959/950 1170/1181/1172 1173/960/951
f 950/970/961 951/958/949 1172/961/952
f 950/970/961 1172/961/952 1171/1182/1173
f 1176/1183/1174 1175/1184/1175 1174/1185/1176
f 1176/1183/1174 1174/1185/1176 1177/1186/1177
f 1182/1187/1178 1181/1188/1179 1176/1183/1174
f 1182/1187/1178 1176/1183/1174 1177/1186/1177
f 1190/1189/1180 1189/1190/1181 1174/1185/1176
f 1190/1189/1180 1174/1185/1176 1175/1184/1175
f 1189/1190/1181 1182/1187/1178 1177/1186/1177
f 1189/1190/1181 1177/1186/1177 1174/1185/1176
f 1181/1188/1179 1190/1189/1180 1175/1184/1175
f 1181/1188/1179 1175/1184/1175 1176/1183/1174
f 1178/1191/1182 1193/1192/1183 1192/1193/1184
f 1178/1191/1182 1192/1193/1184 1179/1194/1185
f 1179/1194/1185 1192/1193/1184 1191/1195/1186
f 1179/1194/1185 1191/1195/1186 1180/1196/1187
f 1180/1196/1187 1191/1195/1186 1190/1189/1180
f 1180/1196/1187 1190/1189/1180 1181/1188/1179
f 1186/1197/1188 1185/1198/1189 1184/1199/1190
f 1186/1197/1188 1184/1199/1190 1187/1200/1191
f 1187/1200/1191 1184/1199/1190 1183/1201/1192
f 1187/1200/1191 1183/1201/1192 1188/1202/1193
f 1188/1202/1193 1183/1201/1192 1182/1187/1178
f 1188/1202/1193 1182/1187/1178 1189/1190/1181
f 1193/1192/1183 1186/1197/1188 1187/1200/1191
f 1193/1192/1183 1187/1200/1191 1192/1193/1184
f 1192/1193/1184 1187/1200/1191 1188/1202/1193
f 1192/1193/1184 1188/1202/1193 1191/1195/1186
f 1191/1195/1186 1188/1202/1193 1189/1190/1181
f 1191/1195/1186 1189/1190/1181 1190/1189/1180
f 1185/1198/1189 1178/1191/1182 1179/1194/1185
f 1185/1198/1189 1179/1194/1185 1184/1199/1190
f 1184/1199/1190 1179/1194/1185 1180/1196/1187
f 1184/1199/1190 1180/1196/1187 1183/1201/1192
f 1183/1201/1192 1180/1196/1187 1181/1188/1179
f 1183/1201/1192 1181/1188/1179 1182/1187/1178
f 1196/1203/1194 1197/1204/1195 1418/1205/1196
f 1196/1203/1194 1418/1205/1196 1417/1206/1197
f 1199/1207/1198 1200/1208/1199 1201/1209/1200
f 1199/1207/1198 1201/1209/1200 1198/1210/1201
f 1203/1211/1202 1201/1209/1200 1200/1208/1199
f 1203/1211/1202 1200/1208/1199 1202/1212/1203
f 1205/1213/1204 1203/1211/1202 1202/1212/1203
f 1205/1213/1204 1202/1212/1203 1204/1214/1205
f 1204/1214/1205 1199/1207/1198 1198/1210/1201
f 1204/1214/1205 1198/1210/1201 1205/1213/1204
f 1198/1210/1201 1201/1209/1200 1195/1215/1206
f 1198/1210/1201 1195/1215/1206 1194/1216/1207
f 1199/1207/1198 1204/1214/1205 1185/1198/1189
f 1199/1207/1198 1185/1198/1189 1186/1197/1188
f 1200/1208/1199 1199/1207/1198 1186/1197/1188
f 1200/1208/1199 1186/1197/1188 1193/1192/1183
f 1205/1213/1204 1198/1210/1201 1194/1216/1207
f 1205/1213/1204 1194/1216/1207 1197/1204/1195
f 1201/1209/1200 1203/1211/1202 1196/1203/1194
f 1201/1209/1200 1196/1203/1194 1195/1215/1206
f 1202/1217/1203 1200/1218/1199 1193/1219/1183
f 1202/1217/1203 1193/1219/1183 1178/1220/1182
f 1203/1211/1202 1205/1213/1204 1197/1204/1195
f 1203/1211/1202 1197/1204/1195 1196/1203/1194
f 1204/1214/1205 1202/1212/1203 1178/1191/1182
f 1204/1214/1205 1178/1191/1182 1185/1198/1189
f 1213/1221/1208 1209/1222/1209 1211/1223/1210
f 1215/1224/1211 1212/1225/1212 1210/1226/1213
f 1213/1221/1208 1211/1223/1210 1214/1227/1214
f 1215/1224/1211 1216/1228/1215 1212/1225/1212
f 1213/1221/1208 1214/1227/1214 1209/1222/1209
f 1215/1224/1211 1210/1226/1213 1216/1228/1215
f 1209/1222/1209 1206/1229/1216 1207/1230/1217
f 1209/1222/1209 1207/1230/1217 1211/1223/1210
f 1214/1227/1214 1208/1231/1218 1206/1229/1216
f 1214/1227/1214 1206/1229/1216 1209/1222/1209
f 1208/1231/1218 1216/1228/1215 1210/1226/1213
f 1208/1231/1218 1210/1226/1213 1206/1229/1216
f 1206/1229/1216 1210/1226/1213 1212/1225/1212
f 1206/1229/1216 1212/1225/1212 1207/1230/1217
f 1211/1223/1210 1207/1230/1217 1208/1231/1218
f 1211/1223/1210 1208/1231/1218 1214/1227/1214
f 1207/1230/1217 1212/1225/1212 1216/1228/1215
f 1207/1230/1217 1216/1228/1215 1208/1231/1218
f 1224/1232/1219 1220/1233/1220 1222/1234/1221
f 1226/1235/1222 1223/1236/1223 1221/1237/1224
f 1224/1232/1219 1222/1234/1221 1225/1238/1225
f 1226/1235/1222 1227/1239/1226 1223/1236/1223
f 1224/1232/1219 1225/1238/1225 1220/1233/1220
f 1226/1235/1222 1221/1237/1224 1227/1239/1226
f 1220/1233/1220 1217/1240/1227 1218/1241/1228
f 1220/1233/1220 1218/1241/1228 1222/1234/1221
f 1225/1238/1225 1219/1242/1229 1217/1240/1227
f 1225/1238/1225 1217/1240/1227 1220/1233/1220
f 1219/1242/1229 1227/1239/1226 1221/1237/1224
f 1219/1242/1229 1221/1237/1224 1217/1240/1227
f 1217/1240/1227 1221/1237/1224 1223/1236/1223
f 1217/1240/1227 1223/1236/1223 1218/1241/1228
f 1222/1234/1221 1218/1241/1228 1219/1242/1229
f 1222/1234/1221 1219/1242/1229 1225/1238/1225
f 1218/1241/1228 1223/1236/1223 1227/1239/1226
f 1218/1241/1228 1227/1239/1226 1219/1242/1229
f 1235/1243/1230 1231/1244/1231 1233/1245/1232
f 1237/1246/1233 1234/1247/1234 1232/1248/1235
f 1235/1243/1230 1233/1245/1232 1236/1249/1236
f 1237/1246/1233 1238/1250/1237 1234/1247/1234
f 1235/1243/1230 1236/1249/1236 1231/1244/1231
f 1237/1246/1233 1232/1248/1235 1238/1250/1237
f 1231/1244/1231 1228/1251/1238 1229/1252/1239
f 1231/1244/1231 1229/1252/1239 1233/1245/1232
f 1236/1249/1236 1230/1253/1240 1228/1251/1238
f 1236/1249/1236 1228/1251/1238 1231/1244/1231
f 1230/1253/1240 1238/1250/1237 1232/1248/1235
f 1230/1253/1240 1232/1248/1235 1228/1251/1238
f 1228/1251/1238 1232/1248/1235 1234/1247/1234
f 1228/1251/1238 1234/1247/1234 1229/1252/1239
f 1233/1245/1232 1229/1252/1239 1230/1253/1240
f 1233/1245/1232 1230/1253/1240 1236/1249/1236
f 1229/1252/1239 1234/1247/1234 1238/1250/1237
f 1229/1252/1239 1238/1250/1237 1230/1253/1240
f 1246/1254/1241 1242/1255/1242 1244/1256/1243
f 1248/1257/1244 1245/1258/1245 1243/1259/1246
f 1246/1254/1241 1244/1256/1243 1247/1260/1247
f 1248/1257/1244 1249/1261/1248 1245/1258/1245
f 1246/1254/1241 1247/1260/1247 1242/1255/1242
f 1248/1257/1244 1243/1259/1246 1249/1261/1248
f 1242/1255/1242 1239/1262/1249 1240/1263/1250
f 1242/1255/1242 1240/1263/1250 1244/1256/1243
f 1247/1260/1247 1241/1264/1251 1239/1262/1249
f 1247/1260/1247 1239/1262/1249 1242/1255/1242
f 1241/1264/1251 1249/1261/1248 1243/1259/1246
f 1241/1264/1251 1243/1259/1246 1239/1262/1249
f 1239/1262/1249 1243/1259/1246 1245/1258/1245
f 1239/1262/1249 1245/1258/1245 1240/1263/1250
f 1244/1256/1243 1240/1263/1250 1241/1264/1251
f 1244/1256/1243 1241/1264/1251 1247/1260/1247
f 1240/1263/1250 1245/1258/1245 1249/1261/1248
f 1240/1263/1250 1249/1261/1248 1241/1264/1251
f 1257/1265/1252 1253/1266/1253 1255/1267/1254
f 1259/1268/1255 1256/1269/1256 1254/1270/1257
f 1257/1265/1252 1255/1267/1254 1258/1271/1258
f 1259/1268/1255 1260/1272/1259 1256/1269/1256
f 1257/1265/1252 1258/1271/1258 1253/1266/1253
f 1259/1268/1255 1254/1270/1257 1260/1272/1259
f 1253/1266/1253 1250/1273/1260 1251/1274/1261
f 1253/1266/1253 1251/1274/1261 1255/1267/1254
f 1258/1271/1258 1252/1275/1262 1250/1273/1260
f 1258/1271/1258 1250/1273/1260 1253/1266/1253
f 1252/1275/1262 1260/1272/1259 1254/1270/1257
f 1252/1275/1262 1254/1270/1257 1250/1273/1260
f 1250/1273/1260 1254/1270/1257 1256/1269/1256
f 1250/1273/1260 1256/1269/1256 1251/1274/1261
f 1255/1267/1254 1251/1274/1261 1252/1275/1262
f 1255/1267/1254 1252/1275/1262 1258/1271/1258
f 1251/1274/1261 1256/1269/1256 1260/1272/1259
f 1251/1274/1261 1260/1272/1259 1252/1275/1262
f 1268/1276/1263 1264/1277/1264 1266/1278/1265
f 1270/1279/1266 1267/1280/1267 1265/1281/1268
f 1268/1276/1263 1266/1278/1265 1269/1282/1269
f 1270/1279/1266 1271/1283/1270 1267/1280/1267
f 1268/1276/1263 1269/1282/1269 1264/1277/1264
f 1270/1279/1266 1265/1281/1268 1271/1283/1270
f 1264/1277/1264 1261/1284/1271 1262/1285/1272
f 1264/1277/1264 1262/1285/1272 1266/1278/1265
f 1269/1282/1269 1263/1286/1273 1261/1284/1271
f 1269/1282/1269 1261/1284/1271 1264/1277/1264
f 1263/1286/1273 1271/1283/1270 1265/1281/1268
f 1263/1286/1273 1265/1281/1268 1261/1284/1271
f 1261/1284/1271 1265/1281/1268 1267/1280/1267
f 1261/1284/1271 1267/1280/1267 1262/1285/1272
f 1266/1278/1265 1262/1285/1272 1263/1286/1273
f 1266/1278/1265 1263/1286/1273 1269/1282/1269
f 1262/1285/1272 1267/1280/1267 1271/1283/1270
f 1262/1285/1272 1271/1283/1270 1263/1286/1273
f 1279/1287/1274 1275/1288/1275 1277/1289/1276
f 1281/1290/1277 1278/1291/1278 1276/1292/1279
f 1279/1287/1274 1277/1289/1276 1280/1293/1280
f 1281/1290/1277 1282/1294/1281 1278/1291/1278
f 1279/1287/1274 1280/1293/1280 1275/1288/1275
f 1281/1290/1277 1276/1292/1279 1282/1294/1281
f 1275/1288/1275 1272/1295/1282 1273/1296/1283
f 1275/1288/1275 1273/1296/1283 1277/1289/1276
f 1280/1293/1280 1274/1297/1284 1272/1295/1282
f 1280/1293/1280 1272/1295/1282 1275/1288/1275
f 1274/1297/1284 1282/1294/1281 1276/1292/1279
f 1274/1297/1284 1276/1292/1279 1272/1295/1282
f 1272/1295/1282 1276/1292/1279 1278/1291/1278
f 1272/1295/1282 1278/1291/1278 1273/1296/1283
f 1277/1289/1276 1273/1296/1283 1274/1297/1284
f 1277/1289/1276 1274/1297/1284 1280/1293/1280
f 1273/1296/1283 1278/1291/1278 1282/1294/1281
f 1273/1296/1283 1282/1294/1281 1274/1297/1284
f 1290/1298/1285 1286/1299/1286 1288/1300/1287
f 1292/1301/1288 1289/1302/1289 1287/1303/1290
f 1290/1304/1285 1288/1305/1287 1291/1306/1291
f 1292/1301/1288 1293/1307/1292 1289/1302/1289
f 1290/1304/1285 1291/1306/1291 1286/1308/1286
f 1292/1301/1288 1287/1303/1290 1293/1307/1292
f 1286/1308/1286 1283/1309/1293 1284/1310/1294
f 1286/1308/1286 1284/1310/1294 1288/1305/1287
f 1291/1306/1291 1285/1311/1295 1283/1309/1293
f 1291/1306/1291 1283/1309/1293 1286/1308/1286
f 1285/1311/1295 1293/1307/1292 1287/1303/1290
f 1285/1311/1295 1287/1303/1290 1283/1309/1293
f 1283/1309/1293 1287/1303/1290 1289/1302/1289
f 1283/1309/1293 1289/1302/1289 1284/1310/1294
f 1288/1305/1287 1284/1310/1294 1285/1311/1295
f 1288/1305/1287 1285/1311/1295 1291/1306/1291
f 1284/1310/1294 1289/1302/1289 1293/1307/1292
f 1284/1310/1294 1293/1307/1292 1285/1311/1295
f 1301/1312/1296 1297/1313/1297 1299/1314/1298
f 1303/1315/1299 1300/1316/1300 1298/1317/1301
f 1301/1312/1296 1299/1314/1298 1302/1318/1302
f 1303/1315/1299 1304/1319/1303 1300/1316/1300
f 1301/1312/1296 1302/1318/1302 1297/1313/1297
f 1303/1315/1299 1298/1317/1301 1304/1319/1303
f 1297/1313/1297 1294/1320/1304 1295/1321/1305
f 1297/1313/1297 1295/1321/1305 1299/1314/1298
f 1302/1318/1302 1296/1322/1306 1294/1320/1304
f 1302/1318/1302 1294/1320/1304 1297/1313/1297
f 1296/1322/1306 1304/1319/1303 1298/1317/1301
f 1296/1322/1306 1298/1317/1301 1294/1320/1304
f 1294/1320/1304 1298/1317/1301 1300/1316/1300
f 1294/1320/1304 1300/1316/1300 1295/1321/1305
f 1299/1314/1298 1295/1321/1305 1296/1322/1306
f 1299/1314/1298 1296/1322/1306 1302/1318/1302
f 1295/1321/1305 1300/1316/1300 1304/1319/1303
f 1295/1321/1305 1304/1319/1303 1296/1322/1306
f 1312/1323/1307 1308/1324/1308 1310/1325/1309
f 1314/1326/1310 1311/1327/1311 1309/1328/1312
f 1312/1323/1307 1310/1325/1309 1313/1329/1313
f 1314/1326/1310 1315/1330/1314 1311/1327/1311
f 1312/1323/1307 1313/1329/1313 1308/1324/1308
f 1314/1326/1310 1309/1328/1312 1315/1330/1314
f 1308/1324/1308 1305/1331/1315 1306/1332/1316
f 1308/1324/1308 1306/1332/1316 1310/1325/1309
f 1313/1329/1313 1307/1333/1317 1305/1331/1315
f 1313/1329/1313 1305/1331/1315 1308/1324/1308
f 1307/1333/1317 1315/1330/1314 1309/1328/1312
f 1307/1333/1317 1309/1328/1312 1305/1331/1315
f 1305/1331/1315 1309/1328/1312 1311/1327/1311
f 1305/1331/1315 1311/1327/1311 1306/1332/1316
f 1310/1325/1309 1306/1332/1316 1307/1333/1317
f 1310/1325/1309 1307/1333/1317 1313/1329/1313
f 1306/1332/1316 1311/1327/1311 1315/1330/1314
f 1306/1332/1316 1315/1330/1314 1307/1333/1317
f 1323/1334/1318 1319/1335/1319 1321/1336/1320
f 1325/1337/1321 1322/1338/1322 1320/1339/1323
f 1323/1334/1318 1321/1336/1320 1324/1340/1324
f 1325/1337/1321 1326/1341/1325 1322/1338/1322
f 1323/1334/1318 1324/1340/1324 1319/1335/1319
f 1325/1337/1321 1320/1339/1323 1326/1341/1325
f 1319/1335/1319 1316/1342/1326 1317/1343/1327
f 1319/1335/1319 1317/1343/1327 1321/1336/1320
f 1324/1340/1324 1318/1344/1328 1316/1342/1326
f 1324/1340/1324 1316/1342/1326 1319/1335/1319
f 1318/1344/1328 1326/1341/1325 1320/1339/1323
f 1318/1344/1328 1320/1339/1323 1316/1342/1326
f 1316/1342/1326 1320/1339/1323 1322/1338/1322
f 1316/1342/1326 1322/1338/1322 1317/1343/1327
f 1321/1336/1320 1317/1343/1327 1318/1344/1328
f 1321/1336/1320 1318/1344/1328 1324/1340/1324
f 1317/1343/1327 1322/1338/1322 1326/1341/1325
f 1317/1343/1327 1326/1341/1325 1318/1344/1328
f 1334/1345/1329 1330/1346/1330 1332/1347/1331
f 1336/1348/1332 1333/1349/1333 1331/1350/1334
f 1334/1345/1329 1332/1347/1331 1335/1351/1335
f 1336/1348/1332 1337/1352/1336 1333/1349/1333
f 1334/1345/1329 1335/1351/1335 1330/1346/1330
f 1336/1348/1332 1331/1350/1334 1337/1352/1336
f 1330/1346/1330 1327/1353/1337 1328/1354/1338
f 1330/1346/1330 1328/1354/1338 1332/1347/1331
f 1335/1351/1335 1329/1355/1339 1327/1353/1337
f 1335/1351/1335 1327/1353/1337 1330/1346/1330
f 1329/1355/1339 1337/1352/1336 1331/1350/1334
f 1329/1355/1339 1331/1350/1334 1327/1353/1337
f 1327/1353/1337 1331/1350/1334 1333/1349/1333
f 1327/1353/1337 1333/1349/1333 1328/1354/1338
f 1332/1347/1331 1328/1354/1338 1329/1355/1339
f 1332/1347/1331 1329/1355/1339 1335/1351/1335
f 1328/1354/1338 1333/1349/1333 1337/1352/1336
f 1328/1354/1338 1337/1352/1336 1329/1355/1339
f 1345/1356/1340 1341/1357/1341 1343/1358/1342
f 1347/1359/1343 1344/1360/1344 1342/1361/1345
f 1345/1356/1340 1343/1358/1342 1346/1362/1346
f 1347/1359/1343 1348/1363/1347 1344/1360/1344
f 1345/1356/1340 1346/1362/1346 1341/1357/1341
f 1347/1359/1343 1342/1361/1345 1348/1363/1347
f 1341/1357/1341 1338/1364/1348 1339/1365/1349
f 1341/1357/1341 1339/1365/1349 1343/1358/1342
f 1346/1362/1346 1340/1366/1350 1338/1364/1348
f 1346/1362/1346 1338/1364/1348 1341/1357/1341
f 1340/1366/1350 1348/1363/1347 1342/1361/1345
f 1340/1366/1350 1342/1361/1345 1338/1364/1348
f 1338/1364/1348 1342/1361/1345 1344/1360/1344
f 1338/1364/1348 1344/1360/1344 1339/1365/1349
f 1343/1358/1342 1339/1365/1349 1340/1366/1350
f 1343/1358/1342 1340/1366/1350 1346/1362/1346
f 1339/1365/1349 1344/1360/1344 1348/1363/1347
f 1339/1365/1349 1348/1363/1347 1340/1366/1350
f 1356/1367/1351 1352/1368/1352 1354/1369/1353
f 1358/1370/1354 1355/1371/1355 1353/1372/1356
f 1356/1367/1351 1354/1369/1353 1357/1373/1357
f 1358/1370/1354 1359/1374/1358 1355/1371/1355
f 1356/1367/1351 1357/1373/1357 1352/1368/1352
f 1358/1370/1354 1353/1372/1356 1359/1374/1358
f 1352/1368/1352 1349/1375/1359 1350/1376/1360
f 1352/1368/1352 1350/1376/1360 1354/1369/1353
f 1357/1373/1357 1351/1377/1361 1349/1375/1359
f 1357/1373/1357 1349/1375/1359 1352/1368/1352
f 1351/1377/1361 1359/1374/1358 1353/1372/1356
f 1351/1377/1361 1353/1372/1356 1349/1375/1359
f 1349/1375/1359 1353/1372/1356 1355/1371/1355
f 1349/1375/1359 1355/1371/1355 1350/1376/1360
f 1354/1369/1353 1350/1376/1360 1351/1377/1361
f 1354/1369/1353 1351/1377/1361 1357/1373/1357
f 1350/1376/1360 1355/1371/1355 1359/1374/1358
f 1350/1376/1360 1359/1374/1358 1351/1377/1361
f 1367/1378/1362 1363/1379/1363 1365/1380/1364
f 1369/1381/1365 1366/1382/1366 1364/1383/1367
f 1367/1378/1362 1365/1380/1364 1368/1384/1368
f 1369/1381/1365 1370/1385/1369 1366/1382/1366
f 1367/1378/1362 1368/1384/1368 1363/1379/1363
f 1369/1381/1365 1364/1383/1367 1370/1385/1369
f 1363/1379/1363 1360/1386/1370 1361/1387/1371
f 1363/1379/1363 1361/1387/1371 1365/1380/1364
f 1368/1384/1368 1362/1388/1372 1360/1386/1370
f 1368/1384/1368 1360/1386/1370 1363/1379/1363
f 1362/1388/1372 1370/1385/1369 1364/1383/1367
f 1362/1388/1372 1364/1383/1367 1360/1386/1370
f 1360/1386/1370 1364/1383/1367 1366/1382/1366
f 1360/1386/1370 1366/1382/1366 1361/1387/1371
f 1365/1380/1364 1361/1387/1371 1362/1388/1372
f 1365/1380/1364 1362/1388/1372 1368/1384/1368
f 1361/1387/1371 1366/1382/1366 1370/1385/1369
f 1361/1387/1371 1370/1385/1369 1362/1388/1372
f 1378/1389/1373 1374/1390/1374 1376/1391/1375
f 1380/1392/1376 1377/1393/1377 1375/1394/1378
f 1378/1389/1373 1376/1391/1375 1379/1395/1379
f 1380/1392/1376 1381/1396/1380 1377/1393/1377
f 1378/1389/1373 1379/1395/1379 1374/1390/1374
f 1380/1392/1376 1375/1394/1378 1381/1396/1380
f 1374/1390/1374 1371/1397/1381 1372/1398/1382
f 1374/1390/1374 1372/1398/1382 1376/1391/1375
f 1379/1395/1379 1373/1399/1383 1371/1397/1381
f 1379/1395/1379 1371/1397/1381 1374/1390/1374
f 1373/1399/1383 1381/1396/1380 1375/1394/1378
f 1373/1399/1383 1375/1394/1378 1371/1397/1381
f 1371/1397/1381 1375/1394/1378 1377/1393/1377
f 1371/1397/1381 1377/1393/1377 1372/1398/1382
f 1376/1391/1375 1372/1398/1382 1373/1399/1383
f 1376/1391/1375 1373/1399/1383 1379/1395/1379
f 1372/1398/1382 1377/1393/1377 1381/1396/1380
f 1372/1398/1382 1381/1396/1380 1373/1399/1383
f 1389/1400/1384 1385/1401/1385 1387/1402/1386
f 1391/1403/1387 1388/1404/1388 1386/1405/1389
f 1389/1400/1384 1387/1402/1386 1390/1406/1390
f 1391/1403/1387 1392/1407/1391 1388/1404/1388
f 1389/1400/1384 1390/1406/1390 1385/1401/1385
f 1391/1403/1387 1386/1405/1389 1392/1407/1391
f 1385/1401/1385 1382/1408/1392 1383/1409/1393
f 1385/1401/1385 1383/1409/1393 1387/1402/1386
f 1390/1406/1390 1384/1410/1394 1382/1408/1392
f 1390/1406/1390 1382/1408/1392 1385/1401/1385
f 1384/1410/1394 1392/1407/1391 1386/1405/1389
f 1384/1410/1394 1386/1405/1389 1382/1408/1392
f 1382/1408/1392 1386/1405/1389 1388/1404/1388
f 1382/1408/1392 1388/1404/1388 1383/1409/1393
f 1387/1402/1386 1383/1409/1393 1384/1410/1394
f 1387/1402/1386 1384/1410/1394 1390/1406/1390
f 1383/1409/1393 1388/1404/1388 1392/1407/1391
f 1383/1409/1393 1392/1407/1391 1384/1410/1394
f 1400/1411/1395 1396/1412/1396 1398/1413/1397
f 1402/1414/1398 1399/1415/1399 1397/1416/1400
f 1400/1411/1395 1398/1413/1397 1401/1417/1401
f 1402/1414/1398 1403/1418/1402 1399/1415/1399
f 1400/1411/1395 1401/1417/1401 1396/1412/1396
f 1402/1414/1398 1397/1416/1400 1403/1418/1402
f 1396/1412/1396 1393/1419/1403 1394/1420/1404
f 1396/1412/1396 1394/1420/1404 1398/1413/1397
f 1401/1417/1401 1395/1421/1405 1393/1419/1403
f 1401/1417/1401 1393/1419/1403 1396/1412/1396
f 1395/1421/1405 1403/1418/1402 1397/1416/1400
f 1395/1421/1405 1397/1416/1400 1393/1419/1403
f 1393/1419/1403 1397/1416/1400 1399/1415/1399
f 1393/1419/1403 1399/1415/1399 1394/1420/1404
f 1398/1413/1397 1394/1420/1404 1395/1421/1405
f 1398/1413/1397 1395/1421/1405 1401/1417/1401
f 1394/1420/1404 1399/1415/1399 1403/1418/1402
f 1394/1420/1404 1403/1418/1402 1395/1421/1405
f 1411/1422/1406 1407/1423/1407 1409/1424/1408
f 1413/1425/1409 1410/1426/1410 1408/1427/1411
f 1411/1422/1406 1409/1424/1408 1412/1428/1412
f 1413/1425/1409 1414/1429/1413 1410/1426/1410
f 1411/1422/1406 1412/1428/1412 1407/1423/1407
f 1413/1425/1409 1408/1427/1411 1414/1429/1413
f 1407/1423/1407 1404/1430/1414 1405/1431/1415
f 1407/1423/1407 1405/1431/1415 1409/1424/1408
f 1412/1428/1412 1406/1432/1416 1404/1430/1414
f 1412/1428/1412 1404/1430/1414 1407/1423/1407
f 1406/1432/1416 1414/1429/1413 1408/1427/1411
f 1406/1432/1416 1408/1427/1411 1404/1430/1414
f 1404/1430/1414 1408/1427/1411 1410/1426/1410
f 1404/1430/1414 1410/1426/1410 1405/1431/1415
f 1409/1424/1408 1405/1431/1415 1406/1432/1416
f 1409/1424/1408 1406/1432/1416 1412/1428/1412
f 1405/1431/1415 1410/1426/1410 1414/1429/1413
f 1405/1431/1415 1414/1429/1413 1406/1432/1416
f 1417/1206/1197 1418/1205/1196 1415/1433/1417
f 1417/1206/1197 1415/1433/1417 1416/1434/1418
f 1194/1216/1207 1195/1215/1206 1416/1434/1418
f 1194/1216/1207 1416/1434/1418 1415/1433/1417
f 1197/1204/1195 1194/1216/1207 1415/1433/1417
f 1197/1204/1195 1415/1433/1417 1418/1205/1196
f 1195/1215/1206 1196/1203/1194 1417/1206/1197
f 1195/1215/1206 1417/1206/1197 1416/1434/1418
f 1421/1435/1419 1420/1436/1420 1419/1437/1421
f 1421/1435/1419 1419/1437/1421 1422/1438/1422
f 1427/1439/1423 1426/1440/1424 1421/1435/1419
f 1427/1439/1423 1421/1435/1419 1422/1438/1422
f 1435/1441/1425 1434/1442/1426 1419/1437/1421
f 1435/1441/1425 1419/1437/1421 1420/1436/1420
f 1434/1442/1426 1427/1439/1423 1422/1438/1422
f 1434/1442/1426 1422/1438/1422 1419/1437/1421
f 1426/1440/1424 1435/1441/1425 1420/1436/1420
f 1426/1440/1424 1420/1436/1420 1421/1435/1419
f 1423/1443/1427 1438/1444/1428 1437/1445/1429
f 1423/1443/1427 1437/1445/1429 1424/1446/1430
f 1424/1446/1430 1437/1445/1429 1436/1447/1431
f 1424/1446/1430 1436/1447/1431 1425/1448/1432
f 1425/1448/1432 1436/1447/1431 1435/1441/1425
f 1425/1448/1432 1435/1441/1425 1426/1440/1424
f 1431/1449/1433 1430/1450/1434 1429/1451/1435
f 1431/1449/1433 1429/1451/1435 1432/1452/1436
f 1432/1452/1436 1429/1451/1435 1428/1453/1437
f 1432/1452/1436 1428/1453/1437 1433/1454/1438
f 1433/1454/1438 1428/1453/1437 1427/1439/1423
f 1433/1454/1438 1427/1439/1423 1434/1442/1426
f 1438/1444/1428 1431/1449/1433 1432/1452/1436
f 1438/1444/1428 1432/1452/1436 1437/1445/1429
f 1437/1445/1429 1432/1452/1436 1433/1454/1438
f 1437/1445/1429 1433/1454/1438 1436/1447/1431
f 1436/1447/1431 1433/1454/1438 1434/1442/1426
f 1436/1447/1431 1434/1442/1426 1435/1441/1425
f 1430/1450/1434 1423/1443/1427 1424/1446/1430
f 1430/1450/1434 1424/1446/1430 1429/1451/1435
f 1429/1451/1435 1424/1446/1430 1425/1448/1432
f 1429/1451/1435 1425/1448/1432 1428/1453/1437
f 1428/1453/1437 1425/1448/1432 1426/1440/1424
f 1428/1453/1437 1426/1440/1424 1427/1439/1423
f 1441/1455/1439 1442/1456/1440 1652/1457/1441
f 1441/1455/1439 1652/1457/1441 1651/1458/1442
f 1444/1459/1443 1445/1460/1444 1446/1461/1445
f 1444/1459/1443 1446/1461/1445 1443/1462/1446
f 1448/1463/1447 1446/1461/1445 1445/1460/1444
f 1448/1463/1447 1445/1460/1444 1447/1464/1448
f 1450/1465/1449 1448/1463/1447 1447/1464/1448
f 1450/1465/1449 1447/1464/1448 1449/1466/1450
f 1449/1466/1450 1444/1459/1443 1443/1462/1446
f 1449/1466/1450 1443/1462/1446 1450/1465/1449
f 1443/1462/1446 1446/1461/1445 1440/1467/1451
f 1443/1462/1446 1440/1467/1451 1439/1468/1452
f 1444/1459/1443 1449/1466/1450 1430/1450/1434
f 1444/1459/1443 1430/1450/1434 1431/1449/1433
f 1445/1460/1444 1444/1459/1443 1431/1449/1433
f 1445/1460/1444 1431/1449/1433 1438/1444/1428
f 1450/1465/1449 1443/1462/1446 1439/1468/1452
f 1450/1465/1449 1439/1468/1452 1442/1456/1440
f 1446/1461/1445 1448/1463/1447 1441/1455/1439
f 1446/1461/1445 1441/1455/1439 1440/1467/1451
f 1447/1464/1448 1445/1460/1444 1438/1444/1428
f 1447/1464/1448 1438/1444/1428 1423/1443/1427
f 1448/1463/1447 1450/1465/1449 1442/1456/1440
f 1448/1463/1447 1442/1456/1440 1441/1455/1439
f 1449/1466/1450 1447/1464/1448 1423/1443/1427
f 1449/1466/1450 1423/1443/1427 1430/1450/1434
f 1458/1469/1453 1454/1470/1454 1456/1471/1455
f 1460/1472/1456 1457/1473/1457 1455/1474/1458
f 1458/1469/1453 1456/1471/1455 1459/1475/1459
f 1460/1472/1456 1461/1476/1460 1457/1473/1457
f 1458/1469/1453 1459/1475/1459 1454/1470/1454
f 1460/1472/1456 1455/1474/1458 1461/1476/1460
f 1454/1470/1454 1451/1477/1461 1452/1478/1462
f 1454/1470/1454 1452/1478/1462 1456/1471/1455
f 1459/1475/1459 1453/1479/1463 1451/1477/1461
f 1459/1475/1459 1451/1477/1461 1454/1470/1454
f 1453/1479/1463 1461/1476/1460 1455/1474/1458
f 1453/1479/1463 1455/1474/1458 1451/1477/1461
f 1451/1477/1461 1455/1474/1458 1457/1473/1457
f 1451/1477/1461 1457/1473/1457 1452/1478/1462
f 1456/1471/1455 1452/1478/1462 1453/1479/1463
f 1456/1471/1455 1453/1479/1463 1459/1475/1459
f 1452/1478/1462 1457/1473/1457 1461/1476/1460
f 1452/1478/1462 1461/1476/1460 1453/1479/1463
f 1469/1480/1464 1465/1481/1465 1467/1482/1466
f 1471/1483/1467 1468/1484/1468 1466/1485/1469
f 1469/1480/1464 1467/1482/1466 1470/1486/1470
f 1471/1483/1467 1472/1487/1471 1468/1484/1468
f 1469/1480/1464 1470/1486/1470 1465/1481/1465
f 1471/1483/1467 1466/1485/1469 1472/1487/1471
f 1465/1481/1465 1462/1488/1472 1463/1489/1473
f 1465/1481/1465 1463/1489/1473 1467/1482/1466
f 1470/1486/1470 1464/1490/1474 1462/1488/1472
f 1470/1486/1470 1462/1488/1472 1465/1481/1465
f 1464/1490/1474 1472/1487/1471 1466/1485/1469
f 1464/1490/1474 1466/1485/1469 1462/1488/1472
f 1462/1488/1472 1466/1485/1469 1468/1484/1468
f 1462/1488/1472 1468/1484/1468 1463/1489/1473
f 1467/1482/1466 1463/1489/1473 1464/1490/1474
f 1467/1482/1466 1464/1490/1474 1470/1486/1470
f 1463/1489/1473 1468/1484/1468 1472/1487/1471
f 1463/1489/1473 1472/1487/1471 1464/1490/1474
f 1480/1491/1475 1476/1492/1476 1478/1493/1477
f 1482/1494/1478 1479/1495/1479 1477/1496/1480
f 1480/1491/1475 1478/1493/1477 1481/1497/1481
f 1482/1494/1478 1483/1498/1482 1479/1495/1479
f 1480/1491/1475 1481/1497/1481 1476/1492/1476
f 1482/1494/1478 1477/1496/1480 1483/1498/1482
f 1476/1492/1476 1473/1499/1483 1474/1500/1484
f 1476/1492/1476 1474/1500/1484 1478/1493/1477
f 1481/1497/1481 1475/1501/1485 1473/1499/1483
f 1481/1497/1481 1473/1499/1483 1476/1492/1476
f 1475/1501/1485 1483/1498/1482 1477/1496/1480
f 1475/1501/1485 1477/1496/1480 1473/1499/1483
f 1473/1499/1483 1477/1496/1480 1479/1495/1479
f 1473/1499/1483 1479/1495/1479 1474/1500/1484
f 1478/1493/1477 1474/1500/1484 1475/1501/1485
f 1478/1493/1477 1475/1501/1485 1481/1497/1481
f 1474/1500/1484 1479/1495/1479 1483/1498/1482
f 1474/1500/1484 1483/1498/1482 1475/1501/1485
f 1491/1502/1486 1487/1503/1487 1489/1504/1488
f 1493/1505/1489 1490/1506/1490 1488/1507/1491
f 1491/1502/1486 1489/1504/1488 1492/1508/1492
f 1493/1505/1489 1494/1509/1493 1490/1506/1490
f 1491/1502/1486 1492/1508/1492 1487/1503/1487
f 1493/1505/1489 1488/1507/1491 1494/1509/1493
f 1487/1503/1487 1484/1510/1494 1485/1511/1495
f 1487/1503/1487 1485/1511/1495 1489/1504/1488
f 1492/1508/1492 1486/1512/1496 1484/1510/1494
f 1492/1508/1492 1484/1510/1494 1487/1503/1487
f 1486/1512/1496 1494/1509/1493 1488/1507/1491
f 1486/1512/1496 1488/1507/1491 1484/1510/1494
f 1484/1510/1494 1488/1507/1491 1490/1506/1490
f 1484/1510/1494 1490/1506/1490 1485/1511/1495
f 1489/1504/1488 1485/1511/1495 1486/1512/1496
f 1489/1504/1488 1486/1512/1496 1492/1508/1492
f 1485/1511/1495 1490/1506/1490 1494/1509/1493
f 1485/1511/1495 1494/1509/1493 1486/1512/1496
f 1502/1513/1497 1498/1514/1498 1500/1515/1499
f 1504/1516/1500 1501/1517/1501 1499/1518/1502
f 1502/1513/1497 1500/1515/1499 1503/1519/1503
f 1504/1516/1500 1505/1520/1504 1501/1517/1501
f 1502/1513/1497 1503/1519/1503 1498/1514/1498
f 1504/1516/1500 1499/1518/1502 1505/1520/1504
f 1498/1514/1498 1495/1521/1505 1496/1522/1506
f 1498/1514/1498 1496/1522/1506 1500/1515/1499
f 1503/1519/1503 1497/1523/1507 1495/1521/1505
f 1503/1519/1503 1495/1521/1505 1498/1514/1498
f 1497/1523/1507 1505/1520/1504 1499/1518/1502
f 1497/1523/1507 1499/1518/1502 1495/1521/1505
f 1495/1521/1505 1499/1518/1502 1501/1517/1501
f 1495/1521/1505 1501/1517/1501 1496/1522/1506
f 1500/1515/1499 1496/1522/1506 1497/1523/1507
f 1500/1515/1499 1497/1523/1507 1503/1519/1503
f 1496/1522/1506 1501/1517/1501 1505/1520/1504
f 1496/1522/1506 1505/1520/1504 1497/1523/1507
f 1513/1524/1508 1509/1525/1509 1511/1526/1510
f 1515/1527/1511 1512/1528/1512 1510/1529/1513
f 1513/1524/1508 1511/1526/1510 1514/1530/1514
f 1515/1527/1511 1516/1531/1515 1512/1528/1512
f 1513/1524/1508 1514/1530/1514 1509/1525/1509
f 1515/1527/1511 1510/1529/1513 1516/1531/1515
f 1509/1525/1509 1506/1532/1516 1507/1533/1517
f 1509/1525/1509 1507/1533/1517 1511/1526/1510
f 1514/1530/1514 1508/1534/1518 1506/1532/1516
f 1514/1530/1514 1506/1532/1516 1509/1525/1509
f 1508/1534/1518 1516/1531/1515 1510/1529/1513
f 1508/1534/1518 1510/1529/1513 1506/1532/1516
f 1506/1532/1516 1510/1529/1513 1512/1528/1512
f 1506/1532/1516 1512/1528/1512 1507/1533/1517
f 1511/1526/1510 1507/1533/1517 1508/1534/1518
f 1511/1526/1510 1508/1534/1518 1514/1530/1514
f 1507/1533/1517 1512/1528/1512 1516/1531/1515
f 1507/1533/1517 1516/1531/1515 1508/1534/1518
f 1524/1535/1519 1520/1536/1520 1522/1537/1521
f 1526/1538/1522 1523/1539/1523 1521/1540/1524
f 1524/1535/1519 1522/1537/1521 1525/1541/1525
f 1526/1538/1522 1527/1542/1526 1523/1539/1523
f 1524/1535/1519 1525/1541/1525 1520/1536/1520
f 1526/1538/1522 1521/1540/1524 1527/1542/1526
f 1520/1536/1520 1517/1543/1527 1518/1544/1528
f 1520/1536/1520 1518/1544/1528 1522/1537/1521
f 1525/1541/1525 1519/1545/1529 1517/1543/1527
f 1525/1541/1525 1517/1543/1527 1520/1536/1520
f 1519/1545/1529 1527/1542/1526 1521/1540/1524
f 1519/1545/1529 1521/1540/1524 1517/1543/1527
f 1517/1543/1527 1521/1540/1524 1523/1539/1523
f 1517/1543/1527 1523/1539/1523 1518/1544/1528
f 1522/1537/1521 1518/1544/1528 1519/1545/1529
f 1522/1537/1521 1519/1545/1529 1525/1541/1525
f 1518/1544/1528 1523/1539/1523 1527/1542/1526
f 1518/1544/1528 1527/1542/1526 1519/1545/1529
f 1535/1546/1530 1531/1547/1531 1533/1548/1532
f 1537/1549/1533 1534/1550/1534 1532/1551/1535
f 1535/1546/1530 1533/1548/1532 1536/1552/1536
f 1537/1549/1533 1538/1553/1537 1534/1550/1534
f 1535/1546/1530 1536/1552/1536 1531/1547/1531
f 1537/1549/1533 1532/1551/1535 1538/1553/1537
f 1531/1547/1531 1528/1554/1538 1529/1555/1539
f 1531/1547/1531 1529/1555/1539 1533/1548/1532
f 1536/1552/1536 1530/1556/1540 1528/1554/1538
f 1536/1552/1536 1528/1554/1538 1531/1547/1531
f 1530/1556/1540 1538/1553/1537 1532/1551/1535
f 1530/1556/1540 1532/1551/1535 1528/1554/1538
f 1528/1554/1538 1532/1551/1535 1534/1550/1534
f 1528/1554/1538 1534/1550/1534 1529/1555/1539
f 1533/1548/1532 1529/1555/1539 1530/1556/1540
f 1533/1548/1532 1530/1556/1540 1536/1552/1536
f 1529/1555/1539 1534/1550/1534 1538/1553/1537
f 1529/1555/1539 1538/1553/1537 1530/1556/1540
f 1546/1557/1541 1542/1558/1542 1544/1559/1543
f 1548/1560/1544 1545/1561/1545 1543/1562/1546
f 1546/1557/1541 1544/1559/1543 1547/1563/1547
f 1548/1560/1544 1549/1564/1548 1545/1561/1545
f 1546/1557/1541 1547/1563/1547 1542/1558/1542
f 1548/1560/1544 1543/1562/1546 1549/1564/1548
f 1542/1558/1542 1539/1565/1549 1540/1566/1550
f 1542/1558/1542 1540/1566/1550 1544/1559/1543
f 1547/1563/1547 1541/1567/1551 1539/1565/1549
f 1547/1563/1547 1539/1565/1549 1542/1558/1542
f 1541/1567/1551 1549/1564/1548 1543/1562/1546
f 1541/1567/1551 1543/1562/1546 1539/1565/1549
f 1539/1565/1549 1543/1562/1546 1545/1561/1545
f 1539/1565/1549 1545/1561/1545 1540/1566/1550
f 1544/1559/1543 1540/1566/1550 1541/1567/1551
f 1544/1559/1543 1541/1567/1551 1547/1563/1547
f 1540/1566/1550 1545/1561/1545 1549/1564/1548
f 1540/1566/1550 1549/1564/1548 1541/1567/1551
f 1557/1568/1552 1553/1569/1553 1555/1570/1554
f 1559/1571/1555 1556/1572/1556 1554/1573/1557
f 1557/1568/1552 1555/1570/1554 1558/1574/1558
f 1559/1571/1555 1560/1575/1559 1556/1572/1556
f 1557/1568/1552 1558/1574/1558 1553/1569/1553
f 1559/1571/1555 1554/1573/1557 1560/1575/1559
f 1553/1569/1553 1550/1576/1560 1551/1577/1561
f 1553/1569/1553 1551/1577/1561 1555/1570/1554
f 1558/1574/1558 1552/1578/1562 1550/1576/1560
f 1558/1574/1558 1550/1576/1560 1553/1569/1553
f 1552/1578/1562 1560/1575/1559 1554/1573/1557
f 1552/1578/1562 1554/1573/1557 1550/1576/1560
f 1550/1576/1560 1554/1573/1557 1556/1572/1556
f 1550/1576/1560 1556/1572/1556 1551/1577/1561
f 1555/1570/1554 1551/1577/1561 1552/1578/1562
f 1555/1570/1554 1552/1578/1562 1558/1574/1558
f 1551/1577/1561 1556/1572/1556 1560/1575/1559
f 1551/1577/1561 1560/1575/1559 1552/1578/1562
f 1568/1579/1563 1564/1580/1564 1566/1581/1565
f 1570/1582/1566 1567/1583/1567 1565/1584/1568
f 1568/1579/1563 1566/1581/1565 1569/1585/1569
f 1570/1582/1566 1571/1586/1570 1567/1583/1567
f 1568/1579/1563 1569/1585/1569 1564/1580/1564
f 1570/1582/1566 1565/1584/1568 1571/1586/1570
f 1564/1580/1564 1561/1587/1571 1562/1588/1572
f 1564/1580/1564 1562/1588/1572 1566/1581/1565
f 1569/1585/1569 1563/1589/1573 1561/1587/1571
f 1569/1585/1569 1561/1587/1571 1564/1580/1564
f 1563/1589/1573 1571/1586/1570 1565/1584/1568
f 1563/1589/1573 1565/1584/1568 1561/1587/1571
f 1561/1587/1571 1565/1584/1568 1567/1583/1567
f 1561/1587/1571 1567/1583/1567 1562/1588/1572
f 1566/1581/1565 1562/1588/1572 1563/1589/1573
f 1566/1581/1565 1563/1589/1573 1569/1585/1569
f 1562/1588/1572 1567/1583/1567 1571/1586/1570
f 1562/1588/1572 1571/1586/1570 1563/1589/1573
f 1579/1590/1574 1575/1591/1575 1577/1592/1576
f 1581/1593/1577 1578/1594/1578 1576/1595/1579
f 1579/1590/1574 1577/1592/1576 1580/1596/1580
f 1581/1593/1577 1582/1597/1581 1578/1594/1578
f 1579/1590/1574 1580/1596/1580 1575/1591/1575
f 1581/1593/1577 1576/1595/1579 1582/1597/1581
f 1575/1591/1575 1572/1598/1582 1573/1599/1583
f 1575/1591/1575 1573/1599/1583 1577/1592/1576
f 1580/1596/1580 1574/1600/1584 1572/1598/1582
f 1580/1596/1580 1572/1598/1582 1575/1591/1575
f 1574/1600/1584 1582/1597/1581 1576/1595/1579
f 1574/1600/1584 1576/1595/1579 1572/1598/1582
f 1572/1598/1582 1576/1595/1579 1578/1594/1578
f 1572/1598/1582 1578/1594/1578 1573/1599/1583
f 1577/1592/1576 1573/1599/1583 1574/1600/1584
f 1577/1592/1576 1574/1600/1584 1580/1596/1580
f 1573/1599/1583 1578/1594/1578 1582/1597/1581
f 1573/1599/1583 1582/1597/1581 1574/1600/1584
f 1590/1601/1585 1586/1602/1586 1588/1603/1587
f 1592/1604/1588 1589/1605/1589 1587/1606/1590
f 1590/1601/1585 1588/1603/1587 1591/1607/1591
f 1592/1604/1588 1593/1608/1592 1589/1605/1589
f 1590/1601/1585 1591/1607/1591 1586/1602/1586
f 1592/1604/1588 1587/1606/1590 1593/1608/1592
f 1586/1602/1586 1583/1609/1593 1584/1610/1594
f 1586/1602/1586 1584/1610/1594 1588/1603/1587
f 1591/1607/1591 1585/1611/1595 1583/1609/1593
f 1591/1607/1591 1583/1609/1593 1586/1602/1586
f 1585/1611/1595 1593/1608/1592 1587/1606/1590
f 1585/1611/1595 1587/1606/1590 1583/1609/1593
f 1583/1609/1593 1587/1606/1590 1589/1605/1589
f 1583/1609/1593 1589/1605/1589 1584/1610/1594
f 1588/1603/1587 1584/1610/1594 1585/1611/1595
f 1588/1603/1587 1585/1611/1595 1591/1607/1591
f 1584/1610/1594 1589/1605/1589 1593/1608/1592
f 1584/1610/1594 1593/1608/1592 1585/1611/1595
f 1601/1612/1596 1597/1613/1597 1599/1614/1598
f 1603/1615/1599 1600/1616/1600 1598/1617/1601
f 1601/1612/1596 1599/1614/1598 1602/1618/1602
f 1603/1615/1599 1604/1619/1603 1600/1616/1600
f 1601/1612/1596 1602/1618/1602 1597/1613/1597
f 1603/1615/1599 1598/1617/1601 1604/1619/1603
f 1597/1613/1597 1594/1620/1604 1595/1621/1605
f 1597/1613/1597 1595/1621/1605 1599/1614/1598
f 1602/1618/1602 1596/1622/1606 1594/1620/1604
f 1602/1618/1602 1594/1620/1604 1597/1613/1597
f 1596/1622/1606 1604/1619/1603 1598/1617/1601
f 1596/1622/1606 1598/1617/1601 1594/1620/1604
f 1594/1620/1604 1598/1617/1601 1600/1616/1600
f 1594/1620/1604 1600/1616/1600 1595/1621/1605
f 1599/1614/1598 1595/1621/1605 1596/1622/1606
f 1599/1614/1598 1596/1622/1606 1602/1618/1602
f 1595/1621/1605 1600/1616/1600 1604/1619/1603
f 1595/1621/1605 1604/1619/1603 1596/1622/1606
f 1612/1623/1607 1608/1624/1608 1610/1625/1609
f 1614/1626/1610 1611/1627/1611 1609/1628/1612
f 1612/1623/1607 1610/1625/1609 1613/1629/1613
f 1614/1626/1610 1615/1630/1614 1611/1627/1611
f 1612/1623/1607 1613/1629/1613 1608/1624/1608
f 1614/1626/1610 1609/1628/1612 1615/1630/1614
f 1608/1624/1608 1605/1631/1615 1606/1632/1616
f 1608/1624/1608 1606/1632/1616 1610/1625/1609
f 1613/1629/1613 1607/1633/1617 1605/1631/1615
f 1613/1629/1613 1605/1631/1615 1608/1624/1608
f 1607/1633/1617 1615/1630/1614 1609/1628/1612
f 1607/1633/1617 1609/1628/1612 1605/1631/1615
f 1605/1631/1615 1609/1628/1612 1611/1627/1611
f 1605/1631/1615 1611/1627/1611 1606/1632/1616
f 1610/1625/1609 1606/1632/1616 1607/1633/1617
f 1610/1625/1609 1607/1633/1617 1613/1629/1613
f 1606/1632/1616 1611/1627/1611 1615/1630/1614
f 1606/1632/1616 1615/1630/1614 1607/1633/1617
f 1623/1634/1618 1619/1635/1619 1621/1636/1620
f 1625/1637/1621 1622/1638/1622 1620/1639/1623
f 1623/1634/1618 1621/1636/1620 1624/1640/1624
f 1625/1637/1621 1626/1641/1625 1622/1638/1622
f 1623/1634/1618 1624/1640/1624 1619/1635/1619
f 1625/1637/1621 1620/1639/1623 1626/1641/1625
f 1619/1635/1619 1616/1642/1626 1617/1643/1627
f 1619/1635/1619 1617/1643/1627 1621/1636/1620
f 1624/1640/1624 1618/1644/1628 1616/1642/1626
f 1624/1640/1624 1616/1642/1626 1619/1635/1619
f 1618/1644/1628 1626/1641/1625 1620/1639/1623
f 1618/1644/1628 1620/1639/1623 1616/1642/1626
f 1616/1642/1626 1620/1639/1623 1622/1638/1622
f 1616/1642/1626 1622/1638/1622 1617/1643/1627
f 1621/1636/1620 1617/1643/1627 1618/1644/1628
f 1621/1636/1620 1618/1644/1628 1624/1640/1624
f 1617/1643/1627 1622/1638/1622 1626/1641/1625
f 1617/1643/1627 1626/1641/1625 1618/1644/1628
f 1634/1645/1629 1630/1646/1630 1632/1647/1631
f 1636/1648/1632 1633/1649/1633 1631/1650/1634
f 1634/1645/1629 1632/1647/1631 1635/1651/1635
f 1636/1648/1632 1637/1652/1636 1633/1649/1633
f 1634/1645/1629 1635/1651/1635 1630/1646/1630
f 1636/1648/1632 1631/1650/1634 1637/1652/1636
f 1630/1646/1630 1627/1653/1637 1628/1654/1638
f 1630/1646/1630 1628/1654/1638 1632/1647/1631
f 1635/1651/1635 1629/1655/1639 1627/1653/1637
f 1635/1651/1635 1627/1653/1637 1630/1646/1630
f 1629/1655/1639 1637/1652/1636 1631/1650/1634
f 1629/1655/1639 1631/1650/1634 1627/1653/1637
f 1627/1653/1637 1631/1650/1634 1633/1649/1633
f 1627/1653/1637 1633/1649/1633 1628/1654/1638
f 1632/1647/1631 1628/1654/1638 1629/1655/1639
f 1632/1647/1631 1629/1655/1639 1635/1651/1635
f 1628/1654/1638 1633/1649/1633 1637/1652/1636
f 1628/1654/1638 1637/1652/1636 1629/1655/1639
f 1645/1656/1640 1641/1657/1641 1643/1658/1642
f 1647/1659/1643 1644/1660/1644 1642/1661/1645
f 1645/1656/1640 1643/1658/1642 1646/1662/1646
f 1647/1659/1643 1648/1663/1647 1644/1660/1644
f 1645/1656/1640 1646/1662/1646 1641/1657/1641
f 1647/1659/1643 1642/1661/1645 1648/1663/1647
f 1641/1657/1641 1638/1664/1648 1639/1665/1649
f 1641/1657/1641 1639/1665/1649 1643/1658/1642
f 1646/1662/1646 1640/1666/1650 1638/1664/1648
f 1646/1662/1646 1638/1664/1648 1641/1657/1641
f 1640/1666/1650 1648/1663/1647 1642/1661/1645
f 1640/1666/1650 1642/1661/1645 1638/1664/1648
f 1638/1664/1648 1642/1661/1645 1644/1660/1644
f 1638/1664/1648 1644/1660/1644 1639/1665/1649
f 1643/1658/1642 1639/1665/1649 1640/1666/1650
f 1643/1658/1642 1640/1666/1650 1646/1662/1646
f 1639/1665/1649 1644/1660/1644 1648/1663/1647
f 1639/1665/1649 1648/1663/1647 1640/1666/1650
f 1651/1458/1442 1652/1457/1441 1649/1667/1651
f 1651/1458/1442 1649/1667/1651 1650/1668/1652
f 1439/1468/1452 1440/1467/1451 1650/1668/1652
f 1439/1468/1452 1650/1668/1652 1649/1667/1651
f 1442/1456/1440 1439/1468/1452 1649/1667/1651
f 1442/1456/1440 1649/1667/1651 1652/1457/1441
f 1440/1467/1451 1441/1455/1439 1651/1458/1442
f 1440/1467/1451 1651/1458/1442 1650/1668/1652
f 1675/1669/1653 1674/1670/1654 1683/1671/1655
f 1675/1669/1653 1683/1671/1655 1682/1672/1656
f 1653/1673/1657 1654/1674/1658 1678/1675/1659
f 1653/1673/1657 1678/1675/1659 1677/1676/1660
f 1669/1677/1661 1653/1673/1657 1677/1676/1660
f 1669/1677/1661 1677/1676/1660 1676/1678/1662
f 1688/1679/1663 1669/1677/1661 1676/1678/1662
f 1688/1679/1663 1676/1678/1662 1691/1680/1664
f 1674/1670/1654 1673/1681/1665 1684/1682/1666
f 1674/1670/1654 1684/1682/1666 1683/1671/1655
f 1689/1683/1667 1675/1669/1653 1682/1672/1656
f 1689/1683/1667 1682/1672/1656 1692/1684/1668
f 1688/1679/1663 1664/1685/1669 1663/1686/1670
f 1688/1679/1663 1663/1686/1670 1686/1687/1671
f 1689/1683/1667 1668/1688/1672 1667/1689/1673
f 1689/1683/1667 1667/1689/1673 1691/1680/1664
f 1690/1690/1674 1666/1691/1675 1665/1692/1676
f 1690/1690/1674 1665/1692/1676 1692/1684/1668
f 1663/1686/1670 1664/1685/1669 1667/1689/1673
f 1663/1686/1670 1667/1689/1673 1668/1688/1672
f 1663/1686/1670 1668/1688/1672 1665/1692/1676
f 1663/1686/1670 1665/1692/1676 1666/1691/1675
f 1663/1686/1670 1666/1691/1675 1661/1693/1677
f 1663/1686/1670 1661/1693/1677 1662/1694/1678
f 1690/1690/1674 1681/1695/1679 1660/1696/1680
f 1690/1690/1674 1660/1696/1680 1685/1697/1681
f 1681/1695/1679 1680/1698/1682 1659/1699/1683
f 1681/1695/1679 1659/1699/1683 1660/1696/1680
f 1680/1698/1682 1679/1700/1684 1658/1701/1685
f 1680/1698/1682 1658/1701/1685 1659/1699/1683
f 1687/1702/1686 1655/1703/1687 1670/1704/1688
f 1687/1702/1686 1670/1704/1688 1686/1687/1671
f 1655/1703/1687 1656/1705/1689 1671/1706/1690
f 1655/1703/1687 1671/1706/1690 1670/1704/1688
f 1656/1705/1689 1657/1707/1691 1672/1708/1692
f 1656/1705/1689 1672/1708/1692 1671/1706/1690
f 1679/1700/1684 1680/1698/1682 1683/1671/1655
f 1679/1700/1684 1683/1671/1655 1684/1682/1666
f 1680/1698/1682 1681/1695/1679 1682/1672/1656
f 1680/1698/1682 1682/1672/1656 1683/1671/1655
f 1673/1681/1665 1674/1670/1654 1677/1676/1660
f 1673/1681/1665 1677/1676/1660 1678/1675/1659
f 1674/1670/1654 1675/1669/1653 1676/1678/1662
f 1674/1670/1654 1676/1678/1662 1677/1676/1660
f 1654/1674/1658 1653/1673/1657 1671/1706/1690
f 1654/1674/1658 1671/1706/1690 1672/1708/1692
f 1653/1673/1657 1669/1677/1661 1670/1704/1688
f 1653/1673/1657 1670/1704/1688 1671/1706/1690
f 1685/1697/1681 1660/1696/1680 1655/1703/1687
f 1685/1697/1681 1655/1703/1687 1687/1702/1686
f 1660/1696/1680 1659/1699/1683 1656/1705/1689
f 1660/1696/1680 1656/1705/1689 1655/1703/1687
f 1659/1699/1683 1658/1701/1685 1657/1707/1691
f 1659/1699/1683 1657/1707/1691 1656/1705/1689
f 1661/1693/1677 1685/1697/1681 1687/1702/1686
f 1661/1693/1677 1687/1702/1686 1662/1694/1678
f 1662/1694/1678 1687/1702/1686 1686/1687/1671
f 1662/1694/1678 1686/1687/1671 1663/1686/1670
f 1666/1691/1675 1690/1690/1674 1685/1697/1681
f 1666/1691/1675 1685/1697/1681 1661/1693/1677
f 1681/1695/1679 1690/1690/1674 1692/1684/1668
f 1681/1695/1679 1692/1684/1668 1682/1672/1656
f 1675/1669/1653 1689/1683/1667 1691/1680/1664
f 1675/1669/1653 1691/1680/1664 1676/1678/1662
f 1669/1677/1661 1688/1679/1663 1686/1687/1671
f 1669/1677/1661 1686/1687/1671 1670/1704/1688
f 1668/1688/1672 1689/1683/1667 1692/1684/1668
f 1668/1688/1672 1692/1684/1668 1665/1692/1676
f 1664/1685/1669 1688/1679/1663 1691/1680/1664
f 1664/1685/1669 1691/1680/1664 1667/1689/1673
f 1696/1709/1693 1693/1710/1694 1694/1711/1695
f 1696/1709/1693 1694/1711/1695 1695/1712/1696
f 1700/1713/1697 1697/1714/1698 1698/1715/1699
f 1700/1713/1697 1698/1715/1699 1699/1716/1700
f 1708/1717/1701 1705/1718/1702 1706/1719/1703
f 1708/1717/1701 1706/1719/1703 1707/1720/1704
f 1704/1721/1705 1701/1722/1706 1702/1723/1707
f 1704/1721/1705 1702/1723/1707 1703/1724/1708
f 1693/1710/1694 1700/1713/1697 1699/1716/1700
f 1693/1710/1694 1699/1716/1700 1694/1711/1695
f 1701/1722/1706 1696/1709/1693 1695/1712/1696
f 1701/1722/1706 1695/1712/1696 1702/1723/1707
f 1703/1724/1708 1706/1719/1703 1705/1718/1702
f 1703/1724/1708 1705/1718/1702 1704/1721/1705
f 1707/1720/1704 1698/1715/1699 1697/1714/1698
f 1707/1720/1704 1697/1714/1698 1708/1717/1701
f 1657/1707/1691 1694/1711/1695 1699/1716/1700
f 1657/1707/1691 1699/1716/1700 1672/1708/1692
f 1658/1701/1685 1695/1712/1696 1694/1711/1695
f 1658/1701/1685 1694/1711/1695 1657/1707/1691
f 1679/1700/1684 1702/1723/1707 1695/1712/1696
f 1679/1700/1684 1695/1712/1696 1658/1701/1685
f 1698/1715/1699 1654/1674/1658 1672/1708/1692
f 1698/1715/1699 1672/1708/1692 1699/1716/1700
f 1654/1674/1658 1698/1715/1699 1707/1720/1704
f 1654/1674/1658 1707/1720/1704 1678/1675/1659
f 1702/1723/1707 1679/1700/1684 1684/1682/1666
f 1702/1723/1707 1684/1682/1666 1703/1724/1708
f 1673/1681/1665 1706/1719/1703 1703/1724/1708
f 1673/1681/1665 1703/1724/1708 1684/1682/1666
f 1706/1719/1703 1673/1681/1665 1678/1675/1659
f 1706/1719/1703 1678/1675/1659 1707/1720/1704
f 1696/1709/1693 1701/1722/1706 1704/1721/1705
f 1696/1709/1693 1704/1721/1705 1705/1718/1702
f 1696/1709/1693 1705/1718/1702 1708/1717/1701
f 1696/1709/1693 1708/1717/1701 1697/1714/1698
f 1696/1709/1693 1697/1714/1698 1700/1713/1697
f 1696/1709/1693 1700/1713/1697 1693/1710/1694
f 1712/1725/1709 1716/1726/1710 1717/1727/1711
f 1712/1725/1709 1717/1727/1711 1713/1728/1712
f 1714/1729/1713 1717/1727/1711 1716/1726/1710
f 1714/1729/1713 1716/1726/1710 1715/1730/1714
f 1721/1731/1715 1709/1732/1716 1722/1733/1717
f 1723/1734/1718 1715/1730/1714 1716/1726/1710
f 1723/1734/1718 1716/1726/1710 1722/1733/1717
f 1718/1735/1719 1719/1736/1720 1720/1737/1721
f 1714/1729/1713 1711/1738/1722 1720/1737/1721
f 1714/1729/1713 1720/1737/1721 1719/1736/1720
f 1714/1729/1713 1719/1736/1720 1717/1727/1711
f 1710/1739/1723 1713/1728/1712 1717/1727/1711
f 1710/1739/1723 1717/1727/1711 1719/1736/1720
f 1710/1739/1723 1719/1736/1720 1718/1735/1719
f 1709/1732/1716 1723/1734/1718 1722/1733/1717
f 1712/1725/1709 1721/1731/1715 1722/1733/1717
f 1712/1725/1709 1722/1733/1717 1716/1726/1710
f 1727/1740/1724 1731/1741/1725 1732/1742/1726
f 1727/1740/1724 1732/1742/1726 1728/1743/1727
f 1729/1744/1728 1732/1742/1726 1731/1741/1725
f 1729/1744/1728 1731/1741/1725 1730/1745/1729
f 1736/1746/1730 1724/1747/1731 1737/1748/1732
f 1738/1749/1733 1730/1750/1729 1731/1751/1725
f 1738/1749/1733 1731/1751/1725 1737/1748/1732
f 1733/1752/1734 1734/1753/1735 1735/1754/1736
f 1729/1744/1728 1726/1755/1737 1735/1754/1736
f 1729/1744/1728 1735/1754/1736 1734/1753/1735
f 1729/1744/1728 1734/1753/1735 1732/1742/1726
f 1725/1756/1738 1728/1743/1727 1732/1742/1726
f 1725/1756/1738 1732/1742/1726 1734/1753/1735
f 1725/1756/1738 1734/1753/1735 1733/1752/1734
f 1724/1747/1731 1738/1749/1733 1737/1748/1732
f 1727/1757/1724 1736/1746/1730 1737/1748/1732
f 1727/1757/1724 1737/1748/1732 1731/1751/1725
f 1741/1758/1739 1740/1759/1740 1739/1760/1741
f 1741/1758/1739 1739/1760/1741 1742/1761/1742
f 1747/1762/1743 1746/1763/1744 1741/1758/1739
f 1747/1762/1743 1741/1758/1739 1742/1761/1742
f 1755/1764/1745 1754/1765/1746 1739/1760/1741
f 1755/1764/1745 1739/1760/1741 1740/1759/1740
f 1754/1765/1746 1747/1762/1743 1742/1761/1742
f 1754/1765/1746 1742/1761/1742 1739/1760/1741
f 1746/1763/1744 1755/1764/1745 1740/1759/1740
f 1746/1763/1744 1740/1759/1740 1741/1758/1739
f 1743/1766/1747 1758/1767/1748 1757/1768/1749
f 1743/1766/1747 1757/1768/1749 1744/1769/1750
f 1744/1769/1750 1757/1768/1749 1756/1770/1751
f 1744/1769/1750 1756/1770/1751 1745/1771/1752
f 1745/1771/1752 1756/1770/1751 1755/1764/1745
f 1745/1771/1752 1755/1764/1745 1746/1763/1744
f 1751/1772/1753 1750/1773/1754 1749/1774/1755
f 1751/1772/1753 1749/1774/1755 1752/1775/1756
f 1752/1775/1756 1749/1774/1755 1748/1776/1757
f 1752/1775/1756 1748/1776/1757 1753/1777/1758
f 1753/1777/1758 1748/1776/1757 1747/1762/1743
f 1753/1777/1758 1747/1762/1743 1754/1765/1746
f 1758/1767/1748 1751/1772/1753 1752/1775/1756
f 1758/1767/1748 1752/1775/1756 1757/1768/1749
f 1757/1768/1749 1752/1775/1756 1753/1777/1758
f 1757/1768/1749 1753/1777/1758 1756/1770/1751
f 1756/1770/1751 1753/1777/1758 1754/1765/1746
f 1756/1770/1751 1754/1765/1746 1755/1764/1745
f 1750/1773/1754 1743/1766/1747 1744/1769/1750
f 1750/1773/1754 1744/1769/1750 1749/1774/1755
f 1749/1774/1755 1744/1769/1750 1745/1771/1752
f 1749/1774/1755 1745/1771/1752 1748/1776/1757
f 1748/1776/1757 1745/1771/1752 1746/1763/1744
f 1748/1776/1757 1746/1763/1744 1747/1762/1743
f 1761/1778/1759 1762/1779/1760 1983/1780/1761
f 1761/1778/1759 1983/1780/1761 1982/1781/1762
f 1764/1782/1763 1765/1783/1764 1766/1784/1765
f 1764/1782/1763 1766/1784/1765 1763/1785/1766
f 1768/1786/1767 1766/1784/1765 1765/1783/1764
f 1768/1786/1767 1765/1783/1764 1767/1787/1768
f 1770/1788/1769 1768/1786/1767 1767/1787/1768
f 1770/1788/1769 1767/1787/1768 1769/1789/1770
f 1769/1789/1770 1764/1782/1763 1763/1785/1766
f 1769/1789/1770 1763/1785/1766 1770/1788/1769
f 1763/1785/1766 1766/1784/1765 1760/1790/1771
f 1763/1785/1766 1760/1790/1771 1759/1791/1772
f 1764/1782/1763 1769/1789/1770 1750/1773/1754
f 1764/1782/1763 1750/1773/1754 1751/1772/1753
f 1765/1783/1764 1764/1782/1763 1751/1772/1753
f 1765/1783/1764 1751/1772/1753 1758/1767/1748
f 1770/1788/1769 1763/1785/1766 1759/1791/1772
f 1770/1788/1769 1759/1791/1772 1762/1779/1760
f 1766/1784/1765 1768/1786/1767 1761/1778/1759
f 1766/1784/1765 1761/1778/1759 1760/1790/1771
f 1767/1787/1768 1765/1783/1764 1758/1767/1748
f 1767/1787/1768 1758/1767/1748 1743/1766/1747
f 1768/1786/1767 1770/1788/1769 1762/1779/1760
f 1768/1786/1767 1762/1779/1760 1761/1778/1759
f 1769/1789/1770 1767/1787/1768 1743/1766/1747
f 1769/1789/1770 1743/1766/1747 1750/1773/1754
f 1778/1792/1773 1774/1793/1774 1776/1794/1775
f 1780/1795/1776 1777/1796/1777 1775/1797/1778
f 1778/1792/1773 1776/1794/1775 1779/1798/1779
f 1780/1795/1776 1781/1799/1780 1777/1796/1777
f 1778/1792/1773 1779/1798/1779 1774/1793/1774
f 1780/1795/1776 1775/1797/1778 1781/1799/1780
f 1774/1793/1774 1771/1800/1781 1772/1801/1782
f 1774/1793/1774 1772/1801/1782 1776/1794/1775
f 1779/1798/1779 1773/1802/1783 1771/1800/1781
f 1779/1798/1779 1771/1800/1781 1774/1793/1774
f 1773/1802/1783 1781/1799/1780 1775/1797/1778
f 1773/1802/1783 1775/1797/1778 1771/1800/1781
f 1771/1800/1781 1775/1797/1778 1777/1796/1777
f 1771/1800/1781 1777/1796/1777 1772/1801/1782
f 1776/1794/1775 1772/1801/1782 1773/1802/1783
f 1776/1794/1775 1773/1802/1783 1779/1798/1779
f 1772/1801/1782 1777/1796/1777 1781/1799/1780
f 1772/1801/1782 1781/1799/1780 1773/1802/1783
f 1789/1803/1784 1785/1804/1785 1787/1805/1786
f 1791/1806/1787 1788/1807/1788 1786/1808/1789
f 1789/1803/1784 1787/1805/1786 1790/1809/1790
f 1791/1806/1787 1792/1810/1791 1788/1807/1788
f 1789/1803/1784 1790/1809/1790 1785/1804/1785
f 1791/1806/1787 1786/1808/1789 1792/1810/1791
f 1785/1804/1785 1782/1811/1792 1783/1812/1793
f 1785/1804/1785 1783/1812/1793 1787/1805/1786
f 1790/1809/1790 1784/1813/1794 1782/1811/1792
f 1790/1809/1790 1782/1811/1792 1785/1804/1785
f 1784/1813/1794 1792/1810/1791 1786/1808/1789
f 1784/1813/1794 1786/1808/1789 1782/1811/1792
f 1782/1811/1792 1786/1808/1789 1788/1807/1788
f 1782/1811/1792 1788/1807/1788 1783/1812/1793
f 1787/1805/1786 1783/1812/1793 1784/1813/1794
f 1787/1805/1786 1784/1813/1794 1790/1809/1790
f 1783/1812/1793 1788/1807/1788 1792/1810/1791
f 1783/1812/1793 1792/1810/1791 1784/1813/1794
f 1800/1814/1795 1796/1815/1796 1798/1816/1797
f 1802/1817/1798 1799/1818/1799 1797/1819/1800
f 1800/1814/1795 1798/1816/1797 1801/1820/1801
f 1802/1817/1798 1803/1821/1802 1799/1818/1799
f 1800/1814/1795 1801/1820/1801 1796/1815/1796
f 1802/1817/1798 1797/1819/1800 1803/1821/1802
f 1796/1815/1796 1793/1822/1803 1794/1823/1804
f 1796/1815/1796 1794/1823/1804 1798/1816/1797
f 1801/1820/1801 1795/1824/1805 1793/1822/1803
f 1801/1820/1801 1793/1822/1803 1796/1815/1796
f 1795/1824/1805 1803/1821/1802 1797/1819/1800
f 1795/1824/1805 1797/1819/1800 1793/1822/1803
f 1793/1822/1803 1797/1819/1800 1799/1818/1799
f 1793/1822/1803 1799/1818/1799 1794/1823/1804
f 1798/1816/1797 1794/1823/1804 1795/1824/1805
f 1798/1816/1797 1795/1824/1805 1801/1820/1801
f 1794/1823/1804 1799/1818/1799 1803/1821/1802
f 1794/1823/1804 1803/1821/1802 1795/1824/1805
f 1811/1825/1806 1807/1826/1807 1809/1827/1808
f 1813/1828/1809 1810/1829/1810 1808/1830/1811
f 1811/1825/1806 1809/1827/1808 1812/1831/1812
f 1813/1828/1809 1814/1832/1813 1810/1829/1810
f 1811/1825/1806 1812/1831/1812 1807/1826/1807
f 1813/1828/1809 1808/1830/1811 1814/1832/1813
f 1807/1826/1807 1804/1833/1814 1805/1834/1815
f 1807/1826/1807 1805/1834/1815 1809/1827/1808
f 1812/1831/1812 1806/1835/1816 1804/1833/1814
f 1812/1831/1812 1804/1833/1814 1807/1826/1807
f 1806/1835/1816 1814/1832/1813 1808/1830/1811
f 1806/1835/1816 1808/1830/1811 1804/1833/1814
f 1804/1833/1814 1808/1830/1811 1810/1829/1810
f 1804/1833/1814 1810/1829/1810 1805/1834/1815
f 1809/1827/1808 1805/1834/1815 1806/1835/1816
f 1809/1827/1808 1806/1835/1816 1812/1831/1812
f 1805/1834/1815 1810/1829/1810 1814/1832/1813
f 1805/1834/1815 1814/1832/1813 1806/1835/1816
f 1822/1836/1817 1818/1837/1818 1820/1838/1819
f 1824/1839/1820 1821/1840/1821 1819/1841/1822
f 1822/1836/1817 1820/1838/1819 1823/1842/1823
f 1824/1839/1820 1825/1843/1824 1821/1840/1821
f 1822/1836/1817 1823/1842/1823 1818/1837/1818
f 1824/1839/1820 1819/1841/1822 1825/1843/1824
f 1818/1837/1818 1815/1844/1825 1816/1845/1826
f 1818/1837/1818 1816/1845/1826 1820/1838/1819
f 1823/1842/1823 1817/1846/1827 1815/1844/1825
f 1823/1842/1823 1815/1844/1825 1818/1837/1818
f 1817/1846/1827 1825/1843/1824 1819/1841/1822
f 1817/1846/1827 1819/1841/1822 1815/1844/1825
f 1815/1844/1825 1819/1841/1822 1821/1840/1821
f 1815/1844/1825 1821/1840/1821 1816/1845/1826
f 1820/1838/1819 1816/1845/1826 1817/1846/1827
f 1820/1838/1819 1817/1846/1827 1823/1842/1823
f 1816/1845/1826 1821/1840/1821 1825/1843/1824
f 1816/1845/1826 1825/1843/1824 1817/1846/1827
f 1833/1847/1828 1829/1848/1829 1831/1849/1830
f 1835/1850/1831 1832/1851/1832 1830/1852/1833
f 1833/1847/1828 1831/1849/1830 1834/1853/1834
f 1835/1850/1831 1836/1854/1835 1832/1851/1832
f 1833/1847/1828 1834/1853/1834 1829/1848/1829
f 1835/1850/1831 1830/1852/1833 1836/1854/1835
f 1829/1848/1829 1826/1855/1836 1827/1856/1837
f 1829/1848/1829 1827/1856/1837 1831/1849/1830
f 1834/1853/1834 1828/1857/1838 1826/1855/1836
f 1834/1853/1834 1826/1855/1836 1829/1848/1829
f 1828/1857/1838 1836/1854/1835 1830/1852/1833
f 1828/1857/1838 1830/1852/1833 1826/1855/1836
f 1826/1855/1836 1830/1852/1833 1832/1851/1832
f 1826/1855/1836 1832/1851/1832 1827/1856/1837
f 1831/1849/1830 1827/1856/1837 1828/1857/1838
f 1831/1849/1830 1828/1857/1838 1834/1853/1834
f 1827/1856/1837 1832/1851/1832 1836/1854/1835
f 1827/1856/1837 1836/1854/1835 1828/1857/1838
f 1844/1858/1839 1840/1859/1840 1842/1860/1841
f 1846/1861/1842 1843/1862/1843 1841/1863/1844
f 1844/1858/1839 1842/1860/1841 1845/1864/1845
f 1846/1861/1842 1847/1865/1846 1843/1862/1843
f 1844/1858/1839 1845/1864/1845 1840/1859/1840
f 1846/1861/1842 1841/1863/1844 1847/1865/1846
f 1840/1859/1840 1837/1866/1847 1838/1867/1848
f 1840/1859/1840 1838/1867/1848 1842/1860/1841
f 1845/1864/1845 1839/1868/1849 1837/1866/1847
f 1845/1864/1845 1837/1866/1847 1840/1859/1840
f 1839/1868/1849 1847/1865/1846 1841/1863/1844
f 1839/1868/1849 1841/1863/1844 1837/1866/1847
f 1837/1866/1847 1841/1863/1844 1843/1862/1843
f 1837/1866/1847 1843/1862/1843 1838/1867/1848
f 1842/1860/1841 1838/1867/1848 1839/1868/1849
f 1842/1860/1841 1839/1868/1849 1845/1864/1845
f 1838/1867/1848 1843/1862/1843 1847/1865/1846
f 1838/1867/1848 1847/1865/1846 1839/1868/1849
f 1855/1869/1850 1851/1870/1851 1853/1871/1852
f 1857/1872/1853 1854/1873/1854 1852/1874/1855
f 1855/1869/1850 1853/1871/1852 1856/1875/1856
f 1857/1872/1853 1858/1876/1857 1854/1873/1854
f 1855/1869/1850 1856/1875/1856 1851/1870/1851
f 1857/1872/1853 1852/1874/1855 1858/1876/1857
f 1851/1870/1851 1848/1877/1858 1849/1878/1859
f 1851/1870/1851 1849/1878/1859 1853/1871/1852
f 1856/1875/1856 1850/1879/1860 1848/1877/1858
f 1856/1875/1856 1848/1877/1858 1851/1870/1851
f 1850/1879/1860 1858/1876/1857 1852/1874/1855
f 1850/1879/1860 1852/1874/1855 1848/1877/1858
f 1848/1877/1858 1852/1874/1855 1854/1873/1854
f 1848/1877/1858 1854/1873/1854 1849/1878/1859
f 1853/1871/1852 1849/1878/1859 1850/1879/1860
f 1853/1871/1852 1850/1879/1860 1856/1875/1856
f 1849/1878/1859 1854/1873/1854 1858/1876/1857
f 1849/1878/1859 1858/1876/1857 1850/1879/1860
f 1866/1880/1861 1862/1881/1862 1864/1882/1863
f 1868/1883/1864 1865/1884/1865 1863/1885/1866
f 1866/1880/1861 1864/1882/1863 1867/1886/1867
f 1868/1883/1864 1869/1887/1868 1865/1884/1865
f 1866/1880/1861 1867/1886/1867 1862/1881/1862
f 1868/1883/1864 1863/1885/1866 1869/1887/1868
f 1862/1881/1862 1859/1888/1869 1860/1889/1870
f 1862/1881/1862 1860/1889/1870 1864/1882/1863
f 1867/1886/1867 1861/1890/1871 1859/1888/1869
f 1867/1886/1867 1859/1888/1869 1862/1881/1862
f 1861/1890/1871 1869/1887/1868 1863/1885/1866
f 1861/1890/1871 1863/1885/1866 1859/1888/1869
f 1859/1888/1869 1863/1885/1866 1865/1884/1865
f 1859/1888/1869 1865/1884/1865 1860/1889/1870
f 1864/1882/1863 1860/1889/1870 1861/1890/1871
f 1864/1882/1863 1861/1890/1871 1867/1886/1867
f 1860/1889/1870 1865/1884/1865 1869/1887/1868
f 1860/1889/1870 1869/1887/1868 1861/1890/1871
f 1877/1891/1872 1873/1892/1873 1875/1893/1874
f 1879/1894/1875 1876/1895/1876 1874/1896/1877
f 1877/1891/1872 1875/1893/1874 1878/1897/1878
f 1879/1894/1875 1880/1898/1879 1876/1895/1876
f 1877/1891/1872 1878/1897/1878 1873/1892/1873
f 1879/1894/1875 1874/1896/1877 1880/1898/1879
f 1873/1892/1873 1870/1899/1880 1871/1900/1881
f 1873/1892/1873 1871/1900/1881 1875/1893/1874
f 1878/1897/1878 1872/1901/1882 1870/1899/1880
f 1878/1897/1878 1870/1899/1880 1873/1892/1873
f 1872/1901/1882 1880/1898/1879 1874/1896/1877
f 1872/1901/1882 1874/1896/1877 1870/1899/1880
f 1870/1899/1880 1874/1896/1877 1876/1895/1876
f 1870/1899/1880 1876/1895/1876 1871/1900/1881
f 1875/1893/1874 1871/1900/1881 1872/1901/1882
f 1875/1893/1874 1872/1901/1882 1878/1897/1878
f 1871/1900/1881 1876/1895/1876 1880/1898/1879
f 1871/1900/1881 1880/1898/1879 1872/1901/1882
f 1888/1902/1883 1884/1903/1884 1886/1904/1885
f 1890/1905/1886 1887/1906/1887 1885/1907/1888
f 1888/1902/1883 1886/1904/1885 1889/1908/1889
f 1890/1905/1886 1891/1909/1890 1887/1906/1887
f 1888/1902/1883 1889/1908/1889 1884/1903/1884
f 1890/1905/1886 1885/1907/1888 1891/1909/1890
f 1884/1903/1884 1881/1910/1891 1882/1911/1892
f 1884/1903/1884 1882/1911/1892 1886/1904/1885
f 1889/1908/1889 1883/1912/1893 1881/1910/1891
f 1889/1908/1889 1881/1910/1891 1884/1903/1884
f 1883/1912/1893 1891/1909/1890 1885/1907/1888
f 1883/1912/1893 1885/1907/1888 1881/1910/1891
f 1881/1910/1891 1885/1907/1888 1887/1906/1887
f 1881/1910/1891 1887/1906/1887 1882/1911/1892
f 1886/1904/1885 1882/1911/1892 1883/1912/1893
f 1886/1904/1885 1883/1912/1893 1889/1908/1889
f 1882/1911/1892 1887/1906/1887 1891/1909/1890
f 1882/1911/1892 1891/1909/1890 1883/1912/1893
f 1899/1913/1894 1895/1914/1895 1897/1915/1896
f 1901/1916/1897 1898/1917/1898 1896/1918/1899
f 1899/1913/1894 1897/1915/1896 1900/1919/1900
f 1901/1916/1897 1902/1920/1901 1898/1917/1898
f 1899/1913/1894 1900/1919/1900 1895/1914/1895
f 1901/1916/1897 1896/1918/1899 1902/1920/1901
f 1895/1914/1895 1892/1921/1902 1893/1922/1903
f 1895/1914/1895 1893/1922/1903 1897/1915/1896
f 1900/1919/1900 1894/1923/1904 1892/1921/1902
f 1900/1919/1900 1892/1921/1902 1895/1914/1895
f 1894/1923/1904 1902/1920/1901 1896/1918/1899
f 1894/1923/1904 1896/1918/1899 1892/1921/1902
f 1892/1921/1902 1896/1918/1899 1898/1917/1898
f 1892/1921/1902 1898/1917/1898 1893/1922/1903
f 1897/1915/1896 1893/1922/1903 1894/1923/1904
f 1897/1915/1896 1894/1923/1904 1900/1919/1900
f 1893/1922/1903 1898/1917/1898 1902/1920/1901
f 1893/1922/1903 1902/1920/1901 1894/1923/1904
f 1910/1924/1905 1906/1925/1906 1908/1926/1907
f 1912/1927/1908 1909/1928/1909 1907/1929/1910
f 1910/1924/1905 1908/1926/1907 1911/1930/1911
f 1912/1927/1908 1913/1931/1912 1909/1928/1909
f 1910/1924/1905 1911/1930/1911 1906/1925/1906
f 1912/1927/1908 1907/1929/1910 1913/1931/1912
f 1906/1925/1906 1903/1932/1913 1904/1933/1914
f 1906/1925/1906 1904/1933/1914 1908/1926/1907
f 1911/1930/1911 1905/1934/1915 1903/1932/1913
f 1911/1930/1911 1903/1932/1913 1906/1925/1906
f 1905/1934/1915 1913/1931/1912 1907/1929/1910
f 1905/1934/1915 1907/1929/1910 1903/1932/1913
f 1903/1932/1913 1907/1929/1910 1909/1928/1909
f 1903/1932/1913 1909/1928/1909 1904/1933/1914
f 1908/1926/1907 1904/1933/1914 1905/1934/1915
f 1908/1926/1907 1905/1934/1915 1911/1930/1911
f 1904/1933/1914 1909/1928/1909 1913/1931/1912
f 1904/1933/1914 1913/1931/1912 1905/1934/1915
f 1921/1935/1916 1917/1936/1917 1919/1937/1918
f 1923/1938/1919 1920/1939/1920 1918/1940/1921
f 1921/1935/1916 1919/1937/1918 1922/1941/1922
f 1923/1938/1919 1924/1942/1923 1920/1939/1920
f 1921/1935/1916 1922/1941/1922 1917/1936/1917
f 1923/1938/1919 1918/1940/1921 1924/1942/1923
f 1917/1936/1917 1914/1943/1924 1915/1944/1925
f 1917/1936/1917 1915/1944/1925 1919/1937/1918
f 1922/1941/1922 1916/1945/1926 1914/1943/1924
f 1922/1941/1922 1914/1943/1924 1917/1936/1917
f 1916/1945/1926 1924/1942/1923 1918/1940/1921
f 1916/1945/1926 1918/1940/1921 1914/1943/1924
f 1914/1943/1924 1918/1940/1921 1920/1939/1920
f 1914/1943/1924 1920/1939/1920 1915/1944/1925
f 1919/1937/1918 1915/1944/1925 1916/1945/1926
f 1919/1937/1918 1916/1945/1926 1922/1941/1922
f 1915/1944/1925 1920/1939/1920 1924/1942/1923
f 1915/1944/1925 1924/1942/1923 1916/1945/1926
f 1932/1946/1927 1928/1947/1928 1930/1948/1929
f 1934/1949/1930 1931/1950/1931 1929/1951/1932
f 1932/1946/1927 1930/1948/1929 1933/1952/1933
f 1934/1949/1930 1935/1953/1934 1931/1950/1931
f 1932/1946/1927 1933/1952/1933 1928/1947/1928
f 1934/1949/1930 1929/1951/1932 1935/1953/1934
f 1928/1947/1928 1925/1954/1935 1926/1955/1936
f 1928/1947/1928 1926/1955/1936 1930/1948/1929
f 1933/1952/1933 1927/1956/1937 1925/1954/1935
f 1933/1952/1933 1925/1954/1935 1928/1947/1928
f 1927/1956/1937 1935/1953/1934 1929/1951/1932
f 1927/1956/1937 1929/1951/1932 1925/1954/1935
f 1925/1954/1935 1929/1951/1932 1931/1950/1931
f 1925/1954/1935 1931/1950/1931 1926/1955/1936
f 1930/1948/1929 1926/1955/1936 1927/1956/1937
f 1930/1948/1929 1927/1956/1937 1933/1952/1933
f 1926/1955/1936 1931/1950/1931 1935/1953/1934
f 1926/1955/1936 1935/1953/1934 1927/1956/1937
f 1943/1957/1938 1939/1958/1939 1941/1959/1940
f 1945/1960/1941 1942/1961/1942 1940/1962/1943
f 1943/1957/1938 1941/1959/1940 1944/1963/1944
f 1945/1960/1941 1946/1964/1945 1942/1961/1942
f 1943/1957/1938 1944/1963/1944 1939/1958/1939
f 1945/1960/1941 1940/1962/1943 1946/1964/1945
f 1939/1958/1939 1936/1965/1946 1937/1966/1947
f 1939/1958/1939 1937/1966/1947 1941/1959/1940
f 1944/1963/1944 1938/1967/1948 1936/1965/1946
f 1944/1963/1944 1936/1965/1946 1939/1958/1939
f 1938/1967/1948 1946/1964/1945 1940/1962/1943
f 1938/1967/1948 1940/1962/1943 1936/1965/1946
f 1936/1965/1946 1940/1962/1943 1942/1961/1942
f 1936/1965/1946 1942/1961/1942 1937/1966/1947
f 1941/1959/1940 1937/1966/1947 1938/1967/1948
f 1941/1959/1940 1938/1967/1948 1944/1963/1944
f 1937/1966/1947 1942/1961/1942 1946/1964/1945
f 1937/1966/1947 1946/1964/1945 1938/1967/1948
f 1954/1968/1949 1950/1969/1950 1952/1970/1951
f 1956/1971/1952 1953/1972/1953 1951/1973/1954
f 1954/1968/1949 1952/1970/1951 1955/1974/1955
f 1956/1971/1952 1957/1975/1956 1953/1972/1953
f 1954/1968/1949 1955/1974/1955 1950/1969/1950
f 1956/1971/1952 1951/1973/1954 1957/1975/1956
f 1950/1969/1950 1947/1976/1957 1948/1977/1958
f 1950/1969/1950 1948/1977/1958 1952/1970/1951
f 1955/1974/1955 1949/1978/1959 1947/1976/1957
f 1955/1974/1955 1947/1976/1957 1950/1969/1950
f 1949/1978/1959 1957/1975/1956 1951/1973/1954
f 1949/1978/1959 1951/1973/1954 1947/1976/1957
f 1947/1976/1957 1951/1973/1954 1953/1972/1953
f 1947/1976/1957 1953/1972/1953 1948/1977/1958
f 1952/1970/1951 1948/1977/1958 1949/1978/1959
f 1952/1970/1951 1949/1978/1959 1955/1974/1955
f 1948/1977/1958 1953/1972/1953 1957/1975/1956
f 1948/1977/1958 1957/1975/1956 1949/1978/1959
f 1965/1979/1960 1961/1980/1961 1963/1981/1962
f 1967/1982/1963 1964/1983/1964 1962/1984/1965
f 1965/1979/1960 1963/1981/1962 1966/1985/1966
f 1967/1982/1963 1968/1986/1967 1964/1983/1964
f 1965/1979/1960 1966/1985/1966 1961/1980/1961
f 1967/1982/1963 1962/1984/1965 1968/1986/1967
f 1961/1980/1961 1958/1987/1968 1959/1988/1969
f 1961/1980/1961 1959/1988/1969 1963/1981/1962
f 1966/1985/1966 1960/1989/1970 1958/1987/1968
f 1966/1985/1966 1958/1987/1968 1961/1980/1961
f 1960/1989/1970 1968/1986/1967 1962/1984/1965
f 1960/1989/1970 1962/1984/1965 1958/1987/1968
f 1958/1987/1968 1962/1984/1965 1964/1983/1964
f 1958/1987/1968 1964/1983/1964 1959/1988/1969
f 1963/1981/1962 1959/1988/1969 1960/1989/1970
f 1963/1981/1962 1960/1989/1970 1966/1985/1966
f 1959/1988/1969 1964/1983/1964 1968/1986/1967
f 1959/1988/1969 1968/1986/1967 1960/1989/1970
f 1976/1990/1971 1972/1991/1972 1974/1992/1973
f 1978/1993/1974 1975/1994/1975 1973/1995/1976
f 1976/1990/1971 1974/1992/1973 1977/1996/1977
f 1978/1993/1974 1979/1997/1978 1975/1994/1975
f 1976/1990/1971 1977/1996/1977 1972/1991/1972
f 1978/1993/1974 1973/1995/1976 1979/1997/1978
f 1972/1991/1972 1969/1998/1979 1970/1999/1980
f 1972/1991/1972 1970/1999/1980 1974/1992/1973
f 1977/1996/1977 1971/2000/1981 1969/1998/1979
f 1977/1996/1977 1969/1998/1979 1972/1991/1972
f 1971/2000/1981 1979/1997/1978 1973/1995/1976
f 1971/2000/1981 1973/1995/1976 1969/1998/1979
f 1969/1998/1979 1973/1995/1976 1975/1994/1975
f 1969/1998/1979 1975/1994/1975 1970/1999/1980
f 1974/1992/1973 1970/1999/1980 1971/2000/1981
f 1974/1992/1973 1971/2000/1981 1977/1996/1977
f 1970/1999/1980 1975/1994/1975 1979/1997/1978
f 1970/1999/1980 1979/1997/1978 1971/2000/1981
f 1982/1781/1762 1983/1780/1761 1980/2001/1982
f 1982/1781/1762 1980/2001/1982 1981/2002/1983
f 1759/1791/1772 1760/1790/1771 1981/2002/1983
f 1759/1791/1772 1981/2002/1983 1980/2001/1982
f 1762/1779/1760 1759/1791/1772 1980/2001/1982
f 1762/1779/1760 1980/2001/1982 1983/1780/1761
f 1760/1790/1771 1761/1778/1759 1982/1781/1762
f 1760/1790/1771 1982/1781/1762 1981/2002/1983
f 1986/2003/1984 1985/2004/1985 1984/2005/1986
f 1986/2003/1984 1984/2005/1986 1987/2006/1987
f 1992/2007/1988 1991/2008/1989 1986/2003/1984
f 1992/2007/1988 1986/2003/1984 1987/2006/1987
f 2000/2009/1990 1999/2010/1991 1984/2005/1986
f 2000/2009/1990 1984/2005/1986 1985/2004/1985
f 1999/2010/1991 1992/2007/1988 1987/2006/1987
f 1999/2010/1991 1987/2006/1987 1984/2005/1986
f 1991/2008/1989 2000/2009/1990 1985/2004/1985
f 1991/2008/1989 1985/2004/1985 1986/2003/1984
f 1988/2011/1992 2003/2012/1993 2002/2013/1994
f 1988/2011/1992 2002/2013/1994 1989/2014/1995
f 1989/2014/1995 2002/2013/1994 2001/2015/1996
f 1989/2014/1995 2001/2015/1996 1990/2016/1997
f 1990/2016/1997 2001/2015/1996 2000/2009/1990
f 1990/2016/1997 2000/2009/1990 1991/2008/1989
f 1996/2017/1998 1995/2018/1999 1994/2019/2000
f 1996/2017/1998 1994/2019/2000 1997/2020/2001
f 1997/2020/2001 1994/2019/2000 1993/2021/2002
f 1997/2020/2001 1993/2021/2002 1998/2022/2003
f 1998/2022/2003 1993/2021/2002 1992/2007/1988
f 1998/2022/2003 1992/2007/1988 1999/2010/1991
f 2003/2012/1993 1996/2017/1998 1997/2020/2001
f 2003/2012/1993 1997/2020/2001 2002/2013/1994
f 2002/2013/1994 1997/2020/2001 1998/2022/2003
f 2002/2013/1994 1998/2022/2003 2001/2015/1996
f 2001/2015/1996 1998/2022/2003 1999/2010/1991
f 2001/2015/1996 1999/2010/1991 2000/2009/1990
f 1995/2018/1999 1988/2011/1992 1989/2014/1995
f 1995/2018/1999 1989/2014/1995 1994/2019/2000
f 1994/2019/2000 1989/2014/1995 1990/2016/1997
f 1994/2019/2000 1990/2016/1997 1993/2021/2002
f 1993/2021/2002 1990/2016/1997 1991/2008/1989
f 1993/2021/2002 1991/2008/1989 1992/2007/1988
f 2006/2023/2004 2007/2024/2005 2239/2025/2006
f 2006/2023/2004 2239/2025/2006 2238/2026/2007
f 2009/2027/2008 2010/2028/2009 2011/2029/2010
f 2009/2027/2008 2011/2029/2010 2008/2030/2011
f 2013/2031/2012 2011/2029/2010 2010/2028/2009
f 2013/2031/2012 2010/2028/2009 2012/2032/2013
f 2015/2033/2014 2013/2031/2012 2012/2032/2013
f 2015/2033/2014 2012/2032/2013 2014/2034/2015
f 2014/2034/2015 2009/2027/2008 2008/2030/2011
f 2014/2034/2015 2008/2030/2011 2015/2033/2014
f 2008/2030/2011 2011/2029/2010 2005/2035/2016
f 2008/2030/2011 2005/2035/2016 2004/2036/2017
f 2009/2027/2008 2014/2034/2015 1995/2018/1999
f 2009/2027/2008 1995/2018/1999 1996/2017/1998
f 2010/2028/2009 2009/2027/2008 1996/2017/1998
f 2010/2028/2009 1996/2017/1998 2003/2012/1993
f 2015/2033/2014 2008/2030/2011 2004/2036/2017
f 2015/2033/2014 2004/2036/2017 2007/2024/2005
f 2011/2029/2010 2013/2031/2012 2006/2023/2004
f 2011/2029/2010 2006/2023/2004 2005/2035/2016
f 2012/2032/2013 2010/2028/2009 2003/2012/1993
f 2012/2032/2013 2003/2012/1993 1988/2011/1992
f 2013/2031/2012 2015/2033/2014 2007/2024/2005
f 2013/2031/2012 2007/2024/2005 2006/2023/2004
f 2014/2034/2015 2012/2032/2013 1988/2011/1992
f 2014/2034/2015 1988/2011/1992 1995/2018/1999
f 2023/2037/2018 2019/2038/2019 2021/2039/2020
f 2025/2040/2021 2022/2041/2022 2020/2042/2023
f 2023/2037/2018 2021/2039/2020 2024/2043/2024
f 2025/2040/2021 2026/2044/2025 2022/2041/2022
f 2023/2037/2018 2024/2043/2024 2019/2038/2019
f 2025/2040/2021 2020/2042/2023 2026/2044/2025
f 2019/2038/2019 2016/2045/2026 2017/2046/2027
f 2019/2038/2019 2017/2046/2027 2021/2039/2020
f 2024/2043/2024 2018/2047/2028 2016/2045/2026
f 2024/2043/2024 2016/2045/2026 2019/2038/2019
f 2018/2047/2028 2026/2044/2025 2020/2042/2023
f 2018/2047/2028 2020/2042/2023 2016/2045/2026
f 2016/2045/2026 2020/2042/2023 2022/2041/2022
f 2016/2045/2026 2022/2041/2022 2017/2046/2027
f 2021/2039/2020 2017/2046/2027 2018/2047/2028
f 2021/2039/2020 2018/2047/2028 2024/2043/2024
f 2017/2046/2027 2022/2041/2022 2026/2044/2025
f 2017/2046/2027 2026/2044/2025 2018/2047/2028
f 2034/2048/2029 2030/2049/2030 2032/2050/2031
f 2036/2051/2032 2033/2052/2033 2031/2053/2034
f 2034/2048/2029 2032/2050/2031 2035/2054/2035
f 2036/2051/2032 2037/2055/2036 2033/2052/2033
f 2034/2048/2029 2035/2054/2035 2030/2049/2030
f 2036/2051/2032 2031/2053/2034 2037/2055/2036
f 2030/2049/2030 2027/2056/2037 2028/2057/2038
f 2030/2049/2030 2028/2057/2038 2032/2050/2031
f 2035/2054/2035 2029/2058/2039 2027/2056/2037
f 2035/2054/2035 2027/2056/2037 2030/2049/2030
f 2029/2058/2039 2037/2055/2036 2031/2053/2034
f 2029/2058/2039 2031/2053/2034 2027/2056/2037
f 2027/2056/2037 2031/2053/2034 2033/2052/2033
f 2027/2056/2037 2033/2052/2033 2028/2057/2038
f 2032/2050/2031 2028/2057/2038 2029/2058/2039
f 2032/2050/2031 2029/2058/2039 2035/2054/2035
f 2028/2057/2038 2033/2052/2033 2037/2055/2036
f 2028/2057/2038 2037/2055/2036 2029/2058/2039
f 2045/2059/2040 2041/2060/2041 2043/2061/2042
f 2047/2062/2043 2044/2063/2044 2042/2064/2045
f 2045/2059/2040 2043/2061/2042 2046/2065/2046
f 2047/2062/2043 2048/2066/2047 2044/2063/2044
f 2045/2059/2040 2046/2065/2046 2041/2060/2041
f 2047/2062/2043 2042/2064/2045 2048/2066/2047
f 2041/2060/2041 2038/2067/2048 2039/2068/2049
f 2041/2060/2041 2039/2068/2049 2043/2061/2042
f 2046/2065/2046 2040/2069/2050 2038/2067/2048
f 2046/2065/2046 2038/2067/2048 2041/2060/2041
f 2040/2069/2050 2048/2066/2047 2042/2064/2045
f 2040/2069/2050 2042/2064/2045 2038/2067/2048
f 2038/2067/2048 2042/2064/2045 2044/2063/2044
f 2038/2067/2048 2044/2063/2044 2039/2068/2049
f 2043/2061/2042 2039/2068/2049 2040/2069/2050
f 2043/2061/2042 2040/2069/2050 2046/2065/2046
f 2039/2068/2049 2044/2063/2044 2048/2066/2047
f 2039/2068/2049 2048/2066/2047 2040/2069/2050
f 2056/2070/2051 2052/2071/2052 2054/2072/2053
f 2058/2073/2054 2055/2074/2055 2053/2075/2056
f 2056/2070/2051 2054/2072/2053 2057/2076/2057
f 2058/2073/2054 2059/2077/2058 2055/2074/2055
f 2056/2070/2051 2057/2076/2057 2052/2071/2052
f 2058/2073/2054 2053/2075/2056 2059/2077/2058
f 2052/2071/2052 2049/2078/2059 2050/2079/2060
f 2052/2071/2052 2050/2079/2060 2054/2072/2053
f 2057/2076/2057 2051/2080/2061 2049/2078/2059
f 2057/2076/2057 2049/2078/2059 2052/2071/2052
f 2051/2080/2061 2059/2077/2058 2053/2075/2056
f 2051/2080/2061 2053/2075/2056 2049/2078/2059
f 2049/2078/2059 2053/2075/2056 2055/2074/2055
f 2049/2078/2059 2055/2074/2055 2050/2079/2060
f 2054/2072/2053 2050/2079/2060 2051/2080/2061
f 2054/2072/2053 2051/2080/2061 2057/2076/2057
f 2050/2079/2060 2055/2074/2055 2059/2077/2058
f 2050/2079/2060 2059/2077/2058 2051/2080/2061
f 2067/2081/2062 2063/2082/2063 2065/2083/2064
f 2069/2084/2065 2066/2085/2066 2064/2086/2067
f 2067/2081/2062 2065/2083/2064 2068/2087/2068
f 2069/2084/2065 2070/2088/2069 2066/2085/2066
f 2067/2081/2062 2068/2087/2068 2063/2082/2063
f 2069/2084/2065 2064/2086/2067 2070/2088/2069
f 2063/2082/2063 2060/2089/2070 2061/2090/2071
f 2063/2082/2063 2061/2090/2071 2065/2083/2064
f 2068/2087/2068 2062/2091/2072 2060/2089/2070
f 2068/2087/2068 2060/2089/2070 2063/2082/2063
f 2062/2091/2072 2070/2088/2069 2064/2086/2067
f 2062/2091/2072 2064/2086/2067 2060/2089/2070
f 2060/2089/2070 2064/2086/2067 2066/2085/2066
f 2060/2089/2070 2066/2085/2066 2061/2090/2071
f 2065/2083/2064 2061/2090/2071 2062/2091/2072
f 2065/2083/2064 2062/2091/2072 2068/2087/2068
f 2061/2090/2071 2066/2085/2066 2070/2088/2069
f 2061/2090/2071 2070/2088/2069 2062/2091/2072
f 2078/2092/2073 2074/2093/2074 2076/2094/2075
f 2080/2095/2076 2077/2096/2077 2075/2097/2078
f 2078/2092/2073 2076/2094/2075 2079/2098/2079
f 2080/2095/2076 2081/2099/2080 2077/2096/2077
f 2078/2092/2073 2079/2098/2079 2074/2093/2074
f 2080/2095/2076 2075/2097/2078 2081/2099/2080
f 2074/2093/2074 2071/2100/2081 2072/2101/2082
f 2074/2093/2074 2072/2101/2082 2076/2094/2075
f 2079/2098/2079 2073/2102/2083 2071/2100/2081
f 2079/2098/2079 2071/2100/2081 2074/2093/2074
f 2073/2102/2083 2081/2099/2080 2075/2097/2078
f 2073/2102/2083 2075/2097/2078 2071/2100/2081
f 2071/2100/2081 2075/2097/2078 2077/2096/2077
f 2071/2100/2081 2077/2096/2077 2072/2101/2082
f 2076/2094/2075 2072/2101/2082 2073/2102/2083
f 2076/2094/2075 2073/2102/2083 2079/2098/2079
f 2072/2101/2082 2077/2096/2077 2081/2099/2080
f 2072/2101/2082 2081/2099/2080 2073/2102/2083
f 2089/2103/2084 2085/2104/2085 2087/2105/2086
f 2091/2106/2087 2088/2107/2088 2086/2108/2089
f 2089/2103/2084 2087/2105/2086 2090/2109/2090
f 2091/2106/2087 2092/2110/2091 2088/2107/2088
f 2089/2103/2084 2090/2109/2090 2085/2104/2085
f 2091/2106/2087 2086/2108/2089 2092/2110/2091
f 2085/2104/2085 2082/2111/2092 2083/2112/2093
f 2085/2104/2085 2083/2112/2093 2087/2105/2086
f 2090/2109/2090 2084/2113/2094 2082/2111/2092
f 2090/2109/2090 2082/2111/2092 2085/2104/2085
f 2084/2113/2094 2092/2110/2091 2086/2108/2089
f 2084/2113/2094 2086/2108/2089 2082/2111/2092
f 2082/2111/2092 2086/2108/2089 2088/2107/2088
f 2082/2111/2092 2088/2107/2088 2083/2112/2093
f 2087/2105/2086 2083/2112/2093 2084/2113/2094
f 2087/2105/2086 2084/2113/2094 2090/2109/2090
f 2083/2112/2093 2088/2107/2088 2092/2110/2091
f 2083/2112/2093 2092/2110/2091 2084/2113/2094
f 2100/2114/2095 2096/2115/2096 2098/2116/2097
f 2102/2117/2098 2099/2118/2099 2097/2119/2100
f 2100/2114/2095 2098/2116/2097 2101/2120/2101
f 2102/2117/2098 2103/2121/2102 2099/2118/2099
f 2100/2114/2095 2101/2120/2101 2096/2115/2096
f 2102/2117/2098 2097/2119/2100 2103/2121/2102
f 2096/2115/2096 2093/2122/2103 2094/2123/2104
f 2096/2115/2096 2094/2123/2104 2098/2116/2097
f 2101/2120/2101 2095/2124/2105 2093/2122/2103
f 2101/2120/2101 2093/2122/2103 2096/2115/2096
f 2095/2124/2105 2103/2121/2102 2097/2119/2100
f 2095/2124/2105 2097/2119/2100 2093/2122/2103
f 2093/2122/2103 2097/2119/2100 2099/2118/2099
f 2093/2122/2103 2099/2118/2099 2094/2123/2104
f 2098/2116/2097 2094/2123/2104 2095/2124/2105
f 2098/2116/2097 2095/2124/2105 2101/2120/2101
f 2094/2123/2104 2099/2118/2099 2103/2121/2102
f 2094/2123/2104 2103/2121/2102 2095/2124/2105
f 2111/2125/2106 2107/2126/2107 2109/2127/2108
f 2113/2128/2109 2110/2129/2110 2108/2130/2111
f 2111/2125/2106 2109/2127/2108 2112/2131/2112
f 2113/2128/2109 2114/2132/2113 2110/2129/2110
f 2111/2125/2106 2112/2131/2112 2107/2126/2107
f 2113/2128/2109 2108/2130/2111 2114/2132/2113
f 2107/2126/2107 2104/2133/2114 2105/2134/2115
f 2107/2126/2107 2105/2134/2115 2109/2127/2108
f 2112/2131/2112 2106/2135/2116 2104/2133/2114
f 2112/2131/2112 2104/2133/2114 2107/2126/2107
f 2106/2135/2116 2114/2132/2113 2108/2130/2111
f 2106/2135/2116 2108/2130/2111 2104/2133/2114
f 2104/2133/2114 2108/2130/2111 2110/2129/2110
f 2104/2133/2114 2110/2129/2110 2105/2134/2115
f 2109/2127/2108 2105/2134/2115 2106/2135/2116
f 2109/2127/2108 2106/2135/2116 2112/2131/2112
f 2105/2134/2115 2110/2129/2110 2114/2132/2113
f 2105/2134/2115 2114/2132/2113 2106/2135/2116
f 2122/2136/2117 2118/2137/2118 2120/2138/2119
f 2124/2139/2120 2121/2140/2121 2119/2141/2122
f 2122/2136/2117 2120/2138/2119 2123/2142/2123
f 2124/2139/2120 2125/2143/2124 2121/2140/2121
f 2122/2136/2117 2123/2142/2123 2118/2137/2118
f 2124/2139/2120 2119/2141/2122 2125/2143/2124
f 2118/2137/2118 2115/2144/2125 2116/2145/2126
f 2118/2137/2118 2116/2145/2126 2120/2138/2119
f 2123/2142/2123 2117/2146/2127 2115/2144/2125
f 2123/2142/2123 2115/2144/2125 2118/2137/2118
f 2117/2146/2127 2125/2143/2124 2119/2141/2122
f 2117/2146/2127 2119/2141/2122 2115/2144/2125
f 2115/2144/2125 2119/2141/2122 2121/2140/2121
f 2115/2144/2125 2121/2140/2121 2116/2145/2126
f 2120/2138/2119 2116/2145/2126 2117/2146/2127
f 2120/2138/2119 2117/2146/2127 2123/2142/2123
f 2116/2145/2126 2121/2140/2121 2125/2143/2124
f 2116/2145/2126 2125/2143/2124 2117/2146/2127
f 2133/2147/2128 2129/2148/2129 2131/2149/2130
f 2135/2150/2131 2132/2151/2132 2130/2152/2133
f 2133/2147/2128 2131/2149/2130 2134/2153/2134
f 2135/2150/2131 2136/2154/2135 2132/2151/2132
f 2133/2147/2128 2134/2153/2134 2129/2148/2129
f 2135/2150/2131 2130/2152/2133 2136/2154/2135
f 2129/2148/2129 2126/2155/2136 2127/2156/2137
f 2129/2148/2129 2127/2156/2137 2131/2149/2130
f 2134/2153/2134 2128/2157/2138 2126/2155/2136
f 2134/2153/2134 2126/2155/2136 2129/2148/2129
f 2128/2157/2138 2136/2154/2135 2130/2152/2133
f 2128/2157/2138 2130/2152/2133 2126/2155/2136
f 2126/2155/2136 2130/2152/2133 2132/2151/2132
f 2126/2155/2136 2132/2151/2132 2127/2156/2137
f 2131/2149/2130 2127/2156/2137 2128/2157/2138
f 2131/2149/2130 2128/2157/2138 2134/2153/2134
f 2127/2156/2137 2132/2151/2132 2136/2154/2135
f 2127/2156/2137 2136/2154/2135 2128/2157/2138
f 2144/2158/2139 2140/2159/2140 2142/2160/2141
f 2146/2161/2142 2143/2162/2143 2141/2163/2144
f 2144/2158/2139 2142/2160/2141 2145/2164/2145
f 2146/2161/2142 2147/2165/2146 2143/2162/2143
f 2144/2158/2139 2145/2164/2145 2140/2159/2140
f 2146/2161/2142 2141/2163/2144 2147/2165/2146
f 2140/2159/2140 2137/2166/2147 2138/2167/2148
f 2140/2159/2140 2138/2167/2148 2142/2160/2141
f 2145/2164/2145 2139/2168/2149 2137/2166/2147
f 2145/2164/2145 2137/2166/2147 2140/2159/2140
f 2139/2168/2149 2147/2165/2146 2141/2163/2144
f 2139/2168/2149 2141/2163/2144 2137/2166/2147
f 2137/2166/2147 2141/2163/2144 2143/2162/2143
f 2137/2166/2147 2143/2162/2143 2138/2167/2148
f 2142/2160/2141 2138/2167/2148 2139/2168/2149
f 2142/2160/2141 2139/2168/2149 2145/2164/2145
f 2138/2167/2148 2143/2162/2143 2147/2165/2146
f 2138/2167/2148 2147/2165/2146 2139/2168/2149
f 2155/2169/2150 2151/2170/2151 2153/2171/2152
f 2157/2172/2153 2154/2173/2154 2152/2174/2155
f 2155/2169/2150 2153/2171/2152 2156/2175/2156
f 2157/2172/2153 2158/2176/2157 2154/2173/2154
f 2155/2169/2150 2156/2175/2156 2151/2170/2151
f 2157/2172/2153 2152/2174/2155 2158/2176/2157
f 2151/2170/2151 2148/2177/2158 2149/2178/2159
f 2151/2170/2151 2149/2178/2159 2153/2171/2152
f 2156/2175/2156 2150/2179/2160 2148/2177/2158
f 2156/2175/2156 2148/2177/2158 2151/2170/2151
f 2150/2179/2160 2158/2176/2157 2152/2174/2155
f 2150/2179/2160 2152/2174/2155 2148/2177/2158
f 2148/2177/2158 2152/2174/2155 2154/2173/2154
f 2148/2177/2158 2154/2173/2154 2149/2178/2159
f 2153/2171/2152 2149/2178/2159 2150/2179/2160
f 2153/2171/2152 2150/2179/2160 2156/2175/2156
f 2149/2178/2159 2154/2173/2154 2158/2176/2157
f 2149/2178/2159 2158/2176/2157 2150/2179/2160
f 2166/2180/2161 2162/2181/2162 2164/2182/2163
f 2168/2183/2164 2165/2184/2165 2163/2185/2166
f 2166/2180/2161 2164/2182/2163 2167/2186/2167
f 2168/2183/2164 2169/2187/2168 2165/2184/2165
f 2166/2180/2161 2167/2186/2167 2162/2181/2162
f 2168/2183/2164 2163/2185/2166 2169/2187/2168
f 2162/2181/2162 2159/2188/2169 2160/2189/2170
f 2162/2181/2162 2160/2189/2170 2164/2182/2163
f 2167/2186/2167 2161/2190/2171 2159/2188/2169
f 2167/2186/2167 2159/2188/2169 2162/2181/2162
f 2161/2190/2171 2169/2187/2168 2163/2185/2166
f 2161/2190/2171 2163/2185/2166 2159/2188/2169
f 2159/2188/2169 2163/2185/2166 2165/2184/2165
f 2159/2188/2169 2165/2184/2165 2160/2189/2170
f 2164/2182/2163 2160/2189/2170 2161/2190/2171
f 2164/2182/2163 2161/2190/2171 2167/2186/2167
f 2160/2189/2170 2165/2184/2165 2169/2187/2168
f 2160/2189/2170 2169/2187/2168 2161/2190/2171
f 2177/2191/2172 2173/2192/2173 2175/2193/2174
f 2179/2194/2175 2176/2195/2176 2174/2196/2177
f 2177/2191/2172 2175/2193/2174 2178/2197/2178
f 2179/2194/2175 2180/2198/2179 2176/2195/2176
f 2177/2191/2172 2178/2197/2178 2173/2192/2173
f 2179/2194/2175 2174/2196/2177 2180/2198/2179
f 2173/2192/2173 2170/2199/2180 2171/2200/2181
f 2173/2192/2173 2171/2200/2181 2175/2193/2174
f 2178/2197/2178 2172/2201/2182 2170/2199/2180
f 2178/2197/2178 2170/2199/2180 2173/2192/2173
f 2172/2201/2182 2180/2198/2179 2174/2196/2177
f 2172/2201/2182 2174/2196/2177 2170/2199/2180
f 2170/2199/2180 2174/2196/2177 2176/2195/2176
f 2170/2199/2180 2176/2195/2176 2171/2200/2181
f 2175/2193/2174 2171/2200/2181 2172/2201/2182
f 2175/2193/2174 2172/2201/2182 2178/2197/2178
f 2171/2200/2181 2176/2195/2176 2180/2198/2179
f 2171/2200/2181 2180/2198/2179 2172/2201/2182
f 2188/2202/2183 2184/2203/2184 2186/2204/2185
f 2190/2205/2186 2187/2206/2187 2185/2207/2188
f 2188/2202/2183 2186/2204/2185 2189/2208/2189
f 2190/2205/2186 2191/2209/2190 2187/2206/2187
f 2188/2202/2183 2189/2208/2189 2184/2203/2184
f 2190/2205/2186 2185/2207/2188 2191/2209/2190
f 2184/2203/2184 2181/2210/2191 2182/2211/2192
f 2184/2203/2184 2182/2211/2192 2186/2204/2185
f 2189/2208/2189 2183/2212/2193 2181/2210/2191
f 2189/2208/2189 2181/2210/2191 2184/2203/2184
f 2183/2212/2193 2191/2209/2190 2185/2207/2188
f 2183/2212/2193 2185/2207/2188 2181/2210/2191
f 2181/2210/2191 2185/2207/2188 2187/2206/2187
f 2181/2210/2191 2187/2206/2187 2182/2211/2192
f 2186/2204/2185 2182/2211/2192 2183/2212/2193
f 2186/2204/2185 2183/2212/2193 2189/2208/2189
f 2182/2211/2192 2187/2206/2187 2191/2209/2190
f 2182/2211/2192 2191/2209/2190 2183/2212/2193
f 2199/2213/2194 2195/2214/2195 2197/2215/2196
f 2201/2216/2197 2198/2217/2198 2196/2218/2199
f 2199/2213/2194 2197/2215/2196 2200/2219/2200
f 2201/2216/2197 2202/2220/2201 2198/2217/2198
f 2199/2221/2194 2200/2222/2200 2195/2223/2195
f 2201/2216/2197 2196/2218/2199 2202/2220/2201
f 2195/2223/2195 2192/2224/2202 2193/2225/2203
f 2195/2223/2195 2193/2225/2203 2197/2226/2196
f 2200/2222/2200 2194/2227/2204 2192/2224/2202
f 2200/2222/2200 2192/2224/2202 2195/2223/2195
f 2194/2227/2204 2202/2220/2201 2196/2218/2199
f 2194/2227/2204 2196/2218/2199 2192/2224/2202
f 2192/2224/2202 2196/2218/2199 2198/2217/2198
f 2192/2224/2202 2198/2217/2198 2193/2225/2203
f 2197/2226/2196 2193/2225/2203 2194/2227/2204
f 2197/2226/2196 2194/2227/2204 2200/2222/2200
f 2193/2225/2203 2198/2217/2198 2202/2220/2201
f 2193/2225/2203 2202/2220/2201 2194/2227/2204
f 2210/2228/2205 2206/2229/2206 2208/2230/2207
f 2212/2231/2208 2209/2232/2209 2207/2233/2210
f 2210/2228/2205 2208/2230/2207 2211/2234/2211
f 2212/2231/2208 2213/2235/2212 2209/2232/2209
f 2210/2228/2205 2211/2234/2211 2206/2229/2206
f 2212/2231/2208 2207/2233/2210 2213/2235/2212
f 2206/2229/2206 2203/2236/2213 2204/2237/2214
f 2206/2229/2206 2204/2237/2214 2208/2230/2207
f 2211/2234/2211 2205/2238/2215 2203/2236/2213
f 2211/2234/2211 2203/2236/2213 2206/2229/2206
f 2205/2238/2215 2213/2235/2212 2207/2233/2210
f 2205/2238/2215 2207/2233/2210 2203/2236/2213
f 2203/2236/2213 2207/2233/2210 2209/2232/2209
f 2203/2236/2213 2209/2232/2209 2204/2237/2214
f 2208/2230/2207 2204/2237/2214 2205/2238/2215
f 2208/2230/2207 2205/2238/2215 2211/2234/2211
f 2204/2237/2214 2209/2232/2209 2213/2235/2212
f 2204/2237/2214 2213/2235/2212 2205/2238/2215
f 2221/2239/2216 2217/2240/2217 2219/2241/2218
f 2223/2242/2219 2220/2243/2220 2218/2244/2221
f 2221/2239/2216 2219/2241/2218 2222/2245/2222
f 2223/2242/2219 2224/2246/2223 2220/2243/2220
f 2221/2239/2216 2222/2245/2222 2217/2240/2217
f 2223/2242/2219 2218/2244/2221 2224/2246/2223
f 2217/2240/2217 2214/2247/2224 2215/2248/2225
f 2217/2240/2217 2215/2248/2225 2219/2241/2218
f 2222/2245/2222 2216/2249/2226 2214/2247/2224
f 2222/2245/2222 2214/2247/2224 2217/2240/2217
f 2216/2249/2226 2224/2246/2223 2218/2244/2221
f 2216/2249/2226 2218/2244/2221 2214/2247/2224
f 2214/2247/2224 2218/2244/2221 2220/2243/2220
f 2214/2247/2224 2220/2243/2220 2215/2248/2225
f 2219/2241/2218 2215/2248/2225 2216/2249/2226
f 2219/2241/2218 2216/2249/2226 2222/2245/2222
f 2215/2248/2225 2220/2243/2220 2224/2246/2223
f 2215/2248/2225 2224/2246/2223 2216/2249/2226
f 2232/2250/2227 2228/2251/2228 2230/2252/2229
f 2234/2253/2230 2231/2254/2231 2229/2255/2232
f 2232/2250/2227 2230/2252/2229 2233/2256/2233
f 2234/2253/2230 2235/2257/2234 2231/2254/2231
f 2232/2250/2227 2233/2256/2233 2228/2251/2228
f 2234/2253/2230 2229/2255/2232 2235/2257/2234
f 2228/2251/2228 2225/2258/2235 2226/2259/2236
f 2228/2251/2228 2226/2259/2236 2230/2252/2229
f 2233/2256/2233 2227/2260/2237 2225/2258/2235
f 2233/2256/2233 2225/2258/2235 2228/2251/2228
f 2227/2260/2237 2235/2257/2234 2229/2255/2232
f 2227/2260/2237 2229/2255/2232 2225/2258/2235
f 2225/2258/2235 2229/2255/2232 2231/2254/2231
f 2225/2258/2235 2231/2254/2231 2226/2259/2236
f 2230/2252/2229 2226/2259/2236 2227/2260/2237
f 2230/2252/2229 2227/2260/2237 2233/2256/2233
f 2226/2259/2236 2231/2254/2231 2235/2257/2234
f 2226/2259/2236 2235/2257/2234 2227/2260/2237
f 2238/2026/2007 2239/2025/2006 2236/2261/2238
f 2238/2026/2007 2236/2261/2238 2237/2262/2239
f 2004/2036/2017 2005/2035/2016 2237/2262/2239
f 2004/2036/2017 2237/2262/2239 2236/2261/2238
f 2007/2024/2005 2004/2036/2017 2236/2261/2238
f 2007/2024/2005 2236/2261/2238 2239/2025/2006
f 2005/2035/2016 2006/2023/2004 2238/2026/2007
f 2005/2035/2016 2238/2026/2007 2237/2262/2239
f 2242/2263/2240 2241/2264/2241 2240/2265/2242
f 2242/2263/2240 2240/2265/2242 2243/2266/2243
f 2248/2267/2244 2247/2268/2245 2242/2263/2240
f 2248/2267/2244 2242/2263/2240 2243/2266/2243
f 2256/2269/2246 2255/2270/2247 2240/2265/2242
f 2256/2269/2246 2240/2265/2242 2241/2264/2241
f 2255/2270/2247 2248/2267/2244 2243/2266/2243
f 2255/2270/2247 2243/2266/2243 2240/2265/2242
f 2247/2268/2245 2256/2269/2246 2241/2264/2241
f 2247/2268/2245 2241/2264/2241 2242/2263/2240
f 2244/2271/2248 2259/2272/2249 2258/2273/2250
f 2244/2271/2248 2258/2273/2250 2245/2274/2251
f 2245/2274/2251 2258/2273/2250 2257/2275/2252
f 2245/2274/2251 2257/2275/2252 2246/2276/2253
f 2246/2276/2253 2257/2275/2252 2256/2269/2246
f 2246/2276/2253 2256/2269/2246 2247/2268/2245
f 2252/2277/2254 2251/2278/2255 2250/2279/2256
f 2252/2277/2254 2250/2279/2256 2253/2280/2257
f 2253/2280/2257 2250/2279/2256 2249/2281/2258
f 2253/2280/2257 2249/2281/2258 2254/2282/2259
f 2254/2282/2259 2249/2281/2258 2248/2267/2244
f 2254/2282/2259 2248/2267/2244 2255/2270/2247
f 2259/2272/2249 2252/2277/2254 2253/2280/2257
f 2259/2272/2249 2253/2280/2257 2258/2273/2250
f 2258/2273/2250 2253/2280/2257 2254/2282/2259
f 2258/2273/2250 2254/2282/2259 2257/2275/2252
f 2257/2275/2252 2254/2282/2259 2255/2270/2247
f 2257/2275/2252 2255/2270/2247 2256/2269/2246
f 2251/2278/2255 2244/2271/2248 2245/2274/2251
f 2251/2278/2255 2245/2274/2251 2250/2279/2256
f 2250/2279/2256 2245/2274/2251 2246/2276/2253
f 2250/2279/2256 2246/2276/2253 2249/2281/2258
f 2249/2281/2258 2246/2276/2253 2247/2268/2245
f 2249/2281/2258 2247/2268/2245 2248/2267/2244
f 2262/2283/2260 2263/2284/2261 2506/2285/2262
f 2262/2283/2260 2506/2285/2262 2505/2286/2263
f 2265/2287/2264 2266/2288/2265 2267/2289/2266
f 2265/2287/2264 2267/2289/2266 2264/2290/2267
f 2269/2291/2268 2267/2289/2266 2266/2288/2265
f 2269/2291/2268 2266/2288/2265 2268/2292/2269
f 2271/2293/2270 2269/2291/2268 2268/2292/2269
f 2271/2293/2270 2268/2292/2269 2270/2294/2271
f 2270/2294/2271 2265/2287/2264 2264/2290/2267
f 2270/2294/2271 2264/2290/2267 2271/2293/2270
f 2264/2290/2267 2267/2289/2266 2261/2295/2272
f 2264/2290/2267 2261/2295/2272 2260/2296/2273
f 2265/2287/2264 2270/2294/2271 2251/2278/2255
f 2265/2287/2264 2251/2278/2255 2252/2277/2254
f 2266/2288/2265 2265/2287/2264 2252/2277/2254
f 2266/2288/2265 2252/2277/2254 2259/2272/2249
f 2271/2293/2270 2264/2290/2267 2260/2296/2273
f 2271/2293/2270 2260/2296/2273 2263/2284/2261
f 2267/2289/2266 2269/2291/2268 2262/2283/2260
f 2267/2289/2266 2262/2283/2260 2261/2295/2272
f 2268/2292/2269 2266/2288/2265 2259/2272/2249
f 2268/2292/2269 2259/2272/2249 2244/2271/2248
f 2269/2291/2268 2271/2293/2270 2263/2284/2261
f 2269/2291/2268 2263/2284/2261 2262/2283/2260
f 2270/2294/2271 2268/2292/2269 2244/2271/2248
f 2270/2294/2271 2244/2271/2248 2251/2278/2255
f 2279/2297/2274 2275/2298/2275 2277/2299/2276
f 2281/2300/2277 2278/2301/2278 2276/2302/2279
f 2279/2297/2274 2277/2299/2276 2280/2303/2280
f 2281/2300/2277 2282/2304/2281 2278/2301/2278
f 2279/2297/2274 2280/2303/2280 2275/2298/2275
f 2281/2300/2277 2276/2302/2279 2282/2304/2281
f 2275/2298/2275 2272/2305/2282 2273/2306/2283
f 2275/2298/2275 2273/2306/2283 2277/2299/2276
f 2280/2303/2280 2274/2307/2284 2272/2305/2282
f 2280/2303/2280 2272/2305/2282 2275/2298/2275
f 2274/2307/2284 2282/2304/2281 2276/2302/2279
f 2274/2307/2284 2276/2302/2279 2272/2305/2282
f 2272/2305/2282 2276/2302/2279 2278/2301/2278
f 2272/2305/2282 2278/2301/2278 2273/2306/2283
f 2277/2299/2276 2273/2306/2283 2274/2307/2284
f 2277/2299/2276 2274/2307/2284 2280/2303/2280
f 2273/2306/2283 2278/2301/2278 2282/2304/2281
f 2273/2306/2283 2282/2304/2281 2274/2307/2284
f 2290/2308/2285 2286/2309/2286 2288/2310/2287
f 2292/2311/2288 2289/2312/2289 2287/2313/2290
f 2290/2308/2285 2288/2310/2287 2291/2314/2291
f 2292/2311/2288 2293/2315/2292 2289/2312/2289
f 2290/2308/2285 2291/2314/2291 2286/2309/2286
f 2292/2311/2288 2287/2313/2290 2293/2315/2292
f 2286/2309/2286 2283/2316/2293 2284/2317/2294
f 2286/2309/2286 2284/2317/2294 2288/2310/2287
f 2291/2314/2291 2285/2318/2295 2283/2316/2293
f 2291/2314/2291 2283/2316/2293 2286/2309/2286
f 2285/2318/2295 2293/2315/2292 2287/2313/2290
f 2285/2318/2295 2287/2313/2290 2283/2316/2293
f 2283/2316/2293 2287/2313/2290 2289/2312/2289
f 2283/2316/2293 2289/2312/2289 2284/2317/2294
f 2288/2310/2287 2284/2317/2294 2285/2318/2295
f 2288/2310/2287 2285/2318/2295 2291/2314/2291
f 2284/2317/2294 2289/2312/2289 2293/2315/2292
f 2284/2317/2294 2293/2315/2292 2285/2318/2295
f 2301/2319/2296 2297/2320/2297 2299/2321/2298
f 2303/2322/2299 2300/2323/2300 2298/2324/2301
f 2301/2319/2296 2299/2321/2298 2302/2325/2302
f 2303/2322/2299 2304/2326/2303 2300/2323/2300
f 2301/2319/2296 2302/2325/2302 2297/2320/2297
f 2303/2322/2299 2298/2324/2301 2304/2326/2303
f 2297/2320/2297 2294/2327/2304 2295/2328/2305
f 2297/2320/2297 2295/2328/2305 2299/2321/2298
f 2302/2325/2302 2296/2329/2306 2294/2327/2304
f 2302/2325/2302 2294/2327/2304 2297/2320/2297
f 2296/2329/2306 2304/2326/2303 2298/2324/2301
f 2296/2329/2306 2298/2324/2301 2294/2327/2304
f 2294/2327/2304 2298/2324/2301 2300/2323/2300
f 2294/2327/2304 2300/2323/2300 2295/2328/2305
f 2299/2321/2298 2295/2328/2305 2296/2329/2306
f 2299/2321/2298 2296/2329/2306 2302/2325/2302
f 2295/2328/2305 2300/2323/2300 2304/2326/2303
f 2295/2328/2305 2304/2326/2303 2296/2329/2306
f 2312/2330/2307 2308/2331/2308 2310/2332/2309
f 2314/2333/2310 2311/2334/2311 2309/2335/2312
f 2312/2330/2307 2310/2332/2309 2313/2336/2313
f 2314/2333/2310 2315/2337/2314 2311/2334/2311
f 2312/2330/2307 2313/2336/2313 2308/2331/2308
f 2314/2333/2310 2309/2335/2312 2315/2337/2314
f 2308/2331/2308 2305/2338/2315 2306/2339/2316
f 2308/2331/2308 2306/2339/2316 2310/2332/2309
f 2313/2336/2313 2307/2340/2317 2305/2338/2315
f 2313/2336/2313 2305/2338/2315 2308/2331/2308
f 2307/2340/2317 2315/2337/2314 2309/2335/2312
f 2307/2340/2317 2309/2335/2312 2305/2338/2315
f 2305/2338/2315 2309/2335/2312 2311/2334/2311
f 2305/2338/2315 2311/2334/2311 2306/2339/2316
f 2310/2332/2309 2306/2339/2316 2307/2340/2317
f 2310/2332/2309 2307/2340/2317 2313/2336/2313
f 2306/2339/2316 2311/2334/2311 2315/2337/2314
f 2306/2339/2316 2315/2337/2314 2307/2340/2317
f 2323/2341/2318 2319/2342/2319 2321/2343/2320
f 2325/2344/2321 2322/2345/2322 2320/2346/2323
f 2323/2341/2318 2321/2343/2320 2324/2347/2324
f 2325/2344/2321 2326/2348/2325 2322/2345/2322
f 2323/2341/2318 2324/2347/2324 2319/2342/2319
f 2325/2344/2321 2320/2346/2323 2326/2348/2325
f 2319/2342/2319 2316/2349/2326 2317/2350/2327
f 2319/2342/2319 2317/2350/2327 2321/2343/2320
f 2324/2347/2324 2318/2351/2328 2316/2349/2326
f 2324/2347/2324 2316/2349/2326 2319/2342/2319
f 2318/2351/2328 2326/2348/2325 2320/2346/2323
f 2318/2351/2328 2320/2346/2323 2316/2349/2326
f 2316/2349/2326 2320/2346/2323 2322/2345/2322
f 2316/2349/2326 2322/2345/2322 2317/2350/2327
f 2321/2343/2320 2317/2350/2327 2318/2351/2328
f 2321/2343/2320 2318/2351/2328 2324/2347/2324
f 2317/2350/2327 2322/2345/2322 2326/2348/2325
f 2317/2350/2327 2326/2348/2325 2318/2351/2328
f 2334/2352/2329 2330/2353/2330 2332/2354/2331
f 2336/2355/2332 2333/2356/2333 2331/2357/2334
f 2334/2352/2329 2332/2354/2331 2335/2358/2335
f 2336/2355/2332 2337/2359/2336 2333/2356/2333
f 2334/2352/2329 2335/2358/2335 2330/2353/2330
f 2336/2355/2332 2331/2357/2334 2337/2359/2336
f 2330/2353/2330 2327/2360/2337 2328/2361/2338
f 2330/2353/2330 2328/2361/2338 2332/2354/2331
f 2335/2358/2335 2329/2362/2339 2327/2360/2337
f 2335/2358/2335 2327/2360/2337 2330/2353/2330
f 2329/2362/2339 2337/2359/2336 2331/2357/2334
f 2329/2362/2339 2331/2357/2334 2327/2360/2337
f 2327/2360/2337 2331/2357/2334 2333/2356/2333
f 2327/2360/2337 2333/2356/2333 2328/2361/2338
f 2332/2354/2331 2328/2361/2338 2329/2362/2339
f 2332/2354/2331 2329/2362/2339 2335/2358/2335
f 2328/2361/2338 2333/2356/2333 2337/2359/2336
f 2328/2361/2338 2337/2359/2336 2329/2362/2339
f 2345/2363/2340 2341/2364/2341 2343/2365/2342
f 2347/2366/2343 2344/2367/2344 2342/2368/2345
f 2345/2363/2340 2343/2365/2342 2346/2369/2346
f 2347/2366/2343 2348/2370/2347 2344/2367/2344
f 2345/2363/2340 2346/2369/2346 2341/2364/2341
f 2347/2366/2343 2342/2368/2345 2348/2370/2347
f 2341/2364/2341 2338/2371/2348 2339/2372/2349
f 2341/2364/2341 2339/2372/2349 2343/2365/2342
f 2346/2369/2346 2340/2373/2350 2338/2371/2348
f 2346/2369/2346 2338/2371/2348 2341/2364/2341
f 2340/2373/2350 2348/2370/2347 2342/2368/2345
f 2340/2373/2350 2342/2368/2345 2338/2371/2348
f 2338/2371/2348 2342/2368/2345 2344/2367/2344
f 2338/2371/2348 2344/2367/2344 2339/2372/2349
f 2343/2365/2342 2339/2372/2349 2340/2373/2350
f 2343/2365/2342 2340/2373/2350 2346/2369/2346
f 2339/2372/2349 2344/2367/2344 2348/2370/2347
f 2339/2372/2349 2348/2370/2347 2340/2373/2350
f 2356/2374/2351 2352/2375/2352 2354/2376/2353
f 2358/2377/2354 2355/2378/2355 2353/2379/2356
f 2356/2374/2351 2354/2376/2353 2357/2380/2357
f 2358/2377/2354 2359/2381/2358 2355/2378/2355
f 2356/2374/2351 2357/2380/2357 2352/2375/2352
f 2358/2377/2354 2353/2379/2356 2359/2381/2358
f 2352/2375/2352 2349/2382/2359 2350/2383/2360
f 2352/2375/2352 2350/2383/2360 2354/2376/2353
f 2357/2380/2357 2351/2384/2361 2349/2382/2359
f 2357/2380/2357 2349/2382/2359 2352/2375/2352
f 2351/2384/2361 2359/2381/2358 2353/2379/2356
f 2351/2384/2361 2353/2379/2356 2349/2382/2359
f 2349/2382/2359 2353/2379/2356 2355/2378/2355
f 2349/2382/2359 2355/2378/2355 2350/2383/2360
f 2354/2376/2353 2350/2383/2360 2351/2384/2361
f 2354/2376/2353 2351/2384/2361 2357/2380/2357
f 2350/2383/2360 2355/2378/2355 2359/2381/2358
f 2350/2383/2360 2359/2381/2358 2351/2384/2361
f 2367/2385/2362 2363/2386/2363 2365/2387/2364
f 2369/2388/2365 2366/2389/2366 2364/2390/2367
f 2367/2385/2362 2365/2387/2364 2368/2391/2368
f 2369/2388/2365 2370/2392/2369 2366/2389/2366
f 2367/2385/2362 2368/2391/2368 2363/2386/2363
f 2369/2388/2365 2364/2390/2367 2370/2392/2369
f 2363/2386/2363 2360/2393/2370 2361/2394/2371
f 2363/2386/2363 2361/2394/2371 2365/2387/2364
f 2368/2391/2368 2362/2395/2372 2360/2393/2370
f 2368/2391/2368 2360/2393/2370 2363/2386/2363
f 2362/2395/2372 2370/2392/2369 2364/2390/2367
f 2362/2395/2372 2364/2390/2367 2360/2393/2370
f 2360/2393/2370 2364/2390/2367 2366/2389/2366
f 2360/2393/2370 2366/2389/2366 2361/2394/2371
f 2365/2387/2364 2361/2394/2371 2362/2395/2372
f 2365/2387/2364 2362/2395/2372 2368/2391/2368
f 2361/2394/2371 2366/2389/2366 2370/2392/2369
f 2361/2394/2371 2370/2392/2369 2362/2395/2372
f 2378/2396/2373 2374/2397/2374 2376/2398/2375
f 2380/2399/2376 2377/2400/2377 2375/2401/2378
f 2378/2396/2373 2376/2398/2375 2379/2402/2379
f 2380/2399/2376 2381/2403/2380 2377/2400/2377
f 2378/2396/2373 2379/2402/2379 2374/2397/2374
f 2380/2399/2376 2375/2401/2378 2381/2403/2380
f 2374/2397/2374 2371/2404/2381 2372/2405/2382
f 2374/2397/2374 2372/2405/2382 2376/2398/2375
f 2379/2402/2379 2373/2406/2383 2371/2404/2381
f 2379/2402/2379 2371/2404/2381 2374/2397/2374
f 2373/2406/2383 2381/2403/2380 2375/2401/2378
f 2373/2406/2383 2375/2401/2378 2371/2404/2381
f 2371/2404/2381 2375/2401/2378 2377/2400/2377
f 2371/2404/2381 2377/2400/2377 2372/2405/2382
f 2376/2398/2375 2372/2405/2382 2373/2406/2383
f 2376/2398/2375 2373/2406/2383 2379/2402/2379
f 2372/2405/2382 2377/2400/2377 2381/2403/2380
f 2372/2405/2382 2381/2403/2380 2373/2406/2383
f 2389/2407/2384 2385/2408/2385 2387/2409/2386
f 2391/2410/2387 2388/2411/2388 2386/2412/2389
f 2389/2407/2384 2387/2409/2386 2390/2413/2390
f 2391/2410/2387 2392/2414/2391 2388/2411/2388
f 2389/2407/2384 2390/2413/2390 2385/2408/2385
f 2391/2410/2387 2386/2412/2389 2392/2414/2391
f 2385/2408/2385 2382/2415/2392 2383/2416/2393
f 2385/2408/2385 2383/2416/2393 2387/2409/2386
f 2390/2413/2390 2384/2417/2394 2382/2415/2392
f 2390/2413/2390 2382/2415/2392 2385/2408/2385
f 2384/2417/2394 2392/2414/2391 2386/2412/2389
f 2384/2417/2394 2386/2412/2389 2382/2415/2392
f 2382/2415/2392 2386/2412/2389 2388/2411/2388
f 2382/2415/2392 2388/2411/2388 2383/2416/2393
f 2387/2409/2386 2383/2416/2393 2384/2417/2394
f 2387/2409/2386 2384/2417/2394 2390/2413/2390
f 2383/2416/2393 2388/2411/2388 2392/2414/2391
f 2383/2416/2393 2392/2414/2391 2384/2417/2394
f 2400/2418/2395 2396/2419/2396 2398/2420/2397
f 2402/2421/2398 2399/2422/2399 2397/2423/2400
f 2400/2418/2395 2398/2420/2397 2401/2424/2401
f 2402/2421/2398 2403/2425/2402 2399/2422/2399
f 2400/2418/2395 2401/2424/2401 2396/2419/2396
f 2402/2421/2398 2397/2423/2400 2403/2425/2402
f 2396/2419/2396 2393/2426/2403 2394/2427/2404
f 2396/2419/2396 2394/2427/2404 2398/2420/2397
f 2401/2424/2401 2395/2428/2405 2393/2426/2403
f 2401/2424/2401 2393/2426/2403 2396/2419/2396
f 2395/2428/2405 2403/2425/2402 2397/2423/2400
f 2395/2428/2405 2397/2423/2400 2393/2426/2403
f 2393/2426/2403 2397/2423/2400 2399/2422/2399
f 2393/2426/2403 2399/2422/2399 2394/2427/2404
f 2398/2420/2397 2394/2427/2404 2395/2428/2405
f 2398/2420/2397 2395/2428/2405 2401/2424/2401
f 2394/2427/2404 2399/2422/2399 2403/2425/2402
f 2394/2427/2404 2403/2425/2402 2395/2428/2405
f 2411/2429/2406 2407/2430/2407 2409/2431/2408
f 2413/2432/2409 2410/2433/2410 2408/2434/2411
f 2411/2429/2406 2409/2431/2408 2412/2435/2412
f 2413/2432/2409 2414/2436/2413 2410/2433/2410
f 2411/2429/2406 2412/2435/2412 2407/2430/2407
f 2413/2432/2409 2408/2434/2411 2414/2436/2413
f 2407/2430/2407 2404/2437/2414 2405/2438/2415
f 2407/2430/2407 2405/2438/2415 2409/2431/2408
f 2412/2435/2412 2406/2439/2416 2404/2437/2414
f 2412/2435/2412 2404/2437/2414 2407/2430/2407
f 2406/2439/2416 2414/2436/2413 2408/2434/2411
f 2406/2439/2416 2408/2434/2411 2404/2437/2414
f 2404/2437/2414 2408/2434/2411 2410/2433/2410
f 2404/2437/2414 2410/2433/2410 2405/2438/2415
f 2409/2431/2408 2405/2438/2415 2406/2439/2416
f 2409/2431/2408 2406/2439/2416 2412/2435/2412
f 2405/2438/2415 2410/2433/2410 2414/2436/2413
f 2405/2438/2415 2414/2436/2413 2406/2439/2416
f 2422/2440/2417 2418/2441/2418 2420/2442/2419
f 2424/2443/2420 2421/2444/2421 2419/2445/2422
f 2422/2440/2417 2420/2442/2419 2423/2446/2423
f 2424/2443/2420 2425/2447/2424 2421/2444/2421
f 2422/2440/2417 2423/2446/2423 2418/2441/2418
f 2424/2443/2420 2419/2445/2422 2425/2447/2424
f 2418/2441/2418 2415/2448/2425 2416/2449/2426
f 2418/2441/2418 2416/2449/2426 2420/2442/2419
f 2423/2446/2423 2417/2450/2427 2415/2448/2425
f 2423/2446/2423 2415/2448/2425 2418/2441/2418
f 2417/2450/2427 2425/2447/2424 2419/2445/2422
f 2417/2450/2427 2419/2445/2422 2415/2448/2425
f 2415/2448/2425 2419/2445/2422 2421/2444/2421
f 2415/2448/2425 2421/2444/2421 2416/2449/2426
f 2420/2442/2419 2416/2449/2426 2417/2450/2427
f 2420/2442/2419 2417/2450/2427 2423/2446/2423
f 2416/2449/2426 2421/2444/2421 2425/2447/2424
f 2416/2449/2426 2425/2447/2424 2417/2450/2427
f 2433/2451/2428 2429/2452/2429 2431/2453/2430
f 2435/2454/2431 2432/2455/2432 2430/2456/2433
f 2433/2451/2428 2431/2453/2430 2434/2457/2434
f 2435/2454/2431 2436/2458/2435 2432/2455/2432
f 2433/2451/2428 2434/2457/2434 2429/2452/2429
f 2435/2454/2431 2430/2456/2433 2436/2458/2435
f 2429/2452/2429 2426/2459/2436 2427/2460/2437
f 2429/2452/2429 2427/2460/2437 2431/2453/2430
f 2434/2457/2434 2428/2461/2438 2426/2459/2436
f 2434/2457/2434 2426/2459/2436 2429/2452/2429
f 2428/2461/2438 2436/2458/2435 2430/2456/2433
f 2428/2461/2438 2430/2456/2433 2426/2459/2436
f 2426/2459/2436 2430/2456/2433 2432/2455/2432
f 2426/2459/2436 2432/2455/2432 2427/2460/2437
f 2431/2453/2430 2427/2460/2437 2428/2461/2438
f 2431/2453/2430 2428/2461/2438 2434/2457/2434
f 2427/2460/2437 2432/2455/2432 2436/2458/2435
f 2427/2460/2437 2436/2458/2435 2428/2461/2438
f 2444/2462/2439 2440/2463/2440 2442/2464/2441
f 2446/2465/2442 2443/2466/2443 2441/2467/2444
f 2444/2462/2439 2442/2464/2441 2445/2468/2445
f 2446/2465/2442 2447/2469/2446 2443/2466/2443
f 2444/2462/2439 2445/2468/2445 2440/2463/2440
f 2446/2465/2442 2441/2467/2444 2447/2469/2446
f 2440/2463/2440 2437/2470/2447 2438/2471/2448
f 2440/2463/2440 2438/2471/2448 2442/2464/2441
f 2445/2468/2445 2439/2472/2449 2437/2470/2447
f 2445/2468/2445 2437/2470/2447 2440/2463/2440
f 2439/2472/2449 2447/2469/2446 2441/2467/2444
f 2439/2472/2449 2441/2467/2444 2437/2470/2447
f 2437/2470/2447 2441/2467/2444 2443/2466/2443
f 2437/2470/2447 2443/2466/2443 2438/2471/2448
f 2442/2464/2441 2438/2471/2448 2439/2472/2449
f 2442/2464/2441 2439/2472/2449 2445/2468/2445
f 2438/2471/2448 2443/2466/2443 2447/2469/2446
f 2438/2471/2448 2447/2469/2446 2439/2472/2449
f 2455/2473/2450 2451/2474/2451 2453/2475/2452
f 2457/2476/2453 2454/2477/2454 2452/2478/2455
f 2455/2473/2450 2453/2475/2452 2456/2479/2456
f 2457/2476/2453 2458/2480/2457 2454/2477/2454
f 2455/2473/2450 2456/2479/2456 2451/2474/2451
f 2457/2476/2453 2452/2478/2455 2458/2480/2457
f 2451/2474/2451 2448/2481/2458 2449/2482/2459
f 2451/2474/2451 2449/2482/2459 2453/2475/2452
f 2456/2479/2456 2450/2483/2460 2448/2481/2458
f 2456/2479/2456 2448/2481/2458 2451/2474/2451
f 2450/2483/2460 2458/2480/2457 2452/2478/2455
f 2450/2483/2460 2452/2478/2455 2448/2481/2458
f 2448/2481/2458 2452/2478/2455 2454/2477/2454
f 2448/2481/2458 2454/2477/2454 2449/2482/2459
f 2453/2475/2452 2449/2482/2459 2450/2483/2460
f 2453/2475/2452 2450/2483/2460 2456/2479/2456
f 2449/2482/2459 2454/2477/2454 2458/2480/2457
f 2449/2482/2459 2458/2480/2457 2450/2483/2460
f 2466/2484/2461 2462/2485/2462 2464/2486/2463
f 2468/2487/2464 2465/2488/2465 2463/2489/2466
f 2466/2484/2461 2464/2486/2463 2467/2490/2467
f 2468/2487/2464 2469/2491/2468 2465/2488/2465
f 2466/2484/2461 2467/2490/2467 2462/2485/2462
f 2468/2487/2464 2463/2489/2466 2469/2491/2468
f 2462/2485/2462 2459/2492/2469 2460/2493/2470
f 2462/2485/2462 2460/2493/2470 2464/2486/2463
f 2467/2490/2467 2461/2494/2471 2459/2492/2469
f 2467/2490/2467 2459/2492/2469 2462/2485/2462
f 2461/2494/2471 2469/2491/2468 2463/2489/2466
f 2461/2494/2471 2463/2489/2466 2459/2492/2469
f 2459/2492/2469 2463/2489/2466 2465/2488/2465
f 2459/2492/2469 2465/2488/2465 2460/2493/2470
f 2464/2486/2463 2460/2493/2470 2461/2494/2471
f 2464/2486/2463 2461/2494/2471 2467/2490/2467
f 2460/2493/2470 2465/2488/2465 2469/2491/2468
f 2460/2493/2470 2469/2491/2468 2461/2494/2471
f 2477/2495/2472 2473/2496/2473 2475/2497/2474
f 2479/2498/2475 2476/2499/2476 2474/2500/2477
f 2477/2495/2472 2475/2497/2474 2478/2501/2478
f 2479/2498/2475 2480/2502/2479 2476/2499/2476
f 2477/2495/2472 2478/2501/2478 2473/2496/2473
f 2479/2498/2475 2474/2500/2477 2480/2502/2479
f 2473/2496/2473 2470/2503/2480 2471/2504/2481
f 2473/2496/2473 2471/2504/2481 2475/2497/2474
f 2478/2501/2478 2472/2505/2482 2470/2503/2480
f 2478/2501/2478 2470/2503/2480 2473/2496/2473
f 2472/2505/2482 2480/2502/2479 2474/2500/2477
f 2472/2505/2482 2474/2500/2477 2470/2503/2480
f 2470/2503/2480 2474/2500/2477 2476/2499/2476
f 2470/2503/2480 2476/2499/2476 2471/2504/2481
f 2475/2497/2474 2471/2504/2481 2472/2505/2482
f 2475/2497/2474 2472/2505/2482 2478/2501/2478
f 2471/2504/2481 2476/2499/2476 2480/2502/2479
f 2471/2504/2481 2480/2502/2479 2472/2505/2482
f 2488/2506/2483 2484/2507/2484 2486/2508/2485
f 2490/2509/2486 2487/2510/2487 2485/2511/2488
f 2488/2506/2483 2486/2508/2485 2489/2512/2489
f 2490/2509/2486 2491/2513/2490 2487/2510/2487
f 2488/2506/2483 2489/2512/2489 2484/2507/2484
f 2490/2509/2486 2485/2511/2488 2491/2513/2490
f 2484/2507/2484 2481/2514/2491 2482/2515/2492
f 2484/2507/2484 2482/2515/2492 2486/2508/2485
f 2489/2512/2489 2483/2516/2493 2481/2514/2491
f 2489/2512/2489 2481/2514/2491 2484/2507/2484
f 2483/2516/2493 2491/2513/2490 2485/2511/2488
f 2483/2516/2493 2485/2511/2488 2481/2514/2491
f 2481/2514/2491 2485/2511/2488 2487/2510/2487
f 2481/2514/2491 2487/2510/2487 2482/2515/2492
f 2486/2508/2485 2482/2515/2492 2483/2516/2493
f 2486/2508/2485 2483/2516/2493 2489/2512/2489
f 2482/2515/2492 2487/2510/2487 2491/2513/2490
f 2482/2515/2492 2491/2513/2490 2483/2516/2493
f 2499/2517/2494 2495/2518/2495 2497/2519/2496
f 2501/2520/2497 2498/2521/2498 2496/2522/2499
f 2499/2517/2494 2497/2519/2496 2500/2523/2500
f 2501/2520/2497 2502/2524/2501 2498/2521/2498
f 2499/2517/2494 2500/2523/2500 2495/2518/2495
f 2501/2520/2497 2496/2522/2499 2502/2524/2501
f 2495/2518/2495 2492/2525/2502 2493/2526/2503
f 2495/2518/2495 2493/2526/2503 2497/2519/2496
f 2500/2523/2500 2494/2527/2504 2492/2525/2502
f 2500/2523/2500 2492/2525/2502 2495/2518/2495
f 2494/2527/2504 2502/2524/2501 2496/2522/2499
f 2494/2527/2504 2496/2522/2499 2492/2525/2502
f 2492/2525/2502 2496/2522/2499 2498/2521/2498
f 2492/2525/2502 2498/2521/2498 2493/2526/2503
f 2497/2519/2496 2493/2526/2503 2494/2527/2504
f 2497/2519/2496 2494/2527/2504 2500/2523/2500
f 2493/2526/2503 2498/2521/2498 2502/2524/2501
f 2493/2526/2503 2502/2524/2501 2494/2527/2504
f 2505/2286/2263 2506/2285/2262 2503/2528/2505
f 2505/2286/2263 2503/2528/2505 2504/2529/2506
f 2260/2296/2273 2261/2295/2272 2504/2529/2506
f 2260/2296/2273 2504/2529/2506 2503/2528/2505
f 2263/2284/2261 2260/2296/2273 2503/2528/2505
f 2263/2284/2261 2503/2528/2505 2506/2285/2262
f 2261/2295/2272 2262/2283/2260 2505/2286/2263
f 2261/2295/2272 2505/2286/2263 2504/2529/2506
f 2509/1435/2507 2508/1436/2508 2507/1437/2509
f 2509/1435/2507 2507/1437/2509 2510/1438/2510
f 2515/1439/2511 2514/1440/2512 2509/1435/2507
f 2515/1439/2511 2509/1435/2507 2510/1438/2510
f 2523/1441/2513 2522/1442/2514 2507/1437/2509
f 2523/1441/2513 2507/1437/2509 2508/1436/2508
f 2522/1442/2514 2515/1439/2511 2510/1438/2510
f 2522/1442/2514 2510/1438/2510 2507/1437/2509
f 2514/1440/2512 2523/1441/2513 2508/1436/2508
f 2514/1440/2512 2508/1436/2508 2509/1435/2507
f 2511/1443/2515 2526/1444/2516 2525/1445/2517
f 2511/1443/2515 2525/1445/2517 2512/1446/2518
f 2512/1446/2518 2525/1445/2517 2524/1447/2519
f 2512/1446/2518 2524/1447/2519 2513/1448/2520
f 2513/1448/2520 2524/1447/2519 2523/1441/2513
f 2513/1448/2520 2523/1441/2513 2514/1440/2512
f 2519/1449/2521 2518/1450/2522 2517/1451/2523
f 2519/1449/2521 2517/1451/2523 2520/1452/2524
f 2520/1452/2524 2517/1451/2523 2516/1453/2525
f 2520/1452/2524 2516/1453/2525 2521/1454/2526
f 2521/1454/2526 2516/1453/2525 2515/1439/2511
f 2521/1454/2526 2515/1439/2511 2522/1442/2514
f 2526/1444/2516 2519/1449/2521 2520/1452/2524
f 2526/1444/2516 2520/1452/2524 2525/1445/2517
f 2525/1445/2517 2520/1452/2524 2521/1454/2526
f 2525/1445/2517 2521/1454/2526 2524/1447/2519
f 2524/1447/2519 2521/1454/2526 2522/1442/2514
f 2524/1447/2519 2522/1442/2514 2523/1441/2513
f 2518/1450/2522 2511/1443/2515 2512/1446/2518
f 2518/1450/2522 2512/1446/2518 2517/1451/2523
f 2517/1451/2523 2512/1446/2518 2513/1448/2520
f 2517/1451/2523 2513/1448/2520 2516/1453/2525
f 2516/1453/2525 2513/1448/2520 2514/1440/2512
f 2516/1453/2525 2514/1440/2512 2515/1439/2511
f 2529/1455/2527 2530/1456/2528 2751/1457/2529
f 2529/1455/2527 2751/1457/2529 2750/1458/2530
f 2532/1459/2531 2533/1460/2532 2534/1461/2533
f 2532/1459/2531 2534/1461/2533 2531/1462/2534
f 2536/1463/2535 2534/1461/2533 2533/1460/2532
f 2536/1463/2535 2533/1460/2532 2535/1464/2536
f 2538/1465/2537 2536/1463/2535 2535/1464/2536
f 2538/1465/2537 2535/1464/2536 2537/1466/2538
f 2537/1466/2538 2532/1459/2531 2531/1462/2534
f 2537/1466/2538 2531/1462/2534 2538/1465/2537
f 2531/1462/2534 2534/1461/2533 2528/1467/2539
f 2531/1462/2534 2528/1467/2539 2527/1468/2540
f 2532/1459/2531 2537/1466/2538 2518/1450/2522
f 2532/1459/2531 2518/1450/2522 2519/1449/2521
f 2533/1460/2532 2532/1459/2531 2519/1449/2521
f 2533/1460/2532 2519/1449/2521 2526/1444/2516
f 2538/1465/2537 2531/1462/2534 2527/1468/2540
f 2538/1465/2537 2527/1468/2540 2530/1456/2528
f 2534/1461/2533 2536/1463/2535 2529/1455/2527
f 2534/1461/2533 2529/1455/2527 2528/1467/2539
f 2535/1464/2536 2533/1460/2532 2526/1444/2516
f 2535/1464/2536 2526/1444/2516 2511/1443/2515
f 2536/1463/2535 2538/1465/2537 2530/1456/2528
f 2536/1463/2535 2530/1456/2528 2529/1455/2527
f 2537/1466/2538 2535/1464/2536 2511/1443/2515
f 2537/1466/2538 2511/1443/2515 2518/1450/2522
f 2546/1480/2541 2542/1481/2542 2544/1482/2543
f 2548/1483/2544 2545/1484/2545 2543/1485/2546
f 2546/1480/2541 2544/1482/2543 2547/1486/2547
f 2548/1483/2544 2549/1487/2548 2545/1484/2545
f 2546/1480/2541 2547/1486/2547 2542/1481/2542
f 2548/1483/2544 2543/1485/2546 2549/1487/2548
f 2542/1481/2542 2539/1488/2549 2540/1489/2550
f 2542/1481/2542 2540/1489/2550 2544/1482/2543
f 2547/1486/2547 2541/1490/2551 2539/1488/2549
f 2547/1486/2547 2539/1488/2549 2542/1481/2542
f 2541/1490/2551 2549/1487/2548 2543/1485/2546
f 2541/1490/2551 2543/1485/2546 2539/1488/2549
f 2539/1488/2549 2543/1485/2546 2545/1484/2545
f 2539/1488/2549 2545/1484/2545 2540/1489/2550
f 2544/1482/2543 2540/1489/2550 2541/1490/2551
f 2544/1482/2543 2541/1490/2551 2547/1486/2547
f 2540/1489/2550 2545/1484/2545 2549/1487/2548
f 2540/1489/2550 2549/1487/2548 2541/1490/2551
f 2557/2530/2552 2553/2531/2553 2555/2532/2554
f 2559/2533/2555 2556/2534/2556 2554/2535/2557
f 2557/2530/2552 2555/2532/2554 2558/2536/2558
f 2559/2533/2555 2560/2537/2559 2556/2534/2556
f 2557/2530/2552 2558/2536/2558 2553/2531/2553
f 2559/2533/2555 2554/2535/2557 2560/2537/2559
f 2553/2531/2553 2550/2538/2560 2551/2539/2561
f 2553/2531/2553 2551/2539/2561 2555/2532/2554
f 2558/2536/2558 2552/2540/2562 2550/2538/2560
f 2558/2536/2558 2550/2538/2560 2553/2531/2553
f 2552/2540/2562 2560/2537/2559 2554/2535/2557
f 2552/2540/2562 2554/2535/2557 2550/2538/2560
f 2550/2538/2560 2554/2535/2557 2556/2534/2556
f 2550/2538/2560 2556/2534/2556 2551/2539/2561
f 2555/2532/2554 2551/2539/2561 2552/2540/2562
f 2555/2532/2554 2552/2540/2562 2558/2536/2558
f 2551/2539/2561 2556/2534/2556 2560/2537/2559
f 2551/2539/2561 2560/2537/2559 2552/2540/2562
f 2568/1491/2563 2564/1492/2564 2566/1493/2565
f 2570/1494/2566 2567/1495/2567 2565/1496/2568
f 2568/1491/2563 2566/1493/2565 2569/1497/2569
f 2570/1494/2566 2571/1498/2570 2567/1495/2567
f 2568/1491/2563 2569/1497/2569 2564/1492/2564
f 2570/1494/2566 2565/1496/2568 2571/1498/2570
f 2564/1492/2564 2561/1499/2571 2562/1500/2572
f 2564/1492/2564 2562/1500/2572 2566/1493/2565
f 2569/1497/2569 2563/1501/2573 2561/1499/2571
f 2569/1497/2569 2561/1499/2571 2564/1492/2564
f 2563/1501/2573 2571/1498/2570 2565/1496/2568
f 2563/1501/2573 2565/1496/2568 2561/1499/2571
f 2561/1499/2571 2565/1496/2568 2567/1495/2567
f 2561/1499/2571 2567/1495/2567 2562/1500/2572
f 2566/1493/2565 2562/1500/2572 2563/1501/2573
f 2566/1493/2565 2563/1501/2573 2569/1497/2569
f 2562/1500/2572 2567/1495/2567 2571/1498/2570
f 2562/1500/2572 2571/1498/2570 2563/1501/2573
f 2579/1502/2574 2575/1503/2575 2577/1504/2576
f 2581/1505/2577 2578/1506/2578 2576/1507/2579
f 2579/1502/2574 2577/1504/2576 2580/1508/2580
f 2581/1505/2577 2582/1509/2581 2578/1506/2578
f 2579/1502/2574 2580/1508/2580 2575/1503/2575
f 2581/1505/2577 2576/1507/2579 2582/1509/2581
f 2575/1503/2575 2572/1510/2582 2573/1511/2583
f 2575/1503/2575 2573/1511/2583 2577/1504/2576
f 2580/1508/2580 2574/1512/2584 2572/1510/2582
f 2580/1508/2580 2572/1510/2582 2575/1503/2575
f 2574/1512/2584 2582/1509/2581 2576/1507/2579
f 2574/1512/2584 2576/1507/2579 2572/1510/2582
f 2572/1510/2582 2576/1507/2579 2578/1506/2578
f 2572/1510/2582 2578/1506/2578 2573/1511/2583
f 2577/1504/2576 2573/1511/2583 2574/1512/2584
f 2577/1504/2576 2574/1512/2584 2580/1508/2580
f 2573/1511/2583 2578/1506/2578 2582/1509/2581
f 2573/1511/2583 2582/1509/2581 2574/1512/2584
f 2590/2541/2585 2586/2542/2586 2588/2543/2587
f 2592/2544/2588 2589/2545/2589 2587/2546/2590
f 2590/2541/2585 2588/2543/2587 2591/2547/2591
f 2592/2544/2588 2593/2548/2592 2589/2545/2589
f 2590/2541/2585 2591/2547/2591 2586/2542/2586
f 2592/2544/2588 2587/2546/2590 2593/2548/2592
f 2586/2542/2586 2583/2549/2593 2584/2550/2594
f 2586/2542/2586 2584/2550/2594 2588/2543/2587
f 2591/2547/2591 2585/2551/2595 2583/2549/2593
f 2591/2547/2591 2583/2549/2593 2586/2542/2586
f 2585/2551/2595 2593/2548/2592 2587/2546/2590
f 2585/2551/2595 2587/2546/2590 2583/2549/2593
f 2583/2549/2593 2587/2546/2590 2589/2545/2589
f 2583/2549/2593 2589/2545/2589 2584/2550/2594
f 2588/2543/2587 2584/2550/2594 2585/2551/2595
f 2588/2543/2587 2585/2551/2595 2591/2547/2591
f 2584/2550/2594 2589/2545/2589 2593/2548/2592
f 2584/2550/2594 2593/2548/2592 2585/2551/2595
f 2601/2552/2596 2597/2553/2597 2599/2554/2598
f 2603/2555/2599 2600/2556/2600 2598/2557/2601
f 2601/2552/2596 2599/2554/2598 2602/2558/2602
f 2603/2555/2599 2604/2559/2603 2600/2556/2600
f 2601/2552/2596 2602/2558/2602 2597/2553/2597
f 2603/2555/2599 2598/2557/2601 2604/2559/2603
f 2597/2553/2597 2594/2560/2604 2595/2561/2605
f 2597/2553/2597 2595/2561/2605 2599/2554/2598
f 2602/2558/2602 2596/2562/2606 2594/2560/2604
f 2602/2558/2602 2594/2560/2604 2597/2553/2597
f 2596/2562/2606 2604/2559/2603 2598/2557/2601
f 2596/2562/2606 2598/2557/2601 2594/2560/2604
f 2594/2560/2604 2598/2557/2601 2600/2556/2600
f 2594/2560/2604 2600/2556/2600 2595/2561/2605
f 2599/2554/2598 2595/2561/2605 2596/2562/2606
f 2599/2554/2598 2596/2562/2606 2602/2558/2602
f 2595/2561/2605 2600/2556/2600 2604/2559/2603
f 2595/2561/2605 2604/2559/2603 2596/2562/2606
f 2612/1513/2607 2608/1514/2608 2610/1515/2609
f 2614/1516/2610 2611/1517/2611 2609/1518/2612
f 2612/1513/2607 2610/1515/2609 2613/1519/2613
f 2614/1516/2610 2615/1520/2614 2611/1517/2611
f 2612/1513/2607 2613/1519/2613 2608/1514/2608
f 2614/1516/2610 2609/1518/2612 2615/1520/2614
f 2608/1514/2608 2605/1521/2615 2606/1522/2616
f 2608/1514/2608 2606/1522/2616 2610/1515/2609
f 2613/1519/2613 2607/1523/2617 2605/1521/2615
f 2613/1519/2613 2605/1521/2615 2608/1514/2608
f 2607/1523/2617 2615/1520/2614 2609/1518/2612
f 2607/1523/2617 2609/1518/2612 2605/1521/2615
f 2605/1521/2615 2609/1518/2612 2611/1517/2611
f 2605/1521/2615 2611/1517/2611 2606/1522/2616
f 2610/1515/2609 2606/1522/2616 2607/1523/2617
f 2610/1515/2609 2607/1523/2617 2613/1519/2613
f 2606/1522/2616 2611/1517/2611 2615/1520/2614
f 2606/1522/2616 2615/1520/2614 2607/1523/2617
f 2623/1524/2618 2619/1525/2619 2621/1526/2620
f 2625/1527/2621 2622/1528/2622 2620/1529/2623
f 2623/1524/2618 2621/1526/2620 2624/1530/2624
f 2625/1527/2621 2626/1531/2625 2622/1528/2622
f 2623/1524/2618 2624/1530/2624 2619/1525/2619
f 2625/1527/2621 2620/1529/2623 2626/1531/2625
f 2619/1525/2619 2616/1532/2626 2617/1533/2627
f 2619/1525/2619 2617/1533/2627 2621/1526/2620
f 2624/1530/2624 2618/1534/2628 2616/1532/2626
f 2624/1530/2624 2616/1532/2626 2619/1525/2619
f 2618/1534/2628 2626/1531/2625 2620/1529/2623
f 2618/1534/2628 2620/1529/2623 2616/1532/2626
f 2616/1532/2626 2620/1529/2623 2622/1528/2622
f 2616/1532/2626 2622/1528/2622 2617/1533/2627
f 2621/1526/2620 2617/1533/2627 2618/1534/2628
f 2621/1526/2620 2618/1534/2628 2624/1530/2624
f 2617/1533/2627 2622/1528/2622 2626/1531/2625
f 2617/1533/2627 2626/1531/2625 2618/1534/2628
f 2634/1535/2629 2630/1536/2630 2632/1537/2631
f 2636/1538/2632 2633/1539/2633 2631/1540/2634
f 2634/1535/2629 2632/1537/2631 2635/1541/2635
f 2636/1538/2632 2637/1542/2636 2633/1539/2633
f 2634/1535/2629 2635/1541/2635 2630/1536/2630
f 2636/1538/2632 2631/1540/2634 2637/1542/2636
f 2630/1536/2630 2627/1543/2637 2628/1544/2638
f 2630/1536/2630 2628/1544/2638 2632/1537/2631
f 2635/1541/2635 2629/1545/2639 2627/1543/2637
f 2635/1541/2635 2627/1543/2637 2630/1536/2630
f 2629/1545/2639 2637/1542/2636 2631/1540/2634
f 2629/1545/2639 2631/1540/2634 2627/1543/2637
f 2627/1543/2637 2631/1540/2634 2633/1539/2633
f 2627/1543/2637 2633/1539/2633 2628/1544/2638
f 2632/1537/2631 2628/1544/2638 2629/1545/2639
f 2632/1537/2631 2629/1545/2639 2635/1541/2635
f 2628/1544/2638 2633/1539/2633 2637/1542/2636
f 2628/1544/2638 2637/1542/2636 2629/1545/2639
f 2645/1568/2640 2641/1569/2641 2643/1570/2642
f 2647/1571/2643 2644/1572/2644 2642/1573/2645
f 2645/1568/2640 2643/1570/2642 2646/1574/2646
f 2647/1571/2643 2648/1575/2647 2644/1572/2644
f 2645/1568/2640 2646/1574/2646 2641/1569/2641
f 2647/1571/2643 2642/1573/2645 2648/1575/2647
f 2641/1569/2641 2638/1576/2648 2639/1577/2649
f 2641/1569/2641 2639/1577/2649 2643/1570/2642
f 2646/1574/2646 2640/1578/2650 2638/1576/2648
f 2646/1574/2646 2638/1576/2648 2641/1569/2641
f 2640/1578/2650 2648/1575/2647 2642/1573/2645
f 2640/1578/2650 2642/1573/2645 2638/1576/2648
f 2638/1576/2648 2642/1573/2645 2644/1572/2644
f 2638/1576/2648 2644/1572/2644 2639/1577/2649
f 2643/1570/2642 2639/1577/2649 2640/1578/2650
f 2643/1570/2642 2640/1578/2650 2646/1574/2646
f 2639/1577/2649 2644/1572/2644 2648/1575/2647
f 2639/1577/2649 2648/1575/2647 2640/1578/2650
f 2656/2563/2651 2652/2564/2652 2654/2565/2653
f 2658/2566/2654 2655/2567/2655 2653/2568/2656
f 2656/2563/2651 2654/2565/2653 2657/2569/2657
f 2658/2566/2654 2659/2570/2658 2655/2567/2655
f 2656/2563/2651 2657/2569/2657 2652/2564/2652
f 2658/2566/2654 2653/2568/2656 2659/2570/2658
f 2652/2564/2652 2649/2571/2659 2650/2572/2660
f 2652/2564/2652 2650/2572/2660 2654/2565/2653
f 2657/2569/2657 2651/2573/2661 2649/2571/2659
f 2657/2569/2657 2649/2571/2659 2652/2564/2652
f 2651/2573/2661 2659/2570/2658 2653/2568/2656
f 2651/2573/2661 2653/2568/2656 2649/2571/2659
f 2649/2571/2659 2653/2568/2656 2655/2567/2655
f 2649/2571/2659 2655/2567/2655 2650/2572/2660
f 2654/2565/2653 2650/2572/2660 2651/2573/2661
f 2654/2565/2653 2651/2573/2661 2657/2569/2657
f 2650/2572/2660 2655/2567/2655 2659/2570/2658
f 2650/2572/2660 2659/2570/2658 2651/2573/2661
f 2667/1601/2662 2663/1602/2663 2665/1603/2664
f 2669/1604/2665 2666/1605/2666 2664/1606/2667
f 2667/1601/2662 2665/1603/2664 2668/1607/2668
f 2669/1604/2665 2670/1608/2669 2666/1605/2666
f 2667/1601/2662 2668/1607/2668 2663/1602/2663
f 2669/1604/2665 2664/1606/2667 2670/1608/2669
f 2663/1602/2663 2660/1609/2670 2661/1610/2671
f 2663/1602/2663 2661/1610/2671 2665/1603/2664
f 2668/1607/2668 2662/1611/2672 2660/1609/2670
f 2668/1607/2668 2660/1609/2670 2663/1602/2663
f 2662/1611/2672 2670/1608/2669 2664/1606/2667
f 2662/1611/2672 2664/1606/2667 2660/1609/2670
f 2660/1609/2670 2664/1606/2667 2666/1605/2666
f 2660/1609/2670 2666/1605/2666 2661/1610/2671
f 2665/1603/2664 2661/1610/2671 2662/1611/2672
f 2665/1603/2664 2662/1611/2672 2668/1607/2668
f 2661/1610/2671 2666/1605/2666 2670/1608/2669
f 2661/1610/2671 2670/1608/2669 2662/1611/2672
f 2678/2574/2673 2674/2575/2674 2676/2576/2675
f 2680/2577/2676 2677/2578/2677 2675/2579/2678
f 2678/2574/2673 2676/2576/2675 2679/2580/2679
f 2680/2577/2676 2681/2581/2680 2677/2578/2677
f 2678/2574/2673 2679/2580/2679 2674/2575/2674
f 2680/2577/2676 2675/2579/2678 2681/2581/2680
f 2674/2575/2674 2671/2582/2681 2672/2583/2682
f 2674/2575/2674 2672/2583/2682 2676/2576/2675
f 2679/2580/2679 2673/2584/2683 2671/2582/2681
f 2679/2580/2679 2671/2582/2681 2674/2575/2674
f 2673/2584/2683 2681/2581/2680 2675/2579/2678
f 2673/2584/2683 2675/2579/2678 2671/2582/2681
f 2671/2582/2681 2675/2579/2678 2677/2578/2677
f 2671/2582/2681 2677/2578/2677 2672/2583/2682
f 2676/2576/2675 2672/2583/2682 2673/2584/2683
f 2676/2576/2675 2673/2584/2683 2679/2580/2679
f 2672/2583/2682 2677/2578/2677 2681/2581/2680
f 2672/2583/2682 2681/2581/2680 2673/2584/2683
f 2689/2585/2684 2685/2586/2685 2687/2587/2686
f 2691/2588/2687 2688/2589/2688 2686/2590/2689
f 2689/2585/2684 2687/2587/2686 2690/2591/2690
f 2691/2588/2687 2692/2592/2691 2688/2589/2688
f 2689/2585/2684 2690/2591/2690 2685/2586/2685
f 2691/2588/2687 2686/2590/2689 2692/2592/2691
f 2685/2586/2685 2682/2593/2692 2683/2594/2693
f 2685/2586/2685 2683/2594/2693 2687/2587/2686
f 2690/2591/2690 2684/2595/2694 2682/2593/2692
f 2690/2591/2690 2682/2593/2692 2685/2586/2685
f 2684/2595/2694 2692/2592/2691 2686/2590/2689
f 2684/2595/2694 2686/2590/2689 2682/2593/2692
f 2682/2593/2692 2686/2590/2689 2688/2589/2688
f 2682/2593/2692 2688/2589/2688 2683/2594/2693
f 2687/2587/2686 2683/2594/2693 2684/2595/2694
f 2687/2587/2686 2684/2595/2694 2690/2591/2690
f 2683/2594/2693 2688/2589/2688 2692/2592/2691
f 2683/2594/2693 2692/2592/2691 2684/2595/2694
f 2700/2596/2695 2696/2597/2696 2698/2598/2697
f 2702/2599/2698 2699/2600/2699 2697/2601/2700
f 2700/2596/2695 2698/2598/2697 2701/2602/2701
f 2702/2599/2698 2703/2603/2702 2699/2600/2699
f 2700/2596/2695 2701/2602/2701 2696/2597/2696
f 2702/2599/2698 2697/2601/2700 2703/2603/2702
f 2696/2597/2696 2693/2604/2703 2694/2605/2704
f 2696/2597/2696 2694/2605/2704 2698/2598/2697
f 2701/2602/2701 2695/2606/2705 2693/2604/2703
f 2701/2602/2701 2693/2604/2703 2696/2597/2696
f 2695/2606/2705 2703/2603/2702 2697/2601/2700
f 2695/2606/2705 2697/2601/2700 2693/2604/2703
f 2693/2604/2703 2697/2601/2700 2699/2600/2699
f 2693/2604/2703 2699/2600/2699 2694/2605/2704
f 2698/2598/2697 2694/2605/2704 2695/2606/2705
f 2698/2598/2697 2695/2606/2705 2701/2602/2701
f 2694/2605/2704 2699/2600/2699 2703/2603/2702
f 2694/2605/2704 2703/2603/2702 2695/2606/2705
f 2711/2607/2706 2707/2608/2707 2709/2609/2708
f 2713/2610/2709 2710/2611/2710 2708/2612/2711
f 2711/2607/2706 2709/2609/2708 2712/2613/2712
f 2713/2610/2709 2714/2614/2713 2710/2611/2710
f 2711/2607/2706 2712/2613/2712 2707/2608/2707
f 2713/2610/2709 2708/2612/2711 2714/2614/2713
f 2707/2608/2707 2704/2615/2714 2705/2616/2715
f 2707/2608/2707 2705/2616/2715 2709/2609/2708
f 2712/2613/2712 2706/2617/2716 2704/2615/2714
f 2712/2613/2712 2704/2615/2714 2707/2608/2707
f 2706/2617/2716 2714/2614/2713 2708/2612/2711
f 2706/2617/2716 2708/2612/2711 2704/2615/2714
f 2704/2615/2714 2708/2612/2711 2710/2611/2710
f 2704/2615/2714 2710/2611/2710 2705/2616/2715
f 2709/2609/2708 2705/2616/2715 2706/2617/2716
f 2709/2609/2708 2706/2617/2716 2712/2613/2712
f 2705/2616/2715 2710/2611/2710 2714/2614/2713
f 2705/2616/2715 2714/2614/2713 2706/2617/2716
f 2722/2618/2717 2718/2619/2718 2720/2620/2719
f 2724/2621/2720 2721/2622/2721 2719/2623/2722
f 2722/2618/2717 2720/2620/2719 2723/2624/2723
f 2724/2621/2720 2725/2625/2724 2721/2622/2721
f 2722/2618/2717 2723/2624/2723 2718/2619/2718
f 2724/2621/2720 2719/2623/2722 2725/2625/2724
f 2718/2619/2718 2715/2626/2725 2716/2627/2726
f 2718/2619/2718 2716/2627/2726 2720/2620/2719
f 2723/2624/2723 2717/2628/2727 2715/2626/2725
f 2723/2624/2723 2715/2626/2725 2718/2619/2718
f 2717/2628/2727 2725/2625/2724 2719/2623/2722
f 2717/2628/2727 2719/2623/2722 2715/2626/2725
f 2715/2626/2725 2719/2623/2722 2721/2622/2721
f 2715/2626/2725 2721/2622/2721 2716/2627/2726
f 2720/2620/2719 2716/2627/2726 2717/2628/2727
f 2720/2620/2719 2717/2628/2727 2723/2624/2723
f 2716/2627/2726 2721/2622/2721 2725/2625/2724
f 2716/2627/2726 2725/2625/2724 2717/2628/2727
f 2733/1645/2728 2729/1646/2729 2731/1647/2730
f 2735/1648/2731 2732/1649/2732 2730/1650/2733
f 2733/1645/2728 2731/1647/2730 2734/1651/2734
f 2735/1648/2731 2736/1652/2735 2732/1649/2732
f 2733/1645/2728 2734/1651/2734 2729/1646/2729
f 2735/1648/2731 2730/1650/2733 2736/1652/2735
f 2729/1646/2729 2726/1653/2736 2727/1654/2737
f 2729/1646/2729 2727/1654/2737 2731/1647/2730
f 2734/1651/2734 2728/1655/2738 2726/1653/2736
f 2734/1651/2734 2726/1653/2736 2729/1646/2729
f 2728/1655/2738 2736/1652/2735 2730/1650/2733
f 2728/1655/2738 2730/1650/2733 2726/1653/2736
f 2726/1653/2736 2730/1650/2733 2732/1649/2732
f 2726/1653/2736 2732/1649/2732 2727/1654/2737
f 2731/1647/2730 2727/1654/2737 2728/1655/2738
f 2731/1647/2730 2728/1655/2738 2734/1651/2734
f 2727/1654/2737 2732/1649/2732 2736/1652/2735
f 2727/1654/2737 2736/1652/2735 2728/1655/2738
f 2744/2629/2739 2740/2630/2740 2742/2631/2741
f 2746/2632/2742 2743/2633/2743 2741/2634/2744
f 2744/2629/2739 2742/2631/2741 2745/2635/2745
f 2746/2632/2742 2747/2636/2746 2743/2633/2743
f 2744/2629/2739 2745/2635/2745 2740/2630/2740
f 2746/2632/2742 2741/2634/2744 2747/2636/2746
f 2740/2630/2740 2737/2637/2747 2738/2638/2748
f 2740/2630/2740 2738/2638/2748 2742/2631/2741
f 2745/2635/2745 2739/2639/2749 2737/2637/2747
f 2745/2635/2745 2737/2637/2747 2740/2630/2740
f 2739/2639/2749 2747/2636/2746 2741/2634/2744
f 2739/2639/2749 2741/2634/2744 2737/2637/2747
f 2737/2637/2747 2741/2634/2744 2743/2633/2743
f 2737/2637/2747 2743/2633/2743 2738/2638/2748
f 2742/2631/2741 2738/2638/2748 2739/2639/2749
f 2742/2631/2741 2739/2639/2749 2745/2635/2745
f 2738/2638/2748 2743/2633/2743 2747/2636/2746
f 2738/2638/2748 2747/2636/2746 2739/2639/2749
f 2750/1458/2530 2751/1457/2529 2748/1667/2750
f 2750/1458/2530 2748/1667/2750 2749/1668/2751
f 2527/1468/2540 2528/1467/2539 2749/1668/2751
f 2527/1468/2540 2749/1668/2751 2748/1667/2750
f 2530/1456/2528 2527/1468/2540 2748/1667/2750
f 2530/1456/2528 2748/1667/2750 2751/1457/2529
f 2528/1467/2539 2529/1455/2527 2750/1458/2530
f 2528/1467/2539 2750/1458/2530 2749/1668/2751
f 2774/1669/2752 2773/1670/2753 2782/1671/2754
f 2774/1669/2752 2782/1671/2754 2781/1672/2755
f 2752/1673/2756 2753/1674/2757 2777/1675/2758
f 2752/1673/2756 2777/1675/2758 2776/1676/2759
f 2768/1677/2760 2752/1673/2756 2776/1676/2759
f 2768/1677/2760 2776/1676/2759 2775/1678/2761
f 2787/1679/2762 2768/1677/2760 2775/1678/2761
f 2787/1679/2762 2775/1678/2761 2790/1680/2763
f 2773/1670/2753 2772/1681/2764 2783/1682/2765
f 2773/1670/2753 2783/1682/2765 2782/1671/2754
f 2788/1683/2766 2774/1669/2752 2781/1672/2755
f 2788/1683/2766 2781/1672/2755 2791/1684/2767
f 2787/1679/2762 2763/1685/2768 2762/1686/2769
f 2787/1679/2762 2762/1686/2769 2785/1687/2770
f 2788/1683/2766 2767/1688/2771 2766/1689/2772
f 2788/1683/2766 2766/1689/2772 2790/1680/2763
f 2789/1690/2773 2765/1691/2774 2764/1692/2775
f 2789/1690/2773 2764/1692/2775 2791/1684/2767
f 2762/1686/2769 2763/1685/2768 2766/1689/2772
f 2762/1686/2769 2766/1689/2772 2767/1688/2771
f 2762/1686/2769 2767/1688/2771 2764/1692/2775
f 2762/1686/2769 2764/1692/2775 2765/1691/2774
f 2762/1686/2769 2765/1691/2774 2760/1693/2776
f 2762/1686/2769 2760/1693/2776 2761/1694/2777
f 2789/1690/2773 2780/1695/2778 2759/1696/2779
f 2789/1690/2773 2759/1696/2779 2784/1697/2780
f 2780/1695/2778 2779/1698/2781 2758/1699/2782
f 2780/1695/2778 2758/1699/2782 2759/1696/2779
f 2779/1698/2781 2778/1700/2783 2757/1701/2784
f 2779/1698/2781 2757/1701/2784 2758/1699/2782
f 2786/1702/2785 2754/1703/2786 2769/1704/2787
f 2786/1702/2785 2769/1704/2787 2785/1687/2770
f 2754/1703/2786 2755/1705/2788 2770/1706/2789
f 2754/1703/2786 2770/1706/2789 2769/1704/2787
f 2755/1705/2788 2756/1707/2790 2771/1708/2791
f 2755/1705/2788 2771/1708/2791 2770/1706/2789
f 2778/1700/2783 2779/1698/2781 2782/1671/2754
f 2778/1700/2783 2782/1671/2754 2783/1682/2765
f 2779/1698/2781 2780/1695/2778 2781/1672/2755
f 2779/1698/2781 2781/1672/2755 2782/1671/2754
f 2772/1681/2764 2773/1670/2753 2776/1676/2759
f 2772/1681/2764 2776/1676/2759 2777/1675/2758
f 2773/1670/2753 2774/1669/2752 2775/1678/2761
f 2773/1670/2753 2775/1678/2761 2776/1676/2759
f 2753/1674/2757 2752/1673/2756 2770/1706/2789
f 2753/1674/2757 2770/1706/2789 2771/1708/2791
f 2752/1673/2756 2768/1677/2760 2769/1704/2787
f 2752/1673/2756 2769/1704/2787 2770/1706/2789
f 2784/1697/2780 2759/1696/2779 2754/1703/2786
f 2784/1697/2780 2754/1703/2786 2786/1702/2785
f 2759/1696/2779 2758/1699/2782 2755/1705/2788
f 2759/1696/2779 2755/1705/2788 2754/1703/2786
f 2758/1699/2782 2757/1701/2784 2756/1707/2790
f 2758/1699/2782 2756/1707/2790 2755/1705/2788
f 2760/1693/2776 2784/1697/2780 2786/1702/2785
f 2760/1693/2776 2786/1702/2785 2761/1694/2777
f 2761/1694/2777 2786/1702/2785 2785/1687/2770
f 2761/1694/2777 2785/1687/2770 2762/1686/2769
f 2765/1691/2774 2789/1690/2773 2784/1697/2780
f 2765/1691/2774 2784/1697/2780 2760/1693/2776
f 2780/1695/2778 2789/1690/2773 2791/1684/2767
f 2780/1695/2778 2791/1684/2767 2781/1672/2755
f 2774/1669/2752 2788/1683/2766 2790/1680/2763
f 2774/1669/2752 2790/1680/2763 2775/1678/2761
f 2768/1677/2760 2787/1679/2762 2785/1687/2770
f 2768/1677/2760 2785/1687/2770 2769/1704/2787
f 2767/1688/2771 2788/1683/2766 2791/1684/2767
f 2767/1688/2771 2791/1684/2767 2764/1692/2775
f 2763/1685/2768 2787/1679/2762 2790/1680/2763
f 2763/1685/2768 2790/1680/2763 2766/1689/2772
f 2795/1709/2792 2792/1710/2793 2793/1711/2794
f 2795/1709/2792 2793/1711/2794 2794/1712/2795
f 2799/1713/2796 2796/1714/2797 2797/1715/2798
f 2799/1713/2796 2797/1715/2798 2798/1716/2799
f 2807/1717/2800 2804/1718/2801 2805/1719/2802
f 2807/1717/2800 2805/1719/2802 2806/1720/2803
f 2803/1721/2804 2800/1722/2805 2801/1723/2806
f 2803/1721/2804 2801/1723/2806 2802/1724/2807
f 2792/1710/2793 2799/1713/2796 2798/1716/2799
f 2792/1710/2793 2798/1716/2799 2793/1711/2794
f 2800/1722/2805 2795/1709/2792 2794/1712/2795
f 2800/1722/2805 2794/1712/2795 2801/1723/2806
f 2802/1724/2807 2805/1719/2802 2804/1718/2801
f 2802/1724/2807 2804/1718/2801 2803/1721/2804
f 2806/1720/2803 2797/1715/2798 2796/1714/2797
f 2806/1720/2803 2796/1714/2797 2807/1717/2800
f 2756/1707/2790 2793/1711/2794 2798/1716/2799
f 2756/1707/2790 2798/1716/2799 2771/1708/2791
f 2757/1701/2784 2794/1712/2795 2793/1711/2794
f 2757/1701/2784 2793/1711/2794 2756/1707/2790
f 2778/1700/2783 2801/1723/2806 2794/1712/2795
f 2778/1700/2783 2794/1712/2795 2757/1701/2784
f 2797/1715/2798 2753/1674/2757 2771/1708/2791
f 2797/1715/2798 2771/1708/2791 2798/1716/2799
f 2753/1674/2757 2797/1715/2798 2806/1720/2803
f 2753/1674/2757 2806/1720/2803 2777/1675/2758
f 2801/1723/2806 2778/1700/2783 2783/1682/2765
f 2801/1723/2806 2783/1682/2765 2802/1724/2807
f 2772/1681/2764 2805/1719/2802 2802/1724/2807
f 2772/1681/2764 2802/1724/2807 2783/1682/2765
f 2805/1719/2802 2772/1681/2764 2777/1675/2758
f 2805/1719/2802 2777/1675/2758 2806/1720/2803
f 2795/1709/2792 2800/1722/2805 2803/1721/2804
f 2795/1709/2792 2803/1721/2804 2804/1718/2801
f 2795/1709/2792 2804/1718/2801 2807/1717/2800
f 2795/1709/2792 2807/1717/2800 2796/1714/2797
f 2795/1709/2792 2796/1714/2797 2799/1713/2796
f 2795/1709/2792 2799/1713/2796 2792/1710/2793
f 2830/1669/2808 2829/1670/2809 2838/1671/2810
f 2830/1669/2808 2838/1671/2810 2837/1672/2811
f 2808/1673/2812 2809/1674/2813 2833/1675/2814
f 2808/1673/2812 2833/1675/2814 2832/1676/2815
f 2824/1677/2816 2808/1673/2812 2832/1676/2815
f 2824/1677/2816 2832/1676/2815 2831/1678/2817
f 2843/1679/2818 2824/1677/2816 2831/1678/2817
f 2843/1679/2818 2831/1678/2817 2846/1680/2819
f 2829/1670/2809 2828/1681/2820 2839/1682/2821
f 2829/1670/2809 2839/1682/2821 2838/1671/2810
f 2844/1683/2822 2830/1669/2808 2837/1672/2811
f 2844/1683/2822 2837/1672/2811 2847/1684/2823
f 2843/1679/2818 2819/1685/2824 2818/1686/2825
f 2843/1679/2818 2818/1686/2825 2841/1687/2826
f 2844/1683/2822 2823/1688/2827 2822/1689/2828
f 2844/1683/2822 2822/1689/2828 2846/1680/2819
f 2845/1690/2829 2821/1691/2830 2820/1692/2831
f 2845/1690/2829 2820/1692/2831 2847/1684/2823
f 2818/1686/2825 2819/1685/2824 2822/1689/2828
f 2818/1686/2825 2822/1689/2828 2823/1688/2827
f 2818/1686/2825 2823/1688/2827 2820/1692/2831
f 2818/1686/2825 2820/1692/2831 2821/1691/2830
f 2818/1686/2825 2821/1691/2830 2816/1693/2832
f 2818/1686/2825 2816/1693/2832 2817/1694/2833
f 2845/1690/2829 2836/1695/2834 2815/1696/2835
f 2845/1690/2829 2815/1696/2835 2840/1697/2836
f 2836/1695/2834 2835/1698/2837 2814/1699/2838
f 2836/1695/2834 2814/1699/2838 2815/1696/2835
f 2835/1698/2837 2834/1700/2839 2813/1701/2840
f 2835/1698/2837 2813/1701/2840 2814/1699/2838
f 2842/1702/2841 2810/1703/2842 2825/1704/2843
f 2842/1702/2841 2825/1704/2843 2841/1687/2826
f 2810/1703/2842 2811/1705/2844 2826/1706/2845
f 2810/1703/2842 2826/1706/2845 2825/1704/2843
f 2811/1705/2844 2812/1707/2846 2827/1708/2847
f 2811/1705/2844 2827/1708/2847 2826/1706/2845
f 2834/1700/2839 2835/1698/2837 2838/1671/2810
f 2834/1700/2839 2838/1671/2810 2839/1682/2821
f 2835/1698/2837 2836/1695/2834 2837/1672/2811
f 2835/1698/2837 2837/1672/2811 2838/1671/2810
f 2828/1681/2820 2829/1670/2809 2832/1676/2815
f 2828/1681/2820 2832/1676/2815 2833/1675/2814
f 2829/1670/2809 2830/1669/2808 2831/1678/2817
f 2829/1670/2809 2831/1678/2817 2832/1676/2815
f 2809/1674/2813 2808/1673/2812 2826/1706/2845
f 2809/1674/2813 2826/1706/2845 2827/1708/2847
f 2808/1673/2812 2824/1677/2816 2825/1704/2843
f 2808/1673/2812 2825/1704/2843 2826/1706/2845
f 2840/1697/2836 2815/1696/2835 2810/1703/2842
f 2840/1697/2836 2810/1703/2842 2842/1702/2841
f 2815/1696/2835 2814/1699/2838 2811/1705/2844
f 2815/1696/2835 2811/1705/2844 2810/1703/2842
f 2814/1699/2838 2813/1701/2840 2812/1707/2846
f 2814/1699/2838 2812/1707/2846 2811/1705/2844
f 2816/1693/2832 2840/1697/2836 2842/1702/2841
f 2816/1693/2832 2842/1702/2841 2817/1694/2833
f 2817/1694/2833 2842/1702/2841 2841/1687/2826
f 2817/1694/2833 2841/1687/2826 2818/1686/2825
f 2821/1691/2830 2845/1690/2829 2840/1697/2836
f 2821/1691/2830 2840/1697/2836 2816/1693/2832
f 2836/1695/2834 2845/1690/2829 2847/1684/2823
f 2836/1695/2834 2847/1684/2823 2837/1672/2811
f 2830/1669/2808 2844/1683/2822 2846/1680/2819
f 2830/1669/2808 2846/1680/2819 2831/1678/2817
f 2824/1677/2816 2843/1679/2818 2841/1687/2826
f 2824/1677/2816 2841/1687/2826 2825/1704/2843
f 2823/1688/2827 2844/1683/2822 2847/1684/2823
f 2823/1688/2827 2847/1684/2823 2820/1692/2831
f 2819/1685/2824 2843/1679/2818 2846/1680/2819
f 2819/1685/2824 2846/1680/2819 2822/1689/2828
f 2851/1709/2848 2848/1710/2849 2849/1711/2850
f 2851/1709/2848 2849/1711/2850 2850/1712/2851
f 2855/1713/2852 2852/1714/2853 2853/1715/2854
f 2855/1713/2852 2853/1715/2854 2854/1716/2855
f 2863/1717/2856 2860/1718/2857 2861/1719/2858
f 2863/1717/2856 2861/1719/2858 2862/1720/2859
f 2859/1721/2860 2856/1722/2861 2857/1723/2862
f 2859/1721/2860 2857/1723/2862 2858/1724/2863
f 2848/1710/2849 2855/1713/2852 2854/1716/2855
f 2848/1710/2849 2854/1716/2855 2849/1711/2850
f 2856/1722/2861 2851/1709/2848 2850/1712/2851
f 2856/1722/2861 2850/1712/2851 2857/1723/2862
f 2858/1724/2863 2861/1719/2858 2860/1718/2857
f 2858/1724/2863 2860/1718/2857 2859/1721/2860
f 2862/1720/2859 2853/1715/2854 2852/1714/2853
f 2862/1720/2859 2852/1714/2853 2863/1717/2856
f 2812/1707/2846 2849/1711/2850 2854/1716/2855
f 2812/1707/2846 2854/1716/2855 2827/1708/2847
f 2813/1701/2840 2850/1712/2851 2849/1711/2850
f 2813/1701/2840 2849/1711/2850 2812/1707/2846
f 2834/1700/2839 2857/1723/2862 2850/1712/2851
f 2834/1700/2839 2850/1712/2851 2813/1701/2840
f 2853/1715/2854 2809/1674/2813 2827/1708/2847
f 2853/1715/2854 2827/1708/2847 2854/1716/2855
f 2809/1674/2813 2853/1715/2854 2862/1720/2859
f 2809/1674/2813 2862/1720/2859 2833/1675/2814
f 2857/1723/2862 2834/1700/2839 2839/1682/2821
f 2857/1723/2862 2839/1682/2821 2858/1724/2863
f 2828/1681/2820 2861/1719/2858 2858/1724/2863
f 2828/1681/2820 2858/1724/2863 2839/1682/2821
f 2861/1719/2858 2828/1681/2820 2833/1675/2814
f 2861/1719/2858 2833/1675/2814 2862/1720/2859
f 2851/1709/2848 2856/1722/2861 2859/1721/2860
f 2851/1709/2848 2859/1721/2860 2860/1718/2857
f 2851/1709/2848 2860/1718/2857 2863/1717/2856
f 2851/1709/2848 2863/1717/2856 2852/1714/2853
f 2851/1709/2848 2852/1714/2853 2855/1713/2852
f 2851/1709/2848 2855/1713/2852 2848/1710/2849
f 2867/77/2864 2871/78/2865 2872/79/2866
f 2867/77/2864 2872/79/2866 2868/80/2867
f 2869/81/2868 2872/79/2866 2871/78/2865
f 2869/81/2868 2871/78/2865 2870/82/2869
f 2876/83/2870 2864/84/2871 2877/85/2872
f 2878/86/2873 2870/82/2869 2871/78/2865
f 2878/86/2873 2871/78/2865 2877/85/2872
f 2873/87/2874 2874/88/2875 2875/89/2876
f 2869/81/2868 2866/90/2877 2875/89/2876
f 2869/81/2868 2875/89/2876 2874/88/2875
f 2869/81/2868 2874/88/2875 2872/79/2866
f 2865/91/2878 2868/80/2867 2872/79/2866
f 2865/91/2878 2872/79/2866 2874/88/2875
f 2865/91/2878 2874/88/2875 2873/87/2874
f 2864/84/2871 2878/86/2873 2877/85/2872
f 2867/77/2864 2876/83/2870 2877/85/2872
f 2867/77/2864 2877/85/2872 2871/78/2865
