# Blender 4.5.5 LTS
# www.blender.org
mtllib Animal_GoldenAppleSnail.mtl
o Golden_Apple_Snail
v -0.077663 0.001173 -0.086348
v -0.024537 0.097739 -0.055816
v -0.036069 0.058709 -0.191106
v -0.046023 0.119131 -0.103855
v 0.000000 0.178428 -0.149347
v -0.048757 0.169507 -0.150098
v -0.000000 0.207430 -0.159635
v -0.000000 0.191854 -0.152403
v -0.057017 0.000340 -0.168906
v -0.052030 0.038767 -0.061428
v -0.035703 0.098695 -0.071894
v -0.053758 0.091266 -0.134479
v -0.000000 0.053643 -0.199221
v -0.000000 0.126740 -0.103102
v -0.000000 0.161231 -0.134346
v -0.000000 0.110747 -0.207443
v -0.043401 0.106271 -0.195075
v -0.050080 0.131650 -0.163902
v -0.000000 0.001256 -0.085970
v 0.001075 0.099519 -0.056532
v -0.052510 0.054432 -0.107254
v -0.000000 0.130575 -0.218916
v -0.043401 0.148136 -0.132182
v -0.087420 0.000895 0.067992
v -0.000000 0.000666 -0.199469
v -0.000000 0.105337 -0.066434
v -0.055088 0.153880 -0.180165
v -0.048757 0.129824 -0.209995
v -0.053602 0.181699 -0.153258
v -0.000000 0.219744 -0.168619
v -0.000000 0.137382 -0.225445
v -0.060808 0.163911 -0.187484
v -0.053602 0.136527 -0.215290
v -0.057698 0.196518 -0.160554
v -0.000000 0.148900 -0.238118
v -0.065441 0.177406 -0.197329
v -0.057698 0.147981 -0.227206
v -0.054554 0.208110 -0.168893
v -0.000000 0.225275 -0.181081
v -0.000000 0.161215 -0.247102
v -0.054554 0.159573 -0.235546
v -0.000000 0.225339 -0.205495
v -0.062297 0.188997 -0.205669
v -0.025548 0.220638 -0.190029
v 0.000000 0.175023 -0.248466
v -0.054387 0.200942 -0.214462
v -0.026297 0.183963 -0.240150
v -0.025733 0.222055 -0.198623
v -0.000000 0.214862 -0.223464
v -0.000000 0.199018 -0.240790
v -0.034176 0.211837 -0.222447
v -0.024121 0.190161 -0.239229
v -0.082688 -0.000248 -0.027538
v -0.042266 0.071423 0.004439
v -0.055916 0.031935 -0.024335
v 0.000000 -0.000127 -0.026990
v -0.086655 0.001384 0.140716
v -0.046303 0.059885 0.076977
v -0.059552 0.025540 0.068287
v 0.000000 0.000616 0.068872
v 0.000000 0.067467 0.073188
v -0.079973 0.001519 0.180075
v -0.045651 0.041070 0.138641
v -0.057199 0.018174 0.140753
v 0.000000 0.001530 0.141949
v -0.000000 0.044215 0.144180
v -0.059769 0.001089 0.210190
v -0.039949 0.025057 0.172847
v -0.049126 0.012208 0.181012
v 0.000000 0.000703 0.181758
v 0.000000 0.024397 0.183149
v -0.015417 0.011323 0.191729
v -0.018255 0.002765 0.210276
v -0.000000 0.000386 0.210447
v 0.000000 0.011663 0.192092
v 0.000000 0.002299 0.210758
v -0.031825 0.001611 0.234328
v -0.019276 0.001626 0.234354
v 0.000000 0.001622 0.234500
v -0.047739 0.217352 -0.182887
v -0.032679 0.220432 -0.205908
v -0.015487 0.223179 -0.188616
v -0.039330 0.259825 -0.188090
v -0.015132 0.222942 -0.197929
v -0.039158 0.259710 -0.192591
v -0.044193 0.258596 -0.188773
v -0.044282 0.259281 -0.192927
v -0.046712 0.295222 -0.187084
v -0.046629 0.295166 -0.189279
v -0.049083 0.294623 -0.187418
v -0.049126 0.294957 -0.189442
v -0.045061 0.298564 -0.184229
v -0.044796 0.298387 -0.191175
v -0.052565 0.296668 -0.185283
v -0.052703 0.297725 -0.191693
v -0.045331 0.302645 -0.184022
v -0.045066 0.302468 -0.190969
v -0.052836 0.300749 -0.185076
v -0.052973 0.301806 -0.191487
v -0.049198 0.304203 -0.187150
v -0.049146 0.304168 -0.188523
v -0.050682 0.303828 -0.187358
v -0.050710 0.304037 -0.188626
v -0.047739 0.175679 -0.240114
v -0.013639 0.183689 -0.244366
v -0.032679 0.198605 -0.235883
v -0.013620 0.190368 -0.242001
v -0.020696 0.193743 -0.257115
v -0.020706 0.189836 -0.258499
v -0.028111 0.189996 -0.256032
v -0.026838 0.193622 -0.255494
v -0.031525 0.195896 -0.273180
v -0.027155 0.198104 -0.273818
v -0.027161 0.195801 -0.274634
v -0.030774 0.198032 -0.272863
v -0.025657 0.200953 -0.277174
v -0.025672 0.195484 -0.279111
v -0.036037 0.195708 -0.275658
v -0.034254 0.200783 -0.274905
v -0.026705 0.202021 -0.280660
v -0.026720 0.196552 -0.282596
v -0.037085 0.196776 -0.279144
v -0.035303 0.201851 -0.278390
v -0.030420 0.200828 -0.282311
v -0.030425 0.198961 -0.282972
v -0.033965 0.199037 -0.281793
v -0.033356 0.200770 -0.281536
v 0.077663 0.001173 -0.086348
v 0.030999 0.096562 -0.058295
v 0.036069 0.058709 -0.191106
v 0.046023 0.119131 -0.103855
v 0.048757 0.169507 -0.150098
v 0.057017 0.000340 -0.168906
v 0.052030 0.038767 -0.061428
v 0.035703 0.098695 -0.071894
v 0.053758 0.091266 -0.134479
v 0.043401 0.106271 -0.195075
v 0.050079 0.131650 -0.163902
v 0.052510 0.054432 -0.107254
v 0.043401 0.148136 -0.132182
v 0.087420 0.000895 0.067992
v 0.055088 0.153880 -0.180165
v 0.048757 0.129824 -0.209995
v 0.053602 0.181699 -0.153258
v 0.060808 0.163911 -0.187484
v 0.053602 0.136527 -0.215290
v 0.057698 0.196518 -0.160554
v 0.065441 0.177406 -0.197329
v 0.057698 0.147981 -0.227206
v 0.054554 0.208110 -0.168893
v 0.054554 0.159573 -0.235546
v 0.062297 0.188997 -0.205669
v 0.025548 0.220638 -0.190029
v 0.054387 0.200942 -0.214462
v 0.026297 0.183963 -0.240150
v 0.025733 0.222055 -0.198623
v 0.034176 0.211837 -0.222447
v 0.024121 0.190161 -0.239229
v 0.082688 -0.000248 -0.027538
v 0.042266 0.071423 0.004439
v 0.055916 0.031935 -0.024335
v 0.086655 0.001384 0.140716
v 0.046303 0.059885 0.076977
v 0.059552 0.025540 0.068287
v 0.079973 0.001519 0.180075
v 0.045651 0.041070 0.138641
v 0.057199 0.018174 0.140753
v 0.059769 0.001089 0.210190
v 0.039949 0.025057 0.172847
v 0.049126 0.012208 0.181012
v 0.015417 0.011323 0.191729
v 0.018255 0.002765 0.210276
v 0.031825 0.001611 0.234328
v 0.019276 0.001626 0.234354
v 0.047739 0.217352 -0.182887
v 0.032679 0.220432 -0.205908
v 0.015487 0.223179 -0.188616
v 0.039330 0.259825 -0.188090
v 0.015132 0.222942 -0.197929
v 0.039158 0.259710 -0.192591
v 0.044193 0.258596 -0.188773
v 0.044282 0.259281 -0.192927
v 0.046712 0.295222 -0.187085
v 0.046629 0.295166 -0.189279
v 0.049083 0.294623 -0.187417
v 0.049126 0.294957 -0.189442
v 0.045061 0.298564 -0.184229
v 0.044796 0.298387 -0.191175
v 0.052565 0.296668 -0.185283
v 0.052703 0.297725 -0.191693
v 0.045331 0.302645 -0.184022
v 0.045066 0.302468 -0.190969
v 0.052835 0.300749 -0.185076
v 0.052973 0.301806 -0.191487
v 0.049198 0.304203 -0.187150
v 0.049146 0.304168 -0.188523
v 0.050682 0.303828 -0.187358
v 0.050710 0.304037 -0.188626
v 0.047739 0.175679 -0.240114
v 0.013639 0.183689 -0.244366
v 0.032679 0.198605 -0.235883
v 0.013620 0.190368 -0.242001
v 0.020696 0.193743 -0.257115
v 0.020706 0.189836 -0.258499
v 0.028111 0.189996 -0.256032
v 0.026838 0.193622 -0.255494
v 0.031525 0.195896 -0.273180
v 0.027155 0.198104 -0.273818
v 0.027161 0.195801 -0.274634
v 0.030774 0.198032 -0.272863
v 0.025657 0.200953 -0.277174
v 0.025672 0.195484 -0.279111
v 0.036037 0.195709 -0.275658
v 0.034254 0.200783 -0.274905
v 0.026705 0.202021 -0.280660
v 0.026720 0.196552 -0.282596
v 0.037085 0.196776 -0.279144
v 0.035303 0.201851 -0.278390
v 0.030420 0.200828 -0.282311
v 0.030425 0.198961 -0.282972
v 0.033965 0.199037 -0.281793
v 0.033356 0.200770 -0.281536
v -0.003738 0.130480 -0.050669
v -0.028862 0.129400 -0.056850
v 0.001810 0.126642 -0.034910
v -0.022163 0.121260 -0.026591
v -0.016136 0.113883 0.011620
v 0.010127 0.118183 0.009471
v 0.035252 0.128868 -0.059385
v 0.034100 0.120427 -0.029524
v 0.036390 0.113883 0.011620
v 0.082185 0.134086 0.082033
v 0.078553 0.135569 0.085627
v 0.073615 0.136657 0.087286
v 0.082436 0.135774 0.081184
v 0.079004 0.138612 0.084097
v 0.074178 0.140451 0.085378
v 0.082711 0.137035 0.079781
v 0.079501 0.140883 0.081568
v 0.074798 0.143283 0.082224
v 0.082975 0.137697 0.078012
v 0.079976 0.142077 0.078382
v 0.075390 0.144772 0.078251
v 0.083191 0.137672 0.076118
v 0.080365 0.142032 0.074969
v 0.075874 0.144716 0.073995
v 0.083329 0.136963 0.074354
v 0.080615 0.140754 0.071790
v 0.076186 0.143122 0.070031
v 0.083373 0.135665 0.072958
v 0.080693 0.138416 0.069275
v 0.076283 0.140206 0.066894
v 0.083314 0.133954 0.072119
v 0.080588 0.135333 0.067762
v 0.076152 0.136362 0.065008
v 0.083162 0.132062 0.071949
v 0.080314 0.131922 0.067457
v 0.075811 0.132109 0.064628
v 0.082937 0.130242 0.072473
v 0.079908 0.128644 0.068401
v 0.075306 0.128021 0.065804
v 0.082670 0.128742 0.073619
v 0.079426 0.125941 0.070465
v 0.074704 0.124651 0.068379
v 0.082396 0.127764 0.075232
v 0.078932 0.124178 0.073372
v 0.074088 0.122453 0.072004
v 0.083793 0.132500 0.077215
v 0.082152 0.127440 0.077095
v 0.078493 0.123594 0.076729
v 0.073540 0.121724 0.076190
v 0.081971 0.127813 0.078956
v 0.078168 0.124267 0.080082
v 0.073135 0.122563 0.080371
v 0.081879 0.128834 0.080563
v 0.078001 0.126106 0.082979
v 0.072927 0.124857 0.083983
v 0.081886 0.130364 0.081700
v 0.078015 0.128864 0.085028
v 0.072944 0.128296 0.086538
v 0.081993 0.132197 0.082213
v 0.078207 0.132167 0.085952
v 0.073184 0.132414 0.087691
v 0.076465 0.127854 0.076567
v 0.076265 0.127501 0.077524
v 0.076135 0.127635 0.077514
v 0.075970 0.127697 0.077449
v 0.075815 0.127669 0.077348
v 0.075711 0.127559 0.077237
v 0.075687 0.127397 0.077146
v 0.075748 0.127226 0.077099
v 0.075879 0.127092 0.077110
v 0.076043 0.127031 0.077175
v 0.076198 0.127059 0.077276
v 0.076302 0.127168 0.077387
v 0.076327 0.127330 0.077478
v 0.076237 0.127466 0.078284
v 0.076007 0.127752 0.078208
v 0.075689 0.127882 0.078057
v 0.075370 0.127820 0.077871
v 0.075134 0.127585 0.077700
v 0.075044 0.127238 0.077590
v 0.075126 0.126872 0.077571
v 0.075356 0.126587 0.077647
v 0.075673 0.126457 0.077798
v 0.075993 0.126518 0.077984
v 0.076229 0.126754 0.078155
v 0.076318 0.127101 0.078265
v 0.076306 0.127597 0.078822
v 0.076016 0.128026 0.078604
v 0.075560 0.128221 0.078338
v 0.075061 0.128129 0.078096
v 0.074653 0.127774 0.077942
v 0.074444 0.127253 0.077918
v 0.074491 0.126704 0.078030
v 0.074781 0.126275 0.078248
v 0.075237 0.126080 0.078514
v 0.075736 0.126173 0.078756
v 0.076144 0.126527 0.078910
v 0.076353 0.127048 0.078934
v 0.076406 0.127910 0.079401
v 0.076084 0.128436 0.078975
v 0.075496 0.128682 0.078581
v 0.074799 0.128581 0.078324
v 0.074180 0.128162 0.078273
v 0.073805 0.127535 0.078442
v 0.073774 0.126870 0.078785
v 0.074096 0.126343 0.079211
v 0.074684 0.126098 0.079605
v 0.075381 0.126198 0.079862
v 0.076000 0.126618 0.079913
v 0.076375 0.127244 0.079744
v 0.076531 0.128401 0.079960
v 0.076183 0.128974 0.079305
v 0.075473 0.129242 0.078756
v 0.074590 0.129135 0.078461
v 0.073772 0.128680 0.078498
v 0.073237 0.128000 0.078858
v 0.073129 0.127277 0.079443
v 0.073477 0.126705 0.080098
v 0.074187 0.126436 0.080647
v 0.075070 0.126544 0.080942
v 0.075888 0.126998 0.080905
v 0.076423 0.127678 0.080545
v 0.076700 0.128888 0.080382
v 0.076343 0.129427 0.079463
v 0.075520 0.129676 0.078738
v 0.074452 0.129568 0.078403
v 0.073426 0.129132 0.078546
v 0.072716 0.128484 0.079130
v 0.072513 0.127799 0.079998
v 0.072871 0.127260 0.080917
v 0.073694 0.127011 0.081641
v 0.074761 0.127119 0.081977
v 0.075787 0.127555 0.081833
v 0.076497 0.128202 0.081250
v 0.076936 0.129485 0.080666
v 0.076571 0.129925 0.079486
v 0.075638 0.130115 0.078583
v 0.074389 0.130002 0.078200
v 0.073158 0.129618 0.078438
v 0.072275 0.129065 0.079234
v 0.071976 0.128492 0.080375
v 0.072342 0.128052 0.081555
v 0.073274 0.127862 0.082458
v 0.074523 0.127975 0.082842
v 0.075754 0.128359 0.082604
v 0.076638 0.128912 0.081807
v 0.077162 0.130124 0.080904
v 0.076778 0.130455 0.079493
v 0.075729 0.130582 0.078430
v 0.074298 0.130472 0.077998
v 0.072868 0.130155 0.078313
v 0.071821 0.129714 0.079292
v 0.071439 0.129269 0.080672
v 0.071824 0.128939 0.082082
v 0.072872 0.128811 0.083146
v 0.074303 0.128921 0.083578
v 0.075734 0.129239 0.083262
v 0.076780 0.129679 0.082283
v 0.077447 0.130904 0.081055
v 0.077048 0.131006 0.079419
v 0.075886 0.131007 0.078197
v 0.074273 0.130905 0.077715
v 0.072641 0.130729 0.078103
v 0.071428 0.130526 0.079256
v 0.070958 0.130349 0.080866
v 0.071358 0.130247 0.082501
v 0.072519 0.130246 0.083724
v 0.074132 0.130348 0.084205
v 0.075764 0.130524 0.083818
v 0.076977 0.130727 0.082664
v 0.077745 0.131819 0.081051
v 0.077326 0.131596 0.079238
v 0.076051 0.131374 0.077883
v 0.074262 0.131215 0.077349
v 0.072439 0.131160 0.077778
v 0.071070 0.131224 0.079055
v 0.070522 0.131390 0.080839
v 0.070941 0.131614 0.082651
v 0.072216 0.131835 0.084006
v 0.074005 0.131994 0.084541
v 0.075828 0.132050 0.084112
v 0.077197 0.131985 0.082835
v 0.078077 0.132537 0.080919
v 0.077630 0.131879 0.079018
v 0.076237 0.131369 0.077587
v 0.074271 0.131143 0.077010
v 0.072259 0.131263 0.077442
v 0.070740 0.131696 0.078766
v 0.070122 0.132326 0.080628
v 0.070568 0.132985 0.082529
v 0.071961 0.133495 0.083960
v 0.073927 0.133721 0.084537
v 0.075939 0.133601 0.084106
v 0.077458 0.133168 0.082782
v 0.078452 0.133348 0.080539
v 0.077958 0.132141 0.078708
v 0.076435 0.131265 0.077305
v 0.074290 0.130954 0.076708
v 0.072098 0.131291 0.077076
v 0.070446 0.132187 0.078311
v 0.069777 0.133401 0.080081
v 0.070270 0.134608 0.081913
v 0.071794 0.135484 0.083315
v 0.073939 0.135795 0.083913
v 0.076131 0.135458 0.083544
v 0.077783 0.134562 0.082310
v 0.078878 0.134272 0.079743
v 0.078331 0.132648 0.078013
v 0.076671 0.131455 0.076688
v 0.074342 0.131014 0.076125
v 0.071970 0.131442 0.076474
v 0.070189 0.132624 0.077641
v 0.069477 0.134245 0.079315
v 0.070025 0.135869 0.081045
v 0.071685 0.137061 0.082370
v 0.074013 0.137503 0.082933
v 0.076385 0.137075 0.082584
v 0.078166 0.135892 0.081417
v 0.079249 0.135303 0.078699
v 0.078654 0.133304 0.077107
v 0.076861 0.131808 0.075913
v 0.074351 0.131214 0.075435
v 0.071796 0.131683 0.075802
v 0.069881 0.133088 0.076916
v 0.069119 0.135053 0.078478
v 0.069715 0.137051 0.080069
v 0.071508 0.138548 0.081264
v 0.074018 0.139141 0.081741
v 0.076572 0.138673 0.081374
v 0.078487 0.137268 0.080260
v 0.079609 0.136055 0.077547
v 0.078969 0.133562 0.076417
v 0.077046 0.131698 0.075564
v 0.074356 0.130962 0.075216
v 0.071619 0.131552 0.075466
v 0.069569 0.133309 0.076248
v 0.068756 0.135762 0.077351
v 0.069396 0.138255 0.078481
v 0.071318 0.140119 0.079334
v 0.074008 0.140855 0.079682
v 0.076745 0.140265 0.079431
v 0.078795 0.138508 0.078650
v 0.079985 0.136493 0.076079
v 0.079307 0.133631 0.075499
v 0.077261 0.131478 0.075097
v 0.074394 0.130610 0.074980
v 0.071474 0.131261 0.075179
v 0.069284 0.133255 0.075642
v 0.068411 0.136059 0.076244
v 0.069089 0.138921 0.076824
v 0.071135 0.141075 0.077227
v 0.074003 0.141942 0.077344
v 0.076922 0.141292 0.077144
v 0.079112 0.139297 0.076682
v 0.080253 0.136723 0.074394
v 0.079566 0.133613 0.074354
v 0.077421 0.131261 0.074468
v 0.074395 0.130296 0.074706
v 0.071298 0.130977 0.075003
v 0.068959 0.133122 0.075280
v 0.068006 0.136156 0.075462
v 0.068694 0.139265 0.075502
v 0.070838 0.141618 0.075387
v 0.073864 0.142583 0.075150
v 0.076962 0.141902 0.074853
v 0.079300 0.139757 0.074576
v 0.080412 0.136628 0.072687
v 0.079761 0.133379 0.073316
v 0.077560 0.130927 0.074035
v 0.074397 0.129929 0.074651
v 0.071122 0.130652 0.074998
v 0.068610 0.132903 0.074985
v 0.067536 0.136079 0.074614
v 0.068187 0.139327 0.073985
v 0.070388 0.141779 0.073266
v 0.073550 0.142777 0.072650
v 0.076826 0.142054 0.072303
v 0.079337 0.139803 0.072316
v 0.080692 0.136219 0.070983
v 0.080098 0.132873 0.072340
v 0.077808 0.130369 0.073709
v 0.074435 0.129379 0.074724
v 0.070883 0.130167 0.075113
v 0.068103 0.132522 0.074772
v 0.066842 0.135814 0.073792
v 0.067435 0.139160 0.072435
v 0.069726 0.141664 0.071066
v 0.073099 0.142655 0.070051
v 0.076651 0.141867 0.069662
v 0.079430 0.139511 0.070003
v 0.080917 0.135481 0.069295
v 0.080400 0.132122 0.071332
v 0.078033 0.129651 0.073331
v 0.074453 0.128730 0.074756
v 0.070617 0.129605 0.075225
v 0.067553 0.132043 0.074613
v 0.066084 0.135390 0.073083
v 0.066601 0.138749 0.071046
v 0.068968 0.141220 0.069047
v 0.072549 0.142142 0.067622
v 0.076384 0.141266 0.067153
v 0.079448 0.138828 0.067765
v 0.081033 0.134437 0.067568
v 0.080633 0.131187 0.070302
v 0.078233 0.128869 0.072960
v 0.074476 0.128105 0.074830
v 0.070368 0.129098 0.075411
v 0.067011 0.131584 0.074546
v 0.065303 0.134896 0.072469
v 0.065703 0.138146 0.069735
v 0.068103 0.140463 0.067077
v 0.071860 0.141228 0.065207
v 0.075968 0.140234 0.064627
v 0.079325 0.137748 0.065491
v 0.080996 0.132964 0.065888
v 0.080797 0.130040 0.069393
v 0.078445 0.128087 0.072788
v 0.074568 0.127627 0.075163
v 0.070207 0.128785 0.075881
v 0.066530 0.131249 0.074751
v 0.064521 0.134360 0.072074
v 0.064720 0.137284 0.068569
v 0.067072 0.139238 0.065174
v 0.070949 0.139697 0.062799
v 0.075310 0.138539 0.062081
v 0.078987 0.136075 0.063211
v 0.080797 0.131085 0.064389
v 0.080862 0.128642 0.068604
v 0.078623 0.127220 0.072692
v 0.074682 0.127199 0.075556
v 0.070093 0.128586 0.076429
v 0.066087 0.131008 0.075078
v 0.063737 0.133817 0.071865
v 0.063673 0.136260 0.067649
v 0.065911 0.137682 0.063562
v 0.069853 0.137703 0.060698
v 0.074442 0.136316 0.059824
v 0.078448 0.133894 0.061176
v 0.080419 0.128824 0.063170
v 0.080811 0.127000 0.067998
v 0.078760 0.126267 0.072692
v 0.074815 0.126821 0.075997
v 0.070033 0.128515 0.077025
v 0.065696 0.130893 0.075501
v 0.062966 0.133320 0.071834
v 0.062574 0.135144 0.067007
v 0.064626 0.135877 0.062312
v 0.068571 0.135323 0.059008
v 0.073352 0.133630 0.057980
v 0.077689 0.131251 0.059503
v 0.079662 0.125887 0.062243
v 0.080444 0.124741 0.067543
v 0.078706 0.124890 0.072737
v 0.074912 0.126295 0.076432
v 0.070080 0.128579 0.077639
v 0.065505 0.131130 0.076034
v 0.062411 0.133264 0.072048
v 0.061629 0.134410 0.066747
v 0.063367 0.134260 0.061554
v 0.067160 0.132855 0.057858
v 0.071992 0.130572 0.056651
v 0.076568 0.128021 0.058256
v 0.078469 0.122697 0.061856
v 0.079784 0.122472 0.067482
v 0.078406 0.123547 0.072994
v 0.074703 0.125635 0.076914
v 0.069669 0.128176 0.078192
v 0.064651 0.130489 0.076486
v 0.060996 0.131954 0.072252
v 0.059681 0.132179 0.066626
v 0.061059 0.131104 0.061114
v 0.064762 0.129016 0.057194
v 0.069796 0.126475 0.055916
v 0.074814 0.124162 0.057622
v 0.077229 0.118351 0.062348
v 0.079208 0.119378 0.068011
v 0.078308 0.121680 0.073572
v 0.074770 0.124640 0.077541
v 0.069543 0.127466 0.078856
v 0.064027 0.129399 0.077162
v 0.059699 0.129923 0.072916
v 0.057721 0.128896 0.067253
v 0.058621 0.126594 0.061692
v 0.062158 0.123634 0.057722
v 0.067386 0.120808 0.056408
v 0.072902 0.118875 0.058101
v 0.075378 0.113678 0.064409
v 0.078149 0.116081 0.069640
v 0.078021 0.120060 0.074637
v 0.075030 0.124548 0.078061
v 0.069977 0.128344 0.078994
v 0.064215 0.130430 0.077186
v 0.059288 0.130247 0.073122
v 0.056518 0.127844 0.067891
v 0.056645 0.123865 0.062894
v 0.059636 0.119376 0.059470
v 0.064690 0.115581 0.058537
v 0.070452 0.113495 0.060345
v 0.073049 0.109591 0.068432
v 0.076811 0.113265 0.072572
v 0.077700 0.118810 0.076211
v 0.075479 0.124741 0.078375
v 0.070742 0.129467 0.078483
v 0.064760 0.131723 0.076507
v 0.059134 0.130905 0.072976
v 0.055373 0.127230 0.068837
v 0.054484 0.121685 0.065197
v 0.056705 0.115755 0.063034
v 0.061441 0.111028 0.062925
v 0.067424 0.108772 0.064901
v 0.070762 0.107261 0.073644
v 0.075361 0.111587 0.076656
v 0.077159 0.118016 0.078746
v 0.075674 0.124825 0.079357
v 0.071305 0.130189 0.078323
v 0.065221 0.132671 0.075921
v 0.059054 0.131607 0.072796
v 0.054455 0.127280 0.069785
v 0.052657 0.120851 0.067694
v 0.054142 0.114042 0.067084
v 0.058511 0.108678 0.068118
v 0.064595 0.106196 0.070519
v 0.068128 0.106450 0.079734
v 0.073486 0.111000 0.081697
v 0.076203 0.117762 0.082110
v 0.075549 0.124923 0.080863
v 0.071701 0.130566 0.078288
v 0.065690 0.133177 0.075077
v 0.059125 0.132058 0.072089
v 0.053767 0.127507 0.070125
v 0.051050 0.120746 0.069712
v 0.051704 0.113584 0.070960
v 0.055552 0.107942 0.073535
v 0.061563 0.105330 0.076746
v 0.065432 0.107803 0.085853
v 0.071569 0.112198 0.086757
v 0.075262 0.118705 0.085413
v 0.075524 0.125581 0.082180
v 0.072282 0.130982 0.077925
v 0.066407 0.133463 0.073788
v 0.059472 0.132358 0.070877
v 0.053335 0.127963 0.069973
v 0.049641 0.121456 0.071317
v 0.049380 0.114581 0.074549
v 0.052621 0.109179 0.078804
v 0.058497 0.106698 0.082942
v 0.063491 0.109818 0.090123
v 0.070082 0.114150 0.090659
v 0.074308 0.120479 0.088519
v 0.075036 0.127110 0.084276
v 0.072071 0.132266 0.079069
v 0.066207 0.134565 0.074292
v 0.059016 0.133392 0.071224
v 0.052425 0.129061 0.070689
v 0.048199 0.122732 0.072829
v 0.047471 0.116101 0.077071
v 0.050436 0.110945 0.082278
v 0.056300 0.108645 0.087056
v 0.061772 0.111751 0.093853
v 0.068934 0.115870 0.093880
v 0.073662 0.122019 0.091036
v 0.074690 0.128551 0.086081
v 0.071742 0.133714 0.080345
v 0.065608 0.136126 0.075363
v 0.057932 0.135140 0.072471
v 0.050770 0.131021 0.072444
v 0.046042 0.124872 0.075289
v 0.045014 0.118341 0.080243
v 0.047962 0.113177 0.085979
v 0.054096 0.110765 0.090961
v 0.060267 0.114809 0.098234
v 0.068171 0.118297 0.097402
v 0.073599 0.123742 0.093372
v 0.075095 0.129685 0.087225
v 0.072259 0.134534 0.080608
v 0.065851 0.136989 0.075293
v 0.057587 0.136392 0.072705
v 0.049682 0.132904 0.073537
v 0.044254 0.127459 0.077566
v 0.042758 0.121516 0.083713
v 0.045594 0.116667 0.090331
v 0.052003 0.114212 0.095646
v 0.058431 0.121448 0.103689
v 0.067058 0.123761 0.101956
v 0.073282 0.127364 0.096383
v 0.075436 0.131290 0.088463
v 0.072942 0.134488 0.080319
v 0.066469 0.136101 0.074132
v 0.057751 0.135697 0.071561
v 0.049124 0.133383 0.073294
v 0.042900 0.129780 0.078867
v 0.040746 0.125854 0.086787
v 0.043240 0.122656 0.094931
v 0.049713 0.121043 0.101118
v 0.057383 0.130862 0.106763
v 0.066604 0.131605 0.104530
v 0.073451 0.132512 0.097984
v 0.076090 0.133341 0.088878
v 0.073813 0.133868 0.079653
v 0.067231 0.133954 0.072780
v 0.058108 0.133574 0.070102
v 0.048887 0.132831 0.072335
v 0.042039 0.131923 0.078881
v 0.039401 0.131095 0.087987
v 0.041677 0.130567 0.097212
v 0.048259 0.130482 0.104084
v 0.057109 0.138967 0.107075
v 0.066772 0.138558 0.104805
v 0.073988 0.137355 0.098083
v 0.076823 0.135680 0.088710
v 0.074517 0.133983 0.079197
v 0.067688 0.132717 0.072093
v 0.058167 0.132223 0.069302
v 0.048503 0.132632 0.071571
v 0.041287 0.133834 0.078293
v 0.038453 0.135509 0.087666
v 0.040759 0.137206 0.097179
v 0.047587 0.138472 0.104283
v 0.057222 0.144752 0.106350
v 0.067287 0.143844 0.104102
v 0.074796 0.141598 0.097338
v 0.077737 0.138616 0.087870
v 0.075322 0.135697 0.078235
v 0.068198 0.133623 0.071016
v 0.058274 0.132950 0.068145
v 0.048209 0.133858 0.070393
v 0.040700 0.136104 0.077157
v 0.037759 0.139086 0.086625
v 0.040174 0.142005 0.096260
v 0.047298 0.144079 0.103480
v 0.057296 0.150413 0.105244
v 0.067755 0.149049 0.103061
v 0.075540 0.145806 0.096362
v 0.078565 0.141552 0.086940
v 0.076020 0.137428 0.077321
v 0.068586 0.134539 0.070082
v 0.058256 0.133658 0.067162
v 0.047797 0.135022 0.069345
v 0.040012 0.138265 0.076045
v 0.036986 0.142519 0.085467
v 0.039532 0.146643 0.095086
v 0.046965 0.149532 0.102325
v 0.057529 0.156852 0.102613
v 0.068395 0.155508 0.100306
v 0.076473 0.151348 0.093776
v 0.079597 0.145485 0.084772
v 0.076931 0.139491 0.075708
v 0.069189 0.134971 0.069012
v 0.058446 0.133138 0.066478
v 0.047580 0.134482 0.068785
v 0.039503 0.138642 0.075315
v 0.036379 0.144505 0.084319
v 0.039045 0.150499 0.093383
v 0.046786 0.155019 0.100079
v 0.056972 0.164137 0.097896
v 0.068244 0.162726 0.095517
v 0.076669 0.157461 0.089513
v 0.079987 0.149752 0.081495
v 0.077310 0.141665 0.073610
v 0.069356 0.135368 0.067971
v 0.058255 0.132546 0.066090
v 0.046982 0.133957 0.068469
v 0.038558 0.139222 0.074473
v 0.035240 0.146931 0.082491
v 0.037916 0.155018 0.090376
v 0.045871 0.161315 0.096015
v 0.056554 0.171339 0.089769
v 0.068282 0.169131 0.088288
v 0.077114 0.162088 0.084163
v 0.080684 0.152098 0.078500
v 0.078034 0.141838 0.072815
v 0.069876 0.134056 0.068632
v 0.058394 0.130838 0.067072
v 0.046667 0.133046 0.068552
v 0.037834 0.140089 0.072677
v 0.034265 0.150078 0.078340
v 0.036914 0.160339 0.084025
v 0.045073 0.168121 0.088208
v 0.056526 0.176399 0.078614
v 0.068656 0.173635 0.078364
v 0.077783 0.165309 0.076873
v 0.081461 0.153652 0.074541
v 0.078705 0.141788 0.071993
v 0.070253 0.132895 0.069912
v 0.058370 0.129357 0.068855
v 0.046240 0.132121 0.069105
v 0.037113 0.140447 0.070596
v 0.033435 0.152104 0.072928
v 0.036191 0.163968 0.075475
v 0.044643 0.172860 0.077557
v 0.057033 0.177944 0.067357
v 0.069533 0.175004 0.068081
v 0.078879 0.166203 0.068874
v 0.082564 0.153897 0.069523
v 0.079603 0.141386 0.069856
v 0.070788 0.132020 0.069782
v 0.058481 0.128309 0.069322
v 0.045981 0.131249 0.068598
v 0.036636 0.140050 0.067805
v 0.032950 0.152356 0.067155
v 0.035912 0.164868 0.066823
v 0.044726 0.174234 0.066897
v 0.057414 0.177495 0.057330
v 0.070308 0.174502 0.058405
v 0.079897 0.165603 0.060685
v 0.083614 0.153181 0.063557
v 0.080461 0.140566 0.066253
v 0.071283 0.131137 0.068050
v 0.058541 0.127421 0.068467
v 0.045647 0.130413 0.067391
v 0.036057 0.139313 0.065112
v 0.032341 0.151735 0.062239
v 0.035494 0.164350 0.059543
v 0.044671 0.173779 0.057746
v 0.057590 0.175390 0.047775
v 0.070949 0.172365 0.049129
v 0.080862 0.163596 0.052910
v 0.084672 0.151433 0.058106
v 0.081358 0.139134 0.063323
v 0.071809 0.129996 0.067164
v 0.058582 0.126466 0.068600
v 0.045223 0.129492 0.067246
v 0.035311 0.138261 0.063465
v 0.031501 0.150424 0.058270
v 0.034814 0.162722 0.053052
v 0.044364 0.171861 0.049211
v 0.057437 0.171714 0.038748
v 0.071307 0.168608 0.040217
v 0.081616 0.160137 0.045327
v 0.085604 0.148571 0.052710
v 0.082202 0.137010 0.060386
v 0.072320 0.128551 0.066299
v 0.058608 0.125460 0.068865
v 0.044738 0.128567 0.067396
v 0.034428 0.137038 0.062286
v 0.030441 0.148604 0.054903
v 0.033843 0.160165 0.047227
v 0.043725 0.168624 0.041314
v 0.056874 0.166466 0.030419
v 0.071251 0.163234 0.031927
v 0.082012 0.155257 0.038252
v 0.086273 0.144673 0.047700
v 0.082892 0.134318 0.057738
v 0.072775 0.126966 0.065678
v 0.058633 0.124588 0.069391
v 0.044256 0.127820 0.067883
v 0.033495 0.135797 0.061558
v 0.029235 0.146381 0.052110
v 0.032616 0.156736 0.042071
v 0.042732 0.164088 0.034132
v 0.055837 0.159829 0.023094
v 0.070704 0.156339 0.024527
v 0.081970 0.148971 0.031878
v 0.086616 0.139699 0.043178
v 0.083398 0.131008 0.055400
v 0.073178 0.125227 0.065267
v 0.058694 0.123903 0.070137
v 0.043828 0.127393 0.068704
v 0.032562 0.134761 0.061353
v 0.027915 0.144033 0.050053
v 0.031133 0.152724 0.037831
v 0.041353 0.158505 0.027964
v 0.054195 0.152061 0.017039
v 0.069495 0.148061 0.018276
v 0.081311 0.141295 0.026414
v 0.086476 0.133577 0.039274
v 0.083607 0.126974 0.053408
v 0.073473 0.123256 0.065030
v 0.058788 0.123418 0.071027
v 0.043489 0.127418 0.069790
v 0.031673 0.134184 0.061651
v 0.026508 0.141902 0.048792
v 0.029376 0.148505 0.034658
v 0.039511 0.152224 0.023035
v 0.051838 0.143442 0.012451
v 0.067494 0.138717 0.013488
v 0.079905 0.132539 0.022225
v 0.085744 0.126563 0.036322
v 0.083446 0.122391 0.052002
v 0.073629 0.121140 0.065062
v 0.058921 0.123146 0.072004
v 0.043265 0.127871 0.070968
v 0.030854 0.134049 0.062230
v 0.025015 0.140024 0.048133
v 0.027312 0.144197 0.032454
v 0.037130 0.145447 0.019393
v 0.048482 0.133738 0.009440
v 0.064221 0.127606 0.010259
v 0.077207 0.121767 0.019383
v 0.083962 0.117785 0.034368
v 0.082673 0.116728 0.051197
v 0.073688 0.118878 0.065361
v 0.059414 0.123660 0.073066
v 0.043675 0.129791 0.072247
v 0.030688 0.135631 0.063123
v 0.023934 0.139612 0.048139
v 0.025222 0.140670 0.031310
v 0.034207 0.138520 0.017145
v 0.042928 0.121660 0.008674
v 0.058931 0.114791 0.009517
v 0.072686 0.109662 0.018926
v 0.080505 0.107649 0.034380
v 0.080295 0.109291 0.051737
v 0.072111 0.114147 0.066347
v 0.058147 0.120917 0.074295
v 0.042143 0.127787 0.073451
v 0.028389 0.132915 0.064042
v 0.020569 0.134928 0.048589
v 0.020780 0.133286 0.031232
v 0.028963 0.128430 0.016622
v 0.036728 0.107613 0.009933
v 0.053003 0.100076 0.010887
v 0.067613 0.095764 0.020400
v 0.076645 0.095831 0.035924
v 0.077678 0.100260 0.053299
v 0.070435 0.107865 0.067870
v 0.056858 0.116607 0.075731
v 0.040583 0.124144 0.074777
v 0.025973 0.128456 0.065264
v 0.016941 0.128389 0.049740
v 0.015908 0.123960 0.032365
v 0.023151 0.116355 0.017794
v 0.029238 0.094847 0.014483
v 0.044796 0.085042 0.016355
v 0.059789 0.080529 0.026178
v 0.070202 0.082517 0.041322
v 0.073242 0.090473 0.057727
v 0.068097 0.102267 0.070999
v 0.056144 0.114736 0.077581
v 0.040586 0.124542 0.075709
v 0.025592 0.129055 0.065885
v 0.015180 0.127067 0.050741
v 0.012139 0.119110 0.034336
v 0.017285 0.107317 0.021064
v 0.016805 0.080635 0.025930
v 0.031827 0.069368 0.028956
v 0.048014 0.065632 0.038216
v 0.061030 0.070427 0.051229
v 0.067386 0.082469 0.064508
v 0.065381 0.098531 0.074495
v 0.055550 0.114309 0.078513
v 0.040528 0.125575 0.075487
v 0.024341 0.129312 0.066227
v 0.011325 0.124516 0.053214
v 0.004968 0.112474 0.039936
v 0.006974 0.096413 0.029949
v 0.003979 0.071129 0.046546
v 0.018360 0.058725 0.051497
v 0.035827 0.055399 0.059809
v 0.051697 0.062042 0.069254
v 0.061719 0.076875 0.077301
v 0.063208 0.095922 0.081795
v 0.055764 0.114081 0.081532
v 0.041382 0.126485 0.076581
v 0.023916 0.129811 0.068269
v 0.008045 0.123168 0.058824
v -0.001977 0.108335 0.050776
v -0.003465 0.089288 0.046282
v -0.005467 0.070246 0.063737
v 0.008174 0.057369 0.071323
v 0.026247 0.053945 0.079753
v 0.043909 0.060891 0.086768
v 0.056428 0.076346 0.090490
v 0.060450 0.096168 0.089920
v 0.054896 0.115047 0.085211
v 0.041255 0.127923 0.077625
v 0.023182 0.131347 0.069195
v 0.005519 0.124401 0.062180
v -0.007000 0.108947 0.058458
v -0.011021 0.089124 0.059028
v -0.012869 0.073281 0.079628
v 0.000549 0.060357 0.088971
v 0.019309 0.056753 0.097306
v 0.038383 0.063434 0.102397
v 0.052661 0.078609 0.102882
v 0.058316 0.098213 0.098630
v 0.053834 0.116992 0.090781
v 0.040416 0.129915 0.081437
v 0.021656 0.133520 0.073102
v 0.002582 0.126839 0.068011
v -0.011696 0.111664 0.067526
v -0.017351 0.092060 0.071778
v -0.019221 0.078886 0.093890
v -0.006395 0.066734 0.106051
v 0.012594 0.063397 0.115452
v 0.032656 0.069767 0.119572
v 0.048417 0.084138 0.117310
v 0.055653 0.102660 0.109270
v 0.052426 0.120369 0.097606
v 0.039600 0.132521 0.085445
v 0.020612 0.135858 0.076045
v 0.000549 0.129488 0.071924
v -0.015212 0.115117 0.074187
v -0.022448 0.096595 0.082227
v -0.025520 0.088308 0.106617
v -0.013580 0.078291 0.122224
v 0.005525 0.075694 0.132935
v 0.026676 0.081212 0.135880
v 0.044206 0.093367 0.130271
v 0.053417 0.108901 0.117609
v 0.051841 0.123654 0.101288
v 0.039901 0.133671 0.085681
v 0.020795 0.136268 0.074970
v -0.000356 0.130750 0.072024
v -0.017885 0.118596 0.077634
v -0.027096 0.103061 0.090296
v -0.030619 0.101639 0.116352
v -0.019317 0.094494 0.134651
v 0.000014 0.092803 0.146361
v 0.022194 0.097019 0.148343
v 0.041279 0.106013 0.140066
v 0.052157 0.117375 0.123749
v 0.051912 0.128059 0.103764
v 0.040609 0.135205 0.085465
v 0.021278 0.136895 0.073755
v -0.000902 0.132679 0.071773
v -0.019987 0.123685 0.080050
v -0.030865 0.112323 0.096367
v -0.034223 0.113530 0.121417
v -0.023663 0.110838 0.141979
v -0.004423 0.111804 0.155034
v 0.018343 0.116171 0.157083
v 0.038535 0.122767 0.147578
v 0.050741 0.129825 0.129065
v 0.051692 0.135455 0.106505
v 0.041133 0.138147 0.085943
v 0.021892 0.137180 0.072888
v -0.000874 0.132814 0.070839
v -0.021065 0.126218 0.080344
v -0.033272 0.119159 0.098857
v -0.038298 0.126671 0.122815
v -0.028523 0.129277 0.144445
v -0.009375 0.133283 0.158138
v 0.014014 0.137615 0.160226
v 0.035378 0.141113 0.150149
v 0.048992 0.142839 0.130608
v 0.051208 0.142332 0.106838
v 0.041433 0.139726 0.085208
v 0.022285 0.135720 0.071514
v -0.001104 0.131388 0.069426
v -0.022468 0.127890 0.079503
v -0.036082 0.126163 0.099045
v -0.041572 0.141509 0.120615
v -0.032166 0.148492 0.142141
v -0.012776 0.154407 0.155913
v 0.011401 0.157668 0.158242
v 0.033889 0.157402 0.148502
v 0.048660 0.153680 0.129304
v 0.051758 0.147499 0.105792
v 0.042352 0.140515 0.084266
v 0.022963 0.134600 0.070494
v -0.001215 0.131339 0.068166
v -0.023702 0.131605 0.077905
v -0.038474 0.135327 0.097103
v -0.043867 0.156317 0.114920
v -0.034438 0.167027 0.135622
v -0.014619 0.174275 0.149291
v 0.010279 0.176119 0.152265
v 0.033585 0.172066 0.143747
v 0.049055 0.163200 0.126020
v 0.052542 0.151899 0.103832
v 0.043113 0.141189 0.083131
v 0.023294 0.133941 0.069461
v -0.001604 0.132096 0.066487
v -0.024910 0.136150 0.075005
v -0.040379 0.145016 0.092733
v -0.044534 0.167791 0.107858
v -0.034833 0.181617 0.127332
v -0.014497 0.190427 0.140499
v 0.011025 0.191862 0.143829
v 0.034894 0.185536 0.136430
v 0.050716 0.173144 0.120285
v 0.054250 0.158007 0.099721
v 0.044549 0.144181 0.080246
v 0.024214 0.135371 0.067080
v -0.001308 0.133936 0.063750
v -0.025178 0.140262 0.071148
v -0.041000 0.152654 0.087293
v -0.045473 0.180576 0.097346
v -0.035360 0.197843 0.114588
v -0.014421 0.208692 0.126484
v 0.011734 0.210218 0.129847
v 0.036095 0.202011 0.123775
v 0.052136 0.186271 0.109896
v 0.055558 0.167215 0.091929
v 0.045445 0.149949 0.074687
v 0.024505 0.139099 0.062791
v -0.001649 0.137573 0.059428
v -0.026010 0.145780 0.065499
v -0.042051 0.161520 0.079378
v -0.045313 0.190282 0.084876
v -0.034634 0.210897 0.098756
v -0.013008 0.223669 0.108798
v 0.013769 0.225178 0.112311
v 0.038524 0.215019 0.108354
v 0.054622 0.195913 0.097987
v 0.057751 0.172980 0.083988
v 0.047072 0.152366 0.070108
v 0.025446 0.139593 0.060066
v -0.001332 0.138084 0.056553
v -0.026086 0.148244 0.060510
v -0.042185 0.167349 0.070877
v -0.045320 0.198097 0.069739
v -0.033976 0.221528 0.079159
v -0.011565 0.236162 0.086235
v 0.015907 0.238076 0.089071
v 0.041080 0.226759 0.086906
v 0.057209 0.205243 0.080322
v 0.059971 0.179292 0.071082
v 0.048627 0.155861 0.061662
v 0.026217 0.141228 0.054586
v -0.001256 0.139313 0.051750
v -0.026429 0.150630 0.053915
v -0.042557 0.172147 0.060499
v -0.045199 0.202226 0.053034
v -0.033173 0.227725 0.055350
v -0.009970 0.243765 0.057469
v 0.018192 0.246050 0.058825
v 0.043767 0.233967 0.059053
v 0.059903 0.210753 0.058093
v 0.062276 0.182629 0.056201
v 0.050250 0.157131 0.053886
v 0.027047 0.141090 0.051766
v -0.001115 0.138805 0.050411
v -0.026691 0.150889 0.050182
v -0.042827 0.174102 0.051143
v -0.046008 0.200777 0.034476
v -0.033499 0.226253 0.029442
v -0.009688 0.242263 0.026694
v 0.019047 0.244515 0.026969
v 0.045006 0.232407 0.030192
v 0.061233 0.209183 0.035502
v 0.063379 0.181066 0.041473
v 0.050871 0.155590 0.046508
v 0.027060 0.139581 0.049255
v -0.001675 0.137328 0.048981
v -0.027634 0.149436 0.045757
v -0.043861 0.172660 0.040448
v -0.046335 0.195347 0.017853
v -0.033542 0.218264 0.004691
v -0.009251 0.232454 -0.003716
v 0.020031 0.234115 -0.005114
v 0.046456 0.222801 0.000871
v 0.062944 0.201545 0.012635
v 0.065078 0.176041 0.027026
v 0.052285 0.153124 0.040188
v 0.027994 0.138934 0.048595
v -0.001287 0.137273 0.049994
v -0.027713 0.148587 0.044009
v -0.044201 0.169843 0.032245
v -0.048431 0.185438 0.005946
v -0.035823 0.203192 -0.014543
v -0.011399 0.213482 -0.028381
v 0.018296 0.213553 -0.031862
v 0.045306 0.203385 -0.024051
v 0.062393 0.185702 -0.007043
v 0.064979 0.165243 0.014606
v 0.052371 0.147490 0.035095
v 0.027947 0.137199 0.048933
v -0.001748 0.137128 0.052413
v -0.028758 0.147297 0.044603
v -0.045845 0.164979 0.027595
v -0.050949 0.171670 -0.004415
v -0.038649 0.184691 -0.029022
v -0.014146 0.191775 -0.045628
v 0.015996 0.191022 -0.049783
v 0.043699 0.182636 -0.040373
v 0.061541 0.168863 -0.019921
v 0.064741 0.153393 0.006094
v 0.052441 0.140371 0.030701
v 0.027938 0.133288 0.047306
v -0.002204 0.134040 0.051461
v -0.029907 0.142426 0.042052
v -0.047749 0.156200 0.021600
v -0.053175 0.155059 -0.011924
v -0.041218 0.163544 -0.038906
v -0.016779 0.167764 -0.057015
v 0.013591 0.166588 -0.061400
v 0.041756 0.160331 -0.050886
v 0.060170 0.150670 -0.028289
v 0.063897 0.140193 0.000335
v 0.051939 0.131708 0.027316
v 0.027501 0.127487 0.045426
v -0.002869 0.128663 0.049811
v -0.031035 0.134920 0.039296
v -0.049448 0.144582 0.016700
v -0.054875 0.135415 -0.017307
v -0.043034 0.141244 -0.045172
v -0.018555 0.144540 -0.063625
v 0.012004 0.144420 -0.067723
v 0.040454 0.140915 -0.056367
v 0.059171 0.134964 -0.032600
v 0.063142 0.128163 -0.002791
v 0.051301 0.122333 0.025074
v 0.026822 0.119037 0.043528
v -0.003737 0.119158 0.047626
v -0.032187 0.122663 0.036270
v -0.050904 0.128614 0.012503
v -0.055037 0.123056 -0.019564
v -0.043210 0.126976 -0.047903
v -0.018670 0.129079 -0.066656
v 0.012007 0.128801 -0.070800
v 0.040601 0.126217 -0.059223
v 0.059451 0.122019 -0.035028
v 0.063505 0.117332 -0.004698
v 0.051678 0.113412 0.023640
v 0.027138 0.111309 0.042394
v -0.003539 0.111587 0.046537
v -0.032133 0.114171 0.034961
v -0.050983 0.118369 0.010766
v -0.054829 0.111022 -0.020899
v -0.043218 0.114380 -0.048824
v -0.019107 0.116105 -0.067306
v 0.011044 0.115733 -0.071393
v 0.039155 0.113365 -0.059989
v 0.057695 0.109635 -0.036151
v 0.061695 0.105542 -0.006265
v 0.050085 0.102184 0.021660
v 0.025974 0.100459 0.040142
v -0.004177 0.100831 0.044229
v -0.032289 0.103199 0.032825
v -0.050828 0.106929 0.008987
v -0.052359 0.093207 -0.023137
v -0.041216 0.097123 -0.049821
v -0.018082 0.099807 -0.067402
v 0.010846 0.100541 -0.071171
v 0.037814 0.099127 -0.060116
v 0.055599 0.095944 -0.037201
v 0.059433 0.091846 -0.008565
v 0.048290 0.087929 0.018119
v 0.025156 0.085245 0.035700
v -0.003771 0.084512 0.039469
v -0.030740 0.085926 0.028414
v -0.048525 0.089108 0.005499
vn -0.8641 -0.4971 -0.0789
vn -0.7851 0.6023 -0.1440
vn -0.6941 -0.0705 -0.7164
vn -0.7350 0.4909 0.4677
vn -0.0000 0.4228 0.9062
vn -0.6769 0.1485 0.7209
vn -0.0000 0.5205 0.8538
vn -0.0000 0.3355 0.9420
vn -0.6949 -0.6026 -0.3923
vn -0.8951 0.4457 0.0100
vn -0.7144 0.5712 0.4042
vn -0.9978 0.0659 -0.0000
vn -0.0000 -0.1248 -0.9922
vn -0.0000 0.7652 0.6438
vn -0.0000 0.6590 0.7521
vn -0.0000 -0.3665 -0.9304
vn -0.7569 -0.2897 -0.5858
vn -0.9973 -0.0638 0.0357
vn -0.0000 -1.0000 -0.0080
vn -0.0161 0.8249 -0.5651
vn -0.9704 0.2402 0.0253
vn -0.0000 -0.6176 -0.7865
vn -0.6775 0.4697 0.5660
vn -0.9367 -0.3476 0.0412
vn -0.0000 -0.6569 -0.7540
vn 0.0003 0.8996 0.4366
vn -0.9468 -0.2605 0.1888
vn -0.6565 -0.5966 -0.4616
vn -0.6251 0.0853 0.7759
vn -0.0000 0.7767 0.6299
vn -0.0000 -0.7151 -0.6990
vn -0.9397 -0.2766 0.2010
vn -0.6826 -0.6554 -0.3233
vn -0.7075 0.3442 0.6173
vn -0.0000 -0.6539 -0.7565
vn -1.0000 -0.0033 0.0031
vn -0.7135 -0.4776 -0.5126
vn -0.6282 0.6583 0.4147
vn -0.0000 0.9733 0.2295
vn -0.0000 -0.3596 -0.9331
vn -0.6368 -0.1837 -0.7488
vn -0.0000 0.9693 -0.2459
vn -0.9361 0.2856 -0.2055
vn -0.4872 0.7861 0.3804
vn -0.0000 0.0789 -0.9969
vn -0.7526 0.5329 -0.3868
vn -0.4191 0.0894 -0.9035
vn -0.3963 0.8408 -0.3687
vn -0.0000 0.8089 -0.5879
vn -0.0000 0.5239 -0.8518
vn -0.3566 0.7544 -0.5511
vn -0.3976 0.6039 -0.6908
vn -0.9050 -0.4245 -0.0282
vn -0.9144 0.4046 0.0149
vn -0.8485 0.5282 -0.0309
vn -0.0000 -1.0000 -0.0069
vn -0.9481 -0.2631 0.1788
vn -0.6622 0.7066 0.2495
vn -0.8172 0.5756 0.0299
vn -0.0000 -1.0000 0.0097
vn -0.0039 0.8743 0.4853
vn -0.8505 -0.1893 0.4908
vn -0.5594 0.7709 0.3046
vn -0.6971 0.6990 0.1594
vn -0.0000 -1.0000 0.0005
vn -0.0000 0.9251 0.3798
vn -0.5095 -0.1634 0.8448
vn -0.3994 0.7782 0.4846
vn -0.3415 0.8706 0.3541
vn -0.0000 -1.0000 -0.0087
vn -0.0000 0.7768 0.6298
vn -0.1129 0.7848 0.6094
vn -0.0524 0.9676 0.2469
vn -0.0000 -0.9999 0.0160
vn -0.0000 0.7973 0.6036
vn -0.0000 0.9715 0.2369
vn -0.4789 -0.0009 0.8779
vn -0.0060 0.9903 0.1385
vn -0.0000 0.0008 1.0000
vn -0.5198 0.8494 0.0916
vn -0.3090 0.9185 -0.2468
vn 0.0757 0.9726 0.2199
vn 0.5546 0.2042 0.8066
vn 0.1029 0.9755 -0.1946
vn 0.6254 0.3586 -0.6930
vn -0.7468 -0.2586 0.6127
vn -0.7002 -0.1273 -0.7025
vn 0.6442 -0.4375 0.6273
vn 0.7213 -0.3022 -0.6232
vn -0.5315 -0.6288 0.5676
vn -0.4403 -0.5724 -0.6917
vn 0.6400 -0.2944 0.7098
vn 0.7217 -0.2518 -0.6448
vn -0.6409 -0.5193 0.5654
vn -0.6125 -0.3832 -0.6914
vn 0.5232 0.5092 0.6833
vn 0.6313 0.5152 -0.5797
vn -0.7249 0.2581 0.6387
vn -0.6609 0.4103 -0.6284
vn -0.0117 0.9497 0.3131
vn 0.0829 0.9667 -0.2419
vn -0.4662 0.8201 0.3318
vn -0.3900 0.9008 -0.1910
vn -0.5181 0.1776 -0.8367
vn 0.0835 0.0642 -0.9944
vn -0.2995 0.5155 -0.8028
vn 0.1312 0.5345 -0.8349
vn 0.6499 0.7537 -0.0977
vn 0.5957 -0.6153 -0.5163
vn -0.8475 -0.5271 -0.0623
vn -0.5460 0.7859 0.2902
vn -0.5750 -0.7162 0.3956
vn 0.7203 0.5917 0.3620
vn 0.6353 -0.7708 -0.0469
vn -0.3311 0.6444 0.6893
vn 0.7565 0.5828 0.2967
vn 0.7091 -0.6962 -0.1117
vn -0.6871 -0.6083 0.3974
vn -0.4273 0.6236 0.6546
vn 0.5343 0.7614 -0.3670
vn 0.4706 -0.4534 -0.7570
vn -0.8658 -0.3919 -0.3112
vn -0.6116 0.7904 -0.0343
vn -0.0288 0.6157 -0.7875
vn -0.0889 -0.0539 -0.9946
vn -0.5151 -0.0449 -0.8560
vn -0.3962 0.6126 -0.6840
vn 0.8641 -0.4971 -0.0789
vn 0.8462 0.5061 -0.1667
vn 0.6941 -0.0705 -0.7164
vn 0.7350 0.4909 0.4677
vn 0.6769 0.1485 0.7209
vn 0.6949 -0.6026 -0.3923
vn 0.9043 0.4269 -0.0010
vn 0.7054 0.5981 0.3805
vn 0.9978 0.0659 -0.0000
vn 0.7569 -0.2897 -0.5858
vn 0.9973 -0.0638 0.0357
vn 0.9713 0.2376 0.0082
vn 0.6775 0.4697 0.5660
vn 0.9367 -0.3476 0.0412
vn 0.9468 -0.2605 0.1888
vn 0.6565 -0.5966 -0.4616
vn 0.6251 0.0853 0.7759
vn 0.9397 -0.2766 0.2010
vn 0.6826 -0.6554 -0.3233
vn 0.7075 0.3442 0.6173
vn 1.0000 -0.0033 0.0031
vn 0.7135 -0.4776 -0.5126
vn 0.6282 0.6583 0.4147
vn 0.6368 -0.1837 -0.7488
vn 0.9361 0.2856 -0.2055
vn 0.4872 0.7861 0.3804
vn 0.7526 0.5329 -0.3868
vn 0.4191 0.0894 -0.9035
vn 0.3963 0.8408 -0.3687
vn 0.3566 0.7544 -0.5511
vn 0.3976 0.6039 -0.6908
vn 0.9050 -0.4245 -0.0282
vn 0.9702 0.2403 -0.0311
vn 0.8593 0.5110 -0.0204
vn 0.9481 -0.2631 0.1788
vn 0.6688 0.6949 0.2642
vn 0.8172 0.5756 0.0299
vn 0.8505 -0.1893 0.4908
vn 0.5594 0.7709 0.3046
vn 0.6971 0.6990 0.1594
vn 0.5095 -0.1634 0.8448
vn 0.3994 0.7782 0.4846
vn 0.3415 0.8706 0.3541
vn 0.1129 0.7848 0.6094
vn 0.0524 0.9676 0.2469
vn 0.4789 -0.0009 0.8779
vn 0.0060 0.9903 0.1385
vn 0.5198 0.8494 0.0916
vn 0.3090 0.9185 -0.2468
vn -0.0757 0.9726 0.2199
vn -0.5546 0.2042 0.8066
vn -0.1029 0.9755 -0.1946
vn -0.6254 0.3586 -0.6930
vn 0.7468 -0.2586 0.6127
vn 0.7002 -0.1273 -0.7025
vn -0.6443 -0.4375 0.6273
vn -0.7213 -0.3022 -0.6232
vn 0.5315 -0.6288 0.5676
vn 0.4403 -0.5724 -0.6917
vn -0.6400 -0.2944 0.7098
vn -0.7217 -0.2518 -0.6448
vn 0.6409 -0.5193 0.5654
vn 0.6125 -0.3832 -0.6914
vn -0.5232 0.5092 0.6833
vn -0.6312 0.5152 -0.5797
vn 0.7249 0.2581 0.6387
vn 0.6609 0.4103 -0.6284
vn 0.0117 0.9497 0.3131
vn -0.0829 0.9667 -0.2419
vn 0.4662 0.8201 0.3318
vn 0.3900 0.9008 -0.1910
vn 0.5181 0.1777 -0.8367
vn -0.0835 0.0642 -0.9944
vn 0.2995 0.5155 -0.8028
vn -0.1312 0.5345 -0.8349
vn -0.6499 0.7537 -0.0977
vn -0.5957 -0.6153 -0.5163
vn 0.8475 -0.5271 -0.0623
vn 0.5460 0.7859 0.2902
vn 0.5750 -0.7162 0.3956
vn -0.7203 0.5917 0.3620
vn -0.6353 -0.7708 -0.0469
vn 0.3312 0.6444 0.6893
vn -0.7565 0.5828 0.2967
vn -0.7091 -0.6962 -0.1117
vn 0.6871 -0.6083 0.3974
vn 0.4273 0.6236 0.6546
vn -0.5343 0.7614 -0.3670
vn -0.4706 -0.4534 -0.7570
vn 0.8658 -0.3919 -0.3112
vn 0.6116 0.7904 -0.0343
vn 0.0288 0.6157 -0.7875
vn 0.0889 -0.0539 -0.9946
vn 0.5151 -0.0449 -0.8560
vn 0.3962 0.6126 -0.6840
vn -0.0240 0.8781 -0.4779
vn -0.5434 0.6410 -0.5420
vn 0.0082 0.9729 0.2313
vn -0.6498 0.7470 0.1408
vn -0.4584 0.8194 0.3441
vn 0.0152 0.9187 0.3948
vn 0.5362 0.6253 -0.5670
vn 0.7478 0.6605 0.0680
vn 0.6500 0.7040 0.2861
vn 0.8431 0.0499 0.5355
vn 0.5381 0.1710 0.8254
vn 0.3536 0.2181 0.9096
vn 0.8650 0.1978 0.4611
vn 0.5763 0.4286 0.6958
vn 0.3971 0.5113 0.7622
vn 0.8892 0.3083 0.3381
vn 0.6184 0.6210 0.4817
vn 0.4450 0.7302 0.5184
vn 0.9123 0.3664 0.1831
vn 0.6586 0.7221 0.2119
vn 0.4907 0.8453 0.2113
vn 0.9312 0.3642 0.0172
vn 0.6915 0.7182 -0.0771
vn 0.5282 0.8409 -0.1176
vn 0.9433 0.3020 -0.1374
vn 0.7127 0.6100 -0.3463
vn 0.5523 0.7178 -0.4240
vn 0.9471 0.1883 -0.2598
vn 0.7193 0.4120 -0.5594
vn 0.5598 0.4924 -0.6665
vn 0.9420 0.0384 -0.3334
vn 0.7104 0.1510 -0.6874
vn 0.5497 0.1953 -0.8122
vn 0.9287 -0.1275 -0.3482
vn 0.6872 -0.1378 -0.7133
vn 0.5233 -0.1334 -0.8416
vn 0.9090 -0.2870 -0.3023
vn 0.6529 -0.4154 -0.6334
vn 0.4842 -0.4494 -0.7507
vn 0.8855 -0.4184 -0.2019
vn 0.6120 -0.6443 -0.4585
vn 0.4377 -0.7099 -0.5517
vn 0.8615 -0.5041 -0.0605
vn 0.5702 -0.7936 -0.2124
vn 0.3901 -0.8798 -0.2715
vn 0.9894 -0.0896 0.1139
vn 0.8401 -0.5326 0.1027
vn 0.5330 -0.8431 0.0719
vn 0.3478 -0.9361 0.0520
vn 0.8243 -0.4998 0.2658
vn 0.5055 -0.7861 0.3558
vn 0.3164 -0.8713 0.3752
vn 0.8162 -0.4104 0.4067
vn 0.4913 -0.6303 0.6011
vn 0.3004 -0.6940 0.6543
vn 0.8169 -0.2763 0.5063
vn 0.4925 -0.3968 0.7746
vn 0.3017 -0.4282 0.8518
vn 0.8263 -0.1156 0.5513
vn 0.5088 -0.1171 0.8529
vn 0.3203 -0.1099 0.9409
vn 0.4576 0.4773 -0.7502
vn 0.8660 0.4621 0.1910
vn 0.5428 0.8256 0.1544
vn 0.1128 0.9934 -0.0209
vn -0.2959 0.9123 -0.2832
vn -0.5638 0.6123 -0.5542
vn -0.6228 0.1873 -0.7597
vn -0.4676 -0.2450 -0.8493
vn -0.1468 -0.5752 -0.8047
vn 0.2554 -0.7250 -0.6397
vn 0.6393 -0.6595 -0.3954
vn 0.9102 -0.3925 -0.1319
vn 0.9964 0.0149 0.0836
vn 0.9234 0.3761 -0.0766
vn 0.6766 0.6988 -0.2322
vn 0.3244 0.8405 -0.4339
vn -0.0572 0.7783 -0.6252
vn -0.3760 0.5145 -0.7707
vn -0.5309 0.1026 -0.8412
vn -0.4676 -0.3430 -0.8147
vn -0.2067 -0.6933 -0.6904
vn 0.1740 -0.8510 -0.4955
vn 0.5684 -0.7738 -0.2795
vn 0.8698 -0.4822 -0.1044
vn 0.9980 -0.0577 -0.0272
vn 0.9550 0.2107 -0.2089
vn 0.7415 0.4772 -0.4716
vn 0.4213 0.5857 -0.6924
vn 0.0422 0.5591 -0.8280
vn -0.3331 0.3570 -0.8727
vn -0.5743 -0.0186 -0.8184
vn -0.5865 -0.4563 -0.6692
vn -0.3688 -0.8115 -0.4533
vn 0.0074 -0.9754 -0.2205
vn 0.4330 -0.9008 -0.0324
vn 0.7905 -0.6103 0.0517
vn 0.9811 -0.1934 -0.0088
vn 0.9729 0.0640 -0.2221
vn 0.7807 0.2960 -0.5504
vn 0.4570 0.3921 -0.7984
vn 0.0545 0.3786 -0.9240
vn -0.3645 0.2121 -0.9067
vn -0.6582 -0.1175 -0.7436
vn -0.7163 -0.5098 -0.4765
vn -0.5271 -0.8319 -0.1735
vn -0.1538 -0.9839 0.0909
vn 0.2979 -0.9217 0.2483
vn 0.7047 -0.6642 0.2496
vn 0.9528 -0.2930 0.0795
vn 0.9723 -0.0738 -0.2219
vn 0.7953 0.0802 -0.6009
vn 0.4831 0.1153 -0.8680
vn 0.1005 0.0992 -0.9900
vn -0.3193 0.0033 -0.9476
vn -0.6503 -0.2280 -0.7246
vn -0.7557 -0.5351 -0.3775
vn -0.6016 -0.7988 -0.0058
vn -0.2431 -0.9250 0.2920
vn 0.2143 -0.8726 0.4389
vn 0.6436 -0.6580 0.3909
vn 0.9233 -0.3535 0.1500
vn 0.9556 -0.2246 -0.1910
vn 0.7798 -0.1813 -0.5992
vn 0.4753 -0.2208 -0.8517
vn 0.1246 -0.2284 -0.9656
vn -0.2906 -0.2349 -0.9276
vn -0.6525 -0.3447 -0.6749
vn -0.7953 -0.5417 -0.2721
vn -0.6699 -0.7268 0.1516
vn -0.3248 -0.8162 0.4779
vn 0.1360 -0.7729 0.6198
vn 0.5825 -0.6114 0.5356
vn 0.8870 -0.3952 0.2387
vn 0.9459 -0.2925 -0.1403
vn 0.7792 -0.2904 -0.5555
vn 0.4755 -0.3378 -0.8122
vn 0.1184 -0.3538 -0.9278
vn -0.2948 -0.3512 -0.8887
vn -0.6666 -0.4061 -0.6250
vn -0.8297 -0.5245 -0.1910
vn -0.7204 -0.6400 0.2672
vn -0.3819 -0.6913 0.6135
vn 0.0833 -0.6522 0.7535
vn 0.5435 -0.5355 0.6464
vn 0.8648 -0.3907 0.3154
vn 0.9456 -0.3199 -0.0602
vn 0.7905 -0.3621 -0.4939
vn 0.4704 -0.4284 -0.7715
vn 0.0804 -0.4357 -0.8965
vn -0.3535 -0.4032 -0.8441
vn -0.7221 -0.4080 -0.5587
vn -0.8806 -0.4614 -0.1081
vn -0.7733 -0.5190 0.3643
vn -0.4360 -0.5399 0.7200
vn 0.0333 -0.5077 0.8609
vn 0.5039 -0.4337 0.7470
vn 0.8423 -0.3539 0.4065
vn 0.9454 -0.3255 0.0163
vn 0.7899 -0.4533 -0.4130
vn 0.4577 -0.5910 -0.6642
vn 0.0713 -0.6298 -0.7735
vn -0.3615 -0.5541 -0.7499
vn -0.7468 -0.4549 -0.4852
vn -0.9174 -0.3967 -0.0307
vn -0.8142 -0.3660 0.4506
vn -0.4766 -0.3382 0.8115
vn -0.0026 -0.3050 0.9524
vn 0.4777 -0.2750 0.8344
vn 0.8298 -0.2711 0.4878
vn 0.9252 -0.3638 0.1079
vn 0.7257 -0.6488 -0.2288
vn 0.3468 -0.8953 -0.2796
vn 0.0413 -0.9555 -0.2922
vn -0.3116 -0.8441 -0.4364
vn -0.7179 -0.6004 -0.3523
vn -0.9195 -0.3913 0.0371
vn -0.8304 -0.2476 0.4991
vn -0.4985 -0.1519 0.8535
vn -0.0259 -0.1037 0.9943
vn 0.4566 -0.1116 0.8827
vn 0.8130 -0.1900 0.5503
vn 0.9090 -0.3635 0.2040
vn 0.6511 -0.7590 -0.0065
vn 0.2043 -0.9656 0.1609
vn -0.0134 -0.9742 0.2252
vn -0.2969 -0.9505 -0.0914
vn -0.7284 -0.6517 -0.2115
vn -0.9417 -0.3225 0.0964
vn -0.8517 -0.0765 0.5184
vn -0.5179 0.0834 0.8513
vn -0.0432 0.1439 0.9886
vn 0.4424 0.0935 0.8919
vn 0.8026 -0.0729 0.5920
vn 0.9293 -0.2720 0.2499
vn 0.7353 -0.6775 0.0179
vn 0.3335 -0.9422 0.0328
vn -0.0131 -0.9981 0.0602
vn -0.3762 -0.9212 -0.0993
vn -0.7748 -0.6191 -0.1282
vn -0.9626 -0.2343 0.1357
vn -0.8622 0.0959 0.4974
vn -0.5234 0.3178 0.7906
vn -0.0460 0.3946 0.9177
vn 0.4415 0.3114 0.8415
vn 0.8055 0.0790 0.5874
vn 0.9560 -0.1837 0.2286
vn 0.8188 -0.5714 -0.0550
vn 0.4638 -0.8607 -0.2100
vn 0.0231 -0.9708 -0.2386
vn -0.4152 -0.8865 -0.2041
vn -0.7864 -0.6124 -0.0807
vn -0.9600 -0.2191 0.1741
vn -0.8588 0.1657 0.4847
vn -0.5169 0.4399 0.7344
vn -0.0352 0.5417 0.8398
vn 0.4547 0.4507 0.7682
vn 0.8201 0.1885 0.5403
vn 0.9656 -0.1110 0.2350
vn 0.8309 -0.5538 0.0547
vn 0.4616 -0.8820 0.0953
vn 0.0219 -0.9771 0.2115
vn -0.4055 -0.9048 0.1298
vn -0.7867 -0.6138 0.0661
vn -0.9596 -0.1779 0.2178
vn -0.8550 0.2492 0.4549
vn -0.5131 0.5600 0.6505
vn -0.0329 0.6821 0.7305
vn 0.4562 0.5887 0.6673
vn 0.8235 0.3022 0.4801
vn 0.9661 -0.0518 0.2528
vn 0.8133 -0.5355 0.2274
vn 0.4045 -0.7940 0.4538
vn 0.0276 -0.7441 0.6675
vn -0.3274 -0.7673 0.5514
vn -0.7572 -0.5835 0.2935
vn -0.9589 -0.1178 0.2581
vn -0.8561 0.3601 0.3708
vn -0.5121 0.7077 0.4868
vn -0.0309 0.8436 0.5361
vn 0.4584 0.7374 0.4960
vn 0.8260 0.4139 0.3826
vn 0.9781 0.0019 0.2081
vn 0.8397 -0.4853 0.2436
vn 0.4655 -0.7628 0.4488
vn 0.0799 -0.7083 0.7014
vn -0.2419 -0.6214 0.7452
vn -0.6612 -0.5054 0.5544
vn -0.9208 -0.0871 0.3802
vn -0.8422 0.4122 0.3476
vn -0.5035 0.7857 0.3594
vn -0.0225 0.9346 0.3551
vn 0.4675 0.8251 0.3174
vn 0.8358 0.4855 0.2564
vn 0.9898 0.0571 0.1307
vn 0.8750 -0.4190 0.2423
vn 0.5272 -0.6684 0.5247
vn 0.1542 -0.5073 0.8479
vn -0.1380 -0.3676 0.9197
vn -0.5678 -0.3521 0.7441
vn -0.8759 -0.0240 0.4819
vn -0.8253 0.4550 0.3344
vn -0.4996 0.8297 0.2491
vn -0.0240 0.9825 0.1846
vn 0.4652 0.8749 0.1348
vn 0.8369 0.5363 0.1096
vn 0.9869 0.1085 0.1191
vn 0.8777 -0.3109 0.3647
vn 0.5287 -0.4120 0.7421
vn 0.2017 -0.1304 0.9707
vn -0.0185 -0.0516 0.9985
vn -0.4521 -0.1514 0.8790
vn -0.8168 0.0735 0.5722
vn -0.8018 0.5044 0.3205
vn -0.4966 0.8561 0.1431
vn -0.0335 0.9991 0.0246
vn 0.4510 0.8921 -0.0279
vn 0.8258 0.5640 -0.0016
vn 0.9828 0.1537 0.1025
vn 0.8819 -0.2029 0.4255
vn 0.5543 -0.2550 0.7923
vn 0.2379 -0.0224 0.9710
vn 0.0129 0.0660 0.9977
vn -0.3778 0.0121 0.9258
vn -0.7444 0.1853 0.6415
vn -0.7710 0.5525 0.3165
vn -0.4950 0.8671 0.0557
vn -0.0465 0.9924 -0.1137
vn 0.4347 0.8844 -0.1696
vn 0.8139 0.5727 -0.0983
vn 0.9858 0.1668 0.0204
vn 0.9105 -0.1570 0.3825
vn 0.6118 -0.2146 0.7614
vn 0.2855 0.0026 0.9584
vn 0.0299 0.1393 0.9898
vn -0.3442 0.1336 0.9293
vn -0.7075 0.2780 0.6497
vn -0.7588 0.5901 0.2759
vn -0.5039 0.8624 -0.0479
vn -0.0665 0.9632 -0.2605
vn 0.4136 0.8504 -0.3251
vn 0.8008 0.5540 -0.2276
vn 0.9840 0.1574 -0.0838
vn 0.9383 -0.1099 0.3279
vn 0.6641 -0.0696 0.7444
vn 0.3562 0.2860 0.8896
vn 0.1648 0.4677 0.8684
vn -0.2078 0.3851 0.8992
vn -0.6521 0.4000 0.6441
vn -0.7521 0.6229 0.2154
vn -0.5207 0.8376 -0.1652
vn -0.0960 0.9042 -0.4161
vn 0.3819 0.7832 -0.4907
vn 0.7783 0.5048 -0.3734
vn 0.9744 0.1219 -0.1890
vn 0.9602 -0.0750 0.2692
vn 0.7094 0.0696 0.7014
vn 0.4129 0.5258 0.7437
vn 0.2824 0.7236 0.6299
vn -0.0412 0.6288 0.7764
vn -0.5725 0.5360 0.6204
vn -0.7431 0.6510 0.1550
vn -0.5437 0.7915 -0.2792
vn -0.1360 0.8121 -0.5674
vn 0.3382 0.6778 -0.6528
vn 0.7452 0.4201 -0.5180
vn 0.9565 0.0632 -0.2850
vn 0.9779 -0.0698 0.1969
vn 0.7663 0.1239 0.6305
vn 0.4770 0.6178 0.6251
vn 0.3468 0.8334 0.4303
vn 0.0717 0.7881 0.6113
vn -0.4924 0.6663 0.5600
vn -0.7269 0.6797 0.0982
vn -0.5654 0.7366 -0.3711
vn -0.1802 0.7021 -0.6889
vn 0.2871 0.5488 -0.7851
vn 0.7033 0.3104 -0.6395
vn 0.9275 -0.0353 -0.3722
vn 0.9855 -0.1200 0.1200
vn 0.8214 0.0742 0.5656
vn 0.5622 0.6061 0.5627
vn 0.4421 0.8770 0.1883
vn 0.3456 0.9052 0.2475
vn -0.2302 0.8841 0.4066
vn -0.6511 0.7573 0.0506
vn -0.5726 0.6925 -0.4388
vn -0.2230 0.5844 -0.7803
vn 0.2307 0.3987 -0.8876
vn 0.6520 0.1697 -0.7390
vn 0.8790 -0.1791 -0.4419
vn 0.9737 -0.2217 0.0529
vn 0.8573 -0.0454 0.5128
vn 0.6235 0.3882 0.6787
vn 0.3927 0.7544 0.5260
vn 0.1356 0.8728 0.4689
vn -0.3543 0.8513 0.3868
vn -0.6767 0.7362 -0.0110
vn -0.6083 0.6140 -0.5029
vn -0.2833 0.4421 -0.8510
vn 0.1562 0.2199 -0.9629
vn 0.5814 -0.0081 -0.8135
vn 0.8281 -0.2699 -0.4913
vn 0.9737 -0.2279 -0.0024
vn 0.8889 0.0005 0.4581
vn 0.6079 0.3607 0.7074
vn 0.2090 0.5888 0.7808
vn -0.2551 0.6475 0.7181
vn -0.6467 0.6403 0.4145
vn -0.8097 0.5837 -0.0612
vn -0.7102 0.4494 -0.5419
vn -0.3943 0.2481 -0.8848
vn 0.0444 0.0229 -0.9988
vn 0.4896 -0.1690 -0.8554
vn 0.7775 -0.3931 -0.4908
vn 0.9663 -0.2541 -0.0413
vn 0.9368 0.0706 0.3426
vn 0.7922 0.5684 0.2224
vn 0.5004 0.8237 -0.2667
vn 0.3263 0.9050 -0.2728
vn -0.3977 0.9150 -0.0678
vn -0.7691 0.6168 -0.1676
vn -0.7567 0.3214 -0.5693
vn -0.4763 0.0393 -0.8784
vn -0.0493 -0.2092 -0.9766
vn 0.4078 -0.3689 -0.8352
vn 0.6789 -0.6028 -0.4193
vn 0.9240 -0.3807 -0.0357
vn 0.9723 0.0637 0.2247
vn 0.7057 0.4560 -0.5423
vn 0.1109 -0.0257 -0.9935
vn 0.4245 -0.2067 -0.8815
vn 0.2253 0.5712 -0.7893
vn -0.6190 0.6997 -0.3567
vn -0.7755 0.2484 -0.5804
vn -0.5624 -0.1485 -0.8134
vn -0.1709 -0.4606 -0.8710
vn 0.2815 -0.6257 -0.7275
vn 0.5660 -0.7819 -0.2612
vn 0.8698 -0.4930 0.0224
vn 0.9864 -0.0065 0.1639
vn 0.8187 0.3413 -0.4617
vn 0.1764 -0.1710 -0.9693
vn 0.3277 -0.4687 -0.8204
vn 0.2752 0.2475 -0.9290
vn -0.5301 0.6344 -0.5626
vn -0.8034 0.1612 -0.5732
vn -0.6598 -0.3109 -0.6841
vn -0.3089 -0.6724 -0.6727
vn 0.1382 -0.8433 -0.5193
vn 0.4623 -0.8852 -0.0525
vn 0.8095 -0.5694 0.1431
vn 0.9739 -0.0838 0.2110
vn 0.9173 0.3534 -0.1838
vn 0.4640 -0.1550 -0.8721
vn 0.2496 -0.6684 -0.7007
vn 0.4301 -0.3107 -0.8476
vn -0.2858 0.4117 -0.8653
vn -0.7893 0.1134 -0.6035
vn -0.7250 -0.3935 -0.5653
vn -0.4186 -0.7833 -0.4596
vn 0.0157 -0.9613 -0.2752
vn 0.3472 -0.9185 0.1895
vn 0.7293 -0.6110 0.3080
vn 0.9478 -0.1555 0.2783
vn 0.9700 0.2172 -0.1089
vn 0.5562 -0.3630 -0.7476
vn 0.1224 -0.8953 -0.4282
vn 0.4675 -0.7312 -0.4967
vn -0.1046 -0.0501 -0.9932
vn -0.7469 0.0264 -0.6644
vn -0.7716 -0.4375 -0.4618
vn -0.5182 -0.8186 -0.2476
vn -0.1071 -0.9941 -0.0145
vn 0.2453 -0.8789 0.4092
vn 0.6599 -0.5917 0.4630
vn 0.9254 -0.1726 0.3373
vn 0.9821 0.1758 -0.0674
vn 0.7989 0.0960 -0.5937
vn 0.4636 -0.2575 -0.8478
vn 0.3295 -0.2264 -0.9166
vn -0.2346 0.0335 -0.9715
vn -0.7295 -0.0337 -0.6832
vn -0.8097 -0.4477 -0.3794
vn -0.6038 -0.7941 -0.0688
vn -0.2155 -0.9527 0.2144
vn 0.2001 -0.8399 0.5044
vn 0.6324 -0.5698 0.5248
vn 0.9159 -0.1779 0.3598
vn 0.9757 0.2154 0.0403
vn 0.8033 0.4809 -0.3513
vn 0.4615 0.5618 -0.6866
vn 0.0245 0.5008 -0.8652
vn -0.4275 0.3045 -0.8512
vn -0.7505 -0.0403 -0.6597
vn -0.8262 -0.4418 -0.3496
vn -0.6441 -0.7649 0.0028
vn -0.2668 -0.9115 0.3131
vn 0.1571 -0.8163 0.5558
vn 0.6082 -0.5897 0.5314
vn 0.9165 -0.2631 0.3014
vn 0.9944 0.0261 -0.1020
vn 0.8222 0.1650 -0.5447
vn 0.4705 0.2828 -0.8359
vn 0.0043 0.3858 -0.9226
vn -0.4690 0.2722 -0.8402
vn -0.7868 -0.0431 -0.6157
vn -0.8644 -0.4150 -0.2837
vn -0.6908 -0.7185 0.0813
vn -0.3171 -0.8653 0.3883
vn 0.0986 -0.7148 0.6923
vn 0.5688 -0.5401 0.6203
vn 0.9001 -0.2912 0.3242
vn 0.9686 -0.1749 -0.1770
vn 0.5980 -0.6274 -0.4988
vn 0.1163 -0.9231 -0.3665
vn 0.1666 -0.8013 -0.5746
vn -0.3806 -0.3157 -0.8692
vn -0.7934 -0.1037 -0.5998
vn -0.9125 -0.3658 -0.1829
vn -0.7546 -0.6151 0.2287
vn -0.3840 -0.7442 0.5466
vn 0.0240 -0.4771 0.8785
vn 0.5052 -0.3696 0.7798
vn 0.8617 -0.2315 0.4515
vn 0.9390 -0.3382 -0.0622
vn 0.2010 -0.9786 -0.0439
vn -0.3478 -0.7732 0.5303
vn 0.0737 -0.8053 0.5882
vn -0.2134 -0.9262 -0.3110
vn -0.7756 -0.3122 -0.5486
vn -0.9507 -0.3005 -0.0769
vn -0.8150 -0.4281 0.3904
vn -0.4571 -0.4991 0.7362
vn -0.0181 -0.1780 0.9839
vn 0.4720 -0.1512 0.8685
vn 0.8412 -0.1541 0.5182
vn 0.9145 -0.4034 0.0290
vn 0.1944 -0.9677 0.1607
vn -0.3466 -0.6722 0.6542
vn -0.0050 -0.6295 0.7770
vn -0.1384 -0.9800 0.1431
vn -0.7480 -0.4876 -0.4503
vn -0.9714 -0.2371 -0.0103
vn -0.8507 -0.2108 0.4816
vn -0.5000 -0.1996 0.8427
vn -0.0306 0.0412 0.9987
vn 0.4619 0.0103 0.8869
vn 0.8300 -0.0889 0.5507
vn 0.9458 -0.3101 0.0960
vn 0.6604 -0.7410 -0.1216
vn 0.1401 -0.9901 0.0114
vn -0.0153 -0.9998 0.0124
vn -0.3863 -0.8481 -0.3626
vn -0.7949 -0.4627 -0.3925
vn -0.9787 -0.2039 0.0234
vn -0.8638 -0.0668 0.4994
vn -0.5150 0.0138 0.8571
vn -0.0283 0.1554 0.9875
vn 0.4657 0.0990 0.8794
vn 0.8310 -0.0445 0.5545
vn 0.9598 -0.2579 0.1107
vn 0.8067 -0.5109 -0.2969
vn 0.4431 -0.7241 -0.5285
vn 0.0127 -0.7879 -0.6157
vn -0.4338 -0.6697 -0.6027
vn -0.8159 -0.4365 -0.3791
vn -0.9792 -0.1989 0.0414
vn -0.8660 -0.0060 0.5000
vn -0.5160 0.1181 0.8484
vn -0.0267 0.2848 0.9582
vn 0.4651 0.2193 0.8576
vn 0.8310 0.0453 0.5544
vn 0.9681 -0.2085 0.1389
vn 0.8244 -0.5140 -0.2371
vn 0.4344 -0.8421 -0.3198
vn 0.0448 -0.9972 -0.0591
vn -0.3266 -0.9448 -0.0253
vn -0.7700 -0.6270 -0.1181
vn -0.9692 -0.2236 0.1032
vn -0.8614 0.0560 0.5047
vn -0.5127 0.2284 0.8276
vn -0.0113 0.4608 0.8875
vn 0.4807 0.3987 0.7810
vn 0.8474 0.1948 0.4939
vn 0.9877 -0.1105 0.1102
vn 0.8519 -0.4748 -0.2209
vn 0.4720 -0.8692 -0.1474
vn 0.1254 -0.9047 0.4072
vn -0.0665 -0.8085 0.5848
vn -0.5929 -0.7845 0.1820
vn -0.9447 -0.2719 0.1835
vn -0.8506 0.1169 0.5127
vn -0.4990 0.3641 0.7864
vn -0.0276 0.6492 0.7601
vn 0.4650 0.5824 0.6667
vn 0.8381 0.3347 0.4308
vn 0.9878 -0.0552 0.1459
vn 0.8181 -0.5293 0.2249
vn 0.1357 -0.6246 0.7690
vn 0.0646 -0.1471 0.9870
vn -0.1576 -0.6300 0.7605
vn -0.7086 -0.6837 0.1747
vn -0.9606 -0.2006 0.1924
vn -0.8584 0.2208 0.4631
vn -0.5116 0.5208 0.6834
vn -0.0402 0.8371 0.5455
vn 0.4535 0.7422 0.4934
vn 0.8307 0.4329 0.3501
vn 0.9769 -0.0408 0.2098
vn 0.5228 -0.3579 0.7737
vn -0.3157 0.2418 0.9175
vn -0.0386 0.5739 0.8180
vn -0.1477 -0.1224 0.9814
vn -0.7597 -0.5987 0.2537
vn -0.9849 -0.0945 0.1449
vn -0.8699 0.3676 0.3290
vn -0.5225 0.7016 0.4845
vn -0.0428 0.9600 0.2769
vn 0.4505 0.8500 0.2730
vn 0.8265 0.5113 0.2358
vn 0.9748 0.0198 0.2221
vn 0.7056 -0.3573 0.6120
vn -0.0307 0.0582 0.9978
vn -0.0577 0.3687 0.9277
vn -0.3371 -0.3059 0.8904
vn -0.8049 -0.5185 0.2887
vn -0.9926 -0.0383 0.1153
vn -0.8743 0.4551 0.1689
vn -0.5257 0.8168 0.2376
vn -0.0315 0.9985 0.0455
vn 0.4627 0.8833 0.0753
vn 0.8350 0.5366 0.1221
vn 0.9787 0.0471 0.1996
vn 0.8195 -0.4226 0.3871
vn 0.4049 -0.5613 0.7218
vn -0.0277 -0.4602 0.8874
vn -0.4196 -0.5863 0.6930
vn -0.8290 -0.4798 0.2875
vn -0.9939 -0.0095 0.1103
vn -0.8720 0.4870 0.0493
vn -0.5185 0.8544 0.0342
vn -0.0224 0.9913 -0.1294
vn 0.4704 0.8782 -0.0862
vn 0.8390 0.5438 0.0170
vn 0.9825 0.0788 0.1687
vn 0.8503 -0.3707 0.3736
vn 0.4682 -0.5741 0.6717
vn 0.0218 -0.4508 0.8923
vn -0.4189 -0.4428 0.7928
vn -0.8195 -0.3608 0.4451
vn -0.9858 0.0364 0.1638
vn -0.8651 0.5015 -0.0073
vn -0.5105 0.8536 -0.1038
vn -0.0156 0.9553 -0.2954
vn 0.4768 0.8443 -0.2447
vn 0.8439 0.5290 -0.0900
vn 0.9845 0.0990 0.1449
vn 0.8460 -0.2932 0.4454
vn 0.4517 -0.3637 0.8147
vn 0.0556 -0.0541 0.9970
vn -0.3051 -0.0434 0.9513
vn -0.7590 -0.1775 0.6264
vn -0.9696 0.0983 0.2242
vn -0.8576 0.5115 -0.0549
vn -0.5038 0.8325 -0.2305
vn -0.0137 0.8906 -0.4546
vn 0.4788 0.7803 -0.4025
vn 0.8469 0.4894 -0.2080
vn 0.9904 0.1033 0.0916
vn 0.8594 -0.2322 0.4554
vn 0.4806 -0.2358 0.8446
vn 0.1061 0.1665 0.9803
vn -0.2236 0.2312 0.9469
vn -0.7020 0.0139 0.7121
vn -0.9513 0.1692 0.2578
vn -0.8507 0.5150 -0.1053
vn -0.5008 0.7912 -0.3510
vn -0.0180 0.7986 -0.6016
vn 0.4743 0.6866 -0.5511
vn 0.8455 0.4239 -0.3247
vn 0.9955 0.0901 0.0295
vn 0.8757 -0.1789 0.4486
vn 0.5136 -0.0930 0.8530
vn 0.1749 0.4245 0.8884
vn -0.0906 0.5499 0.8303
vn -0.6109 0.2560 0.7492
vn -0.9273 0.2515 0.2774
vn -0.8445 0.5124 -0.1555
vn -0.5018 0.7311 -0.4623
vn -0.0286 0.6848 -0.7282
vn 0.4625 0.5655 -0.6829
vn 0.8380 0.3314 -0.4335
vn 0.9978 0.0542 -0.0374
vn 0.8946 -0.1453 0.4226
vn 0.5590 0.0142 0.8290
vn 0.2641 0.6298 0.7305
vn 0.1109 0.8321 0.5434
vn -0.4304 0.5778 0.6935
vn -0.8812 0.3679 0.2969
vn -0.8352 0.5142 -0.1951
vn -0.5059 0.6599 -0.5555
vn -0.0477 0.5543 -0.8310
vn 0.4404 0.4205 -0.7933
vn 0.8212 0.2125 -0.5296
vn 0.9946 -0.0059 -0.1037
vn 0.9133 -0.1320 0.3853
vn 0.6122 0.0963 0.7848
vn 0.3588 0.7625 0.5383
vn 0.2916 0.9414 0.1697
vn -0.1878 0.8484 0.4949
vn -0.8053 0.5130 0.2971
vn -0.8212 0.5234 -0.2272
vn -0.5137 0.5829 -0.6296
vn -0.0770 0.4071 -0.9101
vn 0.4044 0.2496 -0.8798
vn 0.7908 0.0635 -0.6087
vn 0.9818 -0.0952 -0.1646
vn 0.9286 -0.1431 0.3424
vn 0.6766 0.2098 0.7058
vn 0.4662 0.8743 0.1355
vn 0.4590 0.7767 -0.4314
vn 0.4620 0.8829 -0.0844
vn -0.4945 0.8541 0.1611
vn -0.7908 0.5561 -0.2555
vn -0.5244 0.5025 -0.6874
vn -0.1260 0.2324 -0.9644
vn 0.3445 0.0426 -0.9378
vn 0.7367 -0.1286 -0.6638
vn 0.9491 -0.2324 -0.2126
vn 0.9298 -0.2155 0.2985
vn 0.7189 0.0698 0.6916
vn 0.4857 0.5638 0.6681
vn 0.3060 0.9185 0.2504
vn 0.0623 0.9613 0.2684
vn -0.5945 0.7948 0.1219
vn -0.7892 0.5361 -0.2996
vn -0.5489 0.3994 -0.7342
vn -0.1956 0.0763 -0.9777
vn 0.2725 -0.1268 -0.9538
vn 0.6792 -0.2729 -0.6814
vn 0.9190 -0.3203 -0.2297
vn 0.9271 -0.2451 0.2835
vn 0.7001 -0.0465 0.7125
vn 0.3090 0.2255 0.9239
vn -0.1392 0.4470 0.8836
vn -0.5525 0.5486 0.6275
vn -0.8169 0.5439 0.1918
vn -0.8341 0.4521 -0.3160
vn -0.6022 0.2856 -0.7455
vn -0.2508 -0.0804 -0.9647
vn 0.2049 -0.3017 -0.9311
vn 0.6176 -0.4237 -0.6626
vn 0.8817 -0.4127 -0.2289
vn 0.9301 -0.2637 0.2558
vn 0.7558 0.0016 0.6548
vn 0.4491 0.3770 0.8101
vn 0.2268 0.7952 0.5623
vn -0.2835 0.9158 0.2845
vn -0.7206 0.6894 0.0737
vn -0.8235 0.4412 -0.3568
vn -0.6301 0.1859 -0.7540
vn -0.3403 -0.2566 -0.9046
vn 0.0835 -0.5259 -0.8464
vn 0.4968 -0.6450 -0.5807
vn 0.7941 -0.5827 -0.1726
vn 0.8974 -0.3471 0.2724
vn 0.7843 0.0207 0.6200
vn 0.6419 0.5406 0.5438
vn 0.5496 0.8238 -0.1390
vn 0.2205 0.9172 -0.3319
vn -0.5578 0.8285 -0.0500
vn -0.7811 0.4763 -0.4037
vn -0.6631 0.1020 -0.7415
vn -0.4983 -0.4450 -0.7441
vn -0.1018 -0.7448 -0.6595
vn 0.3279 -0.8463 -0.4198
vn 0.6847 -0.7236 -0.0872
vn 0.8827 -0.3994 0.2477
vn 0.8825 0.0665 0.4655
vn 0.7741 0.6209 0.1239
vn 0.5232 0.7410 -0.4210
vn -0.0967 0.9798 -0.1753
vn -0.5875 0.7979 -0.1346
vn -0.8031 0.4299 -0.4126
vn -0.7581 -0.0189 -0.6518
vn -0.6403 -0.5711 -0.5137
vn -0.2708 -0.8850 -0.3787
vn 0.1767 -0.9707 -0.1628
vn 0.5908 -0.8031 0.0777
vn 0.8684 -0.4170 0.2685
vn 0.9457 0.0931 0.3115
vn 0.8392 0.5418 0.0470
vn 0.5926 0.7034 -0.3926
vn 0.1672 0.8428 -0.5117
vn -0.4641 0.8024 -0.3753
vn -0.7932 0.3981 -0.4608
vn -0.8364 -0.1056 -0.5378
vn -0.7376 -0.5874 -0.3331
vn -0.3940 -0.9085 -0.1393
vn 0.0594 -0.9957 0.0705
vn 0.5071 -0.8271 0.2426
vn 0.8360 -0.4426 0.3245
vn 0.9618 0.0590 0.2673
vn 0.8560 0.5168 0.0106
vn 0.5652 0.7389 -0.3667
vn 0.1268 0.8313 -0.5412
vn -0.3805 0.7514 -0.5390
vn -0.7589 0.3880 -0.5230
vn -0.8772 -0.1129 -0.4668
vn -0.7962 -0.5719 -0.1973
vn -0.4685 -0.8825 0.0407
vn -0.0114 -0.9688 0.2477
vn 0.4574 -0.8090 0.3693
vn 0.8171 -0.4438 0.3679
vn 0.9726 0.0289 0.2307
vn 0.8809 0.4730 -0.0190
vn 0.5677 0.7659 -0.3018
vn 0.1085 0.8559 -0.5055
vn -0.3836 0.7178 -0.5811
vn -0.7582 0.3599 -0.5436
vn -0.9055 -0.1167 -0.4079
vn -0.8334 -0.5457 -0.0882
vn -0.5293 -0.8215 0.2120
vn -0.0810 -0.8960 0.4366
vn 0.3957 -0.7498 0.5303
vn 0.7788 -0.4203 0.4656
vn 0.9688 0.0027 0.2480
vn 0.9206 0.3779 -0.0981
vn 0.7216 0.3798 -0.5789
vn 0.3015 0.1587 -0.9402
vn -0.2438 0.3306 -0.9117
vn -0.7109 0.2563 -0.6550
vn -0.9074 -0.1428 -0.3952
vn -0.8806 -0.4728 0.0303
vn -0.6044 -0.6910 0.3966
vn -0.1660 -0.7475 0.6432
vn 0.3208 -0.6265 0.7103
vn 0.7327 -0.3612 0.5767
vn 0.9647 -0.0328 0.2614
vn 0.9587 0.1978 -0.2045
vn 0.6840 -0.2014 -0.7011
vn 0.2809 -0.5193 -0.8071
vn -0.1505 -0.0966 -0.9839
vn -0.6688 0.1123 -0.7349
vn -0.9147 -0.1591 -0.3716
vn -0.9169 -0.3808 0.1199
vn -0.6608 -0.5234 0.5379
vn -0.2285 -0.5513 0.8024
vn 0.2672 -0.4553 0.8493
vn 0.7007 -0.2629 0.6632
vn 0.9595 -0.0381 0.2791
vn 0.9686 0.0930 -0.2307
vn 0.7065 -0.1819 -0.6839
vn 0.3385 -0.6994 -0.6295
vn -0.0956 -0.5139 -0.8525
vn -0.6230 -0.0904 -0.7770
vn -0.9188 -0.1770 -0.3527
vn -0.9281 -0.3310 0.1705
vn -0.6948 -0.3618 0.6216
vn -0.2747 -0.3302 0.9030
vn 0.2207 -0.2357 0.9464
vn 0.6649 -0.1021 0.7399
vn 0.9429 0.0272 0.3321
vn 0.9815 0.0750 -0.1760
vn 0.7925 -0.3201 -0.5191
vn 0.3029 -0.9499 -0.0764
vn 0.0735 -0.9965 -0.0387
vn -0.4941 -0.5593 -0.6656
vn -0.8959 -0.2864 -0.3395
vn -0.9491 -0.2499 0.1916
vn -0.7392 -0.1723 0.6510
vn -0.3314 -0.0830 0.9398
vn 0.1653 0.0045 0.9862
vn 0.6241 0.0667 0.7785
vn 0.9271 0.0730 0.3675
vn 0.9900 -0.0538 -0.1307
vn 0.6334 -0.7583 -0.1545
vn 0.0969 -0.9149 0.3918
vn -0.0126 -0.9998 0.0154
vn -0.4956 -0.6401 -0.5871
vn -0.8881 -0.3350 -0.3147
vn -0.9719 -0.1341 0.1934
vn -0.7725 0.0259 0.6344
vn -0.3696 0.1511 0.9168
vn 0.1316 0.2144 0.9678
vn 0.6026 0.1956 0.7737
vn 0.9189 0.0798 0.3862
vn 0.9807 -0.1862 -0.0590
vn 0.6425 -0.7629 -0.0720
vn 0.1445 -0.9734 0.1776
vn -0.1112 -0.9543 -0.2775
vn -0.5670 -0.5425 -0.6199
vn -0.9071 -0.3086 -0.2861
vn -0.9860 -0.0271 0.1645
vn -0.7913 0.2018 0.5772
vn -0.3896 0.3522 0.8510
vn 0.1137 0.3893 0.9141
vn 0.5885 0.2994 0.7510
vn 0.9084 0.0896 0.4085
vn 0.9719 -0.2353 0.0041
vn 0.6991 -0.6913 -0.1827
vn 0.2705 -0.9279 -0.2565
vn -0.1463 -0.8424 -0.5186
vn -0.5986 -0.5607 -0.5720
vn -0.9182 -0.2898 -0.2701
vn -0.9890 0.0360 0.1432
vn -0.7903 0.3245 0.5197
vn -0.3844 0.5040 0.7734
vn 0.1214 0.5322 0.8379
vn 0.5956 0.4002 0.6965
vn 0.9115 0.1352 0.3884
vn 0.9787 -0.2051 0.0057
vn 0.7764 -0.5392 -0.3262
vn 0.3771 -0.7586 -0.5314
vn -0.1158 -0.7780 -0.6175
vn -0.5980 -0.5942 -0.5378
vn -0.9217 -0.2952 -0.2514
vn -0.9889 0.0891 0.1193
vn -0.7875 0.4331 0.4385
vn -0.3818 0.6459 0.6610
vn 0.1214 0.6763 0.7266
vn 0.5922 0.5165 0.6185
vn 0.9076 0.2033 0.3672
vn 0.9802 -0.1922 0.0474
vn 0.7792 -0.5831 -0.2296
vn 0.3509 -0.8562 -0.3793
vn -0.1687 -0.8747 -0.4544
vn -0.6296 -0.6546 -0.4185
vn -0.9309 -0.3035 -0.2032
vn -0.9869 0.1377 0.0834
vn -0.7767 0.5358 0.3313
vn -0.3652 0.7778 0.5115
vn 0.1391 0.8065 0.5747
vn 0.6065 0.6141 0.5050
vn 0.9138 0.2454 0.3236
vn 0.9731 -0.2119 0.0899
vn 0.7590 -0.6428 -0.1034
vn 0.3416 -0.9187 -0.1980
vn -0.1549 -0.9524 -0.2625
vn -0.6252 -0.7259 -0.2867
vn -0.9344 -0.3208 -0.1550
vn -0.9838 0.1690 0.0597
vn -0.7651 0.6073 0.2138
vn -0.3487 0.8765 0.3320
vn 0.1554 0.9117 0.3803
vn 0.6182 0.7056 0.3463
vn 0.9205 0.3083 0.2403
vn 0.9785 -0.1826 0.0958
vn 0.7666 -0.6414 -0.0298
vn 0.3326 -0.9413 -0.0574
vn -0.1916 -0.9789 -0.0714
vn -0.6479 -0.7520 -0.1214
vn -0.9415 -0.3278 -0.0777
vn -0.9787 0.2023 0.0352
vn -0.7504 0.6584 0.0578
vn -0.3295 0.9400 0.0885
vn 0.1746 0.9783 0.1118
vn 0.6339 0.7641 0.1200
vn 0.9299 0.3499 0.1134
vn 0.9817 -0.1593 0.1038
vn 0.7690 -0.6256 0.1313
vn 0.3507 -0.8930 0.2820
vn -0.1656 -0.9124 0.3743
vn -0.6538 -0.7335 0.1861
vn -0.9485 -0.3124 0.0517
vn -0.9789 0.2043 -0.0093
vn -0.7481 0.6533 -0.1164
vn -0.3238 0.9302 -0.1731
vn 0.1811 0.9684 -0.1712
vn 0.6391 0.7609 -0.1126
vn 0.9338 0.3578 -0.0083
vn 0.9819 -0.1400 0.1276
vn 0.7507 -0.5868 0.3036
vn 0.3009 -0.4594 0.8357
vn -0.2744 -0.5914 0.7582
vn -0.6515 -0.6454 0.3987
vn -0.9452 -0.2959 0.1383
vn -0.9714 0.2339 -0.0409
vn -0.7375 0.6122 -0.2851
vn -0.3138 0.8446 -0.4338
vn 0.1898 0.8680 -0.4589
vn 0.6457 0.6758 -0.3556
vn 0.9371 0.3168 -0.1466
vn 0.9859 -0.1108 0.1257
vn 0.7773 -0.4545 0.4351
vn 0.4892 -0.1759 0.8543
vn -0.0104 0.5831 0.8124
vn -0.6426 -0.1331 0.7546
vn -0.9466 -0.1549 0.2829
vn -0.9714 0.2341 -0.0405
vn -0.7489 0.5228 -0.4072
vn -0.3287 0.6926 -0.6421
vn 0.1754 0.6937 -0.6986
vn 0.6350 0.5251 -0.5666
vn 0.9332 0.2298 -0.2763
vn 0.9880 -0.1098 0.1090
vn 0.7717 -0.3582 0.5255
vn 0.3806 -0.0814 0.9212
vn -0.0251 0.2509 0.9677
vn -0.5514 0.0385 0.8333
vn -0.9125 -0.0468 0.4063
vn -0.9762 0.2016 -0.0803
vn -0.7631 0.4106 -0.4990
vn -0.3493 0.5248 -0.7762
vn 0.1555 0.5118 -0.8449
vn 0.6212 0.3743 -0.6885
vn 0.9269 0.1488 -0.3444
vn 0.9896 -0.1003 0.1033
vn 0.7874 -0.2901 0.5439
vn 0.3740 -0.3502 0.8588
vn -0.1372 -0.3139 0.9395
vn -0.6157 -0.2216 0.7561
vn -0.9254 -0.0376 0.3771
vn -0.9832 0.1473 -0.1075
vn -0.7784 0.2863 -0.5586
vn -0.3689 0.3571 -0.8581
vn 0.1372 0.3392 -0.9306
vn 0.6084 0.2364 -0.7576
vn 0.9211 0.0758 -0.3819
vn 0.9901 -0.0966 0.1013
vn 0.7929 -0.2267 0.5656
vn 0.3799 -0.2769 0.8826
vn -0.1355 -0.2510 0.9584
vn -0.6144 -0.1629 0.7720
vn -0.9250 -0.0191 0.3795
vn -0.9893 0.0772 -0.1236
vn -0.7901 0.1750 -0.5874
vn -0.3826 0.2303 -0.8948
vn 0.1261 0.2279 -0.9655
vn 0.6026 0.1689 -0.7800
vn 0.9206 0.0703 -0.3841
vn 0.9920 -0.0395 0.1199
vn 0.7927 -0.1292 0.5958
vn 0.3761 -0.1781 0.9093
vn -0.1404 -0.1788 0.9738
vn -0.6164 -0.1286 0.7769
vn -0.9263 -0.0350 0.3751
vn -0.9908 0.0176 -0.1343
vn -0.7896 0.0852 -0.6077
vn -0.3778 0.1202 -0.9180
vn 0.1335 0.1140 -0.9845
vn 0.6084 0.0693 -0.7906
vn 0.9216 -0.0007 -0.3882
vn 0.9903 -0.0765 0.1161
vn 0.7963 -0.1387 0.5887
vn 0.3900 -0.1735 0.9043
vn -0.1232 -0.1728 0.9772
vn -0.6060 -0.1337 0.7841
vn -0.9244 -0.0634 0.3760
vn -0.9889 -0.0601 -0.1362
vn -0.7943 -0.0053 -0.6075
vn -0.3886 0.0207 -0.9212
vn 0.1207 0.0106 -0.9926
vn 0.5970 -0.0336 -0.8015
vn 0.9118 -0.1003 -0.3983
vn 0.9792 -0.1714 0.1084
vn 0.7813 -0.2269 0.5815
vn 0.3723 -0.2518 0.8933
vn -0.1368 -0.2397 0.9612
vn -0.6097 -0.1948 0.7683
vn -0.9212 -0.1292 0.3670
vn -0.9822 -0.1190 -0.1457
vn -0.7869 -0.0565 -0.6145
vn -0.3810 -0.0187 -0.9244
vn 0.1266 -0.0156 -0.9918
vn 0.5996 -0.0481 -0.7989
vn 0.9113 -0.1074 -0.3976
vn 0.9785 -0.1777 0.1046
vn 0.7832 -0.2401 0.5735
vn 0.3774 -0.2780 0.8833
vn -0.1302 -0.2811 0.9508
vn -0.6032 -0.2486 0.7579
vn -0.9149 -0.1893 0.3566
vt 0.547693 0.728088
vt 0.546044 0.730576
vt 0.549077 0.731613
vt 0.553157 0.728032
vt 0.545672 0.734479
vt 0.546736 0.734542
vt 0.548852 0.735895
vt 0.550879 0.734051
vt 0.554627 0.731896
vt 0.552954 0.826596
vt 0.552417 0.826931
vt 0.552680 0.830079
vt 0.553499 0.830375
vt 0.550727 0.737815
vt 0.552826 0.736724
vt 0.553667 0.831638
vt 0.554258 0.831688
vt 0.555877 0.736603
vt 0.553903 0.738195
vt 0.554387 0.738859
vt 0.556227 0.737046
vt 0.548802 0.736399
vt 0.550870 0.738681
vt 0.551863 0.739820
vt 0.551913 0.739229
vt 0.554889 0.735044
vt 0.552065 0.740708
vt 0.552122 0.740036
vt 0.554690 0.832138
vt 0.554018 0.832082
vt 0.554807 0.832840
vt 0.555529 0.832901
vt 0.545484 0.823123
vt 0.545459 0.823129
vt 0.541555 0.823037
vt 0.541591 0.823029
vt 0.543801 0.727994
vt 0.543589 0.730124
vt 0.552971 0.823090
vt 0.550948 0.823068
vt 0.546375 0.734982
vt 0.545720 0.734597
vt 0.555039 0.739752
vt 0.557016 0.737804
vt 0.555359 0.833607
vt 0.556123 0.833716
vt 0.555591 0.740519
vt 0.557568 0.738572
vt 0.552544 0.741739
vt 0.552605 0.741017
vt 0.553138 0.742554
vt 0.553156 0.741784
vt 0.556172 0.741310
vt 0.557870 0.739638
vt 0.554083 0.742396
vt 0.556701 0.742031
vt 0.557590 0.741155
vt 0.555606 0.742600
vt 0.553963 0.742920
vt 0.555661 0.834673
vt 0.556214 0.834630
vt 0.556768 0.742231
vt 0.557915 0.741182
vt 0.555579 0.742925
vt 0.552346 0.837649
vt 0.552252 0.837817
vt 0.552218 0.840243
vt 0.552263 0.840161
vt 0.555786 0.835645
vt 0.555942 0.835203
vt 0.556878 0.835610
vt 0.556786 0.835869
vt 0.541684 0.732737
vt 0.537458 0.729700
vt 0.536883 0.731974
vt 0.545836 0.734401
vt 0.545332 0.736646
vt 0.545908 0.736539
vt 0.541209 0.735548
vt 0.543738 0.736036
vt 0.532662 0.729213
vt 0.532802 0.730728
vt 0.537134 0.732475
vt 0.532435 0.730936
vt 0.535210 0.823086
vt 0.535268 0.823105
vt 0.537478 0.728069
vt 0.529997 0.728818
vt 0.530538 0.729668
vt 0.529856 0.729625
vt 0.530373 0.823147
vt 0.530455 0.823137
vt 0.532664 0.728102
vt 0.528060 0.728193
vt 0.529288 0.728759
vt 0.529264 0.728782
vt 0.527738 0.823092
vt 0.527850 0.823146
vt 0.530059 0.728111
vt 0.528028 0.728162
vt 0.528066 0.728082
vt 0.526468 0.728117
vt 0.526467 0.728118
vt 0.525840 0.823071
vt 0.525857 0.823118
vt 0.526457 0.728117
vt 0.524248 0.823153
vt 0.524259 0.823152
vt 0.515707 0.736581
vt 0.515801 0.736413
vt 0.515328 0.736195
vt 0.515208 0.736720
vt 0.516369 0.736506
vt 0.516323 0.736565
vt 0.516824 0.736724
vt 0.516851 0.736399
vt 0.552538 0.840207
vt 0.552173 0.842546
vt 0.552307 0.842568
vt 0.552869 0.837801
vt 0.552516 0.840235
vt 0.552915 0.837743
vt 0.552151 0.842585
vt 0.551962 0.842807
vt 0.552032 0.842681
vt 0.552296 0.842582
vt 0.552422 0.842795
vt 0.552456 0.842751
vt 0.552442 0.843021
vt 0.552408 0.843065
vt 0.552018 0.842951
vt 0.552169 0.843155
vt 0.552253 0.843169
vt 0.551948 0.843077
vt 0.956199 0.256072
vt 0.956185 0.256097
vt 0.956276 0.256095
vt 0.956283 0.256086
vt 0.552155 0.843180
vt 0.552246 0.843177
vt 0.555663 0.835221
vt 0.555602 0.835632
vt 0.555381 0.836191
vt 0.555706 0.836218
vt 0.556715 0.835621
vt 0.556679 0.835861
vt 0.557829 0.836153
vt 0.557850 0.836011
vt 0.557946 0.836005
vt 0.557892 0.836157
vt 0.558242 0.835984
vt 0.558114 0.836346
vt 0.558014 0.835999
vt 0.557964 0.836335
vt 0.558194 0.836405
vt 0.558244 0.836070
vt 0.558345 0.836417
vt 0.558454 0.836338
vt 0.558403 0.836334
vt 0.558473 0.836055
vt 0.558498 0.836214
vt 0.558420 0.836219
vt 0.554083 0.742396
vt 0.545741 0.736575
vt 0.515328 0.736195
vt 0.544289 0.736392
vt 0.541351 0.735832
vt 0.543932 0.735981
vt 0.105181 0.513159
vt 0.105529 0.513109
vt 0.105594 0.513791
vt 0.105262 0.514009
vt 0.106278 0.513115
vt 0.107280 0.513176
vt 0.106315 0.513494
vt 0.106485 0.513832
vt 0.105901 0.514400
vt 0.105644 0.514769
vt 0.106408 0.514856
vt 0.106276 0.515337
vt 0.106766 0.514084
vt 0.107046 0.515095
vt 0.107072 0.515635
vt 0.107120 0.514217
vt 0.107500 0.514212
vt 0.107730 0.515086
vt 0.107925 0.515624
vt 0.107853 0.514070
vt 0.108367 0.514830
vt 0.108719 0.515304
vt 0.108133 0.513810
vt 0.108871 0.514361
vt 0.109348 0.514720
vt 0.109174 0.513743
vt 0.109726 0.513950
vt 0.108301 0.513467
vt 0.109235 0.513060
vt 0.109802 0.513097
vt 0.108335 0.513088
vt 0.109046 0.512403
vt 0.109566 0.512278
vt 0.108230 0.512723
vt 0.108001 0.512423
vt 0.108632 0.511861
vt 0.109050 0.511603
vt 0.107677 0.512227
vt 0.108050 0.511508
vt 0.108324 0.511163
vt 0.107304 0.512162
vt 0.107377 0.511391
vt 0.107485 0.511016
vt 0.106705 0.511526
vt 0.106648 0.511185
vt 0.106931 0.512237
vt 0.106125 0.511895
vt 0.105924 0.511644
vt 0.106609 0.512441
vt 0.106381 0.512748
vt 0.105714 0.512447
vt 0.105412 0.512333
vt 0.112331 0.546696
vt 0.112139 0.546625
vt 0.112149 0.546591
vt 0.112142 0.546652
vt 0.112155 0.546664
vt 0.112175 0.546659
vt 0.112197 0.546637
vt 0.112215 0.546604
vt 0.112225 0.546570
vt 0.112223 0.546543
vt 0.112210 0.546531
vt 0.112189 0.546536
vt 0.112167 0.546558
vt 0.111987 0.546618
vt 0.111991 0.546545
vt 0.112003 0.546675
vt 0.112033 0.546701
vt 0.112070 0.546689
vt 0.112104 0.546642
vt 0.112126 0.546572
vt 0.112130 0.546499
vt 0.112115 0.546442
vt 0.112085 0.546416
vt 0.112047 0.546428
vt 0.112013 0.546475
vt 0.111879 0.546644
vt 0.111857 0.546534
vt 0.111923 0.546730
vt 0.111976 0.546769
vt 0.112025 0.546751
vt 0.112056 0.546680
vt 0.112061 0.546575
vt 0.112038 0.546465
vt 0.111994 0.546379
vt 0.111941 0.546340
vt 0.111893 0.546359
vt 0.111862 0.546430
vt 0.111763 0.546707
vt 0.111695 0.546574
vt 0.111849 0.546812
vt 0.111928 0.546862
vt 0.111979 0.546841
vt 0.111989 0.546757
vt 0.111956 0.546632
vt 0.111887 0.546498
vt 0.111801 0.546393
vt 0.111723 0.546344
vt 0.111671 0.546364
vt 0.111661 0.546448
vt 0.111652 0.546805
vt 0.111534 0.546661
vt 0.111783 0.546920
vt 0.111893 0.546974
vt 0.111952 0.546952
vt 0.111944 0.546861
vt 0.111872 0.546725
vt 0.111755 0.546580
vt 0.111624 0.546465
vt 0.111514 0.546412
vt 0.111455 0.546433
vt 0.111462 0.546524
vt 0.111567 0.546903
vt 0.111393 0.546766
vt 0.111751 0.547011
vt 0.111896 0.547061
vt 0.111964 0.547039
vt 0.111935 0.546952
vt 0.111818 0.546822
vt 0.111644 0.546685
vt 0.111460 0.546577
vt 0.111315 0.546527
vt 0.111247 0.546548
vt 0.111276 0.546636
vt 0.111510 0.547023
vt 0.111281 0.546908
vt 0.111746 0.547111
vt 0.111927 0.547149
vt 0.112004 0.547126
vt 0.111956 0.547049
vt 0.111797 0.546938
vt 0.111568 0.546824
vt 0.111332 0.546735
vt 0.111151 0.546697
vt 0.111074 0.546720
vt 0.111122 0.546797
vt 0.111462 0.547151
vt 0.111186 0.547062
vt 0.111745 0.547217
vt 0.111958 0.547242
vt 0.112045 0.547220
vt 0.111981 0.547157
vt 0.111785 0.547069
vt 0.111509 0.546979
vt 0.111226 0.546913
vt 0.111013 0.546888
vt 0.110927 0.546910
vt 0.110990 0.546973
vt 0.111432 0.547307
vt 0.111110 0.547272
vt 0.111760 0.547327
vt 0.112005 0.547327
vt 0.112101 0.547307
vt 0.112024 0.547272
vt 0.111792 0.547231
vt 0.111470 0.547196
vt 0.111142 0.547175
vt 0.110897 0.547175
vt 0.110801 0.547195
vt 0.110878 0.547231
vt 0.111433 0.547490
vt 0.111075 0.547524
vt 0.111796 0.547445
vt 0.112068 0.547401
vt 0.112175 0.547369
vt 0.112089 0.547358
vt 0.111833 0.547371
vt 0.111475 0.547404
vt 0.111112 0.547449
vt 0.110841 0.547493
vt 0.110734 0.547525
vt 0.110819 0.547536
vt 0.111459 0.547634
vt 0.111086 0.547761
vt 0.111840 0.547502
vt 0.112127 0.547400
vt 0.112242 0.547355
vt 0.112156 0.547379
vt 0.111891 0.547466
vt 0.111518 0.547592
vt 0.111137 0.547724
vt 0.110850 0.547826
vt 0.110734 0.547871
vt 0.110821 0.547847
vt 0.111535 0.547797
vt 0.111181 0.548040
vt 0.111902 0.547555
vt 0.112183 0.547379
vt 0.112303 0.547317
vt 0.112229 0.547384
vt 0.111982 0.547564
vt 0.111627 0.547807
vt 0.111260 0.548049
vt 0.110979 0.548225
vt 0.110859 0.548287
vt 0.110933 0.548219
vt 0.111695 0.547982
vt 0.111360 0.548307
vt 0.112042 0.547656
vt 0.112307 0.547417
vt 0.112420 0.547329
vt 0.112350 0.547415
vt 0.112116 0.547652
vt 0.111781 0.547976
vt 0.111434 0.548302
vt 0.111169 0.548541
vt 0.111056 0.548629
vt 0.111126 0.548544
vt 0.111904 0.548188
vt 0.111591 0.548582
vt 0.112223 0.547788
vt 0.112463 0.547488
vt 0.112558 0.547369
vt 0.112485 0.547463
vt 0.112261 0.547745
vt 0.111948 0.548138
vt 0.111630 0.548539
vt 0.111390 0.548839
vt 0.111295 0.548958
vt 0.111368 0.548864
vt 0.112135 0.548339
vt 0.111914 0.548831
vt 0.112361 0.547840
vt 0.112532 0.547466
vt 0.112602 0.547319
vt 0.112552 0.547437
vt 0.112395 0.547789
vt 0.112174 0.548280
vt 0.111948 0.548780
vt 0.111777 0.549153
vt 0.111707 0.549301
vt 0.111757 0.549183
vt 0.112429 0.548427
vt 0.112308 0.548989
vt 0.112545 0.547853
vt 0.112626 0.547422
vt 0.112649 0.547248
vt 0.112609 0.547378
vt 0.112517 0.547778
vt 0.112396 0.548340
vt 0.112280 0.548913
vt 0.112199 0.549345
vt 0.112176 0.549519
vt 0.112216 0.549388
vt 0.112767 0.548473
vt 0.112730 0.549081
vt 0.112775 0.547850
vt 0.112752 0.547378
vt 0.112704 0.547185
vt 0.112645 0.547321
vt 0.112589 0.547751
vt 0.112553 0.548359
vt 0.112545 0.548982
vt 0.112568 0.549454
vt 0.112615 0.549647
vt 0.112675 0.549511
vt 0.113109 0.548454
vt 0.113183 0.549090
vt 0.112983 0.547803
vt 0.112839 0.547311
vt 0.112715 0.547112
vt 0.112646 0.547257
vt 0.112648 0.547707
vt 0.112723 0.548344
vt 0.112849 0.548995
vt 0.112993 0.549486
vt 0.113116 0.549686
vt 0.113186 0.549541
vt 0.113450 0.548372
vt 0.113647 0.549032
vt 0.113178 0.547702
vt 0.112904 0.547200
vt 0.112701 0.547001
vt 0.112623 0.547159
vt 0.112691 0.547631
vt 0.112887 0.548291
vt 0.113159 0.548961
vt 0.113434 0.549463
vt 0.113637 0.549662
vt 0.113715 0.549504
vt 0.113788 0.548224
vt 0.114095 0.548895
vt 0.113380 0.547551
vt 0.112980 0.547056
vt 0.112694 0.546871
vt 0.112600 0.547047
vt 0.112723 0.547535
vt 0.113029 0.548206
vt 0.113438 0.548879
vt 0.113838 0.549374
vt 0.114124 0.549559
vt 0.114218 0.549383
vt 0.113788 0.538381
vt 0.114135 0.538172
vt 0.114551 0.538835
vt 0.114095 0.539052
vt 0.113380 0.537708
vt 0.113587 0.537520
vt 0.112980 0.537213
vt 0.113054 0.537056
vt 0.112694 0.537028
vt 0.112679 0.536903
vt 0.112563 0.546945
vt 0.112679 0.546746
vt 0.112736 0.547443
vt 0.113152 0.548107
vt 0.113700 0.548758
vt 0.114233 0.549222
vt 0.114608 0.549376
vt 0.114724 0.549176
vt 0.114551 0.548678
vt 0.114471 0.537877
vt 0.115008 0.538500
vt 0.113769 0.537291
vt 0.113089 0.536899
vt 0.112613 0.536807
vt 0.112469 0.546882
vt 0.112613 0.546650
vt 0.112695 0.547376
vt 0.113232 0.548000
vt 0.113934 0.548585
vt 0.114614 0.548977
vt 0.115090 0.549069
vt 0.115234 0.548837
vt 0.115008 0.548343
vt 0.114771 0.537500
vt 0.115415 0.538063
vt 0.113927 0.537011
vt 0.113108 0.536726
vt 0.112534 0.536721
vt 0.112359 0.546842
vt 0.112534 0.546565
vt 0.112630 0.547328
vt 0.113274 0.547891
vt 0.114118 0.548380
vt 0.114937 0.548665
vt 0.115511 0.548669
vt 0.115686 0.548391
vt 0.115415 0.547906
vt 0.115016 0.537047
vt 0.115751 0.537533
vt 0.114048 0.536682
vt 0.113108 0.536535
vt 0.112446 0.536646
vt 0.112240 0.546828
vt 0.112446 0.546489
vt 0.112545 0.547305
vt 0.113280 0.547791
vt 0.114247 0.548156
vt 0.115188 0.548303
vt 0.115850 0.548192
vt 0.116056 0.547853
vt 0.115751 0.547376
vt 0.115202 0.536458
vt 0.116001 0.536886
vt 0.114140 0.536229
vt 0.113099 0.536259
vt 0.112358 0.536540
vt 0.112116 0.546841
vt 0.112358 0.546383
vt 0.112438 0.547352
vt 0.113237 0.547780
vt 0.114299 0.548009
vt 0.115340 0.547979
vt 0.116080 0.547698
vt 0.116322 0.547240
vt 0.116001 0.546729
vt 0.115279 0.535819
vt 0.116127 0.536113
vt 0.114152 0.535774
vt 0.113047 0.535990
vt 0.112262 0.536408
vt 0.112006 0.546760
vt 0.112262 0.546251
vt 0.112348 0.547224
vt 0.113196 0.547517
vt 0.114323 0.547562
vt 0.115428 0.547347
vt 0.116213 0.546929
vt 0.116469 0.546419
vt 0.116127 0.545956
vt 0.115180 0.534949
vt 0.116032 0.535053
vt 0.114046 0.535154
vt 0.112931 0.535616
vt 0.112136 0.536209
vt 0.111873 0.546618
vt 0.112136 0.546052
vt 0.112212 0.547005
vt 0.113063 0.547110
vt 0.114198 0.546905
vt 0.115312 0.546443
vt 0.116107 0.545850
vt 0.116371 0.545284
vt 0.116032 0.544897
vt 0.114768 0.534012
vt 0.115582 0.533975
vt 0.113719 0.534494
vt 0.112718 0.535291
vt 0.112032 0.536190
vt 0.111845 0.546794
vt 0.112032 0.546033
vt 0.112207 0.547212
vt 0.113022 0.547175
vt 0.114070 0.546694
vt 0.115071 0.545896
vt 0.115757 0.544997
vt 0.115944 0.544236
vt 0.115582 0.543818
vt 0.113961 0.533193
vt 0.114669 0.533029
vt 0.113132 0.533929
vt 0.112403 0.535040
vt 0.111969 0.536229
vt 0.111947 0.547019
vt 0.111969 0.546072
vt 0.112343 0.547471
vt 0.113051 0.547307
vt 0.113880 0.546571
vt 0.114610 0.545460
vt 0.115043 0.544271
vt 0.115065 0.543324
vt 0.114669 0.542872
vt 0.112917 0.532726
vt 0.113543 0.532513
vt 0.112314 0.533593
vt 0.111895 0.534881
vt 0.111772 0.536246
vt 0.111980 0.547164
vt 0.111772 0.546089
vt 0.112461 0.547661
vt 0.113087 0.547448
vt 0.113690 0.546581
vt 0.114109 0.545293
vt 0.114232 0.543928
vt 0.114024 0.542853
vt 0.113543 0.542356
vt 0.111697 0.532564
vt 0.112296 0.532339
vt 0.111303 0.533475
vt 0.111221 0.534830
vt 0.111471 0.536265
vt 0.111987 0.547239
vt 0.111471 0.546108
vt 0.112630 0.547762
vt 0.113229 0.547538
vt 0.113622 0.546626
vt 0.113705 0.545271
vt 0.113455 0.543836
vt 0.112939 0.542706
vt 0.112296 0.542182
vt 0.110471 0.532835
vt 0.111054 0.532613
vt 0.110289 0.533716
vt 0.110559 0.535019
vt 0.111207 0.536397
vt 0.112059 0.547323
vt 0.111207 0.546240
vt 0.112888 0.547820
vt 0.113471 0.547598
vt 0.113653 0.546718
vt 0.113383 0.545414
vt 0.112736 0.544036
vt 0.111883 0.542954
vt 0.111054 0.542457
vt 0.109615 0.533239
vt 0.110230 0.533004
vt 0.109508 0.534107
vt 0.109936 0.535375
vt 0.110787 0.536704
vt 0.111830 0.547580
vt 0.110787 0.546547
vt 0.112787 0.548041
vt 0.113402 0.547806
vt 0.113509 0.546938
vt 0.113080 0.545669
vt 0.112230 0.544341
vt 0.111187 0.543307
vt 0.110230 0.542847
vt 0.108868 0.533626
vt 0.109447 0.533428
vt 0.108862 0.534451
vt 0.109432 0.535683
vt 0.110425 0.536992
vt 0.111574 0.547870
vt 0.110425 0.546835
vt 0.112573 0.548353
vt 0.113152 0.548156
vt 0.113158 0.547330
vt 0.112588 0.546098
vt 0.111595 0.544789
vt 0.110445 0.543755
vt 0.109447 0.543271
vt 0.107990 0.534239
vt 0.108508 0.534119
vt 0.108156 0.534938
vt 0.108964 0.536029
vt 0.110196 0.537220
vt 0.111574 0.538027
vt 0.111522 0.538191
vt 0.112573 0.538510
vt 0.112587 0.538683
vt 0.113152 0.538313
vt 0.113105 0.538564
vt 0.112939 0.547708
vt 0.113105 0.548407
vt 0.112131 0.546617
vt 0.110899 0.545426
vt 0.109573 0.544454
vt 0.108508 0.543962
vt 0.106897 0.535569
vt 0.107412 0.535488
vt 0.107244 0.536033
vt 0.108361 0.536754
vt 0.109948 0.537541
vt 0.111580 0.538182
vt 0.112819 0.538505
vt 0.113335 0.538424
vt 0.112987 0.547804
vt 0.113335 0.548267
vt 0.111871 0.547082
vt 0.110283 0.546295
vt 0.108652 0.545654
vt 0.107412 0.545331
vt 0.106281 0.537455
vt 0.106817 0.537379
vt 0.106728 0.537604
vt 0.108040 0.537786
vt 0.109864 0.537952
vt 0.111713 0.538058
vt 0.113090 0.538075
vt 0.113627 0.537999
vt 0.113179 0.547693
vt 0.113627 0.547842
vt 0.111868 0.547511
vt 0.110043 0.547345
vt 0.108195 0.547239
vt 0.106817 0.547222
vt 0.106218 0.539079
vt 0.106778 0.538980
vt 0.106673 0.538997
vt 0.108020 0.538756
vt 0.109898 0.538421
vt 0.111804 0.538081
vt 0.113228 0.537827
vt 0.113787 0.537728
vt 0.113332 0.547653
vt 0.113787 0.547571
vt 0.111985 0.547894
vt 0.110107 0.548230
vt 0.108201 0.548570
vt 0.106778 0.548823
vt 0.106363 0.540239
vt 0.106938 0.540104
vt 0.106814 0.540057
vt 0.108169 0.539607
vt 0.110066 0.539009
vt 0.111997 0.538424
vt 0.113444 0.538009
vt 0.114019 0.537874
vt 0.113568 0.547899
vt 0.114019 0.547717
vt 0.112213 0.548349
vt 0.110316 0.548946
vt 0.108385 0.549531
vt 0.106938 0.549947
vt 0.106585 0.541373
vt 0.107170 0.541197
vt 0.107022 0.541100
vt 0.108365 0.540450
vt 0.110253 0.539598
vt 0.112180 0.538771
vt 0.113631 0.538192
vt 0.114216 0.538016
vt 0.113778 0.548132
vt 0.114216 0.547859
vt 0.112436 0.548782
vt 0.110548 0.549634
vt 0.108621 0.550461
vt 0.107170 0.551040
vt 0.107112 0.542663
vt 0.107620 0.542296
vt 0.107575 0.542394
vt 0.108883 0.541560
vt 0.110687 0.540386
vt 0.112504 0.539184
vt 0.113845 0.538279
vt 0.114353 0.537911
vt 0.113891 0.548024
vt 0.114353 0.547755
vt 0.112582 0.548858
vt 0.110778 0.550032
vt 0.108962 0.551233
vt 0.107620 0.552139
vt 0.108057 0.544123
vt 0.108434 0.543558
vt 0.108534 0.543840
vt 0.109737 0.542785
vt 0.111344 0.541241
vt 0.112924 0.539620
vt 0.114054 0.538358
vt 0.114431 0.537793
vt 0.113954 0.547919
vt 0.114431 0.547636
vt 0.112751 0.548974
vt 0.111144 0.550518
vt 0.109564 0.552139
vt 0.108434 0.553401
vt 0.109686 0.545566
vt 0.109999 0.544921
vt 0.109983 0.545124
vt 0.110809 0.543713
vt 0.111944 0.541711
vt 0.113083 0.539655
vt 0.113921 0.538095
vt 0.114234 0.537451
vt 0.113937 0.547736
vt 0.114234 0.547294
vt 0.113111 0.549147
vt 0.111976 0.551149
vt 0.110837 0.553205
vt 0.109999 0.554764
vt 0.111921 0.546580
vt 0.112133 0.545871
vt 0.111971 0.546026
vt 0.112270 0.544358
vt 0.112737 0.542022
vt 0.113248 0.539645
vt 0.113665 0.537863
vt 0.113877 0.537154
vt 0.113827 0.547551
vt 0.113877 0.546997
vt 0.113528 0.549219
vt 0.113061 0.551555
vt 0.112550 0.553932
vt 0.112133 0.555714
vt 0.114177 0.546890
vt 0.114269 0.546146
vt 0.114032 0.546301
vt 0.113873 0.544537
vt 0.113743 0.542071
vt 0.113676 0.539564
vt 0.113691 0.537687
vt 0.113783 0.536944
vt 0.113928 0.547376
vt 0.113783 0.546787
vt 0.114087 0.549140
vt 0.114217 0.551605
vt 0.114284 0.554113
vt 0.114269 0.555989
vt 0.116186 0.546800
vt 0.116103 0.546055
vt 0.115971 0.546200
vt 0.115514 0.544417
vt 0.114938 0.541928
vt 0.114398 0.539400
vt 0.114038 0.537510
vt 0.113955 0.536766
vt 0.114170 0.547209
vt 0.113955 0.546609
vt 0.114627 0.548992
vt 0.115202 0.551481
vt 0.115743 0.554009
vt 0.116103 0.555898
vt 0.118101 0.546378
vt 0.117813 0.545671
vt 0.117829 0.545772
vt 0.117072 0.544015
vt 0.116031 0.541577
vt 0.114985 0.539113
vt 0.114215 0.537282
vt 0.113928 0.536575
vt 0.114199 0.547024
vt 0.113928 0.546418
vt 0.114957 0.548781
vt 0.115998 0.551218
vt 0.117043 0.553683
vt 0.117813 0.555514
vt 0.119910 0.545641
vt 0.119395 0.545022
vt 0.119615 0.545019
vt 0.118591 0.543321
vt 0.117112 0.541004
vt 0.115574 0.538687
vt 0.114389 0.536992
vt 0.113875 0.536373
vt 0.114169 0.546839
vt 0.113875 0.546216
vt 0.115193 0.548536
vt 0.116672 0.550854
vt 0.118211 0.553170
vt 0.119395 0.554865
vt 0.121579 0.544590
vt 0.120835 0.544113
vt 0.121276 0.543942
vt 0.120009 0.542344
vt 0.118116 0.540223
vt 0.116104 0.538148
vt 0.114513 0.536675
vt 0.113769 0.536198
vt 0.114071 0.546689
vt 0.113769 0.546041
vt 0.115339 0.548287
vt 0.117232 0.550408
vt 0.119244 0.552483
vt 0.120835 0.553956
vt 0.123046 0.543260
vt 0.122070 0.542995
vt 0.122759 0.542560
vt 0.121286 0.541084
vt 0.119022 0.539226
vt 0.116573 0.537485
vt 0.114596 0.536326
vt 0.113620 0.536061
vt 0.113907 0.546603
vt 0.113620 0.545904
vt 0.115380 0.548080
vt 0.117644 0.549938
vt 0.120093 0.551679
vt 0.122070 0.552838
vt 0.124260 0.541703
vt 0.123058 0.541736
vt 0.124012 0.540902
vt 0.122381 0.539546
vt 0.119804 0.537999
vt 0.116972 0.536676
vt 0.114643 0.535931
vt 0.113442 0.535964
vt 0.113689 0.546608
vt 0.113442 0.545807
vt 0.115320 0.547964
vt 0.117897 0.549511
vt 0.120729 0.550834
vt 0.123058 0.551579
vt 0.125179 0.539976
vt 0.123788 0.540378
vt 0.124971 0.539029
vt 0.123220 0.537791
vt 0.120396 0.536594
vt 0.117254 0.535758
vt 0.114637 0.535507
vt 0.113246 0.535909
vt 0.113453 0.546699
vt 0.113246 0.545752
vt 0.115204 0.547937
vt 0.118029 0.549134
vt 0.121171 0.549971
vt 0.123788 0.550221
vt 0.125782 0.538032
vt 0.124238 0.538990
vt 0.125618 0.536803
vt 0.123790 0.535633
vt 0.120787 0.534835
vt 0.117415 0.534623
vt 0.114577 0.535054
vt 0.113033 0.536012
vt 0.113197 0.547084
vt 0.113033 0.545855
vt 0.115025 0.548254
vt 0.118028 0.549052
vt 0.121400 0.549264
vt 0.124238 0.548833
vt 0.125936 0.535612
vt 0.124343 0.536968
vt 0.125767 0.534235
vt 0.123881 0.533207
vt 0.120785 0.532804
vt 0.117307 0.533133
vt 0.114379 0.534106
vt 0.112787 0.535463
vt 0.112956 0.546682
vt 0.112787 0.545306
vt 0.114841 0.547710
vt 0.117938 0.548113
vt 0.121416 0.547784
vt 0.124343 0.546811
vt 0.125684 0.532797
vt 0.124108 0.534549
vt 0.125492 0.531286
vt 0.123586 0.530422
vt 0.120475 0.530436
vt 0.116994 0.531323
vt 0.114074 0.532847
vt 0.112499 0.534599
vt 0.112690 0.545952
vt 0.112499 0.544442
vt 0.114596 0.546816
vt 0.117707 0.546803
vt 0.121189 0.545915
vt 0.124108 0.544392
vt 0.125684 0.542640
vt 0.124772 0.540082
vt 0.123453 0.542581
vt 0.124397 0.528274
vt 0.124772 0.530239
vt 0.122428 0.527370
vt 0.119394 0.527768
vt 0.116107 0.529362
vt 0.113447 0.531725
vt 0.112128 0.534224
vt 0.112503 0.546032
vt 0.112128 0.544067
vt 0.114472 0.546936
vt 0.117506 0.546538
vt 0.120794 0.544944
vt 0.122478 0.537234
vt 0.121673 0.540395
vt 0.124397 0.538117
vt 0.121872 0.534976
vt 0.122428 0.537213
vt 0.120016 0.534228
vt 0.119394 0.537611
vt 0.117409 0.535188
vt 0.116107 0.539205
vt 0.114748 0.537601
vt 0.113447 0.541569
vt 0.112747 0.540820
vt 0.111941 0.543982
vt 0.112548 0.546239
vt 0.114403 0.546988
vt 0.117011 0.546027
vt 0.119672 0.543614
vt 0.118347 0.535329
vt 0.118400 0.538968
vt 0.117355 0.532844
vt 0.115689 0.532177
vt 0.113797 0.533508
vt 0.112184 0.536480
vt 0.111284 0.540297
vt 0.111337 0.543936
vt 0.112329 0.546421
vt 0.113994 0.547088
vt 0.115887 0.545757
vt 0.117499 0.542785
vt 0.114902 0.535152
vt 0.115846 0.538935
vt 0.113382 0.532572
vt 0.111693 0.531886
vt 0.110287 0.533278
vt 0.109542 0.536374
vt 0.109656 0.540346
vt 0.110599 0.544129
vt 0.112119 0.546710
vt 0.113809 0.547396
vt 0.115214 0.546004
vt 0.115960 0.542907
vt 0.111718 0.535760
vt 0.113291 0.539523
vt 0.109846 0.533171
vt 0.108176 0.532448
vt 0.107155 0.533787
vt 0.107058 0.536828
vt 0.107910 0.540756
vt 0.109483 0.544519
vt 0.111356 0.547109
vt 0.113026 0.547831
vt 0.114046 0.546492
vt 0.114143 0.543452
vt 0.108860 0.536883
vt 0.111197 0.540432
vt 0.106423 0.534449
vt 0.104540 0.533780
vt 0.103714 0.535056
vt 0.104167 0.537936
vt 0.105778 0.541647
vt 0.108115 0.545196
vt 0.110552 0.547631
vt 0.112436 0.548300
vt 0.113262 0.547023
vt 0.112808 0.544143
vt 0.106310 0.538772
vt 0.109580 0.541728
vt 0.103183 0.536764
vt 0.101036 0.536244
vt 0.100446 0.537350
vt 0.101570 0.539785
vt 0.104107 0.542898
vt 0.107378 0.545854
vt 0.110505 0.547861
vt 0.112651 0.548382
vt 0.113242 0.547276
vt 0.112118 0.544841
vt 0.104359 0.541443
vt 0.108364 0.543584
vt 0.100692 0.540011
vt 0.098346 0.539672
vt 0.097949 0.540517
vt 0.099607 0.542319
vt 0.102877 0.544596
vt 0.106882 0.546737
vt 0.110548 0.548169
vt 0.112895 0.548508
vt 0.113292 0.547663
vt 0.111634 0.545860
vt 0.103344 0.543825
vt 0.107865 0.544953
vt 0.099224 0.543286
vt 0.096608 0.543480
vt 0.096197 0.544355
vt 0.098102 0.545676
vt 0.101812 0.547091
vt 0.106332 0.548219
vt 0.110453 0.548758
vt 0.113069 0.548565
vt 0.113479 0.547690
vt 0.111575 0.546368
vt 0.103064 0.546459
vt 0.107827 0.546357
vt 0.098730 0.546981
vt 0.095986 0.547784
vt 0.095568 0.548652
vt 0.097587 0.549353
vt 0.101503 0.549699
vt 0.106266 0.549597
vt 0.110600 0.549075
vt 0.113344 0.548272
vt 0.113762 0.547404
vt 0.111743 0.546703
vt 0.103505 0.549432
vt 0.108216 0.548193
vt 0.099192 0.550831
vt 0.096432 0.552016
vt 0.095965 0.552670
vt 0.097917 0.552617
vt 0.101764 0.551871
vt 0.106475 0.550632
vt 0.110789 0.549233
vt 0.113548 0.548048
vt 0.114015 0.547394
vt 0.112063 0.547447
vt 0.104646 0.552399
vt 0.109092 0.550135
vt 0.100498 0.554545
vt 0.097759 0.555998
vt 0.097163 0.556367
vt 0.098870 0.555555
vt 0.102422 0.553778
vt 0.106868 0.551514
vt 0.111016 0.549368
vt 0.113755 0.547915
vt 0.114351 0.547546
vt 0.112644 0.548358
vt 0.106061 0.554698
vt 0.110182 0.551665
vt 0.102159 0.557469
vt 0.099521 0.559234
vt 0.098853 0.559522
vt 0.100336 0.558254
vt 0.103571 0.555771
vt 0.107692 0.552738
vt 0.111594 0.549967
vt 0.114232 0.548202
vt 0.114900 0.547915
vt 0.113417 0.549182
vt 0.108168 0.557260
vt 0.111768 0.553442
vt 0.104713 0.560720
vt 0.102329 0.562894
vt 0.101655 0.563200
vt 0.102872 0.561556
vt 0.105653 0.558401
vt 0.109253 0.554583
vt 0.112708 0.551123
vt 0.115092 0.548949
vt 0.115766 0.548643
vt 0.114549 0.550288
vt 0.110666 0.559205
vt 0.113472 0.554610
vt 0.107885 0.563336
vt 0.105873 0.565895
vt 0.105169 0.566198
vt 0.105962 0.564162
vt 0.108039 0.560333
vt 0.110844 0.555738
vt 0.113626 0.551607
vt 0.115638 0.549048
vt 0.116342 0.548746
vt 0.115549 0.550781
vt 0.113699 0.560771
vt 0.115551 0.555571
vt 0.111812 0.565466
vt 0.110394 0.568399
vt 0.109826 0.568782
vt 0.110260 0.566515
vt 0.111579 0.562203
vt 0.113430 0.557003
vt 0.115318 0.552308
vt 0.116736 0.549376
vt 0.117304 0.548992
vt 0.116870 0.551260
vt 0.117047 0.561599
vt 0.117426 0.555963
vt 0.116583 0.566708
vt 0.116158 0.569922
vt 0.115887 0.570380
vt 0.115841 0.567959
vt 0.116033 0.563307
vt 0.116412 0.557672
vt 0.116876 0.552562
vt 0.117301 0.549348
vt 0.117573 0.548890
vt 0.117618 0.551311
vt 0.120766 0.561308
vt 0.119569 0.555674
vt 0.121774 0.566413
vt 0.122325 0.569621
vt 0.122270 0.570072
vt 0.121624 0.567646
vt 0.120560 0.562993
vt 0.119363 0.557358
vt 0.118355 0.552254
vt 0.117804 0.549046
vt 0.117859 0.548594
vt 0.118505 0.551020
vt 0.124096 0.560220
vt 0.121213 0.555110
vt 0.126734 0.564812
vt 0.128418 0.567656
vt 0.128699 0.567988
vt 0.127499 0.565721
vt 0.125142 0.561462
vt 0.122258 0.556352
vt 0.119621 0.551759
vt 0.117936 0.548916
vt 0.117656 0.548583
vt 0.118855 0.550850
vt 0.126482 0.558235
vt 0.122145 0.554135
vt 0.130588 0.561792
vt 0.133361 0.563854
vt 0.134058 0.563868
vt 0.132493 0.561831
vt 0.129085 0.558287
vt 0.124747 0.554188
vt 0.120642 0.550630
vt 0.117869 0.548568
vt 0.117171 0.548554
vt 0.118736 0.550592
vt 0.128559 0.555476
vt 0.123346 0.552376
vt 0.133489 0.558085
vt 0.136817 0.559504
vt 0.137650 0.559354
vt 0.135764 0.557673
vt 0.131666 0.554913
vt 0.126453 0.551813
vt 0.121522 0.549204
vt 0.118195 0.547785
vt 0.117362 0.547935
vt 0.119248 0.549616
vt 0.130063 0.552147
vt 0.124328 0.550048
vt 0.135470 0.553847
vt 0.139099 0.554693
vt 0.139977 0.554457
vt 0.137870 0.553204
vt 0.133343 0.551268
vt 0.127607 0.549168
vt 0.122200 0.547468
vt 0.118572 0.546622
vt 0.117693 0.546858
vt 0.119800 0.548112
vt 0.131142 0.548211
vt 0.125169 0.546848
vt 0.136726 0.549379
vt 0.140423 0.550039
vt 0.141244 0.550015
vt 0.138969 0.549313
vt 0.134206 0.548120
vt 0.128233 0.546758
vt 0.122650 0.545590
vt 0.118952 0.544929
vt 0.118131 0.544953
vt 0.120406 0.545656
vt 0.131594 0.545734
vt 0.125517 0.544795
vt 0.137273 0.546520
vt 0.141031 0.546941
vt 0.141861 0.546886
vt 0.139541 0.546368
vt 0.134693 0.545527
vt 0.128615 0.544587
vt 0.122937 0.543802
vt 0.119179 0.543381
vt 0.118349 0.543436
vt 0.120669 0.543954
vt 0.131862 0.543323
vt 0.125873 0.542503
vt 0.137457 0.543996
vt 0.141161 0.544341
vt 0.141980 0.544267
vt 0.139695 0.543792
vt 0.134918 0.543045
vt 0.128929 0.542225
vt 0.123334 0.541552
vt 0.119630 0.541206
vt 0.118811 0.541281
vt 0.121096 0.541755
vt 0.132310 0.539753
vt 0.126572 0.538932
vt 0.137657 0.540538
vt 0.141180 0.541076
vt 0.141935 0.541223
vt 0.139720 0.540939
vt 0.135128 0.540302
vt 0.129390 0.539480
vt 0.124043 0.538696
vt 0.120520 0.538158
vt 0.119765 0.538011
vt 0.121980 0.538294
s 1
usemtl Material.001
f 1/1/1 10/2/10 21/3/21
f 1/1/1 21/3/21 9/4/9
f 10/2/10 2/5/2 11/6/11
f 10/2/10 11/6/11 21/3/21
f 21/3/21 11/6/11 4/7/4
f 21/3/21 4/7/4 12/8/12
f 9/4/9 21/3/21 12/8/12
f 9/4/9 12/8/12 3/9/3
f 13/10/13 3/11/3 17/12/17
f 13/10/13 17/12/17 16/13/16
f 12/8/12 4/7/4 23/14/23
f 12/8/12 23/14/23 18/15/18
f 16/13/16 17/12/17 28/16/28
f 16/13/16 28/16/28 22/17/22
f 28/18/28 27/19/27 32/20/32
f 28/18/28 32/20/32 33/21/33
f 4/7/4 14/22/14 15/23/15
f 4/7/4 15/23/15 23/14/23
f 23/14/23 15/23/15 5/24/5
f 23/14/23 5/24/5 6/25/6
f 17/26/17 18/15/18 27/19/27
f 17/26/17 27/19/27 28/18/28
f 6/25/6 5/24/5 8/27/8
f 6/25/6 8/27/8 29/28/29
f 31/29/31 33/30/33 37/31/37
f 31/29/31 37/31/37 35/32/35
f 18/15/18 23/14/23 6/25/6
f 18/15/18 6/25/6 27/19/27
f 1/33/1 19/34/19 56/35/56
f 1/33/1 56/35/56 53/36/53
f 10/2/10 1/1/1 53/37/53
f 10/2/10 53/37/53 55/38/55
f 3/11/3 13/10/13 25/39/25
f 3/11/3 25/39/25 9/40/9
f 27/19/27 6/25/6 29/28/29
f 27/19/27 29/28/29 32/20/32
f 22/17/22 28/16/28 33/30/33
f 22/17/22 33/30/33 31/29/31
f 9/40/9 25/39/25 19/34/19
f 9/40/9 19/34/19 1/33/1
f 3/9/3 12/8/12 18/15/18
f 3/9/3 18/15/18 17/26/17
f 14/22/14 4/7/4 11/6/11
f 14/22/14 11/6/11 26/41/26
f 26/41/26 11/6/11 2/5/2
f 26/41/26 2/5/2 20/42/20
f 33/21/33 32/20/32 36/43/36
f 33/21/33 36/43/36 37/44/37
f 35/32/35 37/31/37 41/45/41
f 35/32/35 41/45/41 40/46/40
f 37/44/37 36/43/36 43/47/43
f 37/44/37 43/47/43 41/48/41
f 29/28/29 8/27/8 7/49/7
f 29/28/29 7/49/7 34/50/34
f 32/20/32 29/28/29 34/50/34
f 32/20/32 34/50/34 36/43/36
f 34/50/34 7/49/7 30/51/30
f 34/50/34 30/51/30 38/52/38
f 36/43/36 34/50/34 38/52/38
f 36/43/36 38/52/38 43/47/43
f 41/48/41 43/47/43 46/53/46
f 41/48/41 46/53/46 104/54/104
f 43/47/43 38/52/38 80/55/80
f 43/47/43 80/55/80 46/53/46
f 104/54/104 46/53/46 51/56/51
f 104/54/104 51/56/51 106/57/106
f 46/53/46 80/55/80 81/58/81
f 46/53/46 81/58/81 51/56/51
f 38/52/38 30/51/30 39/59/39
f 38/52/38 39/59/39 80/55/80
f 40/46/40 41/45/41 104/60/104
f 40/46/40 104/60/104 45/61/45
f 106/57/106 51/56/51 49/62/49
f 106/57/106 49/62/49 50/63/50
f 51/56/51 81/58/81 42/64/42
f 51/56/51 42/64/42 49/62/49
f 44/65/44 82/66/82 83/67/83
f 44/65/44 83/67/83 86/68/86
f 107/69/107 105/70/105 109/71/109
f 107/69/107 109/71/109 108/72/108
f 54/73/54 55/38/55 59/74/59
f 54/73/54 59/74/59 58/75/58
f 129/76/129 20/42/20 223/77/223
f 129/76/129 223/77/223 229/78/229
f 2/5/2 10/2/10 55/38/55
f 2/5/2 55/38/55 54/73/54
f 54/73/54 58/75/58 227/79/227
f 54/73/54 227/79/227 226/80/226
f 58/75/58 59/74/59 64/81/64
f 58/75/58 64/81/64 63/82/63
f 61/83/61 58/75/58 63/82/63
f 61/83/61 63/82/63 66/84/66
f 53/36/53 56/35/56 60/85/60
f 53/36/53 60/85/60 24/86/24
f 55/38/55 53/37/53 24/87/24
f 55/38/55 24/87/24 59/74/59
f 63/82/63 64/81/64 69/88/69
f 63/82/63 69/88/69 68/89/68
f 66/84/66 63/82/63 68/89/68
f 66/84/66 68/89/68 71/90/71
f 24/86/24 60/85/60 65/91/65
f 24/86/24 65/91/65 57/92/57
f 59/74/59 24/87/24 57/93/57
f 59/74/59 57/93/57 64/81/64
f 68/89/68 69/88/69 73/94/73
f 68/89/68 73/94/73 72/95/72
f 71/90/71 68/89/68 72/95/72
f 71/90/71 72/95/72 75/96/75
f 57/92/57 65/91/65 70/97/70
f 57/92/57 70/97/70 62/98/62
f 64/81/64 57/93/57 62/99/62
f 64/81/64 62/99/62 69/88/69
f 76/100/76 75/96/75 72/95/72
f 76/100/76 72/95/72 73/94/73
f 73/94/73 67/101/67 77/102/77
f 73/94/73 77/102/77 78/103/78
f 62/98/62 70/97/70 74/104/74
f 62/98/62 74/104/74 67/105/67
f 69/88/69 62/99/62 67/101/67
f 69/88/69 67/101/67 73/94/73
f 79/106/79 78/103/78 77/102/77
f 76/100/76 73/94/73 78/103/78
f 76/100/76 78/103/78 79/106/79
f 67/105/67 74/104/74 79/107/79
f 67/105/67 79/107/79 77/108/77
f 82/109/82 44/110/44 80/111/80
f 82/109/82 80/111/80 39/112/39
f 48/113/48 84/114/84 42/115/42
f 48/113/48 42/115/42 81/116/81
f 84/114/84 82/109/82 39/112/39
f 84/114/84 39/112/39 42/115/42
f 44/110/44 48/113/48 81/116/81
f 44/110/44 81/116/81 80/111/80
f 87/117/87 86/68/86 90/118/90
f 87/117/87 90/118/90 91/119/91
f 82/66/82 84/120/84 85/121/85
f 82/66/82 85/121/85 83/67/83
f 48/122/48 44/65/44 86/68/86
f 48/122/48 86/68/86 87/117/87
f 84/120/84 48/122/48 87/117/87
f 84/120/84 87/117/87 85/121/85
f 90/118/90 88/123/88 92/124/92
f 90/118/90 92/124/92 94/125/94
f 86/68/86 83/67/83 88/123/88
f 86/68/86 88/123/88 90/118/90
f 85/121/85 87/117/87 91/119/91
f 85/121/85 91/119/91 89/126/89
f 83/67/83 85/121/85 89/126/89
f 83/67/83 89/126/89 88/123/88
f 93/127/93 95/128/95 99/129/99
f 93/127/93 99/129/99 97/130/97
f 89/126/89 91/119/91 95/128/95
f 89/126/89 95/128/95 93/127/93
f 88/123/88 89/126/89 93/127/93
f 88/123/88 93/127/93 92/124/92
f 91/119/91 90/118/90 94/125/94
f 91/119/91 94/125/94 95/128/95
f 99/129/99 98/131/98 102/132/102
f 99/129/99 102/132/102 103/133/103
f 92/124/92 93/127/93 97/130/97
f 92/124/92 97/130/97 96/134/96
f 95/128/95 94/125/94 98/131/98
f 95/128/95 98/131/98 99/129/99
f 94/125/94 92/124/92 96/134/96
f 94/125/94 96/134/96 98/131/98
f 102/135/102 100/136/100 101/137/101
f 102/135/102 101/137/101 103/138/103
f 98/131/98 96/134/96 100/139/100
f 98/131/98 100/139/100 102/132/102
f 97/130/97 99/129/99 103/133/103
f 97/130/97 103/133/103 101/140/101
f 96/134/96 97/130/97 101/140/101
f 96/134/96 101/140/101 100/139/100
f 47/141/47 105/70/105 45/61/45
f 47/141/47 45/61/45 104/60/104
f 107/69/107 52/142/52 106/143/106
f 107/69/107 106/143/106 50/144/50
f 52/142/52 47/141/47 104/60/104
f 52/142/52 104/60/104 106/143/106
f 105/70/105 107/69/107 50/144/50
f 105/70/105 50/144/50 45/61/45
f 110/145/110 111/146/111 115/147/115
f 110/145/110 115/147/115 112/148/112
f 47/141/47 52/142/52 111/146/111
f 47/141/47 111/146/111 110/145/110
f 105/70/105 47/141/47 110/145/110
f 105/70/105 110/145/110 109/71/109
f 52/142/52 107/69/107 108/72/108
f 52/142/52 108/72/108 111/146/111
f 109/71/109 110/145/110 112/148/112
f 109/71/109 112/148/112 114/149/114
f 111/146/111 108/72/108 113/150/113
f 111/146/111 113/150/113 115/147/115
f 108/72/108 109/71/109 114/149/114
f 108/72/108 114/149/114 113/150/113
f 113/150/113 114/149/114 117/151/117
f 113/150/113 117/151/117 116/152/116
f 118/153/118 119/154/119 123/155/123
f 118/153/118 123/155/123 122/156/122
f 112/148/112 115/147/115 119/154/119
f 112/148/112 119/154/119 118/153/118
f 114/149/114 112/148/112 118/153/118
f 114/149/114 118/153/118 117/151/117
f 115/147/115 113/150/113 116/152/116
f 115/147/115 116/152/116 119/154/119
f 123/155/123 120/157/120 124/158/124
f 123/155/123 124/158/124 127/159/127
f 117/151/117 118/153/118 122/156/122
f 117/151/117 122/156/122 121/160/121
f 119/154/119 116/152/116 120/157/120
f 119/154/119 120/157/120 123/155/123
f 116/152/116 117/151/117 121/160/121
f 116/152/116 121/160/121 120/157/120
f 125/161/125 126/162/126 127/159/127
f 125/161/125 127/159/127 124/158/124
f 120/157/120 121/160/121 125/161/125
f 120/157/120 125/161/125 124/158/124
f 122/156/122 123/155/123 127/159/127
f 122/156/122 127/159/127 126/162/126
f 121/160/121 122/156/122 126/162/126
f 121/160/121 126/162/126 125/161/125
f 128/1/128 133/4/133 139/3/139
f 128/1/128 139/3/139 134/2/134
f 134/2/134 139/3/139 135/6/135
f 134/2/134 135/6/135 129/76/129
f 139/3/139 136/8/136 131/7/131
f 139/3/139 131/7/131 135/6/135
f 133/4/133 130/9/130 136/8/136
f 133/4/133 136/8/136 139/3/139
f 13/10/13 16/13/16 137/12/137
f 13/10/13 137/12/137 130/11/130
f 136/8/136 138/15/138 140/14/140
f 136/8/136 140/14/140 131/7/131
f 16/13/16 22/17/22 143/16/143
f 16/13/16 143/16/143 137/12/137
f 143/18/143 146/21/146 145/20/145
f 143/18/143 145/20/145 142/19/142
f 131/7/131 140/14/140 15/23/15
f 131/7/131 15/23/15 14/22/14
f 140/14/140 132/25/132 5/24/5
f 140/14/140 5/24/5 15/23/15
f 137/26/137 143/18/143 142/19/142
f 137/26/137 142/19/142 138/15/138
f 132/25/132 144/28/144 8/27/8
f 132/25/132 8/27/8 5/24/5
f 31/29/31 35/32/35 149/31/149
f 31/29/31 149/31/149 146/30/146
f 138/15/138 142/19/142 132/25/132
f 138/15/138 132/25/132 140/14/140
f 128/33/128 159/36/159 56/35/56
f 128/33/128 56/35/56 19/34/19
f 134/2/134 161/38/161 159/37/159
f 134/2/134 159/37/159 128/1/128
f 130/11/130 133/40/133 25/39/25
f 130/11/130 25/39/25 13/10/13
f 142/19/142 145/20/145 144/28/144
f 142/19/142 144/28/144 132/25/132
f 22/17/22 31/29/31 146/30/146
f 22/17/22 146/30/146 143/16/143
f 133/40/133 128/33/128 19/34/19
f 133/40/133 19/34/19 25/39/25
f 130/9/130 137/26/137 138/15/138
f 130/9/130 138/15/138 136/8/136
f 14/22/14 26/41/26 135/6/135
f 14/22/14 135/6/135 131/7/131
f 26/41/26 20/42/20 129/76/129
f 26/41/26 129/76/129 135/6/135
f 146/21/146 149/44/149 148/43/148
f 146/21/146 148/43/148 145/20/145
f 35/32/35 40/46/40 151/45/151
f 35/32/35 151/45/151 149/31/149
f 149/44/149 151/48/151 152/47/152
f 149/44/149 152/47/152 148/43/148
f 144/28/144 147/50/147 7/49/7
f 144/28/144 7/49/7 8/27/8
f 145/20/145 148/43/148 147/50/147
f 145/20/145 147/50/147 144/28/144
f 147/50/147 150/52/150 30/51/30
f 147/50/147 30/51/30 7/49/7
f 148/43/148 152/47/152 150/52/150
f 148/43/148 150/52/150 147/50/147
f 151/48/151 199/54/199 154/53/154
f 151/48/151 154/53/154 152/47/152
f 152/47/152 154/53/154 175/163/175
f 152/47/152 175/163/175 150/52/150
f 199/54/199 201/57/201 157/56/157
f 199/54/199 157/56/157 154/53/154
f 154/53/154 157/56/157 176/58/176
f 154/53/154 176/58/176 175/163/175
f 150/52/150 175/163/175 39/59/39
f 150/52/150 39/59/39 30/51/30
f 40/46/40 45/61/45 199/60/199
f 40/46/40 199/60/199 151/45/151
f 201/57/201 50/63/50 49/62/49
f 201/57/201 49/62/49 157/56/157
f 157/56/157 49/62/49 42/64/42
f 157/56/157 42/64/42 176/58/176
f 153/65/153 181/68/181 178/67/178
f 153/65/153 178/67/178 177/66/177
f 202/69/202 203/72/203 204/71/204
f 202/69/202 204/71/204 200/70/200
f 160/73/160 163/75/163 164/74/164
f 160/73/160 164/74/164 161/38/161
f 20/42/20 2/5/2 224/164/224
f 20/42/20 224/164/224 223/77/223
f 129/76/129 160/73/160 161/38/161
f 129/76/129 161/38/161 134/2/134
f 2/5/2 54/73/54 226/80/226
f 2/5/2 226/80/226 224/164/224
f 163/75/163 166/82/166 167/81/167
f 163/75/163 167/81/167 164/74/164
f 61/83/61 66/84/66 166/82/166
f 61/83/61 166/82/166 163/75/163
f 159/36/159 141/86/141 60/85/60
f 159/36/159 60/85/60 56/35/56
f 161/38/161 164/74/164 141/87/141
f 161/38/161 141/87/141 159/37/159
f 166/82/166 169/89/169 170/88/170
f 166/82/166 170/88/170 167/81/167
f 66/84/66 71/90/71 169/89/169
f 66/84/66 169/89/169 166/82/166
f 141/86/141 162/92/162 65/91/65
f 141/86/141 65/91/65 60/85/60
f 164/74/164 167/81/167 162/93/162
f 164/74/164 162/93/162 141/87/141
f 169/89/169 171/95/171 172/94/172
f 169/89/169 172/94/172 170/88/170
f 71/90/71 75/96/75 171/95/171
f 71/90/71 171/95/171 169/89/169
f 162/92/162 165/98/165 70/97/70
f 162/92/162 70/97/70 65/91/65
f 167/81/167 170/88/170 165/99/165
f 167/81/167 165/99/165 162/93/162
f 76/100/76 172/94/172 171/95/171
f 76/100/76 171/95/171 75/96/75
f 172/94/172 174/103/174 173/102/173
f 172/94/172 173/102/173 168/101/168
f 165/98/165 168/105/168 74/104/74
f 165/98/165 74/104/74 70/97/70
f 170/88/170 172/94/172 168/101/168
f 170/88/170 168/101/168 165/99/165
f 79/106/79 173/102/173 174/103/174
f 76/100/76 79/106/79 174/103/174
f 76/100/76 174/103/174 172/94/172
f 168/105/168 173/108/173 79/107/79
f 168/105/168 79/107/79 74/104/74
f 177/109/177 39/112/39 175/165/175
f 177/109/177 175/165/175 153/110/153
f 156/113/156 176/116/176 42/115/42
f 156/113/156 42/115/42 179/114/179
f 179/114/179 42/115/42 39/112/39
f 179/114/179 39/112/39 177/109/177
f 153/110/153 175/165/175 176/116/176
f 153/110/153 176/116/176 156/113/156
f 182/117/182 186/119/186 185/118/185
f 182/117/182 185/118/185 181/68/181
f 177/66/177 178/67/178 180/121/180
f 177/66/177 180/121/180 179/120/179
f 156/122/156 182/117/182 181/68/181
f 156/122/156 181/68/181 153/65/153
f 179/120/179 180/121/180 182/117/182
f 179/120/179 182/117/182 156/122/156
f 185/118/185 189/125/189 187/124/187
f 185/118/185 187/124/187 183/123/183
f 181/68/181 185/118/185 183/123/183
f 181/68/181 183/123/183 178/67/178
f 180/121/180 184/126/184 186/119/186
f 180/121/180 186/119/186 182/117/182
f 178/67/178 183/123/183 184/126/184
f 178/67/178 184/126/184 180/121/180
f 188/127/188 192/130/192 194/129/194
f 188/127/188 194/129/194 190/128/190
f 184/126/184 188/127/188 190/128/190
f 184/126/184 190/128/190 186/119/186
f 183/123/183 187/124/187 188/127/188
f 183/123/183 188/127/188 184/126/184
f 186/119/186 190/128/190 189/125/189
f 186/119/186 189/125/189 185/118/185
f 194/129/194 198/133/198 197/132/197
f 194/129/194 197/132/197 193/131/193
f 187/124/187 191/134/191 192/130/192
f 187/124/187 192/130/192 188/127/188
f 190/128/190 194/129/194 193/131/193
f 190/128/190 193/131/193 189/125/189
f 189/125/189 193/131/193 191/134/191
f 189/125/189 191/134/191 187/124/187
f 197/135/197 198/138/198 196/137/196
f 197/135/197 196/137/196 195/136/195
f 193/131/193 197/132/197 195/139/195
f 193/131/193 195/139/195 191/134/191
f 192/130/192 196/140/196 198/133/198
f 192/130/192 198/133/198 194/129/194
f 191/134/191 195/139/195 196/140/196
f 191/134/191 196/140/196 192/130/192
f 155/141/155 199/60/199 45/61/45
f 155/141/155 45/61/45 200/70/200
f 202/69/202 50/144/50 201/143/201
f 202/69/202 201/143/201 158/142/158
f 158/142/158 201/143/201 199/60/199
f 158/142/158 199/60/199 155/141/155
f 200/70/200 45/61/45 50/144/50
f 200/70/200 50/144/50 202/69/202
f 205/145/205 207/148/207 210/147/210
f 205/145/205 210/147/210 206/146/206
f 155/141/155 205/145/205 206/146/206
f 155/141/155 206/146/206 158/142/158
f 200/70/200 204/71/204 205/145/205
f 200/70/200 205/145/205 155/141/155
f 158/142/158 206/146/206 203/72/203
f 158/142/158 203/72/203 202/69/202
f 204/71/204 209/149/209 207/148/207
f 204/71/204 207/148/207 205/145/205
f 206/146/206 210/147/210 208/150/208
f 206/146/206 208/150/208 203/72/203
f 203/72/203 208/150/208 209/149/209
f 203/72/203 209/149/209 204/71/204
f 208/150/208 211/152/211 212/151/212
f 208/150/208 212/151/212 209/149/209
f 213/153/213 217/156/217 218/155/218
f 213/153/213 218/155/218 214/154/214
f 207/148/207 213/153/213 214/154/214
f 207/148/207 214/154/214 210/147/210
f 209/149/209 212/151/212 213/153/213
f 209/149/209 213/153/213 207/148/207
f 210/147/210 214/154/214 211/152/211
f 210/147/210 211/152/211 208/150/208
f 218/155/218 222/159/222 219/158/219
f 218/155/218 219/158/219 215/157/215
f 212/151/212 216/160/216 217/156/217
f 212/151/212 217/156/217 213/153/213
f 214/154/214 218/155/218 215/157/215
f 214/154/214 215/157/215 211/152/211
f 211/152/211 215/157/215 216/160/216
f 211/152/211 216/160/216 212/151/212
f 220/161/220 219/158/219 222/159/222
f 220/161/220 222/159/222 221/162/221
f 215/157/215 219/158/219 220/161/220
f 215/157/215 220/161/220 216/160/216
f 217/156/217 221/162/221 222/159/222
f 217/156/217 222/159/222 218/155/218
f 216/160/216 220/161/220 221/162/221
f 216/160/216 221/162/221 217/156/217
f 225/166/225 226/80/226 227/79/227
f 225/166/225 227/79/227 228/167/228
f 223/77/223 224/164/224 226/80/226
f 223/77/223 226/80/226 225/166/225
f 225/166/225 228/167/228 231/79/231
f 225/166/225 231/79/231 230/168/230
f 223/77/223 225/166/225 230/168/230
f 223/77/223 230/168/230 229/78/229
f 61/83/61 163/75/163 231/79/231
f 61/83/61 231/79/231 228/167/228
f 58/75/58 61/83/61 228/167/228
f 58/75/58 228/167/228 227/79/227
f 160/73/160 129/76/129 229/78/229
f 160/73/160 229/78/229 230/168/230
f 163/75/163 160/73/160 230/168/230
f 163/75/163 230/168/230 231/79/231
usemtl Material.002
f 283/169/283 282/170/282 233/171/233
f 283/169/283 233/171/233 234/172/234
f 281/173/281 268/174/268 232/175/232
f 282/170/282 281/173/281 232/175/232
f 282/170/282 232/175/232 233/171/233
f 233/171/233 232/175/232 235/176/235
f 233/171/233 235/176/235 236/177/236
f 234/172/234 233/171/233 236/177/236
f 234/172/234 236/177/236 237/178/237
f 232/175/232 268/174/268 235/176/235
f 237/178/237 236/177/236 239/179/239
f 237/178/237 239/179/239 240/180/240
f 235/176/235 268/174/268 238/181/238
f 236/177/236 235/176/235 238/181/238
f 236/177/236 238/181/238 239/179/239
f 240/180/240 239/179/239 242/182/242
f 240/180/240 242/182/242 243/183/243
f 238/181/238 268/174/268 241/184/241
f 239/179/239 238/181/238 241/184/241
f 239/179/239 241/184/241 242/182/242
f 241/184/241 268/174/268 244/185/244
f 242/182/242 241/184/241 244/185/244
f 242/182/242 244/185/244 245/186/245
f 243/183/243 242/182/242 245/186/245
f 243/183/243 245/186/245 246/187/246
f 245/186/245 244/185/244 247/188/247
f 245/186/245 247/188/247 248/189/248
f 246/187/246 245/186/245 248/189/248
f 246/187/246 248/189/248 249/190/249
f 244/185/244 268/174/268 247/188/247
f 248/189/248 247/188/247 250/191/250
f 248/189/248 250/191/250 251/192/251
f 249/190/249 248/189/248 251/192/251
f 249/190/249 251/192/251 252/193/252
f 247/188/247 268/174/268 250/191/250
f 252/193/252 251/192/251 254/194/254
f 252/193/252 254/194/254 255/195/255
f 250/191/250 268/174/268 253/196/253
f 251/192/251 250/191/250 253/196/253
f 251/192/251 253/196/253 254/194/254
f 255/195/255 254/194/254 257/197/257
f 255/195/255 257/197/257 258/198/258
f 253/196/253 268/174/268 256/199/256
f 254/194/254 253/196/253 256/199/256
f 254/194/254 256/199/256 257/197/257
f 258/198/258 257/197/257 260/200/260
f 258/198/258 260/200/260 261/201/261
f 256/199/256 268/174/268 259/202/259
f 257/197/257 256/199/256 259/202/259
f 257/197/257 259/202/259 260/200/260
f 260/200/260 259/202/259 262/203/262
f 260/200/260 262/203/262 263/204/263
f 261/201/261 260/200/260 263/204/263
f 261/201/261 263/204/263 264/205/264
f 259/202/259 268/174/268 262/203/262
f 263/204/263 262/203/262 265/206/265
f 263/204/263 265/206/265 266/207/266
f 264/205/264 263/204/263 266/207/266
f 264/205/264 266/207/266 267/208/267
f 262/203/262 268/174/268 265/206/265
f 266/207/266 265/206/265 269/209/269
f 266/207/266 269/209/269 270/210/270
f 267/208/267 266/207/266 270/210/270
f 267/208/267 270/210/270 271/211/271
f 265/206/265 268/174/268 269/209/269
f 271/211/271 270/210/270 273/212/273
f 271/211/271 273/212/273 274/213/274
f 269/209/269 268/174/268 272/214/272
f 270/210/270 269/209/269 272/214/272
f 270/210/270 272/214/272 273/212/273
f 274/213/274 273/212/273 276/215/276
f 274/213/274 276/215/276 277/216/277
f 272/214/272 268/174/268 275/217/275
f 273/212/273 272/214/272 275/217/275
f 273/212/273 275/217/275 276/215/276
f 275/217/275 268/174/268 278/218/278
f 276/215/276 275/217/275 278/218/278
f 276/215/276 278/218/278 279/219/279
f 277/216/277 276/215/276 279/219/279
f 277/216/277 279/219/279 280/220/280
f 279/219/279 278/218/278 281/173/281
f 279/219/279 281/173/281 282/170/282
f 280/220/280 279/219/279 282/170/282
f 280/220/280 282/170/282 283/169/283
f 278/218/278 268/174/268 281/173/281
f 284/221/284 285/222/285 296/223/296
f 284/221/284 286/224/286 285/222/285
f 284/221/284 287/225/287 286/224/286
f 284/221/284 288/226/288 287/225/287
f 284/221/284 289/227/289 288/226/288
f 284/221/284 290/228/290 289/227/289
f 284/221/284 291/229/291 290/228/290
f 284/221/284 292/230/292 291/229/291
f 284/221/284 293/231/293 292/230/292
f 284/221/284 294/232/294 293/231/293
f 284/221/284 295/233/295 294/232/294
f 284/221/284 296/223/296 295/233/295
f 285/222/285 297/234/297 308/235/308
f 285/222/285 308/235/308 296/223/296
f 286/224/286 298/236/298 297/234/297
f 286/224/286 297/234/297 285/222/285
f 287/225/287 299/237/299 298/236/298
f 287/225/287 298/236/298 286/224/286
f 288/226/288 300/238/300 299/237/299
f 288/226/288 299/237/299 287/225/287
f 289/227/289 301/239/301 300/238/300
f 289/227/289 300/238/300 288/226/288
f 290/228/290 302/240/302 301/239/301
f 290/228/290 301/239/301 289/227/289
f 291/229/291 303/241/303 302/240/302
f 291/229/291 302/240/302 290/228/290
f 292/230/292 304/242/304 303/241/303
f 292/230/292 303/241/303 291/229/291
f 293/231/293 305/243/305 304/242/304
f 293/231/293 304/242/304 292/230/292
f 294/232/294 306/244/306 305/243/305
f 294/232/294 305/243/305 293/231/293
f 295/233/295 307/245/307 306/244/306
f 295/233/295 306/244/306 294/232/294
f 296/223/296 308/235/308 307/245/307
f 296/223/296 307/245/307 295/233/295
f 297/234/297 309/246/309 320/247/320
f 297/234/297 320/247/320 308/235/308
f 298/236/298 310/248/310 309/246/309
f 298/236/298 309/246/309 297/234/297
f 299/237/299 311/249/311 310/248/310
f 299/237/299 310/248/310 298/236/298
f 300/238/300 312/250/312 311/249/311
f 300/238/300 311/249/311 299/237/299
f 301/239/301 313/251/313 312/250/312
f 301/239/301 312/250/312 300/238/300
f 302/240/302 314/252/314 313/251/313
f 302/240/302 313/251/313 301/239/301
f 303/241/303 315/253/315 314/252/314
f 303/241/303 314/252/314 302/240/302
f 304/242/304 316/254/316 315/253/315
f 304/242/304 315/253/315 303/241/303
f 305/243/305 317/255/317 316/254/316
f 305/243/305 316/254/316 304/242/304
f 306/244/306 318/256/318 317/255/317
f 306/244/306 317/255/317 305/243/305
f 307/245/307 319/257/319 318/256/318
f 307/245/307 318/256/318 306/244/306
f 308/235/308 320/247/320 319/257/319
f 308/235/308 319/257/319 307/245/307
f 309/246/309 321/258/321 332/259/332
f 309/246/309 332/259/332 320/247/320
f 310/248/310 322/260/322 321/258/321
f 310/248/310 321/258/321 309/246/309
f 311/249/311 323/261/323 322/260/322
f 311/249/311 322/260/322 310/248/310
f 312/250/312 324/262/324 323/261/323
f 312/250/312 323/261/323 311/249/311
f 313/251/313 325/263/325 324/262/324
f 313/251/313 324/262/324 312/250/312
f 314/252/314 326/264/326 325/263/325
f 314/252/314 325/263/325 313/251/313
f 315/253/315 327/265/327 326/264/326
f 315/253/315 326/264/326 314/252/314
f 316/254/316 328/266/328 327/265/327
f 316/254/316 327/265/327 315/253/315
f 317/255/317 329/267/329 328/266/328
f 317/255/317 328/266/328 316/254/316
f 318/256/318 330/268/330 329/267/329
f 318/256/318 329/267/329 317/255/317
f 319/257/319 331/269/331 330/268/330
f 319/257/319 330/268/330 318/256/318
f 320/247/320 332/259/332 331/269/331
f 320/247/320 331/269/331 319/257/319
f 321/258/321 333/270/333 344/271/344
f 321/258/321 344/271/344 332/259/332
f 322/260/322 334/272/334 333/270/333
f 322/260/322 333/270/333 321/258/321
f 323/261/323 335/273/335 334/272/334
f 323/261/323 334/272/334 322/260/322
f 324/262/324 336/274/336 335/273/335
f 324/262/324 335/273/335 323/261/323
f 325/263/325 337/275/337 336/274/336
f 325/263/325 336/274/336 324/262/324
f 326/264/326 338/276/338 337/275/337
f 326/264/326 337/275/337 325/263/325
f 327/265/327 339/277/339 338/276/338
f 327/265/327 338/276/338 326/264/326
f 328/266/328 340/278/340 339/277/339
f 328/266/328 339/277/339 327/265/327
f 329/267/329 341/279/341 340/278/340
f 329/267/329 340/278/340 328/266/328
f 330/268/330 342/280/342 341/279/341
f 330/268/330 341/279/341 329/267/329
f 331/269/331 343/281/343 342/280/342
f 331/269/331 342/280/342 330/268/330
f 332/259/332 344/271/344 343/281/343
f 332/259/332 343/281/343 331/269/331
f 333/270/333 345/282/345 356/283/356
f 333/270/333 356/283/356 344/271/344
f 334/272/334 346/284/346 345/282/345
f 334/272/334 345/282/345 333/270/333
f 335/273/335 347/285/347 346/284/346
f 335/273/335 346/284/346 334/272/334
f 336/274/336 348/286/348 347/285/347
f 336/274/336 347/285/347 335/273/335
f 337/275/337 349/287/349 348/286/348
f 337/275/337 348/286/348 336/274/336
f 338/276/338 350/288/350 349/287/349
f 338/276/338 349/287/349 337/275/337
f 339/277/339 351/289/351 350/288/350
f 339/277/339 350/288/350 338/276/338
f 340/278/340 352/290/352 351/289/351
f 340/278/340 351/289/351 339/277/339
f 341/279/341 353/291/353 352/290/352
f 341/279/341 352/290/352 340/278/340
f 342/280/342 354/292/354 353/291/353
f 342/280/342 353/291/353 341/279/341
f 343/281/343 355/293/355 354/292/354
f 343/281/343 354/292/354 342/280/342
f 344/271/344 356/283/356 355/293/355
f 344/271/344 355/293/355 343/281/343
f 345/282/345 357/294/357 368/295/368
f 345/282/345 368/295/368 356/283/356
f 346/284/346 358/296/358 357/294/357
f 346/284/346 357/294/357 345/282/345
f 347/285/347 359/297/359 358/296/358
f 347/285/347 358/296/358 346/284/346
f 348/286/348 360/298/360 359/297/359
f 348/286/348 359/297/359 347/285/347
f 349/287/349 361/299/361 360/298/360
f 349/287/349 360/298/360 348/286/348
f 350/288/350 362/300/362 361/299/361
f 350/288/350 361/299/361 349/287/349
f 351/289/351 363/301/363 362/300/362
f 351/289/351 362/300/362 350/288/350
f 352/290/352 364/302/364 363/301/363
f 352/290/352 363/301/363 351/289/351
f 353/291/353 365/303/365 364/302/364
f 353/291/353 364/302/364 352/290/352
f 354/292/354 366/304/366 365/303/365
f 354/292/354 365/303/365 353/291/353
f 355/293/355 367/305/367 366/304/366
f 355/293/355 366/304/366 354/292/354
f 356/283/356 368/295/368 367/305/367
f 356/283/356 367/305/367 355/293/355
f 357/294/357 369/306/369 380/307/380
f 357/294/357 380/307/380 368/295/368
f 358/296/358 370/308/370 369/306/369
f 358/296/358 369/306/369 357/294/357
f 359/297/359 371/309/371 370/308/370
f 359/297/359 370/308/370 358/296/358
f 360/298/360 372/310/372 371/309/371
f 360/298/360 371/309/371 359/297/359
f 361/299/361 373/311/373 372/310/372
f 361/299/361 372/310/372 360/298/360
f 362/300/362 374/312/374 373/311/373
f 362/300/362 373/311/373 361/299/361
f 363/301/363 375/313/375 374/312/374
f 363/301/363 374/312/374 362/300/362
f 364/302/364 376/314/376 375/313/375
f 364/302/364 375/313/375 363/301/363
f 365/303/365 377/315/377 376/314/376
f 365/303/365 376/314/376 364/302/364
f 366/304/366 378/316/378 377/315/377
f 366/304/366 377/315/377 365/303/365
f 367/305/367 379/317/379 378/316/378
f 367/305/367 378/316/378 366/304/366
f 368/295/368 380/307/380 379/317/379
f 368/295/368 379/317/379 367/305/367
f 369/306/369 381/318/381 392/319/392
f 369/306/369 392/319/392 380/307/380
f 370/308/370 382/320/382 381/318/381
f 370/308/370 381/318/381 369/306/369
f 371/309/371 383/321/383 382/320/382
f 371/309/371 382/320/382 370/308/370
f 372/310/372 384/322/384 383/321/383
f 372/310/372 383/321/383 371/309/371
f 373/311/373 385/323/385 384/322/384
f 373/311/373 384/322/384 372/310/372
f 374/312/374 386/324/386 385/323/385
f 374/312/374 385/323/385 373/311/373
f 375/313/375 387/325/387 386/324/386
f 375/313/375 386/324/386 374/312/374
f 376/314/376 388/326/388 387/325/387
f 376/314/376 387/325/387 375/313/375
f 377/315/377 389/327/389 388/326/388
f 377/315/377 388/326/388 376/314/376
f 378/316/378 390/328/390 389/327/389
f 378/316/378 389/327/389 377/315/377
f 379/317/379 391/329/391 390/328/390
f 379/317/379 390/328/390 378/316/378
f 380/307/380 392/319/392 391/329/391
f 380/307/380 391/329/391 379/317/379
f 381/318/381 393/330/393 404/331/404
f 381/318/381 404/331/404 392/319/392
f 382/320/382 394/332/394 393/330/393
f 382/320/382 393/330/393 381/318/381
f 383/321/383 395/333/395 394/332/394
f 383/321/383 394/332/394 382/320/382
f 384/322/384 396/334/396 395/333/395
f 384/322/384 395/333/395 383/321/383
f 385/323/385 397/335/397 396/334/396
f 385/323/385 396/334/396 384/322/384
f 386/324/386 398/336/398 397/335/397
f 386/324/386 397/335/397 385/323/385
f 387/325/387 399/337/399 398/336/398
f 387/325/387 398/336/398 386/324/386
f 388/326/388 400/338/400 399/337/399
f 388/326/388 399/337/399 387/325/387
f 389/327/389 401/339/401 400/338/400
f 389/327/389 400/338/400 388/326/388
f 390/328/390 402/340/402 401/339/401
f 390/328/390 401/339/401 389/327/389
f 391/329/391 403/341/403 402/340/402
f 391/329/391 402/340/402 390/328/390
f 392/319/392 404/331/404 403/341/403
f 392/319/392 403/341/403 391/329/391
f 393/330/393 405/342/405 416/343/416
f 393/330/393 416/343/416 404/331/404
f 394/332/394 406/344/406 405/342/405
f 394/332/394 405/342/405 393/330/393
f 395/333/395 407/345/407 406/344/406
f 395/333/395 406/344/406 394/332/394
f 396/334/396 408/346/408 407/345/407
f 396/334/396 407/345/407 395/333/395
f 397/335/397 409/347/409 408/346/408
f 397/335/397 408/346/408 396/334/396
f 398/336/398 410/348/410 409/347/409
f 398/336/398 409/347/409 397/335/397
f 399/337/399 411/349/411 410/348/410
f 399/337/399 410/348/410 398/336/398
f 400/338/400 412/350/412 411/349/411
f 400/338/400 411/349/411 399/337/399
f 401/339/401 413/351/413 412/350/412
f 401/339/401 412/350/412 400/338/400
f 402/340/402 414/352/414 413/351/413
f 402/340/402 413/351/413 401/339/401
f 403/341/403 415/353/415 414/352/414
f 403/341/403 414/352/414 402/340/402
f 404/331/404 416/343/416 415/353/415
f 404/331/404 415/353/415 403/341/403
f 405/342/405 417/354/417 428/355/428
f 405/342/405 428/355/428 416/343/416
f 406/344/406 418/356/418 417/354/417
f 406/344/406 417/354/417 405/342/405
f 407/345/407 419/357/419 418/356/418
f 407/345/407 418/356/418 406/344/406
f 408/346/408 420/358/420 419/357/419
f 408/346/408 419/357/419 407/345/407
f 409/347/409 421/359/421 420/358/420
f 409/347/409 420/358/420 408/346/408
f 410/348/410 422/360/422 421/359/421
f 410/348/410 421/359/421 409/347/409
f 411/349/411 423/361/423 422/360/422
f 411/349/411 422/360/422 410/348/410
f 412/350/412 424/362/424 423/361/423
f 412/350/412 423/361/423 411/349/411
f 413/351/413 425/363/425 424/362/424
f 413/351/413 424/362/424 412/350/412
f 414/352/414 426/364/426 425/363/425
f 414/352/414 425/363/425 413/351/413
f 415/353/415 427/365/427 426/364/426
f 415/353/415 426/364/426 414/352/414
f 416/343/416 428/355/428 427/365/427
f 416/343/416 427/365/427 415/353/415
f 417/354/417 429/366/429 440/367/440
f 417/354/417 440/367/440 428/355/428
f 418/356/418 430/368/430 429/366/429
f 418/356/418 429/366/429 417/354/417
f 419/357/419 431/369/431 430/368/430
f 419/357/419 430/368/430 418/356/418
f 420/358/420 432/370/432 431/369/431
f 420/358/420 431/369/431 419/357/419
f 421/359/421 433/371/433 432/370/432
f 421/359/421 432/370/432 420/358/420
f 422/360/422 434/372/434 433/371/433
f 422/360/422 433/371/433 421/359/421
f 423/361/423 435/373/435 434/372/434
f 423/361/423 434/372/434 422/360/422
f 424/362/424 436/374/436 435/373/435
f 424/362/424 435/373/435 423/361/423
f 425/363/425 437/375/437 436/374/436
f 425/363/425 436/374/436 424/362/424
f 426/364/426 438/376/438 437/375/437
f 426/364/426 437/375/437 425/363/425
f 427/365/427 439/377/439 438/376/438
f 427/365/427 438/376/438 426/364/426
f 428/355/428 440/367/440 439/377/439
f 428/355/428 439/377/439 427/365/427
f 429/366/429 441/378/441 452/379/452
f 429/366/429 452/379/452 440/367/440
f 430/368/430 442/380/442 441/378/441
f 430/368/430 441/378/441 429/366/429
f 431/369/431 443/381/443 442/380/442
f 431/369/431 442/380/442 430/368/430
f 432/370/432 444/382/444 443/381/443
f 432/370/432 443/381/443 431/369/431
f 433/371/433 445/383/445 444/382/444
f 433/371/433 444/382/444 432/370/432
f 434/372/434 446/384/446 445/383/445
f 434/372/434 445/383/445 433/371/433
f 435/373/435 447/385/447 446/384/446
f 435/373/435 446/384/446 434/372/434
f 436/374/436 448/386/448 447/385/447
f 436/374/436 447/385/447 435/373/435
f 437/375/437 449/387/449 448/386/448
f 437/375/437 448/386/448 436/374/436
f 438/376/438 450/388/450 449/387/449
f 438/376/438 449/387/449 437/375/437
f 439/377/439 451/389/451 450/388/450
f 439/377/439 450/388/450 438/376/438
f 440/367/440 452/379/452 451/389/451
f 440/367/440 451/389/451 439/377/439
f 441/378/441 453/390/453 464/391/464
f 441/378/441 464/391/464 452/379/452
f 442/380/442 454/392/454 453/390/453
f 442/380/442 453/390/453 441/378/441
f 443/381/443 455/393/455 454/392/454
f 443/381/443 454/392/454 442/380/442
f 444/382/444 456/394/456 455/393/455
f 444/382/444 455/393/455 443/381/443
f 445/383/445 457/395/457 456/394/456
f 445/383/445 456/394/456 444/382/444
f 446/384/446 458/396/458 457/395/457
f 446/384/446 457/395/457 445/383/445
f 447/385/447 459/397/459 458/396/458
f 447/385/447 458/396/458 446/384/446
f 448/386/448 460/398/460 459/397/459
f 448/386/448 459/397/459 447/385/447
f 449/387/449 461/399/461 460/398/460
f 449/387/449 460/398/460 448/386/448
f 450/388/450 462/400/462 461/399/461
f 450/388/450 461/399/461 449/387/449
f 451/389/451 463/401/463 462/400/462
f 451/389/451 462/400/462 450/388/450
f 452/379/452 464/391/464 463/401/463
f 452/379/452 463/401/463 451/389/451
f 453/390/453 465/402/465 476/403/476
f 453/390/453 476/403/476 464/391/464
f 454/392/454 466/404/466 465/402/465
f 454/392/454 465/402/465 453/390/453
f 455/393/455 467/405/467 466/404/466
f 455/393/455 466/404/466 454/392/454
f 456/394/456 468/406/468 467/405/467
f 456/394/456 467/405/467 455/393/455
f 457/395/457 469/407/469 468/406/468
f 457/395/457 468/406/468 456/394/456
f 458/396/458 470/408/470 469/407/469
f 458/396/458 469/407/469 457/395/457
f 459/397/459 471/409/471 470/408/470
f 459/397/459 470/408/470 458/396/458
f 460/398/460 472/410/472 471/409/471
f 460/398/460 471/409/471 459/397/459
f 461/399/461 473/411/473 472/410/472
f 461/399/461 472/410/472 460/398/460
f 462/400/462 474/412/474 473/411/473
f 462/400/462 473/411/473 461/399/461
f 463/401/463 475/413/475 474/412/474
f 463/401/463 474/412/474 462/400/462
f 464/391/464 476/403/476 475/413/475
f 464/391/464 475/413/475 463/401/463
f 465/402/465 477/414/477 488/415/488
f 465/402/465 488/415/488 476/403/476
f 466/404/466 478/416/478 477/414/477
f 466/404/466 477/414/477 465/402/465
f 467/405/467 479/417/479 478/416/478
f 467/405/467 478/416/478 466/404/466
f 468/406/468 480/418/480 479/417/479
f 468/406/468 479/417/479 467/405/467
f 469/407/469 481/419/481 480/418/480
f 469/407/469 480/418/480 468/406/468
f 470/408/470 482/420/482 481/419/481
f 470/408/470 481/419/481 469/407/469
f 471/409/471 483/421/483 482/420/482
f 471/409/471 482/420/482 470/408/470
f 472/410/472 484/422/484 483/421/483
f 472/410/472 483/421/483 471/409/471
f 473/411/473 485/423/485 484/422/484
f 473/411/473 484/422/484 472/410/472
f 474/412/474 486/424/486 485/423/485
f 474/412/474 485/423/485 473/411/473
f 475/413/475 487/425/487 486/424/486
f 475/413/475 486/424/486 474/412/474
f 476/403/476 488/415/488 487/425/487
f 476/403/476 487/425/487 475/413/475
f 477/414/477 489/426/489 500/427/500
f 477/414/477 500/427/500 488/415/488
f 478/416/478 490/428/490 489/426/489
f 478/416/478 489/426/489 477/414/477
f 479/417/479 491/429/491 490/428/490
f 479/417/479 490/428/490 478/416/478
f 480/418/480 492/430/492 491/429/491
f 480/418/480 491/429/491 479/417/479
f 481/419/481 493/431/493 492/430/492
f 481/419/481 492/430/492 480/418/480
f 482/420/482 494/432/494 493/431/493
f 482/420/482 493/431/493 481/419/481
f 483/421/483 495/433/495 494/432/494
f 483/421/483 494/432/494 482/420/482
f 484/422/484 496/434/496 495/433/495
f 484/422/484 495/433/495 483/421/483
f 485/423/485 497/435/497 496/434/496
f 485/423/485 496/434/496 484/422/484
f 486/424/486 498/436/498 497/435/497
f 486/424/486 497/435/497 485/423/485
f 487/425/487 499/437/499 498/436/498
f 487/425/487 498/436/498 486/424/486
f 488/415/488 500/427/500 499/437/499
f 488/415/488 499/437/499 487/425/487
f 489/426/489 501/438/501 512/439/512
f 489/426/489 512/439/512 500/427/500
f 490/428/490 502/440/502 501/438/501
f 490/428/490 501/438/501 489/426/489
f 491/429/491 503/441/503 502/440/502
f 491/429/491 502/440/502 490/428/490
f 492/430/492 504/442/504 503/441/503
f 492/430/492 503/441/503 491/429/491
f 493/431/493 505/443/505 504/442/504
f 493/431/493 504/442/504 492/430/492
f 494/432/494 506/444/506 505/443/505
f 494/432/494 505/443/505 493/431/493
f 495/433/495 507/445/507 506/444/506
f 495/433/495 506/444/506 494/432/494
f 496/434/496 508/446/508 507/445/507
f 496/434/496 507/445/507 495/433/495
f 497/435/497 509/447/509 508/446/508
f 497/435/497 508/446/508 496/434/496
f 498/436/498 510/448/510 509/447/509
f 498/436/498 509/447/509 497/435/497
f 499/437/499 511/449/511 510/448/510
f 499/437/499 510/448/510 498/436/498
f 500/427/500 512/439/512 511/449/511
f 500/427/500 511/449/511 499/437/499
f 501/438/501 513/450/513 524/451/524
f 501/438/501 524/451/524 512/439/512
f 502/440/502 514/452/514 513/450/513
f 502/440/502 513/450/513 501/438/501
f 503/441/503 515/453/515 514/452/514
f 503/441/503 514/452/514 502/440/502
f 504/442/504 516/454/516 515/453/515
f 504/442/504 515/453/515 503/441/503
f 505/443/505 517/455/517 516/454/516
f 505/443/505 516/454/516 504/442/504
f 506/444/506 518/456/518 517/455/517
f 506/444/506 517/455/517 505/443/505
f 507/445/507 519/457/519 518/456/518
f 507/445/507 518/456/518 506/444/506
f 508/446/508 520/458/520 519/457/519
f 508/446/508 519/457/519 507/445/507
f 509/447/509 521/459/521 520/458/520
f 509/447/509 520/458/520 508/446/508
f 510/448/510 522/460/522 521/459/521
f 510/448/510 521/459/521 509/447/509
f 511/449/511 523/461/523 522/460/522
f 511/449/511 522/460/522 510/448/510
f 512/439/512 524/451/524 523/461/523
f 512/439/512 523/461/523 511/449/511
f 513/462/513 525/463/525 536/464/536
f 513/462/513 536/464/536 524/465/524
f 514/466/514 526/467/526 525/463/525
f 514/466/514 525/463/525 513/462/513
f 515/468/515 527/469/527 526/467/526
f 515/468/515 526/467/526 514/466/514
f 516/470/516 528/471/528 527/469/527
f 516/470/516 527/469/527 515/468/515
f 517/455/517 529/472/529 528/473/528
f 517/455/517 528/473/528 516/454/516
f 518/456/518 530/474/530 529/472/529
f 518/456/518 529/472/529 517/455/517
f 519/457/519 531/475/531 530/474/530
f 519/457/519 530/474/530 518/456/518
f 520/458/520 532/476/532 531/475/531
f 520/458/520 531/475/531 519/457/519
f 521/459/521 533/477/533 532/476/532
f 521/459/521 532/476/532 520/458/520
f 522/460/522 534/478/534 533/477/533
f 522/460/522 533/477/533 521/459/521
f 523/461/523 535/479/535 534/478/534
f 523/461/523 534/478/534 522/460/522
f 524/451/524 536/480/536 535/479/535
f 524/451/524 535/479/535 523/461/523
f 525/463/525 537/481/537 548/482/548
f 525/463/525 548/482/548 536/464/536
f 526/467/526 538/483/538 537/481/537
f 526/467/526 537/481/537 525/463/525
f 527/469/527 539/484/539 538/483/538
f 527/469/527 538/483/538 526/467/526
f 528/471/528 540/485/540 539/484/539
f 528/471/528 539/484/539 527/469/527
f 529/472/529 541/486/541 540/487/540
f 529/472/529 540/487/540 528/473/528
f 530/474/530 542/488/542 541/486/541
f 530/474/530 541/486/541 529/472/529
f 531/475/531 543/489/543 542/488/542
f 531/475/531 542/488/542 530/474/530
f 532/476/532 544/490/544 543/489/543
f 532/476/532 543/489/543 531/475/531
f 533/477/533 545/491/545 544/490/544
f 533/477/533 544/490/544 532/476/532
f 534/478/534 546/492/546 545/491/545
f 534/478/534 545/491/545 533/477/533
f 535/479/535 547/493/547 546/492/546
f 535/479/535 546/492/546 534/478/534
f 536/480/536 548/494/548 547/493/547
f 536/480/536 547/493/547 535/479/535
f 537/481/537 549/495/549 560/496/560
f 537/481/537 560/496/560 548/482/548
f 538/483/538 550/497/550 549/495/549
f 538/483/538 549/495/549 537/481/537
f 539/484/539 551/498/551 550/497/550
f 539/484/539 550/497/550 538/483/538
f 540/485/540 552/499/552 551/498/551
f 540/485/540 551/498/551 539/484/539
f 541/486/541 553/500/553 552/501/552
f 541/486/541 552/501/552 540/487/540
f 542/488/542 554/502/554 553/500/553
f 542/488/542 553/500/553 541/486/541
f 543/489/543 555/503/555 554/502/554
f 543/489/543 554/502/554 542/488/542
f 544/490/544 556/504/556 555/503/555
f 544/490/544 555/503/555 543/489/543
f 545/491/545 557/505/557 556/504/556
f 545/491/545 556/504/556 544/490/544
f 546/492/546 558/506/558 557/505/557
f 546/492/546 557/505/557 545/491/545
f 547/493/547 559/507/559 558/506/558
f 547/493/547 558/506/558 546/492/546
f 548/494/548 560/508/560 559/507/559
f 548/494/548 559/507/559 547/493/547
f 549/495/549 561/509/561 572/510/572
f 549/495/549 572/510/572 560/496/560
f 550/497/550 562/511/562 561/509/561
f 550/497/550 561/509/561 549/495/549
f 551/498/551 563/512/563 562/511/562
f 551/498/551 562/511/562 550/497/550
f 552/499/552 564/513/564 563/512/563
f 552/499/552 563/512/563 551/498/551
f 553/500/553 565/514/565 564/515/564
f 553/500/553 564/515/564 552/501/552
f 554/502/554 566/516/566 565/514/565
f 554/502/554 565/514/565 553/500/553
f 555/503/555 567/517/567 566/516/566
f 555/503/555 566/516/566 554/502/554
f 556/504/556 568/518/568 567/517/567
f 556/504/556 567/517/567 555/503/555
f 557/505/557 569/519/569 568/518/568
f 557/505/557 568/518/568 556/504/556
f 558/506/558 570/520/570 569/519/569
f 558/506/558 569/519/569 557/505/557
f 559/507/559 571/521/571 570/520/570
f 559/507/559 570/520/570 558/506/558
f 560/508/560 572/522/572 571/521/571
f 560/508/560 571/521/571 559/507/559
f 561/509/561 573/523/573 584/524/584
f 561/509/561 584/524/584 572/510/572
f 562/511/562 574/525/574 573/523/573
f 562/511/562 573/523/573 561/509/561
f 563/512/563 575/526/575 574/525/574
f 563/512/563 574/525/574 562/511/562
f 564/513/564 576/527/576 575/526/575
f 564/513/564 575/526/575 563/512/563
f 565/514/565 577/528/577 576/529/576
f 565/514/565 576/529/576 564/515/564
f 566/516/566 578/530/578 577/528/577
f 566/516/566 577/528/577 565/514/565
f 567/517/567 579/531/579 578/530/578
f 567/517/567 578/530/578 566/516/566
f 568/518/568 580/532/580 579/531/579
f 568/518/568 579/531/579 567/517/567
f 569/519/569 581/533/581 580/532/580
f 569/519/569 580/532/580 568/518/568
f 570/520/570 582/534/582 581/533/581
f 570/520/570 581/533/581 569/519/569
f 571/521/571 583/535/583 582/534/582
f 571/521/571 582/534/582 570/520/570
f 572/522/572 584/536/584 583/535/583
f 572/522/572 583/535/583 571/521/571
f 573/523/573 585/537/585 596/538/596
f 573/523/573 596/538/596 584/524/584
f 574/525/574 586/539/586 585/537/585
f 574/525/574 585/537/585 573/523/573
f 575/526/575 587/540/587 586/539/586
f 575/526/575 586/539/586 574/525/574
f 576/527/576 588/541/588 587/540/587
f 576/527/576 587/540/587 575/526/575
f 577/528/577 589/542/589 588/543/588
f 577/528/577 588/543/588 576/529/576
f 578/530/578 590/544/590 589/542/589
f 578/530/578 589/542/589 577/528/577
f 579/531/579 591/545/591 590/544/590
f 579/531/579 590/544/590 578/530/578
f 580/532/580 592/546/592 591/545/591
f 580/532/580 591/545/591 579/531/579
f 581/533/581 593/547/593 592/546/592
f 581/533/581 592/546/592 580/532/580
f 582/534/582 594/548/594 593/547/593
f 582/534/582 593/547/593 581/533/581
f 583/535/583 595/549/595 594/548/594
f 583/535/583 594/548/594 582/534/582
f 584/536/584 596/550/596 595/549/595
f 584/536/584 595/549/595 583/535/583
f 585/537/585 597/551/597 608/552/608
f 585/537/585 608/552/608 596/538/596
f 586/539/586 598/553/598 597/551/597
f 586/539/586 597/551/597 585/537/585
f 587/540/587 599/554/599 598/553/598
f 587/540/587 598/553/598 586/539/586
f 588/541/588 600/555/600 599/554/599
f 588/541/588 599/554/599 587/540/587
f 589/542/589 601/556/601 600/557/600
f 589/542/589 600/557/600 588/543/588
f 590/544/590 602/558/602 601/556/601
f 590/544/590 601/556/601 589/542/589
f 591/545/591 603/559/603 602/558/602
f 591/545/591 602/558/602 590/544/590
f 592/546/592 604/560/604 603/559/603
f 592/546/592 603/559/603 591/545/591
f 593/547/593 605/561/605 604/560/604
f 593/547/593 604/560/604 592/546/592
f 594/548/594 606/562/606 605/561/605
f 594/548/594 605/561/605 593/547/593
f 595/549/595 607/563/607 606/562/606
f 595/549/595 606/562/606 594/548/594
f 596/550/596 608/564/608 607/563/607
f 596/550/596 607/563/607 595/549/595
f 597/551/597 609/565/609 620/566/620
f 597/551/597 620/566/620 608/552/608
f 598/553/598 610/567/610 609/565/609
f 598/553/598 609/565/609 597/551/597
f 599/554/599 611/568/611 610/567/610
f 599/554/599 610/567/610 598/553/598
f 600/555/600 612/569/612 611/568/611
f 600/555/600 611/568/611 599/554/599
f 601/556/601 613/570/613 612/571/612
f 601/556/601 612/571/612 600/557/600
f 602/558/602 614/572/614 613/570/613
f 602/558/602 613/570/613 601/556/601
f 603/559/603 615/573/615 614/572/614
f 603/559/603 614/572/614 602/558/602
f 604/560/604 616/574/616 615/573/615
f 604/560/604 615/573/615 603/559/603
f 605/561/605 617/575/617 616/574/616
f 605/561/605 616/574/616 604/560/604
f 606/562/606 618/576/618 617/575/617
f 606/562/606 617/575/617 605/561/605
f 607/563/607 619/577/619 618/576/618
f 607/563/607 618/576/618 606/562/606
f 608/564/608 620/578/620 619/577/619
f 608/564/608 619/577/619 607/563/607
f 609/565/609 621/579/621 632/580/632
f 609/565/609 632/580/632 620/566/620
f 610/567/610 622/581/622 621/579/621
f 610/567/610 621/579/621 609/565/609
f 611/568/611 623/582/623 622/581/622
f 611/568/611 622/581/622 610/567/610
f 612/569/612 624/583/624 623/582/623
f 612/569/612 623/582/623 611/568/611
f 613/570/613 625/584/625 624/585/624
f 613/570/613 624/585/624 612/571/612
f 614/572/614 626/586/626 625/584/625
f 614/572/614 625/584/625 613/570/613
f 615/573/615 627/587/627 626/586/626
f 615/573/615 626/586/626 614/572/614
f 616/574/616 628/588/628 627/587/627
f 616/574/616 627/587/627 615/573/615
f 617/575/617 629/589/629 628/588/628
f 617/575/617 628/588/628 616/574/616
f 618/576/618 630/590/630 629/589/629
f 618/576/618 629/589/629 617/575/617
f 619/577/619 631/591/631 630/590/630
f 619/577/619 630/590/630 618/576/618
f 620/578/620 632/592/632 631/591/631
f 620/578/620 631/591/631 619/577/619
f 621/579/621 633/593/633 644/594/644
f 621/579/621 644/594/644 632/580/632
f 622/581/622 634/595/634 633/593/633
f 622/581/622 633/593/633 621/579/621
f 623/582/623 635/596/635 634/595/634
f 623/582/623 634/595/634 622/581/622
f 624/583/624 636/597/636 635/596/635
f 624/583/624 635/596/635 623/582/623
f 625/584/625 637/598/637 636/599/636
f 625/584/625 636/599/636 624/585/624
f 626/586/626 638/600/638 637/598/637
f 626/586/626 637/598/637 625/584/625
f 627/587/627 639/601/639 638/600/638
f 627/587/627 638/600/638 626/586/626
f 628/588/628 640/602/640 639/601/639
f 628/588/628 639/601/639 627/587/627
f 629/589/629 641/603/641 640/602/640
f 629/589/629 640/602/640 628/588/628
f 630/590/630 642/604/642 641/603/641
f 630/590/630 641/603/641 629/589/629
f 631/591/631 643/605/643 642/604/642
f 631/591/631 642/604/642 630/590/630
f 632/592/632 644/606/644 643/605/643
f 632/592/632 643/605/643 631/591/631
f 633/593/633 645/607/645 656/608/656
f 633/593/633 656/608/656 644/594/644
f 634/595/634 646/609/646 645/607/645
f 634/595/634 645/607/645 633/593/633
f 635/596/635 647/610/647 646/609/646
f 635/596/635 646/609/646 634/595/634
f 636/597/636 648/611/648 647/610/647
f 636/597/636 647/610/647 635/596/635
f 637/598/637 649/612/649 648/613/648
f 637/598/637 648/613/648 636/599/636
f 638/600/638 650/614/650 649/612/649
f 638/600/638 649/612/649 637/598/637
f 639/601/639 651/615/651 650/614/650
f 639/601/639 650/614/650 638/600/638
f 640/602/640 652/616/652 651/615/651
f 640/602/640 651/615/651 639/601/639
f 641/603/641 653/617/653 652/616/652
f 641/603/641 652/616/652 640/602/640
f 642/604/642 654/618/654 653/617/653
f 642/604/642 653/617/653 641/603/641
f 643/605/643 655/619/655 654/618/654
f 643/605/643 654/618/654 642/604/642
f 644/606/644 656/620/656 655/619/655
f 644/606/644 655/619/655 643/605/643
f 645/607/645 657/621/657 668/622/668
f 645/607/645 668/622/668 656/608/656
f 646/609/646 658/623/658 657/621/657
f 646/609/646 657/621/657 645/607/645
f 647/610/647 659/624/659 658/623/658
f 647/610/647 658/623/658 646/609/646
f 648/611/648 660/625/660 659/624/659
f 648/611/648 659/624/659 647/610/647
f 649/612/649 661/626/661 660/627/660
f 649/612/649 660/627/660 648/613/648
f 650/614/650 662/628/662 661/626/661
f 650/614/650 661/626/661 649/612/649
f 651/615/651 663/629/663 662/628/662
f 651/615/651 662/628/662 650/614/650
f 652/616/652 664/630/664 663/629/663
f 652/616/652 663/629/663 651/615/651
f 653/617/653 665/631/665 664/630/664
f 653/617/653 664/630/664 652/616/652
f 654/618/654 666/632/666 665/631/665
f 654/618/654 665/631/665 653/617/653
f 655/619/655 667/633/667 666/632/666
f 655/619/655 666/632/666 654/618/654
f 656/620/656 668/634/668 667/633/667
f 656/620/656 667/633/667 655/619/655
f 657/621/657 669/635/669 680/636/680
f 657/621/657 680/636/680 668/622/668
f 658/623/658 670/637/670 669/635/669
f 658/623/658 669/635/669 657/621/657
f 659/624/659 671/638/671 670/637/670
f 659/624/659 670/637/670 658/623/658
f 660/625/660 672/639/672 671/638/671
f 660/625/660 671/638/671 659/624/659
f 661/626/661 673/640/673 672/641/672
f 661/626/661 672/641/672 660/627/660
f 662/628/662 674/642/674 673/640/673
f 662/628/662 673/640/673 661/626/661
f 663/629/663 675/643/675 674/642/674
f 663/629/663 674/642/674 662/628/662
f 664/630/664 676/644/676 675/643/675
f 664/630/664 675/643/675 663/629/663
f 665/631/665 677/645/677 676/644/676
f 665/631/665 676/644/676 664/630/664
f 666/632/666 678/646/678 677/645/677
f 666/632/666 677/645/677 665/631/665
f 667/633/667 679/647/679 678/646/678
f 667/633/667 678/646/678 666/632/666
f 668/634/668 680/648/680 679/647/679
f 668/634/668 679/647/679 667/633/667
f 669/635/669 681/649/681 692/650/692
f 669/635/669 692/650/692 680/636/680
f 670/637/670 682/651/682 681/649/681
f 670/637/670 681/649/681 669/635/669
f 671/638/671 683/652/683 682/651/682
f 671/638/671 682/651/682 670/637/670
f 672/639/672 684/653/684 683/652/683
f 672/639/672 683/652/683 671/638/671
f 673/640/673 685/654/685 684/655/684
f 673/640/673 684/655/684 672/641/672
f 674/642/674 686/656/686 685/654/685
f 674/642/674 685/654/685 673/640/673
f 675/643/675 687/657/687 686/656/686
f 675/643/675 686/656/686 674/642/674
f 676/644/676 688/658/688 687/657/687
f 676/644/676 687/657/687 675/643/675
f 677/645/677 689/659/689 688/658/688
f 677/645/677 688/658/688 676/644/676
f 678/646/678 690/660/690 689/659/689
f 678/646/678 689/659/689 677/645/677
f 679/647/679 691/661/691 690/660/690
f 679/647/679 690/660/690 678/646/678
f 680/648/680 692/662/692 691/661/691
f 680/648/680 691/661/691 679/647/679
f 681/649/681 693/663/693 704/664/704
f 681/649/681 704/664/704 692/650/692
f 682/651/682 694/665/694 693/663/693
f 682/651/682 693/663/693 681/649/681
f 683/652/683 695/666/695 694/665/694
f 683/652/683 694/665/694 682/651/682
f 684/653/684 696/667/696 695/666/695
f 684/653/684 695/666/695 683/652/683
f 685/668/685 697/669/697 696/667/696
f 685/668/685 696/667/696 684/653/684
f 686/670/686 698/671/698 697/669/697
f 686/670/686 697/669/697 685/668/685
f 687/672/687 699/673/699 698/671/698
f 687/672/687 698/671/698 686/670/686
f 688/658/688 700/674/700 699/675/699
f 688/658/688 699/675/699 687/657/687
f 689/659/689 701/676/701 700/674/700
f 689/659/689 700/674/700 688/658/688
f 690/660/690 702/677/702 701/676/701
f 690/660/690 701/676/701 689/659/689
f 691/661/691 703/678/703 702/677/702
f 691/661/691 702/677/702 690/660/690
f 692/662/692 704/679/704 703/678/703
f 692/662/692 703/678/703 691/661/691
f 693/663/693 705/680/705 716/681/716
f 693/663/693 716/681/716 704/664/704
f 694/665/694 706/682/706 705/680/705
f 694/665/694 705/680/705 693/663/693
f 695/666/695 707/683/707 706/682/706
f 695/666/695 706/682/706 694/665/694
f 696/667/696 708/684/708 707/683/707
f 696/667/696 707/683/707 695/666/695
f 697/669/697 709/685/709 708/684/708
f 697/669/697 708/684/708 696/667/696
f 698/671/698 710/686/710 709/685/709
f 698/671/698 709/685/709 697/669/697
f 699/673/699 711/687/711 710/686/710
f 699/673/699 710/686/710 698/671/698
f 700/674/700 712/688/712 711/689/711
f 700/674/700 711/689/711 699/675/699
f 701/676/701 713/690/713 712/688/712
f 701/676/701 712/688/712 700/674/700
f 702/677/702 714/691/714 713/690/713
f 702/677/702 713/690/713 701/676/701
f 703/678/703 715/692/715 714/691/714
f 703/678/703 714/691/714 702/677/702
f 704/679/704 716/693/716 715/692/715
f 704/679/704 715/692/715 703/678/703
f 705/680/705 717/694/717 728/695/728
f 705/680/705 728/695/728 716/681/716
f 706/682/706 718/696/718 717/694/717
f 706/682/706 717/694/717 705/680/705
f 707/683/707 719/697/719 718/696/718
f 707/683/707 718/696/718 706/682/706
f 708/684/708 720/698/720 719/697/719
f 708/684/708 719/697/719 707/683/707
f 709/685/709 721/699/721 720/698/720
f 709/685/709 720/698/720 708/684/708
f 710/686/710 722/700/722 721/699/721
f 710/686/710 721/699/721 709/685/709
f 711/687/711 723/701/723 722/700/722
f 711/687/711 722/700/722 710/686/710
f 712/688/712 724/702/724 723/703/723
f 712/688/712 723/703/723 711/689/711
f 713/690/713 725/704/725 724/702/724
f 713/690/713 724/702/724 712/688/712
f 714/691/714 726/705/726 725/704/725
f 714/691/714 725/704/725 713/690/713
f 715/692/715 727/706/727 726/705/726
f 715/692/715 726/705/726 714/691/714
f 716/693/716 728/707/728 727/706/727
f 716/693/716 727/706/727 715/692/715
f 717/694/717 729/708/729 740/709/740
f 717/694/717 740/709/740 728/695/728
f 718/696/718 730/710/730 729/708/729
f 718/696/718 729/708/729 717/694/717
f 719/697/719 731/711/731 730/710/730
f 719/697/719 730/710/730 718/696/718
f 720/698/720 732/712/732 731/711/731
f 720/698/720 731/711/731 719/697/719
f 721/699/721 733/713/733 732/712/732
f 721/699/721 732/712/732 720/698/720
f 722/700/722 734/714/734 733/713/733
f 722/700/722 733/713/733 721/699/721
f 723/701/723 735/715/735 734/714/734
f 723/701/723 734/714/734 722/700/722
f 724/702/724 736/716/736 735/717/735
f 724/702/724 735/717/735 723/703/723
f 725/704/725 737/718/737 736/716/736
f 725/704/725 736/716/736 724/702/724
f 726/705/726 738/719/738 737/718/737
f 726/705/726 737/718/737 725/704/725
f 727/706/727 739/720/739 738/719/738
f 727/706/727 738/719/738 726/705/726
f 728/707/728 740/721/740 739/720/739
f 728/707/728 739/720/739 727/706/727
f 729/708/729 741/722/741 752/723/752
f 729/708/729 752/723/752 740/709/740
f 730/710/730 742/724/742 741/722/741
f 730/710/730 741/722/741 729/708/729
f 731/711/731 743/725/743 742/724/742
f 731/711/731 742/724/742 730/710/730
f 732/712/732 744/726/744 743/725/743
f 732/712/732 743/725/743 731/711/731
f 733/713/733 745/727/745 744/726/744
f 733/713/733 744/726/744 732/712/732
f 734/714/734 746/728/746 745/727/745
f 734/714/734 745/727/745 733/713/733
f 735/715/735 747/729/747 746/728/746
f 735/715/735 746/728/746 734/714/734
f 736/716/736 748/730/748 747/731/747
f 736/716/736 747/731/747 735/717/735
f 737/718/737 749/732/749 748/730/748
f 737/718/737 748/730/748 736/716/736
f 738/719/738 750/733/750 749/732/749
f 738/719/738 749/732/749 737/718/737
f 739/720/739 751/734/751 750/733/750
f 739/720/739 750/733/750 738/719/738
f 740/721/740 752/735/752 751/734/751
f 740/721/740 751/734/751 739/720/739
f 741/722/741 753/736/753 764/737/764
f 741/722/741 764/737/764 752/723/752
f 742/724/742 754/738/754 753/736/753
f 742/724/742 753/736/753 741/722/741
f 743/725/743 755/739/755 754/738/754
f 743/725/743 754/738/754 742/724/742
f 744/726/744 756/740/756 755/739/755
f 744/726/744 755/739/755 743/725/743
f 745/727/745 757/741/757 756/740/756
f 745/727/745 756/740/756 744/726/744
f 746/728/746 758/742/758 757/741/757
f 746/728/746 757/741/757 745/727/745
f 747/729/747 759/743/759 758/742/758
f 747/729/747 758/742/758 746/728/746
f 748/730/748 760/744/760 759/745/759
f 748/730/748 759/745/759 747/731/747
f 749/732/749 761/746/761 760/744/760
f 749/732/749 760/744/760 748/730/748
f 750/733/750 762/747/762 761/746/761
f 750/733/750 761/746/761 749/732/749
f 751/734/751 763/748/763 762/747/762
f 751/734/751 762/747/762 750/733/750
f 752/735/752 764/749/764 763/748/763
f 752/735/752 763/748/763 751/734/751
f 753/736/753 765/750/765 776/751/776
f 753/736/753 776/751/776 764/737/764
f 754/738/754 766/752/766 765/750/765
f 754/738/754 765/750/765 753/736/753
f 755/739/755 767/753/767 766/752/766
f 755/739/755 766/752/766 754/738/754
f 756/740/756 768/754/768 767/753/767
f 756/740/756 767/753/767 755/739/755
f 757/741/757 769/755/769 768/754/768
f 757/741/757 768/754/768 756/740/756
f 758/742/758 770/756/770 769/755/769
f 758/742/758 769/755/769 757/741/757
f 759/743/759 771/757/771 770/756/770
f 759/743/759 770/756/770 758/742/758
f 760/744/760 772/758/772 771/759/771
f 760/744/760 771/759/771 759/745/759
f 761/746/761 773/760/773 772/758/772
f 761/746/761 772/758/772 760/744/760
f 762/747/762 774/761/774 773/760/773
f 762/747/762 773/760/773 761/746/761
f 763/748/763 775/762/775 774/761/774
f 763/748/763 774/761/774 762/747/762
f 764/749/764 776/763/776 775/762/775
f 764/749/764 775/762/775 763/748/763
f 765/750/765 777/764/777 788/765/788
f 765/750/765 788/765/788 776/751/776
f 766/752/766 778/766/778 777/764/777
f 766/752/766 777/764/777 765/750/765
f 767/753/767 779/767/779 778/766/778
f 767/753/767 778/766/778 766/752/766
f 768/754/768 780/768/780 779/767/779
f 768/754/768 779/767/779 767/753/767
f 769/755/769 781/769/781 780/768/780
f 769/755/769 780/768/780 768/754/768
f 770/756/770 782/770/782 781/769/781
f 770/756/770 781/769/781 769/755/769
f 771/757/771 783/771/783 782/770/782
f 771/757/771 782/770/782 770/756/770
f 772/758/772 784/772/784 783/773/783
f 772/758/772 783/773/783 771/759/771
f 773/760/773 785/774/785 784/772/784
f 773/760/773 784/772/784 772/758/772
f 774/761/774 786/775/786 785/774/785
f 774/761/774 785/774/785 773/760/773
f 775/762/775 787/776/787 786/775/786
f 775/762/775 786/775/786 774/761/774
f 776/763/776 788/777/788 787/776/787
f 776/763/776 787/776/787 775/762/775
f 777/764/777 789/778/789 800/779/800
f 777/764/777 800/779/800 788/765/788
f 778/766/778 790/780/790 789/778/789
f 778/766/778 789/778/789 777/764/777
f 779/767/779 791/781/791 790/780/790
f 779/767/779 790/780/790 778/766/778
f 780/768/780 792/782/792 791/781/791
f 780/768/780 791/781/791 779/767/779
f 781/769/781 793/783/793 792/782/792
f 781/769/781 792/782/792 780/768/780
f 782/770/782 794/784/794 793/783/793
f 782/770/782 793/783/793 781/769/781
f 783/771/783 795/785/795 794/784/794
f 783/771/783 794/784/794 782/770/782
f 784/772/784 796/786/796 795/787/795
f 784/772/784 795/787/795 783/773/783
f 785/774/785 797/788/797 796/786/796
f 785/774/785 796/786/796 784/772/784
f 786/775/786 798/789/798 797/788/797
f 786/775/786 797/788/797 785/774/785
f 787/776/787 799/790/799 798/789/798
f 787/776/787 798/789/798 786/775/786
f 788/777/788 800/791/800 799/790/799
f 788/777/788 799/790/799 787/776/787
f 789/778/789 801/792/801 812/793/812
f 789/778/789 812/793/812 800/779/800
f 790/780/790 802/794/802 801/792/801
f 790/780/790 801/792/801 789/778/789
f 791/781/791 803/795/803 802/794/802
f 791/781/791 802/794/802 790/780/790
f 792/782/792 804/796/804 803/795/803
f 792/782/792 803/795/803 791/781/791
f 793/783/793 805/797/805 804/796/804
f 793/783/793 804/796/804 792/782/792
f 794/784/794 806/798/806 805/797/805
f 794/784/794 805/797/805 793/783/793
f 795/785/795 807/799/807 806/798/806
f 795/785/795 806/798/806 794/784/794
f 796/786/796 808/800/808 807/801/807
f 796/786/796 807/801/807 795/787/795
f 797/788/797 809/802/809 808/800/808
f 797/788/797 808/800/808 796/786/796
f 798/789/798 810/803/810 809/802/809
f 798/789/798 809/802/809 797/788/797
f 799/790/799 811/804/811 810/803/810
f 799/790/799 810/803/810 798/789/798
f 800/791/800 812/805/812 811/804/811
f 800/791/800 811/804/811 799/790/799
f 801/792/801 813/806/813 824/807/824
f 801/792/801 824/807/824 812/793/812
f 802/794/802 814/808/814 813/806/813
f 802/794/802 813/806/813 801/792/801
f 803/795/803 815/809/815 814/808/814
f 803/795/803 814/808/814 802/794/802
f 804/796/804 816/810/816 815/809/815
f 804/796/804 815/809/815 803/795/803
f 805/797/805 817/811/817 816/810/816
f 805/797/805 816/810/816 804/796/804
f 806/798/806 818/812/818 817/811/817
f 806/798/806 817/811/817 805/797/805
f 807/799/807 819/813/819 818/812/818
f 807/799/807 818/812/818 806/798/806
f 808/800/808 820/814/820 819/815/819
f 808/800/808 819/815/819 807/801/807
f 809/802/809 821/816/821 820/814/820
f 809/802/809 820/814/820 808/800/808
f 810/803/810 822/817/822 821/816/821
f 810/803/810 821/816/821 809/802/809
f 811/804/811 823/818/823 822/817/822
f 811/804/811 822/817/822 810/803/810
f 812/805/812 824/819/824 823/818/823
f 812/805/812 823/818/823 811/804/811
f 813/806/813 825/820/825 836/821/836
f 813/806/813 836/821/836 824/807/824
f 814/808/814 826/822/826 825/820/825
f 814/808/814 825/820/825 813/806/813
f 815/809/815 827/823/827 826/822/826
f 815/809/815 826/822/826 814/808/814
f 816/810/816 828/824/828 827/823/827
f 816/810/816 827/823/827 815/809/815
f 817/811/817 829/825/829 828/824/828
f 817/811/817 828/824/828 816/810/816
f 818/812/818 830/826/830 829/825/829
f 818/812/818 829/825/829 817/811/817
f 819/813/819 831/827/831 830/826/830
f 819/813/819 830/826/830 818/812/818
f 820/814/820 832/828/832 831/829/831
f 820/814/820 831/829/831 819/815/819
f 821/816/821 833/830/833 832/828/832
f 821/816/821 832/828/832 820/814/820
f 822/817/822 834/831/834 833/830/833
f 822/817/822 833/830/833 821/816/821
f 823/818/823 835/832/835 834/831/834
f 823/818/823 834/831/834 822/817/822
f 824/819/824 836/833/836 835/832/835
f 824/819/824 835/832/835 823/818/823
f 825/820/825 837/834/837 848/835/848
f 825/820/825 848/835/848 836/821/836
f 826/822/826 838/836/838 837/834/837
f 826/822/826 837/834/837 825/820/825
f 827/823/827 839/837/839 838/836/838
f 827/823/827 838/836/838 826/822/826
f 828/824/828 840/838/840 839/837/839
f 828/824/828 839/837/839 827/823/827
f 829/825/829 841/839/841 840/838/840
f 829/825/829 840/838/840 828/824/828
f 830/826/830 842/840/842 841/839/841
f 830/826/830 841/839/841 829/825/829
f 831/827/831 843/841/843 842/840/842
f 831/827/831 842/840/842 830/826/830
f 832/828/832 844/842/844 843/843/843
f 832/828/832 843/843/843 831/829/831
f 833/830/833 845/844/845 844/842/844
f 833/830/833 844/842/844 832/828/832
f 834/831/834 846/845/846 845/844/845
f 834/831/834 845/844/845 833/830/833
f 835/832/835 847/846/847 846/845/846
f 835/832/835 846/845/846 834/831/834
f 836/833/836 848/847/848 847/846/847
f 836/833/836 847/846/847 835/832/835
f 837/834/837 849/848/849 860/849/860
f 837/834/837 860/849/860 848/835/848
f 838/836/838 850/850/850 849/848/849
f 838/836/838 849/848/849 837/834/837
f 839/837/839 851/851/851 850/850/850
f 839/837/839 850/850/850 838/836/838
f 840/838/840 852/852/852 851/851/851
f 840/838/840 851/851/851 839/837/839
f 841/839/841 853/853/853 852/852/852
f 841/839/841 852/852/852 840/838/840
f 842/840/842 854/854/854 853/853/853
f 842/840/842 853/853/853 841/839/841
f 843/841/843 855/855/855 854/854/854
f 843/841/843 854/854/854 842/840/842
f 844/842/844 856/856/856 855/857/855
f 844/842/844 855/857/855 843/843/843
f 845/844/845 857/858/857 856/856/856
f 845/844/845 856/856/856 844/842/844
f 846/845/846 858/859/858 857/858/857
f 846/845/846 857/858/857 845/844/845
f 847/846/847 859/860/859 858/859/858
f 847/846/847 858/859/858 846/845/846
f 848/847/848 860/861/860 859/860/859
f 848/847/848 859/860/859 847/846/847
f 849/848/849 861/862/861 872/863/872
f 849/848/849 872/863/872 860/849/860
f 850/850/850 862/864/862 861/862/861
f 850/850/850 861/862/861 849/848/849
f 851/851/851 863/865/863 862/864/862
f 851/851/851 862/864/862 850/850/850
f 852/852/852 864/866/864 863/865/863
f 852/852/852 863/865/863 851/851/851
f 853/853/853 865/867/865 864/866/864
f 853/853/853 864/866/864 852/852/852
f 854/854/854 866/868/866 865/867/865
f 854/854/854 865/867/865 853/853/853
f 855/855/855 867/869/867 866/868/866
f 855/855/855 866/868/866 854/854/854
f 856/856/856 868/870/868 867/871/867
f 856/856/856 867/871/867 855/857/855
f 857/858/857 869/872/869 868/870/868
f 857/858/857 868/870/868 856/856/856
f 858/859/858 870/873/870 869/872/869
f 858/859/858 869/872/869 857/858/857
f 859/860/859 871/874/871 870/873/870
f 859/860/859 870/873/870 858/859/858
f 860/861/860 872/875/872 871/874/871
f 860/861/860 871/874/871 859/860/859
f 861/862/861 873/876/873 884/877/884
f 861/862/861 884/877/884 872/863/872
f 862/864/862 874/878/874 873/876/873
f 862/864/862 873/876/873 861/862/861
f 863/865/863 875/879/875 874/878/874
f 863/865/863 874/878/874 862/864/862
f 864/866/864 876/880/876 875/879/875
f 864/866/864 875/879/875 863/865/863
f 865/867/865 877/881/877 876/880/876
f 865/867/865 876/880/876 864/866/864
f 866/868/866 878/882/878 877/881/877
f 866/868/866 877/881/877 865/867/865
f 867/869/867 879/883/879 878/882/878
f 867/869/867 878/882/878 866/868/866
f 868/870/868 880/884/880 879/885/879
f 868/870/868 879/885/879 867/871/867
f 869/872/869 881/886/881 880/884/880
f 869/872/869 880/884/880 868/870/868
f 870/873/870 882/887/882 881/886/881
f 870/873/870 881/886/881 869/872/869
f 871/874/871 883/888/883 882/887/882
f 871/874/871 882/887/882 870/873/870
f 872/875/872 884/889/884 883/888/883
f 872/875/872 883/888/883 871/874/871
f 873/876/873 885/890/885 896/891/896
f 873/876/873 896/891/896 884/877/884
f 874/878/874 886/892/886 885/890/885
f 874/878/874 885/890/885 873/876/873
f 875/879/875 887/893/887 886/892/886
f 875/879/875 886/892/886 874/878/874
f 876/880/876 888/894/888 887/893/887
f 876/880/876 887/893/887 875/879/875
f 877/881/877 889/895/889 888/894/888
f 877/881/877 888/894/888 876/880/876
f 878/882/878 890/896/890 889/895/889
f 878/882/878 889/895/889 877/881/877
f 879/883/879 891/897/891 890/896/890
f 879/883/879 890/896/890 878/882/878
f 880/884/880 892/898/892 891/899/891
f 880/884/880 891/899/891 879/885/879
f 881/886/881 893/900/893 892/898/892
f 881/886/881 892/898/892 880/884/880
f 882/887/882 894/901/894 893/900/893
f 882/887/882 893/900/893 881/886/881
f 883/888/883 895/902/895 894/901/894
f 883/888/883 894/901/894 882/887/882
f 884/889/884 896/903/896 895/902/895
f 884/889/884 895/902/895 883/888/883
f 885/890/885 897/904/897 908/905/908
f 885/890/885 908/905/908 896/891/896
f 886/892/886 898/906/898 897/904/897
f 886/892/886 897/904/897 885/890/885
f 887/893/887 899/907/899 898/906/898
f 887/893/887 898/906/898 886/892/886
f 888/894/888 900/908/900 899/907/899
f 888/894/888 899/907/899 887/893/887
f 889/895/889 901/909/901 900/908/900
f 889/895/889 900/908/900 888/894/888
f 890/896/890 902/910/902 901/909/901
f 890/896/890 901/909/901 889/895/889
f 891/897/891 903/911/903 902/910/902
f 891/897/891 902/910/902 890/896/890
f 892/898/892 904/912/904 903/913/903
f 892/898/892 903/913/903 891/899/891
f 893/900/893 905/914/905 904/912/904
f 893/900/893 904/912/904 892/898/892
f 894/901/894 906/915/906 905/914/905
f 894/901/894 905/914/905 893/900/893
f 895/902/895 907/916/907 906/915/906
f 895/902/895 906/915/906 894/901/894
f 896/903/896 908/917/908 907/916/907
f 896/903/896 907/916/907 895/902/895
f 897/904/897 909/918/909 920/919/920
f 897/904/897 920/919/920 908/905/908
f 898/906/898 910/920/910 909/918/909
f 898/906/898 909/918/909 897/904/897
f 899/907/899 911/921/911 910/920/910
f 899/907/899 910/920/910 898/906/898
f 900/908/900 912/922/912 911/921/911
f 900/908/900 911/921/911 899/907/899
f 901/909/901 913/923/913 912/922/912
f 901/909/901 912/922/912 900/908/900
f 902/910/902 914/924/914 913/923/913
f 902/910/902 913/923/913 901/909/901
f 903/911/903 915/925/915 914/924/914
f 903/911/903 914/924/914 902/910/902
f 904/912/904 916/926/916 915/927/915
f 904/912/904 915/927/915 903/913/903
f 905/914/905 917/928/917 916/926/916
f 905/914/905 916/926/916 904/912/904
f 906/915/906 918/929/918 917/928/917
f 906/915/906 917/928/917 905/914/905
f 907/916/907 919/930/919 918/929/918
f 907/916/907 918/929/918 906/915/906
f 908/917/908 920/931/920 919/930/919
f 908/917/908 919/930/919 907/916/907
f 909/918/909 921/932/921 932/933/932
f 909/918/909 932/933/932 920/919/920
f 910/920/910 922/934/922 921/932/921
f 910/920/910 921/932/921 909/918/909
f 911/921/911 923/935/923 922/934/922
f 911/921/911 922/934/922 910/920/910
f 912/922/912 924/936/924 923/935/923
f 912/922/912 923/935/923 911/921/911
f 913/923/913 925/937/925 924/936/924
f 913/923/913 924/936/924 912/922/912
f 914/924/914 926/938/926 925/937/925
f 914/924/914 925/937/925 913/923/913
f 915/925/915 927/939/927 926/938/926
f 915/925/915 926/938/926 914/924/914
f 916/926/916 928/940/928 927/941/927
f 916/926/916 927/941/927 915/927/915
f 917/928/917 929/942/929 928/940/928
f 917/928/917 928/940/928 916/926/916
f 918/929/918 930/943/930 929/942/929
f 918/929/918 929/942/929 917/928/917
f 919/930/919 931/944/931 930/943/930
f 919/930/919 930/943/930 918/929/918
f 920/931/920 932/945/932 931/944/931
f 920/931/920 931/944/931 919/930/919
f 921/932/921 933/946/933 944/947/944
f 921/932/921 944/947/944 932/933/932
f 922/934/922 934/948/934 933/946/933
f 922/934/922 933/946/933 921/932/921
f 923/935/923 935/949/935 934/948/934
f 923/935/923 934/948/934 922/934/922
f 924/936/924 936/950/936 935/949/935
f 924/936/924 935/949/935 923/935/923
f 925/937/925 937/951/937 936/950/936
f 925/937/925 936/950/936 924/936/924
f 926/938/926 938/952/938 937/951/937
f 926/938/926 937/951/937 925/937/925
f 927/939/927 939/953/939 938/952/938
f 927/939/927 938/952/938 926/938/926
f 928/940/928 940/954/940 939/955/939
f 928/940/928 939/955/939 927/941/927
f 929/942/929 941/956/941 940/954/940
f 929/942/929 940/954/940 928/940/928
f 930/943/930 942/957/942 941/956/941
f 930/943/930 941/956/941 929/942/929
f 931/944/931 943/958/943 942/957/942
f 931/944/931 942/957/942 930/943/930
f 932/945/932 944/959/944 943/958/943
f 932/945/932 943/958/943 931/944/931
f 933/960/933 945/961/945 956/962/956
f 933/960/933 956/962/956 944/959/944
f 934/948/934 946/963/946 945/964/945
f 934/948/934 945/964/945 933/946/933
f 935/949/935 947/965/947 946/963/946
f 935/949/935 946/963/946 934/948/934
f 936/950/936 948/966/948 947/965/947
f 936/950/936 947/965/947 935/949/935
f 937/951/937 949/967/949 948/966/948
f 937/951/937 948/966/948 936/950/936
f 938/952/938 950/968/950 949/967/949
f 938/952/938 949/967/949 937/951/937
f 939/953/939 951/969/951 950/968/950
f 939/953/939 950/968/950 938/952/938
f 940/954/940 952/970/952 951/971/951
f 940/954/940 951/971/951 939/955/939
f 941/956/941 953/972/953 952/970/952
f 941/956/941 952/970/952 940/954/940
f 942/957/942 954/973/954 953/972/953
f 942/957/942 953/972/953 941/956/941
f 943/958/943 955/974/955 954/973/954
f 943/958/943 954/973/954 942/957/942
f 944/959/944 956/962/956 955/974/955
f 944/959/944 955/974/955 943/958/943
f 945/961/945 957/975/957 968/976/968
f 945/961/945 968/976/968 956/962/956
f 946/977/946 958/978/958 957/975/957
f 946/977/946 957/975/957 945/961/945
f 947/979/947 959/980/959 958/978/958
f 947/979/947 958/978/958 946/977/946
f 948/981/948 960/982/960 959/980/959
f 948/981/948 959/980/959 947/979/947
f 949/983/949 961/984/961 960/982/960
f 949/983/949 960/982/960 948/981/948
f 950/985/950 962/986/962 961/984/961
f 950/985/950 961/984/961 949/983/949
f 951/971/951 963/987/963 962/986/962
f 951/971/951 962/986/962 950/985/950
f 952/970/952 964/988/964 963/987/963
f 952/970/952 963/987/963 951/971/951
f 953/972/953 965/989/965 964/988/964
f 953/972/953 964/988/964 952/970/952
f 954/973/954 966/990/966 965/989/965
f 954/973/954 965/989/965 953/972/953
f 955/974/955 967/991/967 966/990/966
f 955/974/955 966/990/966 954/973/954
f 956/962/956 968/976/968 967/991/967
f 956/962/956 967/991/967 955/974/955
f 957/975/957 969/992/969 980/993/980
f 957/975/957 980/993/980 968/976/968
f 958/978/958 970/994/970 969/992/969
f 958/978/958 969/992/969 957/975/957
f 959/980/959 971/995/971 970/994/970
f 959/980/959 970/994/970 958/978/958
f 960/982/960 972/996/972 971/995/971
f 960/982/960 971/995/971 959/980/959
f 961/984/961 973/997/973 972/996/972
f 961/984/961 972/996/972 960/982/960
f 962/986/962 974/998/974 973/997/973
f 962/986/962 973/997/973 961/984/961
f 963/987/963 975/999/975 974/998/974
f 963/987/963 974/998/974 962/986/962
f 964/988/964 976/1000/976 975/999/975
f 964/988/964 975/999/975 963/987/963
f 965/989/965 977/1001/977 976/1000/976
f 965/989/965 976/1000/976 964/988/964
f 966/990/966 978/1002/978 977/1001/977
f 966/990/966 977/1001/977 965/989/965
f 967/991/967 979/1003/979 978/1002/978
f 967/991/967 978/1002/978 966/990/966
f 968/976/968 980/993/980 979/1003/979
f 968/976/968 979/1003/979 967/991/967
f 969/992/969 981/1004/981 992/1005/992
f 969/992/969 992/1005/992 980/993/980
f 970/994/970 982/1006/982 981/1004/981
f 970/994/970 981/1004/981 969/992/969
f 971/995/971 983/1007/983 982/1006/982
f 971/995/971 982/1006/982 970/994/970
f 972/996/972 984/1008/984 983/1007/983
f 972/996/972 983/1007/983 971/995/971
f 973/997/973 985/1009/985 984/1008/984
f 973/997/973 984/1008/984 972/996/972
f 974/998/974 986/1010/986 985/1009/985
f 974/998/974 985/1009/985 973/997/973
f 975/999/975 987/1011/987 986/1010/986
f 975/999/975 986/1010/986 974/998/974
f 976/1000/976 988/1012/988 987/1011/987
f 976/1000/976 987/1011/987 975/999/975
f 977/1001/977 989/1013/989 988/1012/988
f 977/1001/977 988/1012/988 976/1000/976
f 978/1002/978 990/1014/990 989/1013/989
f 978/1002/978 989/1013/989 977/1001/977
f 979/1003/979 991/1015/991 990/1014/990
f 979/1003/979 990/1014/990 978/1002/978
f 980/993/980 992/1005/992 991/1015/991
f 980/993/980 991/1015/991 979/1003/979
f 981/1004/981 993/1016/993 1004/1017/1004
f 981/1004/981 1004/1017/1004 992/1005/992
f 982/1006/982 994/1018/994 993/1016/993
f 982/1006/982 993/1016/993 981/1004/981
f 983/1007/983 995/1019/995 994/1018/994
f 983/1007/983 994/1018/994 982/1006/982
f 984/1008/984 996/1020/996 995/1019/995
f 984/1008/984 995/1019/995 983/1007/983
f 985/1009/985 997/1021/997 996/1020/996
f 985/1009/985 996/1020/996 984/1008/984
f 986/1010/986 998/1022/998 997/1021/997
f 986/1010/986 997/1021/997 985/1009/985
f 987/1011/987 999/1023/999 998/1022/998
f 987/1011/987 998/1022/998 986/1010/986
f 988/1012/988 1000/1024/1000 999/1023/999
f 988/1012/988 999/1023/999 987/1011/987
f 989/1013/989 1001/1025/1001 1000/1024/1000
f 989/1013/989 1000/1024/1000 988/1012/988
f 990/1014/990 1002/1026/1002 1001/1025/1001
f 990/1014/990 1001/1025/1001 989/1013/989
f 991/1015/991 1003/1027/1003 1002/1026/1002
f 991/1015/991 1002/1026/1002 990/1014/990
f 992/1005/992 1004/1017/1004 1003/1027/1003
f 992/1005/992 1003/1027/1003 991/1015/991
f 993/1016/993 1005/1028/1005 1016/1029/1016
f 993/1016/993 1016/1029/1016 1004/1017/1004
f 994/1018/994 1006/1030/1006 1005/1028/1005
f 994/1018/994 1005/1028/1005 993/1016/993
f 995/1019/995 1007/1031/1007 1006/1030/1006
f 995/1019/995 1006/1030/1006 994/1018/994
f 996/1020/996 1008/1032/1008 1007/1031/1007
f 996/1020/996 1007/1031/1007 995/1019/995
f 997/1021/997 1009/1033/1009 1008/1032/1008
f 997/1021/997 1008/1032/1008 996/1020/996
f 998/1022/998 1010/1034/1010 1009/1033/1009
f 998/1022/998 1009/1033/1009 997/1021/997
f 999/1023/999 1011/1035/1011 1010/1034/1010
f 999/1023/999 1010/1034/1010 998/1022/998
f 1000/1024/1000 1012/1036/1012 1011/1035/1011
f 1000/1024/1000 1011/1035/1011 999/1023/999
f 1001/1025/1001 1013/1037/1013 1012/1036/1012
f 1001/1025/1001 1012/1036/1012 1000/1024/1000
f 1002/1026/1002 1014/1038/1014 1013/1037/1013
f 1002/1026/1002 1013/1037/1013 1001/1025/1001
f 1003/1027/1003 1015/1039/1015 1014/1038/1014
f 1003/1027/1003 1014/1038/1014 1002/1026/1002
f 1004/1017/1004 1016/1029/1016 1015/1039/1015
f 1004/1017/1004 1015/1039/1015 1003/1027/1003
f 1005/1028/1005 1017/1040/1017 1028/1041/1028
f 1005/1028/1005 1028/1041/1028 1016/1029/1016
f 1006/1030/1006 1018/1042/1018 1017/1040/1017
f 1006/1030/1006 1017/1040/1017 1005/1028/1005
f 1007/1031/1007 1019/1043/1019 1018/1042/1018
f 1007/1031/1007 1018/1042/1018 1006/1030/1006
f 1008/1032/1008 1020/1044/1020 1019/1043/1019
f 1008/1032/1008 1019/1043/1019 1007/1031/1007
f 1009/1033/1009 1021/1045/1021 1020/1044/1020
f 1009/1033/1009 1020/1044/1020 1008/1032/1008
f 1010/1034/1010 1022/1046/1022 1021/1045/1021
f 1010/1034/1010 1021/1045/1021 1009/1033/1009
f 1011/1035/1011 1023/1047/1023 1022/1046/1022
f 1011/1035/1011 1022/1046/1022 1010/1034/1010
f 1012/1036/1012 1024/1048/1024 1023/1047/1023
f 1012/1036/1012 1023/1047/1023 1011/1035/1011
f 1013/1037/1013 1025/1049/1025 1024/1048/1024
f 1013/1037/1013 1024/1048/1024 1012/1036/1012
f 1014/1038/1014 1026/1050/1026 1025/1049/1025
f 1014/1038/1014 1025/1049/1025 1013/1037/1013
f 1015/1039/1015 1027/1051/1027 1026/1050/1026
f 1015/1039/1015 1026/1050/1026 1014/1038/1014
f 1016/1029/1016 1028/1041/1028 1027/1051/1027
f 1016/1029/1016 1027/1051/1027 1015/1039/1015
f 1017/1040/1017 1029/1052/1029 1040/1053/1040
f 1017/1040/1017 1040/1053/1040 1028/1041/1028
f 1018/1042/1018 1030/1054/1030 1029/1052/1029
f 1018/1042/1018 1029/1052/1029 1017/1040/1017
f 1019/1043/1019 1031/1055/1031 1030/1054/1030
f 1019/1043/1019 1030/1054/1030 1018/1042/1018
f 1020/1044/1020 1032/1056/1032 1031/1055/1031
f 1020/1044/1020 1031/1055/1031 1019/1043/1019
f 1021/1045/1021 1033/1057/1033 1032/1056/1032
f 1021/1045/1021 1032/1056/1032 1020/1044/1020
f 1022/1046/1022 1034/1058/1034 1033/1057/1033
f 1022/1046/1022 1033/1057/1033 1021/1045/1021
f 1023/1047/1023 1035/1059/1035 1034/1058/1034
f 1023/1047/1023 1034/1058/1034 1022/1046/1022
f 1024/1048/1024 1036/1060/1036 1035/1059/1035
f 1024/1048/1024 1035/1059/1035 1023/1047/1023
f 1025/1049/1025 1037/1061/1037 1036/1060/1036
f 1025/1049/1025 1036/1060/1036 1024/1048/1024
f 1026/1050/1026 1038/1062/1038 1037/1061/1037
f 1026/1050/1026 1037/1061/1037 1025/1049/1025
f 1027/1051/1027 1039/1063/1039 1038/1062/1038
f 1027/1051/1027 1038/1062/1038 1026/1050/1026
f 1028/1041/1028 1040/1053/1040 1039/1063/1039
f 1028/1041/1028 1039/1063/1039 1027/1051/1027
f 1029/1052/1029 1041/1064/1041 1052/1065/1052
f 1029/1052/1029 1052/1065/1052 1040/1053/1040
f 1030/1054/1030 1042/1066/1042 1041/1064/1041
f 1030/1054/1030 1041/1064/1041 1029/1052/1029
f 1031/1055/1031 1043/1067/1043 1042/1066/1042
f 1031/1055/1031 1042/1066/1042 1030/1054/1030
f 1032/1056/1032 1044/1068/1044 1043/1067/1043
f 1032/1056/1032 1043/1067/1043 1031/1055/1031
f 1033/1057/1033 1045/1069/1045 1044/1068/1044
f 1033/1057/1033 1044/1068/1044 1032/1056/1032
f 1034/1058/1034 1046/1070/1046 1045/1069/1045
f 1034/1058/1034 1045/1069/1045 1033/1057/1033
f 1035/1059/1035 1047/1071/1047 1046/1070/1046
f 1035/1059/1035 1046/1070/1046 1034/1058/1034
f 1036/1060/1036 1048/1072/1048 1047/1071/1047
f 1036/1060/1036 1047/1071/1047 1035/1059/1035
f 1037/1061/1037 1049/1073/1049 1048/1072/1048
f 1037/1061/1037 1048/1072/1048 1036/1060/1036
f 1038/1062/1038 1050/1074/1050 1049/1073/1049
f 1038/1062/1038 1049/1073/1049 1037/1061/1037
f 1039/1063/1039 1051/1075/1051 1050/1074/1050
f 1039/1063/1039 1050/1074/1050 1038/1062/1038
f 1040/1053/1040 1052/1065/1052 1051/1075/1051
f 1040/1053/1040 1051/1075/1051 1039/1063/1039
f 1041/1064/1041 1053/1076/1053 1064/1077/1064
f 1041/1064/1041 1064/1077/1064 1052/1065/1052
f 1042/1066/1042 1054/1078/1054 1053/1076/1053
f 1042/1066/1042 1053/1076/1053 1041/1064/1041
f 1043/1067/1043 1055/1079/1055 1054/1078/1054
f 1043/1067/1043 1054/1078/1054 1042/1066/1042
f 1044/1068/1044 1056/1080/1056 1055/1079/1055
f 1044/1068/1044 1055/1079/1055 1043/1067/1043
f 1045/1069/1045 1057/1081/1057 1056/1080/1056
f 1045/1069/1045 1056/1080/1056 1044/1068/1044
f 1046/1070/1046 1058/1082/1058 1057/1081/1057
f 1046/1070/1046 1057/1081/1057 1045/1069/1045
f 1047/1071/1047 1059/1083/1059 1058/1082/1058
f 1047/1071/1047 1058/1082/1058 1046/1070/1046
f 1048/1072/1048 1060/1084/1060 1059/1083/1059
f 1048/1072/1048 1059/1083/1059 1047/1071/1047
f 1049/1073/1049 1061/1085/1061 1060/1084/1060
f 1049/1073/1049 1060/1084/1060 1048/1072/1048
f 1050/1074/1050 1062/1086/1062 1061/1085/1061
f 1050/1074/1050 1061/1085/1061 1049/1073/1049
f 1051/1075/1051 1063/1087/1063 1062/1086/1062
f 1051/1075/1051 1062/1086/1062 1050/1074/1050
f 1052/1065/1052 1064/1077/1064 1063/1087/1063
f 1052/1065/1052 1063/1087/1063 1051/1075/1051
f 1053/1076/1053 1065/1088/1065 1076/1089/1076
f 1053/1076/1053 1076/1089/1076 1064/1077/1064
f 1054/1078/1054 1066/1090/1066 1065/1088/1065
f 1054/1078/1054 1065/1088/1065 1053/1076/1053
f 1055/1079/1055 1067/1091/1067 1066/1090/1066
f 1055/1079/1055 1066/1090/1066 1054/1078/1054
f 1056/1080/1056 1068/1092/1068 1067/1091/1067
f 1056/1080/1056 1067/1091/1067 1055/1079/1055
f 1057/1081/1057 1069/1093/1069 1068/1092/1068
f 1057/1081/1057 1068/1092/1068 1056/1080/1056
f 1058/1082/1058 1070/1094/1070 1069/1093/1069
f 1058/1082/1058 1069/1093/1069 1057/1081/1057
f 1059/1083/1059 1071/1095/1071 1070/1094/1070
f 1059/1083/1059 1070/1094/1070 1058/1082/1058
f 1060/1084/1060 1072/1096/1072 1071/1095/1071
f 1060/1084/1060 1071/1095/1071 1059/1083/1059
f 1061/1085/1061 1073/1097/1073 1072/1096/1072
f 1061/1085/1061 1072/1096/1072 1060/1084/1060
f 1062/1086/1062 1074/1098/1074 1073/1097/1073
f 1062/1086/1062 1073/1097/1073 1061/1085/1061
f 1063/1087/1063 1075/1099/1075 1074/1098/1074
f 1063/1087/1063 1074/1098/1074 1062/1086/1062
f 1064/1077/1064 1076/1089/1076 1075/1099/1075
f 1064/1077/1064 1075/1099/1075 1063/1087/1063
f 1065/1088/1065 1077/1100/1077 1088/1101/1088
f 1065/1088/1065 1088/1101/1088 1076/1089/1076
f 1066/1090/1066 1078/1102/1078 1077/1100/1077
f 1066/1090/1066 1077/1100/1077 1065/1088/1065
f 1067/1091/1067 1079/1103/1079 1078/1102/1078
f 1067/1091/1067 1078/1102/1078 1066/1090/1066
f 1068/1092/1068 1080/1104/1080 1079/1103/1079
f 1068/1092/1068 1079/1103/1079 1067/1091/1067
f 1069/1093/1069 1081/1105/1081 1080/1104/1080
f 1069/1093/1069 1080/1104/1080 1068/1092/1068
f 1070/1094/1070 1082/1106/1082 1081/1105/1081
f 1070/1094/1070 1081/1105/1081 1069/1093/1069
f 1071/1095/1071 1083/1107/1083 1082/1106/1082
f 1071/1095/1071 1082/1106/1082 1070/1094/1070
f 1072/1096/1072 1084/1108/1084 1083/1107/1083
f 1072/1096/1072 1083/1107/1083 1071/1095/1071
f 1073/1097/1073 1085/1109/1085 1084/1108/1084
f 1073/1097/1073 1084/1108/1084 1072/1096/1072
f 1074/1098/1074 1086/1110/1086 1085/1109/1085
f 1074/1098/1074 1085/1109/1085 1073/1097/1073
f 1075/1099/1075 1087/1111/1087 1086/1110/1086
f 1075/1099/1075 1086/1110/1086 1074/1098/1074
f 1076/1089/1076 1088/1101/1088 1087/1111/1087
f 1076/1089/1076 1087/1111/1087 1075/1099/1075
f 1077/1100/1077 1089/1112/1089 1100/1113/1100
f 1077/1100/1077 1100/1113/1100 1088/1101/1088
f 1078/1102/1078 1090/1114/1090 1089/1112/1089
f 1078/1102/1078 1089/1112/1089 1077/1100/1077
f 1079/1103/1079 1091/1115/1091 1090/1114/1090
f 1079/1103/1079 1090/1114/1090 1078/1102/1078
f 1080/1104/1080 1092/1116/1092 1091/1115/1091
f 1080/1104/1080 1091/1115/1091 1079/1103/1079
f 1081/1105/1081 1093/1117/1093 1092/1116/1092
f 1081/1105/1081 1092/1116/1092 1080/1104/1080
f 1082/1106/1082 1094/1118/1094 1093/1117/1093
f 1082/1106/1082 1093/1117/1093 1081/1105/1081
f 1083/1107/1083 1095/1119/1095 1094/1118/1094
f 1083/1107/1083 1094/1118/1094 1082/1106/1082
f 1084/1108/1084 1096/1120/1096 1095/1119/1095
f 1084/1108/1084 1095/1119/1095 1083/1107/1083
f 1085/1109/1085 1097/1121/1097 1096/1120/1096
f 1085/1109/1085 1096/1120/1096 1084/1108/1084
f 1086/1110/1086 1098/1122/1098 1097/1121/1097
f 1086/1110/1086 1097/1121/1097 1085/1109/1085
f 1087/1111/1087 1099/1123/1099 1098/1122/1098
f 1087/1111/1087 1098/1122/1098 1086/1110/1086
f 1088/1101/1088 1100/1113/1100 1099/1123/1099
f 1088/1101/1088 1099/1123/1099 1087/1111/1087
f 1089/1112/1089 1101/1124/1101 1112/1125/1112
f 1089/1112/1089 1112/1125/1112 1100/1113/1100
f 1090/1114/1090 1102/1126/1102 1101/1124/1101
f 1090/1114/1090 1101/1124/1101 1089/1112/1089
f 1091/1115/1091 1103/1127/1103 1102/1126/1102
f 1091/1115/1091 1102/1126/1102 1090/1114/1090
f 1092/1116/1092 1104/1128/1104 1103/1127/1103
f 1092/1116/1092 1103/1127/1103 1091/1115/1091
f 1093/1117/1093 1105/1129/1105 1104/1128/1104
f 1093/1117/1093 1104/1128/1104 1092/1116/1092
f 1094/1118/1094 1106/1130/1106 1105/1129/1105
f 1094/1118/1094 1105/1129/1105 1093/1117/1093
f 1095/1119/1095 1107/1131/1107 1106/1130/1106
f 1095/1119/1095 1106/1130/1106 1094/1118/1094
f 1096/1120/1096 1108/1132/1108 1107/1131/1107
f 1096/1120/1096 1107/1131/1107 1095/1119/1095
f 1097/1121/1097 1109/1133/1109 1108/1132/1108
f 1097/1121/1097 1108/1132/1108 1096/1120/1096
f 1098/1122/1098 1110/1134/1110 1109/1133/1109
f 1098/1122/1098 1109/1133/1109 1097/1121/1097
f 1099/1123/1099 1111/1135/1111 1110/1134/1110
f 1099/1123/1099 1110/1134/1110 1098/1122/1098
f 1100/1113/1100 1112/1125/1112 1111/1135/1111
f 1100/1113/1100 1111/1135/1111 1099/1123/1099
f 1101/1124/1101 1113/1136/1113 1124/1137/1124
f 1101/1124/1101 1124/1137/1124 1112/1125/1112
f 1102/1126/1102 1114/1138/1114 1113/1136/1113
f 1102/1126/1102 1113/1136/1113 1101/1124/1101
f 1103/1127/1103 1115/1139/1115 1114/1138/1114
f 1103/1127/1103 1114/1138/1114 1102/1126/1102
f 1104/1128/1104 1116/1140/1116 1115/1139/1115
f 1104/1128/1104 1115/1139/1115 1103/1127/1103
f 1105/1129/1105 1117/1141/1117 1116/1140/1116
f 1105/1129/1105 1116/1140/1116 1104/1128/1104
f 1106/1130/1106 1118/1142/1118 1117/1141/1117
f 1106/1130/1106 1117/1141/1117 1105/1129/1105
f 1107/1131/1107 1119/1143/1119 1118/1142/1118
f 1107/1131/1107 1118/1142/1118 1106/1130/1106
f 1108/1132/1108 1120/1144/1120 1119/1143/1119
f 1108/1132/1108 1119/1143/1119 1107/1131/1107
f 1109/1133/1109 1121/1145/1121 1120/1144/1120
f 1109/1133/1109 1120/1144/1120 1108/1132/1108
f 1110/1134/1110 1122/1146/1122 1121/1145/1121
f 1110/1134/1110 1121/1145/1121 1109/1133/1109
f 1111/1135/1111 1123/1147/1123 1122/1146/1122
f 1111/1135/1111 1122/1146/1122 1110/1134/1110
f 1112/1125/1112 1124/1137/1124 1123/1147/1123
f 1112/1125/1112 1123/1147/1123 1111/1135/1111
f 1113/1136/1113 1125/1148/1125 1136/1149/1136
f 1113/1136/1113 1136/1149/1136 1124/1137/1124
f 1114/1138/1114 1126/1150/1126 1125/1148/1125
f 1114/1138/1114 1125/1148/1125 1113/1136/1113
f 1115/1139/1115 1127/1151/1127 1126/1150/1126
f 1115/1139/1115 1126/1150/1126 1114/1138/1114
f 1116/1140/1116 1128/1152/1128 1127/1151/1127
f 1116/1140/1116 1127/1151/1127 1115/1139/1115
f 1117/1141/1117 1129/1153/1129 1128/1152/1128
f 1117/1141/1117 1128/1152/1128 1116/1140/1116
f 1118/1142/1118 1130/1154/1130 1129/1153/1129
f 1118/1142/1118 1129/1153/1129 1117/1141/1117
f 1119/1143/1119 1131/1155/1131 1130/1154/1130
f 1119/1143/1119 1130/1154/1130 1118/1142/1118
f 1120/1144/1120 1132/1156/1132 1131/1155/1131
f 1120/1144/1120 1131/1155/1131 1119/1143/1119
f 1121/1145/1121 1133/1157/1133 1132/1156/1132
f 1121/1145/1121 1132/1156/1132 1120/1144/1120
f 1122/1146/1122 1134/1158/1134 1133/1157/1133
f 1122/1146/1122 1133/1157/1133 1121/1145/1121
f 1123/1147/1123 1135/1159/1135 1134/1158/1134
f 1123/1147/1123 1134/1158/1134 1122/1146/1122
f 1124/1137/1124 1136/1149/1136 1135/1159/1135
f 1124/1137/1124 1135/1159/1135 1123/1147/1123
f 1125/1148/1125 1137/1160/1137 1148/1161/1148
f 1125/1148/1125 1148/1161/1148 1136/1149/1136
f 1126/1150/1126 1138/1162/1138 1137/1160/1137
f 1126/1150/1126 1137/1160/1137 1125/1148/1125
f 1127/1151/1127 1139/1163/1139 1138/1162/1138
f 1127/1151/1127 1138/1162/1138 1126/1150/1126
f 1128/1152/1128 1140/1164/1140 1139/1163/1139
f 1128/1152/1128 1139/1163/1139 1127/1151/1127
f 1129/1153/1129 1141/1165/1141 1140/1164/1140
f 1129/1153/1129 1140/1164/1140 1128/1152/1128
f 1130/1154/1130 1142/1166/1142 1141/1165/1141
f 1130/1154/1130 1141/1165/1141 1129/1153/1129
f 1131/1155/1131 1143/1167/1143 1142/1166/1142
f 1131/1155/1131 1142/1166/1142 1130/1154/1130
f 1132/1156/1132 1144/1168/1144 1143/1167/1143
f 1132/1156/1132 1143/1167/1143 1131/1155/1131
f 1133/1157/1133 1145/1169/1145 1144/1168/1144
f 1133/1157/1133 1144/1168/1144 1132/1156/1132
f 1134/1158/1134 1146/1170/1146 1145/1169/1145
f 1134/1158/1134 1145/1169/1145 1133/1157/1133
f 1135/1159/1135 1147/1171/1147 1146/1170/1146
f 1135/1159/1135 1146/1170/1146 1134/1158/1134
f 1136/1149/1136 1148/1161/1148 1147/1171/1147
f 1136/1149/1136 1147/1171/1147 1135/1159/1135
f 1137/1160/1137 1149/1172/1149 1160/1173/1160
f 1137/1160/1137 1160/1173/1160 1148/1161/1148
f 1138/1162/1138 1150/1174/1150 1149/1172/1149
f 1138/1162/1138 1149/1172/1149 1137/1160/1137
f 1139/1163/1139 1151/1175/1151 1150/1174/1150
f 1139/1163/1139 1150/1174/1150 1138/1162/1138
f 1140/1164/1140 1152/1176/1152 1151/1175/1151
f 1140/1164/1140 1151/1175/1151 1139/1163/1139
f 1141/1165/1141 1153/1177/1153 1152/1176/1152
f 1141/1165/1141 1152/1176/1152 1140/1164/1140
f 1142/1166/1142 1154/1178/1154 1153/1177/1153
f 1142/1166/1142 1153/1177/1153 1141/1165/1141
f 1143/1167/1143 1155/1179/1155 1154/1178/1154
f 1143/1167/1143 1154/1178/1154 1142/1166/1142
f 1144/1168/1144 1156/1180/1156 1155/1179/1155
f 1144/1168/1144 1155/1179/1155 1143/1167/1143
f 1145/1169/1145 1157/1181/1157 1156/1180/1156
f 1145/1169/1145 1156/1180/1156 1144/1168/1144
f 1146/1170/1146 1158/1182/1158 1157/1181/1157
f 1146/1170/1146 1157/1181/1157 1145/1169/1145
f 1147/1171/1147 1159/1183/1159 1158/1182/1158
f 1147/1171/1147 1158/1182/1158 1146/1170/1146
f 1148/1161/1148 1160/1173/1160 1159/1183/1159
f 1148/1161/1148 1159/1183/1159 1147/1171/1147
f 1149/1172/1149 1161/1184/1161 1172/1185/1172
f 1149/1172/1149 1172/1185/1172 1160/1173/1160
f 1150/1174/1150 1162/1186/1162 1161/1184/1161
f 1150/1174/1150 1161/1184/1161 1149/1172/1149
f 1151/1175/1151 1163/1187/1163 1162/1186/1162
f 1151/1175/1151 1162/1186/1162 1150/1174/1150
f 1152/1176/1152 1164/1188/1164 1163/1187/1163
f 1152/1176/1152 1163/1187/1163 1151/1175/1151
f 1153/1177/1153 1165/1189/1165 1164/1188/1164
f 1153/1177/1153 1164/1188/1164 1152/1176/1152
f 1154/1178/1154 1166/1190/1166 1165/1189/1165
f 1154/1178/1154 1165/1189/1165 1153/1177/1153
f 1155/1179/1155 1167/1191/1167 1166/1190/1166
f 1155/1179/1155 1166/1190/1166 1154/1178/1154
f 1156/1180/1156 1168/1192/1168 1167/1191/1167
f 1156/1180/1156 1167/1191/1167 1155/1179/1155
f 1157/1181/1157 1169/1193/1169 1168/1192/1168
f 1157/1181/1157 1168/1192/1168 1156/1180/1156
f 1158/1182/1158 1170/1194/1170 1169/1193/1169
f 1158/1182/1158 1169/1193/1169 1157/1181/1157
f 1159/1183/1159 1171/1195/1171 1170/1194/1170
f 1159/1183/1159 1170/1194/1170 1158/1182/1158
f 1160/1173/1160 1172/1185/1172 1171/1195/1171
f 1160/1173/1160 1171/1195/1171 1159/1183/1159
f 1161/1184/1161 1173/1196/1173 1184/1197/1184
f 1161/1184/1161 1184/1197/1184 1172/1185/1172
f 1162/1186/1162 1174/1198/1174 1173/1196/1173
f 1162/1186/1162 1173/1196/1173 1161/1184/1161
f 1163/1187/1163 1175/1199/1175 1174/1198/1174
f 1163/1187/1163 1174/1198/1174 1162/1186/1162
f 1164/1188/1164 1176/1200/1176 1175/1199/1175
f 1164/1188/1164 1175/1199/1175 1163/1187/1163
f 1165/1189/1165 1177/1201/1177 1176/1200/1176
f 1165/1189/1165 1176/1200/1176 1164/1188/1164
f 1166/1190/1166 1178/1202/1178 1177/1201/1177
f 1166/1190/1166 1177/1201/1177 1165/1189/1165
f 1167/1191/1167 1179/1203/1179 1178/1202/1178
f 1167/1191/1167 1178/1202/1178 1166/1190/1166
f 1168/1192/1168 1180/1204/1180 1179/1203/1179
f 1168/1192/1168 1179/1203/1179 1167/1191/1167
f 1169/1193/1169 1181/1205/1181 1180/1204/1180
f 1169/1193/1169 1180/1204/1180 1168/1192/1168
f 1170/1194/1170 1182/1206/1182 1181/1205/1181
f 1170/1194/1170 1181/1205/1181 1169/1193/1169
f 1171/1195/1171 1183/1207/1183 1182/1206/1182
f 1171/1195/1171 1182/1206/1182 1170/1194/1170
f 1172/1185/1172 1184/1197/1184 1183/1207/1183
f 1172/1185/1172 1183/1207/1183 1171/1195/1171
f 1173/1196/1173 1185/1208/1185 1196/1209/1196
f 1173/1196/1173 1196/1209/1196 1184/1197/1184
f 1174/1198/1174 1186/1210/1186 1185/1208/1185
f 1174/1198/1174 1185/1208/1185 1173/1196/1173
f 1175/1199/1175 1187/1211/1187 1186/1210/1186
f 1175/1199/1175 1186/1210/1186 1174/1198/1174
f 1176/1200/1176 1188/1212/1188 1187/1211/1187
f 1176/1200/1176 1187/1211/1187 1175/1199/1175
f 1177/1201/1177 1189/1213/1189 1188/1212/1188
f 1177/1201/1177 1188/1212/1188 1176/1200/1176
f 1178/1202/1178 1190/1214/1190 1189/1213/1189
f 1178/1202/1178 1189/1213/1189 1177/1201/1177
f 1179/1203/1179 1191/1215/1191 1190/1214/1190
f 1179/1203/1179 1190/1214/1190 1178/1202/1178
f 1180/1204/1180 1192/1216/1192 1191/1215/1191
f 1180/1204/1180 1191/1215/1191 1179/1203/1179
f 1181/1205/1181 1193/1217/1193 1192/1216/1192
f 1181/1205/1181 1192/1216/1192 1180/1204/1180
f 1182/1206/1182 1194/1218/1194 1193/1217/1193
f 1182/1206/1182 1193/1217/1193 1181/1205/1181
f 1183/1207/1183 1195/1219/1195 1194/1218/1194
f 1183/1207/1183 1194/1218/1194 1182/1206/1182
f 1184/1197/1184 1196/1209/1196 1195/1219/1195
f 1184/1197/1184 1195/1219/1195 1183/1207/1183
f 1185/1208/1185 1197/1220/1197 1208/1221/1208
f 1185/1208/1185 1208/1221/1208 1196/1209/1196
f 1186/1210/1186 1198/1222/1198 1197/1220/1197
f 1186/1210/1186 1197/1220/1197 1185/1208/1185
f 1187/1211/1187 1199/1223/1199 1198/1222/1198
f 1187/1211/1187 1198/1222/1198 1186/1210/1186
f 1188/1212/1188 1200/1224/1200 1199/1223/1199
f 1188/1212/1188 1199/1223/1199 1187/1211/1187
f 1189/1213/1189 1201/1225/1201 1200/1224/1200
f 1189/1213/1189 1200/1224/1200 1188/1212/1188
f 1190/1214/1190 1202/1226/1202 1201/1225/1201
f 1190/1214/1190 1201/1225/1201 1189/1213/1189
f 1191/1215/1191 1203/1227/1203 1202/1226/1202
f 1191/1215/1191 1202/1226/1202 1190/1214/1190
f 1192/1216/1192 1204/1228/1204 1203/1227/1203
f 1192/1216/1192 1203/1227/1203 1191/1215/1191
f 1193/1217/1193 1205/1229/1205 1204/1228/1204
f 1193/1217/1193 1204/1228/1204 1192/1216/1192
f 1194/1218/1194 1206/1230/1206 1205/1229/1205
f 1194/1218/1194 1205/1229/1205 1193/1217/1193
f 1195/1219/1195 1207/1231/1207 1206/1230/1206
f 1195/1219/1195 1206/1230/1206 1194/1218/1194
f 1196/1209/1196 1208/1221/1208 1207/1231/1207
f 1196/1209/1196 1207/1231/1207 1195/1219/1195
f 1197/1220/1197 1209/1232/1209 1220/1233/1220
f 1197/1220/1197 1220/1233/1220 1208/1221/1208
f 1198/1222/1198 1210/1234/1210 1209/1232/1209
f 1198/1222/1198 1209/1232/1209 1197/1220/1197
f 1199/1223/1199 1211/1235/1211 1210/1234/1210
f 1199/1223/1199 1210/1234/1210 1198/1222/1198
f 1200/1224/1200 1212/1236/1212 1211/1235/1211
f 1200/1224/1200 1211/1235/1211 1199/1223/1199
f 1201/1225/1201 1213/1237/1213 1212/1236/1212
f 1201/1225/1201 1212/1236/1212 1200/1224/1200
f 1202/1226/1202 1214/1238/1214 1213/1237/1213
f 1202/1226/1202 1213/1237/1213 1201/1225/1201
f 1203/1227/1203 1215/1239/1215 1214/1238/1214
f 1203/1227/1203 1214/1238/1214 1202/1226/1202
f 1204/1228/1204 1216/1240/1216 1215/1239/1215
f 1204/1228/1204 1215/1239/1215 1203/1227/1203
f 1205/1229/1205 1217/1241/1217 1216/1240/1216
f 1205/1229/1205 1216/1240/1216 1204/1228/1204
f 1206/1230/1206 1218/1242/1218 1217/1241/1217
f 1206/1230/1206 1217/1241/1217 1205/1229/1205
f 1207/1231/1207 1219/1243/1219 1218/1242/1218
f 1207/1231/1207 1218/1242/1218 1206/1230/1206
f 1208/1221/1208 1220/1233/1220 1219/1243/1219
f 1208/1221/1208 1219/1243/1219 1207/1231/1207
f 1209/1232/1209 1221/1244/1221 1232/1245/1232
f 1209/1232/1209 1232/1245/1232 1220/1233/1220
f 1210/1234/1210 1222/1246/1222 1221/1244/1221
f 1210/1234/1210 1221/1244/1221 1209/1232/1209
f 1211/1235/1211 1223/1247/1223 1222/1246/1222
f 1211/1235/1211 1222/1246/1222 1210/1234/1210
f 1212/1236/1212 1224/1248/1224 1223/1247/1223
f 1212/1236/1212 1223/1247/1223 1211/1235/1211
f 1213/1237/1213 1225/1249/1225 1224/1248/1224
f 1213/1237/1213 1224/1248/1224 1212/1236/1212
f 1214/1238/1214 1226/1250/1226 1225/1249/1225
f 1214/1238/1214 1225/1249/1225 1213/1237/1213
f 1215/1239/1215 1227/1251/1227 1226/1250/1226
f 1215/1239/1215 1226/1250/1226 1214/1238/1214
f 1216/1240/1216 1228/1252/1228 1227/1251/1227
f 1216/1240/1216 1227/1251/1227 1215/1239/1215
f 1217/1241/1217 1229/1253/1229 1228/1252/1228
f 1217/1241/1217 1228/1252/1228 1216/1240/1216
f 1218/1242/1218 1230/1254/1230 1229/1253/1229
f 1218/1242/1218 1229/1253/1229 1217/1241/1217
f 1219/1243/1219 1231/1255/1231 1230/1254/1230
f 1219/1243/1219 1230/1254/1230 1218/1242/1218
f 1220/1233/1220 1232/1245/1232 1231/1255/1231
f 1220/1233/1220 1231/1255/1231 1219/1243/1219
f 1221/1244/1221 1233/1256/1233 1244/1257/1244
f 1221/1244/1221 1244/1257/1244 1232/1245/1232
f 1222/1246/1222 1234/1258/1234 1233/1256/1233
f 1222/1246/1222 1233/1256/1233 1221/1244/1221
f 1223/1247/1223 1235/1259/1235 1234/1258/1234
f 1223/1247/1223 1234/1258/1234 1222/1246/1222
f 1224/1248/1224 1236/1260/1236 1235/1259/1235
f 1224/1248/1224 1235/1259/1235 1223/1247/1223
f 1225/1249/1225 1237/1261/1237 1236/1260/1236
f 1225/1249/1225 1236/1260/1236 1224/1248/1224
f 1226/1250/1226 1238/1262/1238 1237/1261/1237
f 1226/1250/1226 1237/1261/1237 1225/1249/1225
f 1227/1251/1227 1239/1263/1239 1238/1262/1238
f 1227/1251/1227 1238/1262/1238 1226/1250/1226
f 1228/1252/1228 1240/1264/1240 1239/1263/1239
f 1228/1252/1228 1239/1263/1239 1227/1251/1227
f 1229/1253/1229 1241/1265/1241 1240/1264/1240
f 1229/1253/1229 1240/1264/1240 1228/1252/1228
f 1230/1254/1230 1242/1266/1242 1241/1265/1241
f 1230/1254/1230 1241/1265/1241 1229/1253/1229
f 1231/1255/1231 1243/1267/1243 1242/1266/1242
f 1231/1255/1231 1242/1266/1242 1230/1254/1230
f 1232/1245/1232 1244/1257/1244 1243/1267/1243
f 1232/1245/1232 1243/1267/1243 1231/1255/1231
f 1233/1256/1233 1245/1268/1245 1256/1269/1256
f 1233/1256/1233 1256/1269/1256 1244/1257/1244
f 1234/1258/1234 1246/1270/1246 1245/1268/1245
f 1234/1258/1234 1245/1268/1245 1233/1256/1233
f 1235/1259/1235 1247/1271/1247 1246/1270/1246
f 1235/1259/1235 1246/1270/1246 1234/1258/1234
f 1236/1260/1236 1248/1272/1248 1247/1271/1247
f 1236/1260/1236 1247/1271/1247 1235/1259/1235
f 1237/1261/1237 1249/1273/1249 1248/1272/1248
f 1237/1261/1237 1248/1272/1248 1236/1260/1236
f 1238/1262/1238 1250/1274/1250 1249/1273/1249
f 1238/1262/1238 1249/1273/1249 1237/1261/1237
f 1239/1263/1239 1251/1275/1251 1250/1274/1250
f 1239/1263/1239 1250/1274/1250 1238/1262/1238
f 1240/1264/1240 1252/1276/1252 1251/1275/1251
f 1240/1264/1240 1251/1275/1251 1239/1263/1239
f 1241/1265/1241 1253/1277/1253 1252/1276/1252
f 1241/1265/1241 1252/1276/1252 1240/1264/1240
f 1242/1266/1242 1254/1278/1254 1253/1277/1253
f 1242/1266/1242 1253/1277/1253 1241/1265/1241
f 1243/1267/1243 1255/1279/1255 1254/1278/1254
f 1243/1267/1243 1254/1278/1254 1242/1266/1242
f 1244/1257/1244 1256/1269/1256 1255/1279/1255
f 1244/1257/1244 1255/1279/1255 1243/1267/1243
