# Blender 4.5.5 LTS
# www.blender.org
mtllib Animal_River_Snail.mtl
o River_Snail
v -0.014191 0.009414 0.006597
v -0.016427 0.002220 0.007417
v -0.020414 0.011200 -0.007714
v -0.023613 0.004282 -0.009107
v -0.014603 0.012986 -0.022196
v -0.016903 0.006344 -0.025830
v -0.000161 0.013725 -0.028367
v -0.000226 0.007198 -0.032955
v 0.014453 0.012986 -0.022612
v 0.016647 0.006344 -0.026310
v 0.020676 0.011200 -0.008302
v 0.023834 0.004282 -0.009786
v 0.014865 0.009414 0.006181
v 0.017123 0.002220 0.006937
v 0.000422 0.008675 0.012352
v 0.000447 0.001366 0.014063
v -0.033930 0.034732 -0.046025
v -0.032386 0.035730 -0.047391
v -0.030268 0.036360 -0.047999
v -0.034030 0.035347 -0.045491
v -0.032566 0.036839 -0.046429
v -0.030494 0.037742 -0.046799
v -0.034139 0.035725 -0.044771
v -0.032762 0.037520 -0.045130
v -0.030737 0.038591 -0.045180
v -0.034241 0.035815 -0.043961
v -0.032945 0.037682 -0.043672
v -0.030966 0.038793 -0.043361
v -0.034322 0.035605 -0.043172
v -0.033092 0.037303 -0.042250
v -0.031149 0.038321 -0.041588
v -0.034373 0.035122 -0.042510
v -0.033183 0.036434 -0.041056
v -0.031262 0.037237 -0.040099
v -0.034385 0.034433 -0.042064
v -0.033205 0.035193 -0.040253
v -0.031290 0.035689 -0.039097
v -0.034357 0.033631 -0.041894
v -0.033155 0.033746 -0.039947
v -0.031228 0.033885 -0.038717
v -0.034294 0.032823 -0.042024
v -0.033041 0.032290 -0.040182
v -0.031085 0.032070 -0.039009
v -0.034203 0.032119 -0.042436
v -0.032877 0.031022 -0.040924
v -0.030881 0.030488 -0.039934
v -0.034097 0.031613 -0.043074
v -0.032686 0.030111 -0.042074
v -0.030642 0.029353 -0.041368
v -0.033990 0.031375 -0.043852
v -0.032493 0.029682 -0.043476
v -0.030402 0.028818 -0.043117
v -0.034596 0.033562 -0.044172
v -0.033896 0.031437 -0.044666
v -0.032325 0.029793 -0.044941
v -0.030192 0.028955 -0.044944
v -0.033829 0.031789 -0.045404
v -0.032204 0.030428 -0.046272
v -0.030042 0.029747 -0.046603
v -0.033797 0.032385 -0.045968
v -0.032147 0.031501 -0.047288
v -0.029970 0.031086 -0.047870
v -0.033805 0.033143 -0.046281
v -0.032161 0.032868 -0.047852
v -0.029988 0.032790 -0.048573
v -0.033852 0.033963 -0.046301
v -0.032244 0.034345 -0.047888
v -0.030092 0.034631 -0.048618
v -0.031445 0.031554 -0.044437
v -0.031365 0.031508 -0.044875
v -0.031308 0.031563 -0.044857
v -0.031237 0.031581 -0.044825
v -0.031170 0.031559 -0.044786
v -0.031124 0.031501 -0.044752
v -0.031114 0.031424 -0.044731
v -0.031140 0.031348 -0.044730
v -0.031196 0.031293 -0.044747
v -0.031268 0.031274 -0.044780
v -0.031335 0.031297 -0.044818
v -0.031380 0.031354 -0.044852
v -0.031391 0.031431 -0.044873
v -0.031357 0.031573 -0.045196
v -0.031257 0.031684 -0.045135
v -0.031119 0.031723 -0.045060
v -0.030981 0.031677 -0.044991
v -0.030878 0.031561 -0.044946
v -0.030840 0.031405 -0.044938
v -0.030875 0.031250 -0.044967
v -0.030975 0.031139 -0.045028
v -0.031113 0.031101 -0.045103
v -0.031252 0.031146 -0.045172
v -0.031354 0.031262 -0.045217
v -0.031392 0.031419 -0.045226
v -0.031390 0.031685 -0.045406
v -0.031263 0.031841 -0.045271
v -0.031065 0.031894 -0.045143
v -0.030849 0.031830 -0.045055
v -0.030673 0.031666 -0.045030
v -0.030583 0.031446 -0.045077
v -0.030605 0.031228 -0.045181
v -0.030732 0.031072 -0.045315
v -0.030930 0.031019 -0.045444
v -0.031146 0.031083 -0.045532
v -0.031322 0.031247 -0.045557
v -0.031411 0.031467 -0.045510
v -0.031436 0.031876 -0.045614
v -0.031294 0.032051 -0.045383
v -0.031038 0.032112 -0.045196
v -0.030737 0.032043 -0.045103
v -0.030470 0.031862 -0.045130
v -0.030311 0.031619 -0.045269
v -0.030301 0.031377 -0.045483
v -0.030443 0.031202 -0.045714
v -0.030699 0.031141 -0.045901
v -0.031000 0.031210 -0.045993
v -0.031266 0.031391 -0.045967
v -0.031426 0.031635 -0.045828
v -0.031492 0.032140 -0.045795
v -0.031338 0.032310 -0.045463
v -0.031028 0.032364 -0.045210
v -0.030647 0.032288 -0.045104
v -0.030295 0.032103 -0.045172
v -0.030068 0.031857 -0.045397
v -0.030026 0.031617 -0.045719
v -0.030181 0.031447 -0.046050
v -0.030490 0.031393 -0.046303
v -0.030872 0.031469 -0.046410
v -0.031223 0.031654 -0.046341
v -0.031450 0.031900 -0.046116
v -0.031567 0.032388 -0.045918
v -0.031407 0.032516 -0.045480
v -0.031048 0.032544 -0.045157
v -0.030586 0.032463 -0.045034
v -0.030146 0.032296 -0.045147
v -0.029845 0.032087 -0.045463
v -0.029764 0.031893 -0.045899
v -0.029924 0.031765 -0.046337
v -0.030283 0.031737 -0.046661
v -0.030744 0.031818 -0.046783
v -0.031185 0.031985 -0.046670
v -0.031486 0.032193 -0.046354
v -0.031669 0.032667 -0.045973
v -0.031504 0.032727 -0.045436
v -0.031097 0.032710 -0.045045
v -0.030557 0.032623 -0.044904
v -0.030029 0.032488 -0.045052
v -0.029655 0.032341 -0.045448
v -0.029534 0.032222 -0.045987
v -0.029699 0.032163 -0.046523
v -0.030106 0.032179 -0.046914
v -0.030646 0.032267 -0.047055
v -0.031174 0.032402 -0.046907
v -0.031548 0.032548 -0.046511
v -0.031767 0.032959 -0.046003
v -0.031593 0.032948 -0.045382
v -0.031135 0.032889 -0.044931
v -0.030516 0.032798 -0.044771
v -0.029903 0.032699 -0.044945
v -0.029459 0.032618 -0.045406
v -0.029303 0.032578 -0.046031
v -0.029478 0.032589 -0.046653
v -0.029936 0.032648 -0.047104
v -0.030554 0.032739 -0.047263
v -0.031168 0.032838 -0.047089
v -0.031612 0.032919 -0.046628
v -0.031889 0.033301 -0.045982
v -0.031707 0.033171 -0.045291
v -0.031200 0.033042 -0.044788
v -0.030503 0.032949 -0.044608
v -0.029803 0.032916 -0.044798
v -0.029288 0.032953 -0.045308
v -0.029096 0.033049 -0.046002
v -0.029278 0.033179 -0.046692
v -0.029785 0.033308 -0.047195
v -0.030482 0.033401 -0.047376
v -0.031182 0.033433 -0.047185
v -0.031697 0.033397 -0.046675
v -0.032016 0.033682 -0.045882
v -0.031825 0.033398 -0.045152
v -0.031269 0.033162 -0.044617
v -0.030496 0.033039 -0.044422
v -0.029713 0.033061 -0.044618
v -0.029132 0.033223 -0.045153
v -0.028906 0.033481 -0.045883
v -0.029097 0.033765 -0.046613
v -0.029654 0.034001 -0.047148
v -0.030427 0.034124 -0.047343
v -0.031209 0.034101 -0.047147
v -0.031791 0.033940 -0.046612
v -0.032157 0.033968 -0.045749
v -0.031954 0.033493 -0.045028
v -0.031347 0.033129 -0.044493
v -0.030498 0.032974 -0.044288
v -0.029634 0.033069 -0.044468
v -0.028987 0.033390 -0.044984
v -0.028731 0.033849 -0.045699
v -0.028934 0.034325 -0.046420
v -0.029541 0.034689 -0.046955
v -0.030391 0.034844 -0.047160
v -0.031254 0.034748 -0.046980
v -0.031901 0.034428 -0.046464
v -0.032315 0.034266 -0.045503
v -0.032094 0.033569 -0.044869
v -0.031431 0.033055 -0.044385
v -0.030504 0.032863 -0.044182
v -0.029562 0.033042 -0.044314
v -0.028857 0.033546 -0.044744
v -0.028578 0.034240 -0.045359
v -0.028799 0.034937 -0.045993
v -0.029462 0.035451 -0.046477
v -0.030389 0.035644 -0.046680
v -0.031331 0.035464 -0.046548
v -0.032036 0.034960 -0.046118
v -0.032493 0.034568 -0.045070
v -0.032249 0.033707 -0.044523
v -0.031528 0.033070 -0.044106
v -0.030523 0.032826 -0.043932
v -0.029503 0.033042 -0.044047
v -0.028742 0.033658 -0.044420
v -0.028443 0.034511 -0.044952
v -0.028686 0.035372 -0.045500
v -0.029407 0.036010 -0.045916
v -0.030412 0.036253 -0.046091
v -0.031432 0.036038 -0.045975
v -0.032194 0.035421 -0.045602
v -0.032644 0.034888 -0.044523
v -0.032382 0.033886 -0.044074
v -0.031605 0.033135 -0.043744
v -0.030522 0.032837 -0.043623
v -0.029424 0.033071 -0.043742
v -0.028604 0.033775 -0.044071
v -0.028283 0.034760 -0.044520
v -0.028545 0.035763 -0.044969
v -0.029322 0.036513 -0.045299
v -0.030405 0.036811 -0.045420
v -0.031503 0.036577 -0.045301
v -0.032323 0.035873 -0.044972
v -0.032791 0.035080 -0.043961
v -0.032513 0.033921 -0.043756
v -0.031683 0.033053 -0.043609
v -0.030524 0.032709 -0.043558
v -0.029346 0.032981 -0.043617
v -0.028466 0.033797 -0.043770
v -0.028118 0.034937 -0.043977
v -0.028397 0.036097 -0.044181
v -0.029227 0.036965 -0.044329
v -0.030386 0.037309 -0.044380
v -0.031563 0.037037 -0.044321
v -0.032444 0.036221 -0.044167
v -0.032944 0.035108 -0.043300
v -0.032653 0.033853 -0.043364
v -0.031773 0.032911 -0.043436
v -0.030539 0.032537 -0.043496
v -0.029282 0.032829 -0.043529
v -0.028340 0.033711 -0.043525
v -0.027963 0.034945 -0.043486
v -0.028254 0.036201 -0.043422
v -0.029134 0.037142 -0.043350
v -0.030368 0.037516 -0.043289
v -0.031624 0.037224 -0.043257
v -0.032567 0.036342 -0.043261
v -0.033049 0.035027 -0.042570
v -0.032757 0.033724 -0.042886
v -0.031838 0.032754 -0.043195
v -0.030539 0.032377 -0.043415
v -0.029206 0.032692 -0.043486
v -0.028198 0.033617 -0.043390
v -0.027784 0.034902 -0.043152
v -0.028075 0.036205 -0.042836
v -0.028994 0.037175 -0.042527
v -0.030294 0.037552 -0.042307
v -0.031627 0.037237 -0.042236
v -0.032635 0.036312 -0.042332
v -0.033107 0.034807 -0.041867
v -0.032836 0.033517 -0.042477
v -0.031896 0.032569 -0.043049
v -0.030540 0.032218 -0.043431
v -0.029131 0.032556 -0.043520
v -0.028046 0.033494 -0.043292
v -0.027576 0.034781 -0.042809
v -0.027848 0.036070 -0.042199
v -0.028788 0.037018 -0.041627
v -0.030144 0.037370 -0.041245
v -0.031553 0.037031 -0.041156
v -0.032638 0.036093 -0.041384
v -0.033218 0.034456 -0.041197
v -0.032976 0.033203 -0.042120
v -0.032002 0.032302 -0.042970
v -0.030557 0.031996 -0.043519
v -0.029029 0.032366 -0.043620
v -0.027827 0.033313 -0.043246
v -0.027273 0.034584 -0.042498
v -0.027515 0.035837 -0.041575
v -0.028489 0.036738 -0.040725
v -0.029934 0.037044 -0.040176
v -0.031462 0.036674 -0.040075
v -0.032664 0.035727 -0.040449
v -0.033306 0.033970 -0.040569
v -0.033101 0.032783 -0.041777
v -0.032098 0.031962 -0.042887
v -0.030566 0.031728 -0.043601
v -0.028916 0.032143 -0.043728
v -0.027590 0.033096 -0.043234
v -0.026943 0.034332 -0.042251
v -0.027149 0.035519 -0.041043
v -0.028152 0.036339 -0.039934
v -0.029683 0.036574 -0.039220
v -0.031333 0.036159 -0.039093
v -0.032659 0.035206 -0.039587
v -0.033347 0.033352 -0.039958
v -0.033196 0.032284 -0.041445
v -0.032182 0.031597 -0.042813
v -0.030577 0.031475 -0.043698
v -0.028811 0.031951 -0.043860
v -0.027357 0.032898 -0.043258
v -0.026604 0.034061 -0.042052
v -0.026755 0.035129 -0.040566
v -0.027769 0.035816 -0.039197
v -0.029374 0.035937 -0.038313
v -0.031140 0.035461 -0.038150
v -0.032595 0.034515 -0.038752
v -0.033323 0.032560 -0.039412
v -0.033263 0.031709 -0.041185
v -0.032274 0.031252 -0.042823
v -0.030620 0.031311 -0.043886
v -0.028745 0.031870 -0.044091
v -0.027151 0.032779 -0.043382
v -0.026266 0.033796 -0.041949
v -0.026326 0.034646 -0.040176
v -0.027316 0.035103 -0.038538
v -0.028969 0.035044 -0.037475
v -0.030844 0.034485 -0.037270
v -0.032438 0.033576 -0.037979
v -0.033232 0.031617 -0.038986
v -0.033288 0.031043 -0.041003
v -0.032351 0.030880 -0.042873
v -0.030672 0.031174 -0.044095
v -0.028699 0.031845 -0.044341
v -0.026963 0.032713 -0.043547
v -0.025928 0.033546 -0.041923
v -0.025871 0.034121 -0.039907
v -0.026809 0.034284 -0.038037
v -0.028488 0.033990 -0.036815
v -0.030461 0.033319 -0.036568
v -0.032197 0.032451 -0.037363
v -0.033065 0.030545 -0.038718
v -0.033266 0.030293 -0.040923
v -0.032412 0.030482 -0.042973
v -0.030732 0.031063 -0.044318
v -0.028677 0.031878 -0.044598
v -0.026798 0.032710 -0.043738
v -0.025597 0.033336 -0.041968
v -0.025396 0.033588 -0.039763
v -0.026250 0.033398 -0.037713
v -0.027930 0.032818 -0.036369
v -0.029985 0.032003 -0.036089
v -0.031864 0.031171 -0.036949
v -0.032738 0.029221 -0.038646
v -0.033108 0.029302 -0.040974
v -0.032391 0.029913 -0.043137
v -0.030778 0.030889 -0.044555
v -0.028701 0.031970 -0.044847
v -0.026718 0.032865 -0.043936
v -0.025359 0.033335 -0.042066
v -0.024989 0.033254 -0.039738
v -0.025706 0.032643 -0.037575
v -0.027319 0.031667 -0.036158
v -0.029396 0.030586 -0.035865
v -0.031379 0.029691 -0.036776
v -0.032227 0.027849 -0.038829
v -0.032827 0.028348 -0.041192
v -0.032265 0.029379 -0.043388
v -0.030691 0.030664 -0.044826
v -0.028528 0.031860 -0.045123
v -0.026354 0.032645 -0.044197
v -0.024753 0.032810 -0.042298
v -0.024153 0.032310 -0.039935
v -0.024715 0.031279 -0.037739
v -0.026289 0.029994 -0.036301
v -0.028452 0.028799 -0.036004
v -0.030626 0.028013 -0.036930
v -0.031703 0.026087 -0.039500
v -0.032587 0.027113 -0.041743
v -0.032229 0.028661 -0.043827
v -0.030725 0.030315 -0.045193
v -0.028479 0.031633 -0.045475
v -0.026091 0.032262 -0.044599
v -0.024202 0.032032 -0.042798
v -0.023318 0.031006 -0.040555
v -0.023676 0.029458 -0.038471
v -0.025179 0.027804 -0.037105
v -0.027426 0.026485 -0.036823
v -0.029814 0.025857 -0.037699
v -0.030925 0.024353 -0.040865
v -0.032146 0.025909 -0.042778
v -0.032115 0.028097 -0.044444
v -0.030841 0.030332 -0.045418
v -0.028665 0.032015 -0.045438
v -0.026170 0.032694 -0.044499
v -0.024026 0.032189 -0.042852
v -0.022805 0.030634 -0.040940
v -0.022836 0.028446 -0.039273
v -0.024110 0.026211 -0.038299
v -0.026286 0.024528 -0.038279
v -0.028781 0.023848 -0.039218
v -0.029953 0.023072 -0.042990
v -0.031591 0.025043 -0.044307
v -0.031988 0.027741 -0.045235
v -0.031035 0.030445 -0.045526
v -0.028990 0.032430 -0.045101
v -0.026399 0.033163 -0.044076
v -0.023957 0.032448 -0.042723
v -0.022319 0.030478 -0.041406
v -0.021923 0.027779 -0.040478
v -0.022875 0.025075 -0.040187
v -0.024921 0.023091 -0.040611
v -0.027511 0.022358 -0.041637
v -0.029003 0.022650 -0.045425
v -0.030994 0.024773 -0.046197
v -0.031771 0.027678 -0.046380
v -0.031125 0.030584 -0.045925
v -0.029230 0.032714 -0.044955
v -0.026593 0.033497 -0.043728
v -0.023921 0.032722 -0.042574
v -0.021929 0.030599 -0.041802
v -0.021153 0.027694 -0.041619
v -0.021798 0.024788 -0.042074
v -0.023694 0.022658 -0.043045
v -0.026331 0.021875 -0.044271
v -0.027906 0.022954 -0.048068
v -0.030218 0.025060 -0.048375
v -0.031380 0.027926 -0.047817
v -0.031080 0.030784 -0.046544
v -0.029400 0.032867 -0.044898
v -0.026789 0.033618 -0.043319
v -0.023947 0.032836 -0.042231
v -0.021635 0.030729 -0.041925
v -0.020473 0.027863 -0.042483
v -0.020773 0.025006 -0.043755
v -0.022453 0.022922 -0.045401
v -0.025064 0.022171 -0.046980
v -0.026780 0.024165 -0.050496
v -0.029421 0.026094 -0.050372
v -0.030993 0.028669 -0.049102
v -0.031076 0.031197 -0.047025
v -0.029647 0.033003 -0.044699
v -0.027089 0.033602 -0.042747
v -0.024088 0.032833 -0.041691
v -0.021447 0.030903 -0.041815
v -0.019875 0.028329 -0.043086
v -0.019792 0.025800 -0.045162
v -0.021221 0.023995 -0.047488
v -0.023779 0.023396 -0.049441
v -0.025967 0.025456 -0.052078
v -0.028802 0.027321 -0.051804
v -0.030598 0.029737 -0.050216
v -0.030876 0.032057 -0.047742
v -0.029561 0.033659 -0.045043
v -0.027005 0.034115 -0.042842
v -0.023892 0.033302 -0.041730
v -0.021058 0.031437 -0.042004
v -0.019261 0.029021 -0.043591
v -0.018983 0.026701 -0.046066
v -0.020299 0.025099 -0.048765
v -0.022855 0.024643 -0.050966
v -0.025247 0.026656 -0.053441
v -0.028324 0.028379 -0.052974
v -0.030333 0.030645 -0.051108
v -0.030736 0.032849 -0.048345
v -0.029425 0.034399 -0.045424
v -0.026751 0.034880 -0.043128
v -0.023430 0.034163 -0.042073
v -0.020353 0.032441 -0.042540
v -0.018344 0.030174 -0.044405
v -0.017941 0.027971 -0.047169
v -0.019252 0.026421 -0.050090
v -0.021926 0.025940 -0.052385
v -0.024620 0.028395 -0.054956
v -0.028013 0.029763 -0.054192
v -0.030317 0.031611 -0.051902
v -0.030916 0.033443 -0.048700
v -0.029648 0.034768 -0.045444
v -0.026853 0.035232 -0.043006
v -0.023281 0.034710 -0.042040
v -0.019889 0.033342 -0.042804
v -0.017584 0.031494 -0.045094
v -0.016986 0.029663 -0.048296
v -0.018254 0.028337 -0.051552
v -0.021048 0.027873 -0.053990
v -0.023853 0.031742 -0.056544
v -0.027553 0.032525 -0.055523
v -0.030193 0.033441 -0.052779
v -0.031067 0.034244 -0.049046
v -0.029940 0.034719 -0.045324
v -0.027114 0.034739 -0.042612
v -0.023346 0.034299 -0.041635
v -0.019646 0.033516 -0.042656
v -0.017006 0.032601 -0.045400
v -0.016132 0.031798 -0.049133
v -0.017259 0.031322 -0.052855
v -0.020085 0.031302 -0.055567
v -0.023406 0.035996 -0.056840
v -0.027361 0.036071 -0.055772
v -0.030268 0.035758 -0.052902
v -0.031348 0.035143 -0.048998
v -0.030312 0.034390 -0.045106
v -0.027438 0.033700 -0.042269
v -0.023494 0.033259 -0.041248
v -0.019539 0.033185 -0.042315
v -0.016632 0.033497 -0.045185
v -0.015552 0.034112 -0.049089
v -0.016588 0.034865 -0.052981
v -0.019462 0.035555 -0.055818
v -0.023277 0.039412 -0.056116
v -0.027424 0.039002 -0.055153
v -0.030492 0.037790 -0.052430
v -0.031659 0.036102 -0.048677
v -0.030612 0.034390 -0.044900
v -0.027632 0.033112 -0.042110
v -0.023517 0.032611 -0.041056
v -0.019370 0.033021 -0.042020
v -0.016302 0.034232 -0.044743
v -0.015135 0.035921 -0.048496
v -0.016182 0.037633 -0.052273
v -0.019162 0.038911 -0.055062
v -0.023313 0.041750 -0.055203
v -0.027634 0.041134 -0.054298
v -0.030829 0.039483 -0.051666
v -0.032043 0.037239 -0.048011
v -0.030950 0.035004 -0.044312
v -0.027843 0.033376 -0.041562
v -0.023555 0.032792 -0.040496
v -0.019234 0.033409 -0.041400
v -0.016039 0.035060 -0.044033
v -0.014825 0.037304 -0.047688
v -0.015918 0.039539 -0.051386
v -0.019024 0.041166 -0.054137
v -0.023329 0.043997 -0.054143
v -0.027821 0.043197 -0.053312
v -0.031137 0.041136 -0.050810
v -0.032390 0.038366 -0.047307
v -0.031243 0.035630 -0.043744
v -0.028004 0.033660 -0.041073
v -0.023540 0.032984 -0.040011
v -0.019049 0.033784 -0.040843
v -0.015732 0.035844 -0.043345
v -0.014480 0.038614 -0.046847
v -0.015627 0.041351 -0.050411
v -0.018866 0.043321 -0.053081
v -0.023404 0.046407 -0.052364
v -0.028070 0.045602 -0.051476
v -0.031515 0.043176 -0.049140
v -0.032815 0.039779 -0.045981
v -0.031622 0.036320 -0.042847
v -0.028256 0.033727 -0.040577
v -0.023619 0.032695 -0.039779
v -0.018953 0.033499 -0.040667
v -0.015508 0.035925 -0.043004
v -0.014208 0.039322 -0.046162
v -0.015401 0.042781 -0.049296
v -0.018767 0.045374 -0.051566
v -0.023125 0.048950 -0.049630
v -0.027966 0.048110 -0.048716
v -0.031565 0.045278 -0.046715
v -0.032957 0.041214 -0.044161
v -0.031770 0.037007 -0.041740
v -0.028321 0.033783 -0.040100
v -0.023535 0.032407 -0.039681
v -0.018695 0.033247 -0.040595
v -0.015096 0.036078 -0.042596
v -0.013703 0.040142 -0.045150
v -0.014891 0.044350 -0.047571
v -0.018339 0.047573 -0.049211
v -0.022886 0.051098 -0.045480
v -0.027929 0.050020 -0.045023
v -0.031718 0.046645 -0.043991
v -0.033236 0.041878 -0.042659
v -0.032076 0.036995 -0.041385
v -0.028551 0.033305 -0.040511
v -0.023604 0.031797 -0.040270
v -0.018560 0.032875 -0.040727
v -0.014772 0.036250 -0.041760
v -0.013254 0.041018 -0.043092
v -0.014413 0.045900 -0.044365
v -0.017939 0.049590 -0.045240
v -0.022799 0.052033 -0.040291
v -0.028024 0.050853 -0.040404
v -0.031957 0.047220 -0.040604
v -0.033544 0.042108 -0.040838
v -0.032360 0.036887 -0.041044
v -0.028723 0.032956 -0.041165
v -0.023606 0.031367 -0.041171
v -0.018382 0.032547 -0.041058
v -0.014449 0.036180 -0.040858
v -0.012861 0.041292 -0.040624
v -0.014045 0.046513 -0.040418
v -0.017683 0.050444 -0.040297
v -0.022948 0.051490 -0.035427
v -0.028338 0.050339 -0.035962
v -0.032380 0.046749 -0.037164
v -0.033989 0.041681 -0.038711
v -0.032735 0.036494 -0.040188
v -0.028954 0.032577 -0.041200
v -0.023659 0.030979 -0.041476
v -0.018268 0.032130 -0.040940
v -0.014227 0.035720 -0.039738
v -0.012618 0.040788 -0.038191
v -0.013872 0.045975 -0.036714
v -0.017653 0.049892 -0.035702
v -0.023053 0.050244 -0.031287
v -0.028615 0.049108 -0.031972
v -0.032770 0.045634 -0.033803
v -0.034406 0.040753 -0.036290
v -0.033084 0.035771 -0.038766
v -0.029158 0.032025 -0.040568
v -0.023680 0.030518 -0.041212
v -0.018119 0.031654 -0.040527
v -0.013963 0.035128 -0.038695
v -0.012327 0.040010 -0.036209
v -0.013650 0.044991 -0.033733
v -0.017575 0.048737 -0.031931
v -0.023075 0.048357 -0.027520
v -0.028839 0.047237 -0.028322
v -0.033142 0.043976 -0.030764
v -0.034831 0.039447 -0.034193
v -0.033455 0.034864 -0.037689
v -0.029380 0.031456 -0.040315
v -0.023700 0.030134 -0.041368
v -0.017937 0.031254 -0.040566
v -0.013633 0.034515 -0.038124
v -0.011944 0.039044 -0.034695
v -0.013321 0.043627 -0.031200
v -0.017395 0.047036 -0.028573
v -0.022961 0.045870 -0.024141
v -0.028945 0.044729 -0.024997
v -0.033427 0.041732 -0.027960
v -0.035205 0.037684 -0.032237
v -0.033804 0.033668 -0.036682
v -0.029598 0.030761 -0.040103
v -0.023714 0.029742 -0.041585
v -0.017730 0.030884 -0.040729
v -0.013248 0.033880 -0.037766
v -0.011470 0.037929 -0.033489
v -0.012872 0.041944 -0.029044
v -0.017077 0.044851 -0.025623
v -0.022676 0.042800 -0.021222
v -0.028880 0.041610 -0.022104
v -0.033562 0.038948 -0.025519
v -0.035469 0.035528 -0.030553
v -0.034089 0.032265 -0.035857
v -0.029792 0.030034 -0.040008
v -0.023730 0.029433 -0.041896
v -0.017527 0.030623 -0.041014
v -0.012844 0.033285 -0.037599
v -0.010938 0.036706 -0.032565
v -0.012317 0.039969 -0.027262
v -0.016614 0.042199 -0.023110
v -0.022196 0.039257 -0.018872
v -0.028610 0.037951 -0.019746
v -0.033515 0.035652 -0.023523
v -0.035597 0.032974 -0.029189
v -0.034298 0.030636 -0.035227
v -0.029966 0.029265 -0.040018
v -0.023762 0.029226 -0.042279
v -0.017348 0.030532 -0.041405
v -0.012443 0.032831 -0.037629
v -0.010361 0.035509 -0.031962
v -0.011660 0.037847 -0.025925
v -0.015992 0.039218 -0.021133
v -0.021465 0.035376 -0.017175
v -0.028065 0.033836 -0.018019
v -0.033210 0.031871 -0.022056
v -0.035523 0.030007 -0.028206
v -0.034382 0.028742 -0.034820
v -0.030094 0.028417 -0.040125
v -0.023808 0.029118 -0.042701
v -0.017208 0.030657 -0.041857
v -0.012063 0.032622 -0.037820
v -0.009751 0.034486 -0.031670
v -0.010891 0.035751 -0.025056
v -0.015179 0.036076 -0.019751
v -0.020436 0.031294 -0.016184
v -0.027189 0.029431 -0.017019
v -0.032593 0.027774 -0.021241
v -0.035200 0.026768 -0.027719
v -0.034311 0.026681 -0.034718
v -0.030165 0.027537 -0.040361
v -0.023872 0.029107 -0.043137
v -0.017118 0.030970 -0.042303
v -0.011714 0.032627 -0.038080
v -0.009107 0.033633 -0.031602
v -0.009996 0.033720 -0.024604
v -0.014143 0.032863 -0.018960
v -0.018988 0.026925 -0.015972
v -0.025778 0.024452 -0.016864
v -0.031432 0.022978 -0.021208
v -0.034435 0.022897 -0.027840
v -0.033982 0.024232 -0.034984
v -0.030196 0.026625 -0.040724
v -0.024089 0.029434 -0.043523
v -0.017299 0.031907 -0.042631
v -0.011645 0.033381 -0.038287
v -0.008642 0.033462 -0.031655
v -0.009095 0.032127 -0.024511
v -0.012881 0.029734 -0.018771
v -0.016610 0.021803 -0.016961
v -0.023515 0.019025 -0.017939
v -0.029500 0.017877 -0.022322
v -0.032962 0.018668 -0.028936
v -0.032973 0.021185 -0.036009
v -0.029530 0.024754 -0.041644
v -0.023555 0.028419 -0.044333
v -0.016650 0.031197 -0.043355
v -0.010665 0.032344 -0.038972
v -0.007203 0.031554 -0.032358
v -0.007193 0.029037 -0.025285
v -0.010636 0.025468 -0.019650
v -0.013970 0.016073 -0.019007
v -0.020993 0.013027 -0.020100
v -0.027347 0.012231 -0.024436
v -0.031328 0.013898 -0.030852
v -0.031869 0.017580 -0.037630
v -0.028827 0.022292 -0.042953
v -0.023016 0.026771 -0.045396
v -0.015992 0.029816 -0.044302
v -0.009639 0.030612 -0.039967
v -0.005658 0.028946 -0.033550
v -0.005116 0.025263 -0.026772
v -0.008159 0.020551 -0.021449
v -0.010792 0.011224 -0.022299
v -0.017516 0.007329 -0.024019
v -0.024036 0.006482 -0.028503
v -0.028606 0.008910 -0.034550
v -0.030001 0.013963 -0.040538
v -0.027847 0.020286 -0.044865
v -0.022722 0.026185 -0.046369
v -0.015998 0.030081 -0.044649
v -0.009478 0.030928 -0.040165
v -0.004908 0.028500 -0.034119
v -0.003513 0.023447 -0.028130
v -0.005667 0.017124 -0.023804
v -0.005530 0.006500 -0.028653
v -0.012031 0.002117 -0.031013
v -0.019061 0.001534 -0.035172
v -0.024735 0.004909 -0.040017
v -0.027533 0.011337 -0.044249
v -0.026705 0.019095 -0.046735
v -0.022473 0.026105 -0.046807
v -0.015971 0.030489 -0.044448
v -0.008941 0.031071 -0.040289
v -0.003267 0.027696 -0.035444
v -0.000470 0.021268 -0.031212
v -0.001298 0.013510 -0.028726
v -0.000145 0.004708 -0.038340
v -0.006385 0.000053 -0.041626
v -0.013959 -0.000458 -0.045339
v -0.020838 0.003312 -0.048482
v -0.025178 0.010352 -0.050214
v -0.025817 0.018777 -0.050070
v -0.022583 0.026329 -0.048090
v -0.016343 0.030984 -0.044803
v -0.008769 0.031495 -0.041091
v -0.001891 0.027725 -0.037948
v 0.002449 0.020685 -0.036216
v 0.003088 0.012260 -0.036359
v 0.003817 0.006154 -0.045666
v -0.002120 0.001579 -0.050107
v -0.009956 0.001040 -0.053875
v -0.017591 0.004680 -0.055962
v -0.022980 0.011523 -0.055807
v -0.024677 0.019737 -0.053452
v -0.022230 0.027120 -0.049529
v -0.016293 0.031694 -0.045088
v -0.008457 0.032234 -0.041320
v -0.000822 0.028594 -0.039234
v 0.004567 0.021751 -0.039388
v 0.006265 0.013537 -0.041743
v 0.006913 0.009097 -0.052024
v 0.001061 0.004689 -0.057205
v -0.007070 0.004064 -0.060948
v -0.015302 0.007390 -0.062250
v -0.021428 0.013776 -0.060763
v -0.023808 0.021510 -0.056885
v -0.021803 0.028520 -0.051655
v -0.015951 0.032928 -0.046474
v -0.007820 0.033553 -0.042731
v 0.000412 0.030227 -0.041428
v 0.006538 0.023842 -0.042915
v 0.008918 0.016108 -0.046793
v 0.009571 0.012942 -0.057424
v 0.003958 0.009154 -0.063703
v -0.004278 0.008753 -0.067862
v -0.012929 0.011847 -0.068786
v -0.019679 0.017606 -0.066227
v -0.022718 0.024489 -0.060873
v -0.021233 0.030650 -0.054156
v -0.015620 0.034439 -0.047877
v -0.007384 0.034840 -0.043718
v 0.001268 0.031746 -0.042794
v 0.008017 0.025986 -0.045352
v 0.011057 0.019103 -0.050707
v 0.012221 0.018219 -0.061780
v 0.006972 0.015685 -0.069277
v -0.001321 0.015731 -0.073904
v -0.010435 0.018345 -0.074421
v -0.017930 0.022826 -0.070689
v -0.021796 0.027974 -0.063708
v -0.020998 0.032410 -0.055349
v -0.015749 0.034944 -0.047852
v -0.007456 0.034898 -0.043225
v 0.001658 0.032283 -0.042709
v 0.009153 0.027802 -0.046441
v 0.013019 0.022654 -0.053421
v 0.014378 0.024810 -0.064468
v 0.009392 0.023759 -0.072790
v 0.000998 0.024289 -0.077736
v -0.008556 0.026258 -0.077982
v -0.016709 0.029139 -0.073461
v -0.021278 0.032159 -0.065385
v -0.021036 0.034510 -0.055917
v -0.016051 0.035561 -0.047596
v -0.007656 0.035031 -0.042649
v 0.001898 0.033062 -0.042404
v 0.010051 0.030181 -0.046925
v 0.014619 0.027161 -0.055001
v 0.015917 0.030308 -0.065349
v 0.011244 0.031355 -0.074150
v 0.002885 0.033136 -0.079378
v -0.006922 0.035175 -0.079633
v -0.015547 0.036925 -0.074845
v -0.020681 0.037917 -0.066298
v -0.020947 0.037886 -0.056282
v -0.016274 0.036840 -0.047481
v -0.007915 0.035058 -0.042253
v 0.001892 0.033020 -0.041999
v 0.010517 0.031269 -0.046787
v 0.015651 0.030277 -0.055334
v 0.017683 0.035941 -0.064571
v 0.013349 0.039312 -0.073263
v 0.005030 0.042429 -0.078438
v -0.005045 0.044458 -0.078708
v -0.014176 0.044854 -0.074001
v -0.019918 0.043512 -0.065579
v -0.020730 0.040792 -0.055698
v -0.016397 0.037421 -0.047006
v -0.008078 0.034304 -0.041832
v 0.001997 0.032275 -0.041562
v 0.011129 0.031879 -0.046268
v 0.016870 0.033220 -0.054690
v 0.019128 0.041902 -0.062107
v 0.014961 0.047089 -0.070297
v 0.006540 0.051011 -0.075301
v -0.003877 0.052618 -0.075780
v -0.013500 0.051479 -0.071604
v -0.019751 0.047900 -0.063893
v -0.020953 0.042838 -0.054713
v -0.016786 0.037651 -0.046524
v -0.008365 0.033729 -0.041520
v 0.002052 0.032122 -0.041041
v 0.011675 0.033261 -0.045217
v 0.017925 0.036841 -0.052928
v 0.020172 0.047482 -0.058182
v 0.016005 0.054138 -0.065634
v 0.007403 0.058606 -0.070452
v -0.003331 0.059689 -0.071345
v -0.013319 0.057098 -0.068074
v -0.019886 0.051527 -0.061515
v -0.021272 0.044468 -0.053426
v -0.017105 0.037813 -0.045975
v -0.008503 0.033345 -0.041156
v 0.002231 0.032261 -0.040263
v 0.012219 0.034852 -0.043534
v 0.018786 0.040423 -0.050093
v 0.020519 0.051526 -0.054028
v 0.016247 0.059353 -0.060637
v 0.007427 0.064420 -0.065077
v -0.003578 0.065370 -0.066158
v -0.013819 0.061949 -0.063591
v -0.020552 0.055072 -0.058063
v -0.021974 0.046584 -0.051055
v -0.017702 0.038757 -0.044446
v -0.008882 0.033690 -0.040006
v 0.002123 0.032740 -0.038925
v 0.012364 0.036161 -0.041492
v 0.019098 0.043038 -0.047020
v 0.021006 0.055754 -0.048297
v 0.016575 0.064780 -0.053609
v 0.007506 0.070565 -0.057300
v -0.003772 0.071556 -0.058381
v -0.014235 0.067490 -0.056563
v -0.021082 0.059455 -0.052333
v -0.022476 0.049605 -0.046823
v -0.018045 0.040578 -0.041512
v -0.008976 0.034794 -0.037820
v 0.002301 0.033802 -0.036739
v 0.012764 0.037868 -0.038557
v 0.019611 0.045903 -0.042788
v 0.021026 0.058489 -0.042067
v 0.016377 0.068558 -0.045619
v 0.007026 0.074950 -0.048329
v -0.004520 0.075950 -0.049471
v -0.015169 0.071292 -0.048739
v -0.022066 0.062223 -0.046329
v -0.023364 0.051173 -0.042887
v -0.018715 0.041104 -0.039335
v -0.009364 0.034712 -0.036626
v 0.002182 0.033712 -0.035484
v 0.012831 0.038370 -0.036215
v 0.019728 0.047439 -0.038625
v 0.021131 0.060153 -0.034925
v 0.016226 0.070928 -0.036314
v 0.006558 0.077783 -0.037585
v -0.005283 0.078881 -0.038397
v -0.016124 0.073929 -0.038533
v -0.023060 0.064253 -0.037956
v -0.024233 0.052446 -0.036821
v -0.019329 0.041671 -0.035432
v -0.009661 0.034816 -0.034161
v 0.002180 0.033718 -0.033349
v 0.013021 0.038670 -0.033213
v 0.019958 0.048346 -0.033790
v 0.021185 0.060114 -0.027516
v 0.016032 0.071001 -0.025718
v 0.006055 0.077921 -0.024767
v -0.006073 0.079017 -0.024918
v -0.017103 0.073998 -0.026131
v -0.024079 0.064207 -0.028080
v -0.025132 0.052268 -0.030244
v -0.019979 0.041381 -0.032042
v -0.010002 0.034461 -0.032994
v 0.002127 0.033364 -0.032842
v 0.013156 0.038384 -0.031630
v 0.020132 0.048175 -0.029680
v 0.021642 0.057550 -0.019929
v 0.016325 0.067653 -0.015062
v 0.006115 0.074045 -0.012079
v -0.006253 0.075015 -0.011779
v -0.017466 0.070301 -0.014242
v -0.024519 0.061167 -0.018809
v -0.025521 0.050061 -0.024255
v -0.020205 0.039959 -0.029122
v -0.009995 0.033566 -0.032105
v 0.002374 0.032597 -0.032405
v 0.013587 0.037311 -0.029942
v 0.020639 0.046444 -0.025375
v 0.021874 0.053529 -0.013566
v 0.016480 0.061706 -0.005575
v 0.006094 0.066742 -0.000420
v -0.006501 0.067287 0.000520
v -0.017930 0.063197 -0.003009
v -0.025130 0.055566 -0.010060
v -0.026173 0.046439 -0.018745
v -0.020779 0.038262 -0.026736
v -0.010394 0.033227 -0.031892
v 0.002201 0.032681 -0.032831
v 0.013630 0.036772 -0.029302
v 0.020831 0.044403 -0.022251
v 0.022832 0.048137 -0.009655
v 0.017554 0.053385 0.000848
v 0.007138 0.056220 0.007860
v -0.005625 0.055882 0.009503
v -0.017315 0.052462 0.005336
v -0.024800 0.046876 -0.003523
v -0.026073 0.040621 -0.014701
v -0.020795 0.035373 -0.025204
v -0.010378 0.032538 -0.032216
v 0.002385 0.032876 -0.033859
v 0.014074 0.036296 -0.029693
v 0.021559 0.041882 -0.020833
v 0.023957 0.041296 -0.006799
v 0.018829 0.044134 0.004921
v 0.008390 0.045339 0.012750
v -0.004562 0.044586 0.014591
v -0.016557 0.042079 0.009949
v -0.024381 0.038488 0.000070
v -0.025937 0.034776 -0.012401
v -0.020809 0.031938 -0.024121
v -0.010370 0.030734 -0.031950
v 0.002582 0.031486 -0.033790
v 0.014577 0.033994 -0.029149
v 0.022401 0.037584 -0.019269
v 0.024936 0.033570 -0.005432
v 0.019962 0.034264 0.006799
v 0.009556 0.034115 0.014953
v -0.003494 0.033161 0.016846
v -0.015692 0.031659 0.011971
v -0.023768 0.030011 0.001634
v -0.025560 0.028659 -0.011395
v -0.020586 0.027964 -0.023626
v -0.010180 0.028114 -0.031780
v 0.002870 0.029068 -0.033673
v 0.015068 0.030570 -0.028798
v 0.023144 0.032218 -0.018461
v 0.025670 0.024802 -0.005269
v 0.020748 0.024295 0.007049
v 0.010324 0.023723 0.015250
v -0.002807 0.023240 0.017136
v -0.015127 0.022976 0.012202
v -0.023337 0.023000 0.001770
v -0.025234 0.023307 -0.011365
v -0.020312 0.023815 -0.023683
v -0.009889 0.024387 -0.031884
v 0.003242 0.024870 -0.033770
v 0.015563 0.025134 -0.028835
v 0.023772 0.025110 -0.018403
v 0.025734 0.019406 -0.005632
v 0.020818 0.018051 0.006682
v 0.010369 0.016950 0.014883
v -0.002813 0.016396 0.016772
v -0.015196 0.016539 0.011844
v -0.023462 0.017341 0.001419
v -0.025396 0.018585 -0.011710
v -0.020479 0.019940 -0.024024
v -0.010030 0.021041 -0.032224
v 0.003152 0.021595 -0.034113
v 0.015535 0.021451 -0.029185
v 0.023801 0.020650 -0.018760
v 0.025635 0.014241 -0.006343
v 0.020808 0.012696 0.005738
v 0.010541 0.011465 0.013782
v -0.002415 0.010879 0.015634
v -0.014588 0.011094 0.010798
v -0.022718 0.012053 0.000570
v -0.024625 0.013499 -0.012311
v -0.019798 0.015044 -0.024392
v -0.009532 0.016275 -0.032436
v 0.003424 0.016861 -0.034289
v 0.015598 0.016646 -0.029453
v 0.023728 0.015687 -0.019224
v 0.024558 0.006569 -0.007274
v 0.019926 0.005388 0.004345
v 0.010076 0.004653 0.012109
v -0.002354 0.004561 0.013937
v -0.014032 0.005137 0.009340
v -0.021830 0.006227 -0.000450
v -0.023658 0.007539 -0.012811
v -0.019026 0.008720 -0.024429
v -0.009176 0.009456 -0.032193
v 0.003254 0.009547 -0.034022
v 0.014932 0.008971 -0.029425
v 0.022730 0.007881 -0.019635
vn -0.4409 0.7014 0.5601
vn -0.6173 -0.5568 0.5558
vn -0.6235 0.7728 0.1182
vn -0.8859 -0.4601 -0.0585
vn -0.4386 0.8419 -0.3144
vn -0.6352 -0.3650 -0.6807
vn -0.0071 0.8697 -0.4935
vn -0.0135 -0.3261 -0.9452
vn 0.4294 0.8419 -0.3268
vn 0.6154 -0.3650 -0.6986
vn 0.6267 0.7728 0.1003
vn 0.8839 -0.4601 -0.0839
vn 0.4567 0.7014 0.5473
vn 0.6329 -0.5568 0.5379
vn 0.0106 0.6713 0.7412
vn 0.0115 -0.5972 0.8020
vn -0.8502 0.1796 -0.4948
vn -0.5489 0.3681 -0.7505
vn -0.3654 0.4344 -0.8233
vn -0.8706 0.3048 -0.3861
vn -0.5844 0.5861 -0.5612
vn -0.4058 0.6825 -0.6078
vn -0.8927 0.3818 -0.2395
vn -0.6228 0.7201 -0.3059
vn -0.4495 0.8350 -0.3172
vn -0.9134 0.4001 -0.0747
vn -0.6589 0.7520 -0.0190
vn -0.4906 0.8713 0.0093
vn -0.9300 0.3573 0.0860
vn -0.6878 0.6774 0.2607
vn -0.5235 0.7865 0.3277
vn -0.9403 0.2591 0.2208
vn -0.7057 0.5065 0.4955
vn -0.5438 0.5919 0.5949
vn -0.9428 0.1189 0.3116
vn -0.7100 0.2623 0.6535
vn -0.5488 0.3140 0.7748
vn -0.9372 -0.0445 0.3460
vn -0.7002 -0.0221 0.7136
vn -0.5377 -0.0098 0.8431
vn -0.9242 -0.2090 0.3196
vn -0.6777 -0.3085 0.6675
vn -0.5120 -0.3357 0.7907
vn -0.9057 -0.3523 0.2357
vn -0.6455 -0.5580 0.5215
vn -0.4753 -0.6197 0.6245
vn -0.8841 -0.4551 0.1058
vn -0.6079 -0.7371 0.2953
vn -0.4325 -0.8235 0.3671
vn -0.8623 -0.5036 -0.0526
vn -0.5700 -0.8214 0.0195
vn -0.3894 -0.9195 0.0532
vn -0.9912 -0.0589 -0.1182
vn -0.8433 -0.4911 -0.2181
vn -0.5369 -0.7997 -0.2687
vn -0.3517 -0.8948 -0.2749
vn -0.8297 -0.4194 -0.3684
vn -0.5131 -0.6749 -0.5303
vn -0.3247 -0.7527 -0.5727
vn -0.8232 -0.2981 -0.4831
vn -0.5018 -0.4637 -0.7301
vn -0.3119 -0.5124 -0.8001
vn -0.8248 -0.1437 -0.5469
vn -0.5046 -0.1948 -0.8411
vn -0.3150 -0.2063 -0.9264
vn -0.8342 0.0230 -0.5509
vn -0.5210 0.0955 -0.8482
vn -0.3337 0.1241 -0.9345
vn -0.4455 0.2789 0.8507
vn -0.8670 0.4948 -0.0595
vn -0.5420 0.8382 0.0605
vn -0.1091 0.9580 0.2653
vn 0.3030 0.8150 0.4939
vn 0.5736 0.4578 0.6793
vn 0.6339 -0.0046 0.7734
vn 0.4785 -0.4457 0.7566
vn 0.1559 -0.7550 0.6370
vn -0.2490 -0.8597 0.4460
vn -0.6361 -0.7363 0.2308
vn -0.9097 -0.4129 0.0446
vn -0.9974 0.0349 -0.0631
vn -0.9209 0.3458 0.1797
vn -0.6709 0.6206 0.4060
vn -0.3155 0.7085 0.6313
vn 0.0686 0.6013 0.7961
vn 0.3885 0.3099 0.8678
vn 0.5429 -0.1067 0.8330
vn 0.4777 -0.5322 0.6990
vn 0.2138 -0.8414 0.4964
vn -0.1701 -0.9465 0.2742
vn -0.5672 -0.8187 0.0894
vn -0.8700 -0.4931 -0.0045
vn -0.9977 -0.0626 0.0265
vn -0.9512 0.1531 0.2678
vn -0.7332 0.3471 0.5847
vn -0.4096 0.3981 0.8208
vn -0.0287 0.3391 0.9403
vn 0.3465 0.1322 0.9287
vn 0.5856 -0.2187 0.7806
vn 0.5941 -0.6064 0.5285
vn 0.3722 -0.8979 0.2352
vn -0.0078 -0.9997 -0.0252
vn -0.4357 -0.8813 -0.1832
vn -0.7933 -0.5790 -0.1884
vn -0.9815 -0.1896 -0.0248
vn -0.9695 0.0076 0.2449
vn -0.7719 0.1520 0.6173
vn -0.4445 0.1844 0.8766
vn -0.0403 0.1406 0.9892
vn 0.3778 -0.0166 0.9257
vn 0.6681 -0.2962 0.6826
vn 0.7210 -0.6111 0.3267
vn 0.5265 -0.8490 -0.0433
vn 0.1490 -0.9316 -0.3315
vn -0.3045 -0.8327 -0.4624
vn -0.7104 -0.5828 -0.3946
vn -0.9548 -0.2646 -0.1352
vn -0.9693 -0.1260 0.2110
vn -0.7866 -0.0695 0.6135
vn -0.4706 -0.1009 0.8766
vn -0.0864 -0.1465 0.9854
vn 0.3324 -0.2291 0.9149
vn 0.6595 -0.3987 0.6372
vn 0.7590 -0.6113 0.2239
vn 0.5988 -0.7758 -0.1987
vn 0.2358 -0.8252 -0.5133
vn -0.2234 -0.7384 -0.6362
vn -0.6513 -0.5421 -0.5309
vn -0.9266 -0.3060 -0.2188
vn -0.9536 -0.2645 0.1438
vn -0.7720 -0.3227 0.5476
vn -0.4643 -0.4228 0.7783
vn -0.1120 -0.4581 0.8818
vn 0.3026 -0.4551 0.8375
vn 0.6606 -0.4996 0.5604
vn 0.7971 -0.5918 0.1196
vn 0.6652 -0.6675 -0.3347
vn 0.3152 -0.6741 -0.6679
vn -0.1473 -0.5973 -0.7883
vn -0.5920 -0.4614 -0.6608
vn -0.8916 -0.3247 -0.3156
vn -0.9449 -0.3180 0.0779
vn -0.7724 -0.4177 0.4785
vn -0.4654 -0.5267 0.7114
vn -0.1068 -0.5704 0.8144
vn 0.3059 -0.5583 0.7712
vn 0.6738 -0.5470 0.4968
vn 0.8304 -0.5553 0.0447
vn 0.7144 -0.5550 -0.4262
vn 0.3709 -0.5198 -0.7696
vn -0.0960 -0.4476 -0.8891
vn -0.5543 -0.3607 -0.7501
vn -0.8705 -0.3014 -0.3892
vn -0.9457 -0.3249 -0.0065
vn -0.7848 -0.4722 0.4014
vn -0.4612 -0.6044 0.6496
vn -0.0695 -0.6422 0.7634
vn 0.3638 -0.5978 0.7144
vn 0.7283 -0.5325 0.4313
vn 0.8804 -0.4738 -0.0209
vn 0.7663 -0.4139 -0.4914
vn 0.4241 -0.3469 -0.8365
vn -0.0470 -0.2812 -0.9585
vn -0.5158 -0.2373 -0.8232
vn -0.8491 -0.2434 -0.4687
vn -0.9467 -0.3116 -0.0820
vn -0.7857 -0.5407 0.3006
vn -0.4505 -0.7358 0.5056
vn -0.0628 -0.8002 0.5965
vn 0.3699 -0.7210 0.5860
vn 0.7518 -0.5600 0.3482
vn 0.9164 -0.3922 -0.0806
vn 0.8066 -0.2444 -0.5382
vn 0.4641 -0.1289 -0.8764
vn -0.0117 -0.0622 -0.9980
vn -0.4902 -0.0621 -0.8694
vn -0.8374 -0.1432 -0.5275
vn -0.9279 -0.3263 -0.1805
vn -0.7248 -0.6851 0.0731
vn -0.3461 -0.9365 0.0566
vn -0.0405 -0.9979 0.0496
vn 0.3146 -0.9253 0.2117
vn 0.7207 -0.6684 0.1840
vn 0.9176 -0.3702 -0.1450
vn 0.8226 -0.1177 -0.5564
vn 0.4861 0.0619 -0.8717
vn 0.0118 0.1432 -0.9896
vn -0.4692 0.1082 -0.8765
vn -0.8213 -0.0493 -0.5684
vn -0.9130 -0.3024 -0.2738
vn -0.6536 -0.7374 -0.1704
vn -0.2099 -0.8967 -0.3897
vn 0.0068 -0.8893 -0.4573
vn 0.2948 -0.9439 -0.1486
vn 0.7290 -0.6836 0.0348
vn 0.9391 -0.2890 -0.1860
vn 0.8441 0.0529 -0.5335
vn 0.5064 0.2895 -0.8123
vn 0.0300 0.3819 -0.9237
vn -0.4545 0.3093 -0.8354
vn -0.8110 0.0744 -0.5803
vn -0.9336 -0.2024 -0.2956
vn -0.7379 -0.6524 -0.1729
vn -0.3372 -0.9054 -0.2579
vn 0.0088 -0.9529 -0.3031
vn 0.3743 -0.9174 -0.1349
vn 0.7743 -0.6316 -0.0385
vn 0.9598 -0.1939 -0.2028
vn 0.8556 0.2149 -0.4710
vn 0.5135 0.5019 -0.6960
vn 0.0346 0.6075 -0.7935
vn -0.4520 0.5082 -0.7331
vn -0.8132 0.2206 -0.5385
vn -0.9598 -0.1220 -0.2530
vn -0.8200 -0.5674 -0.0750
vn -0.4638 -0.8859 -0.0008
vn -0.0232 -0.9997 -0.0063
vn 0.4149 -0.9095 -0.0254
vn 0.7853 -0.6135 -0.0831
vn 0.9568 -0.1697 -0.2362
vn 0.8526 0.2795 -0.4415
vn 0.5082 0.6065 -0.6115
vn 0.0255 0.7311 -0.6818
vn -0.4637 0.6253 -0.6277
vn -0.8268 0.3152 -0.4658
vn -0.9692 -0.0500 -0.2412
vn -0.8335 -0.5235 -0.1768
vn -0.4659 -0.8317 -0.3020
vn -0.0283 -0.8955 -0.4442
vn 0.4005 -0.8454 -0.3534
vn 0.7835 -0.5789 -0.2257
vn 0.9559 -0.1191 -0.2685
vn 0.8494 0.3531 -0.3922
vn 0.5060 0.7023 -0.5007
vn 0.0251 0.8404 -0.5414
vn -0.4634 0.7343 -0.4961
vn -0.8290 0.4107 -0.3796
vn -0.9697 0.0118 -0.2439
vn -0.8183 -0.4635 -0.3400
vn -0.4136 -0.6586 -0.6287
vn -0.0395 -0.5578 -0.8290
vn 0.3170 -0.6088 -0.7272
vn 0.7510 -0.4938 -0.4383
vn 0.9548 -0.0510 -0.2928
vn 0.8521 0.4400 -0.2834
vn 0.5078 0.8054 -0.3058
vn 0.0264 0.9493 -0.3133
vn -0.4627 0.8365 -0.2935
vn -0.8298 0.4951 -0.2576
vn -0.9809 0.0529 -0.1872
vn -0.8447 -0.4108 -0.3431
vn -0.4744 -0.6295 -0.6153
vn -0.0922 -0.5148 -0.8524
vn 0.2293 -0.4198 -0.8782
vn 0.6517 -0.3541 -0.6708
vn 0.9151 0.0088 -0.4031
vn 0.8387 0.4849 -0.2480
vn 0.5012 0.8498 -0.1630
vn 0.0209 0.9931 -0.1155
vn -0.4689 0.8777 -0.0987
vn -0.8376 0.5335 -0.1176
vn -0.9913 0.0874 -0.0985
vn -0.8798 -0.3469 -0.3251
vn -0.5368 -0.5194 -0.6649
vn -0.1677 -0.2839 -0.9441
vn 0.1240 -0.1310 -0.9836
vn 0.5562 -0.1590 -0.8157
vn 0.8690 0.0948 -0.4856
vn 0.8222 0.5231 -0.2245
vn 0.4990 0.8654 -0.0452
vn 0.0249 0.9978 0.0615
vn -0.4639 0.8812 0.0904
vn -0.8365 0.5468 0.0372
vn -0.9881 0.1344 -0.0747
vn -0.8838 -0.2120 -0.4172
vn -0.5404 -0.2175 -0.8128
vn -0.2156 0.1115 -0.9701
vn 0.0045 0.1948 -0.9808
vn 0.4393 0.0687 -0.8957
vn 0.8090 0.2116 -0.5484
vn 0.7990 0.5676 -0.1986
vn 0.4976 0.8650 0.0640
vn 0.0367 0.9747 0.2206
vn -0.4474 0.8580 0.2522
vn -0.8237 0.5464 0.1516
vn -0.9836 0.1741 -0.0476
vn -0.8884 -0.0924 -0.4496
vn -0.5661 -0.0530 -0.8226
vn -0.2515 0.2164 -0.9434
vn -0.0265 0.3085 -0.9508
vn 0.3649 0.2386 -0.8999
vn 0.7361 0.3369 -0.5871
vn 0.7685 0.6133 -0.1824
vn 0.4972 0.8543 0.1514
vn 0.0515 0.9343 0.3528
vn -0.4292 0.8159 0.3874
vn -0.8104 0.5311 0.2473
vn -0.9854 0.1667 0.0352
vn -0.9163 -0.0584 -0.3963
vn -0.6230 -0.0214 -0.7819
vn -0.2988 0.2374 -0.9243
vn -0.0431 0.3777 -0.9249
vn 0.3318 0.3574 -0.8730
vn 0.6994 0.4288 -0.5718
vn 0.7569 0.6397 -0.1337
vn 0.5075 0.8244 0.2506
vn 0.0735 0.8700 0.4876
vn -0.4061 0.7448 0.5295
vn -0.7956 0.4813 0.3679
vn -0.9822 0.1321 0.1339
vn -0.9431 -0.0262 -0.3314
vn -0.6746 0.1150 -0.7292
vn -0.3675 0.4953 -0.7872
vn -0.1752 0.6663 -0.7248
vn 0.1967 0.5938 -0.7802
vn 0.6445 0.5457 -0.5356
vn 0.7512 0.6567 -0.0669
vn 0.5258 0.7716 0.3580
vn 0.1050 0.7747 0.6236
vn -0.3723 0.6390 0.6731
vn -0.7713 0.3979 0.4969
vn -0.9712 0.0719 0.2270
vn -0.9641 -0.0067 -0.2656
vn -0.7188 0.2394 -0.6527
vn -0.4213 0.6921 -0.5861
vn -0.2885 0.8559 -0.4292
vn 0.0326 0.8000 -0.5991
vn 0.5657 0.6717 -0.4782
vn 0.7431 0.6691 -0.0014
vn 0.5503 0.6989 0.4569
vn 0.1467 0.6482 0.7472
vn -0.3267 0.4971 0.8038
vn -0.7364 0.2803 0.6157
vn -0.9522 -0.0086 0.3054
vn -0.9808 -0.0194 -0.1939
vn -0.7745 0.2746 -0.5698
vn -0.4834 0.7522 -0.4477
vn -0.3498 0.9135 -0.2079
vn -0.0774 0.9139 -0.3984
vn 0.4870 0.7832 -0.3866
vn 0.7278 0.6830 0.0610
vn 0.5731 0.6232 0.5322
vn 0.1922 0.5118 0.8373
vn -0.2743 0.3396 0.8997
vn -0.6933 0.1442 0.7061
vn -0.9223 -0.1255 0.3654
vn -0.9875 -0.0869 -0.1316
vn -0.8289 0.2105 -0.5183
vn -0.5678 0.7256 -0.3888
vn -0.4416 0.8964 0.0387
vn -0.3458 0.9382 -0.0131
vn 0.2276 0.9568 -0.1807
vn 0.6530 0.7466 0.1272
vn 0.5811 0.5639 0.5869
vn 0.2359 0.3753 0.8964
vn -0.2169 0.1690 0.9614
vn -0.6411 -0.0167 0.7673
vn -0.8734 -0.2819 0.3971
vn -0.9751 -0.2020 -0.0917
vn -0.8645 0.0817 -0.4960
vn -0.6314 0.5427 -0.5538
vn -0.3973 0.8603 -0.3194
vn -0.1390 0.9611 -0.2387
vn 0.3519 0.9202 -0.1714
vn 0.6793 0.7110 0.1815
vn 0.6174 0.4720 0.6293
vn 0.2967 0.2200 0.9293
vn -0.1420 -0.0229 0.9896
vn -0.5701 -0.2073 0.7950
vn -0.8222 -0.3821 0.4219
vn -0.9744 -0.2215 -0.0396
vn -0.8951 0.1128 -0.4313
vn -0.6164 0.5231 -0.5886
vn -0.2178 0.7623 -0.6095
vn 0.2474 0.8038 -0.5411
vn 0.6431 0.7224 -0.2541
vn 0.8125 0.5509 0.1907
vn 0.7192 0.3029 0.6253
vn 0.4074 0.0237 0.9129
vn -0.0304 -0.2226 0.9744
vn -0.4783 -0.3736 0.7948
vn -0.7720 -0.5015 0.3905
vn -0.9665 -0.2565 -0.0084
vn -0.9413 0.1524 -0.3014
vn -0.7932 0.6055 -0.0650
vn -0.4937 0.7332 0.4676
vn -0.3193 0.8106 0.4910
vn 0.4018 0.8705 0.2843
vn 0.7735 0.5569 0.3026
vn 0.7657 0.1720 0.6198
vn 0.4886 -0.1773 0.8543
vn 0.0621 -0.4423 0.8947
vn -0.3974 -0.5624 0.7251
vn -0.6751 -0.6872 0.2684
vn -0.9248 -0.3778 -0.0454
vn -0.9751 0.1168 -0.1883
vn -0.6965 0.3092 0.6475
vn -0.0972 -0.2684 0.9584
vn -0.4130 -0.4165 0.8099
vn -0.2123 0.3603 0.9084
vn 0.6264 0.5909 0.5085
vn 0.7844 0.0986 0.6124
vn 0.5731 -0.3434 0.7441
vn 0.1814 -0.6601 0.7290
vn -0.2736 -0.7849 0.5560
vn -0.5651 -0.8221 0.0697
vn -0.8717 -0.4724 -0.1301
vn -0.9886 0.0339 -0.1464
vn -0.8110 0.2177 0.5430
vn -0.1636 -0.4034 0.9003
vn -0.3179 -0.6554 0.6851
vn -0.2614 0.0122 0.9651
vn 0.5401 0.4771 0.6933
vn 0.8119 0.0158 0.5836
vn 0.6681 -0.4692 0.5775
vn 0.3159 -0.8168 0.4828
vn -0.1340 -0.9449 0.2987
vn -0.4646 -0.8710 -0.1594
vn -0.8134 -0.5170 -0.2667
vn -0.9770 -0.0295 -0.2111
vn -0.9134 0.2975 0.2779
vn -0.4524 -0.3641 0.8141
vn -0.2422 -0.8197 0.5190
vn -0.4194 -0.5090 0.7517
vn 0.2993 0.1870 0.9357
vn 0.7980 -0.0380 0.6015
vn 0.7314 -0.5201 0.4412
vn 0.4222 -0.8720 0.2476
vn -0.0153 -0.9994 0.0314
vn -0.3530 -0.8440 -0.4038
vn -0.7356 -0.5169 -0.4379
vn -0.9521 -0.0825 -0.2944
vn -0.9677 0.1839 0.1727
vn -0.5471 -0.5351 0.6437
vn -0.1196 -0.9730 0.1974
vn -0.4632 -0.8307 0.3090
vn 0.1182 -0.2921 0.9491
vn 0.7562 -0.1373 0.6398
vn 0.7764 -0.5374 0.3293
vn 0.5187 -0.8544 0.0319
vn 0.1038 -0.9674 -0.2311
vn -0.2540 -0.7517 -0.6086
vn -0.6684 -0.4601 -0.5844
vn -0.9306 -0.0847 -0.3561
vn -0.9805 0.1539 0.1225
vn -0.7902 -0.0525 0.6105
vn -0.4527 -0.4574 0.7654
vn -0.3176 -0.4442 0.8378
vn 0.2482 -0.2057 0.9466
vn 0.7388 -0.2002 0.6435
vn 0.8133 -0.5270 0.2464
vn 0.6019 -0.7868 -0.1366
vn 0.2092 -0.8711 -0.4444
vn -0.2100 -0.6907 -0.6920
vn -0.6416 -0.4238 -0.6393
vn -0.9214 -0.0843 -0.3793
vn -0.9754 0.2187 0.0277
vn -0.7967 0.3801 0.4700
vn -0.4499 0.3763 0.8099
vn -0.0107 0.2735 0.9618
vn 0.4403 0.0866 0.8937
vn 0.7594 -0.2007 0.6189
vn 0.8294 -0.5140 0.2188
vn 0.6413 -0.7409 -0.1994
vn 0.2592 -0.8069 -0.5307
vn -0.1677 -0.6552 -0.7366
vn -0.6175 -0.4414 -0.6510
vn -0.9215 -0.1812 -0.3436
vn -0.9928 0.0003 0.1195
vn -0.8140 0.0264 0.5803
vn -0.4578 0.0693 0.8863
vn 0.0098 0.1479 0.9889
vn 0.4816 0.0580 0.8745
vn 0.7951 -0.1927 0.5750
vn 0.8668 -0.4719 0.1609
vn 0.6871 -0.6766 -0.2648
vn 0.3087 -0.7437 -0.5930
vn -0.1107 -0.5233 -0.8449
vn -0.5793 -0.3716 -0.7255
vn -0.9055 -0.2029 -0.3727
vn -0.9666 -0.2129 0.1426
vn -0.5932 -0.7305 0.3383
vn -0.1144 -0.9848 0.1306
vn -0.1614 -0.9177 0.3630
vn 0.3915 -0.5192 0.7597
vn 0.8013 -0.2476 0.5447
vn 0.9137 -0.3995 0.0746
vn 0.7492 -0.5402 -0.3833
vn 0.3738 -0.5875 -0.7177
vn -0.0379 -0.2471 -0.9682
vn -0.5173 -0.1672 -0.8393
vn -0.8687 -0.1137 -0.4821
vn -0.9392 -0.3431 -0.0092
vn -0.2038 -0.9595 -0.1944
vn 0.3377 -0.6196 -0.7085
vn -0.0847 -0.6366 -0.7665
vn 0.2144 -0.9741 0.0714
vn 0.7821 -0.4372 0.4441
vn 0.9506 -0.3102 -0.0127
vn 0.8080 -0.3193 -0.4951
vn 0.4451 -0.3034 -0.8425
vn 0.0038 0.0686 -0.9976
vn -0.4846 0.0663 -0.8722
vn -0.8489 -0.0224 -0.5281
vn -0.9163 -0.3840 -0.1139
vn -0.2000 -0.8988 -0.3902
vn 0.3352 -0.4913 -0.8039
vn -0.0080 -0.4198 -0.9076
vn 0.1330 -0.9150 -0.3809
vn 0.7524 -0.5831 0.3063
vn 0.9707 -0.2324 -0.0620
vn 0.8432 -0.0863 -0.5307
vn 0.4875 0.0131 -0.8730
vn 0.0169 0.2847 -0.9585
vn -0.4741 0.2274 -0.8506
vn -0.8378 0.0488 -0.5438
vn -0.9482 -0.2771 -0.1556
vn -0.6612 -0.7482 -0.0543
vn -0.1437 -0.9571 -0.2517
vn 0.0117 -0.9663 -0.2573
vn 0.3883 -0.9111 0.1381
vn 0.7986 -0.5448 0.2556
vn 0.9776 -0.1919 -0.0867
vn 0.8566 0.0577 -0.5128
vn 0.5031 0.2235 -0.8349
vn 0.0151 0.3927 -0.9195
vn -0.4775 0.3116 -0.8216
vn -0.8387 0.0928 -0.5366
vn -0.9622 -0.2229 -0.1568
vn -0.8043 -0.5681 0.1741
vn -0.4383 -0.8316 0.3412
vn -0.0069 -0.9148 0.4039
vn 0.4398 -0.7971 0.4139
vn 0.8196 -0.5161 0.2488
vn 0.9778 -0.1826 -0.1029
vn 0.8589 0.1168 -0.4986
vn 0.5046 0.3224 -0.8009
vn 0.0144 0.5110 -0.8595
vn -0.4762 0.4228 -0.7710
vn -0.8385 0.1798 -0.5144
vn -0.9707 -0.1681 -0.1719
vn -0.8228 -0.5564 0.1157
vn -0.4329 -0.8947 0.1098
vn -0.0475 -0.9813 -0.1865
vn 0.3236 -0.9222 -0.2117
vn 0.7694 -0.6368 -0.0503
vn 0.9669 -0.1915 -0.1687
vn 0.8546 0.1780 -0.4879
vn 0.5019 0.4243 -0.7537
vn 0.0006 0.6642 -0.7475
vn -0.4901 0.5780 -0.6525
vn -0.8535 0.3099 -0.4189
vn -0.9896 -0.0802 -0.1198
vn -0.8504 -0.5145 0.1099
vn -0.4729 -0.8788 -0.0634
vn -0.1342 -0.7772 -0.6147
vn 0.0556 -0.6405 -0.7660
vn 0.5875 -0.7159 -0.3772
vn 0.9411 -0.2186 -0.2581
vn 0.8438 0.2390 -0.4806
vn 0.4893 0.5457 -0.6803
vn 0.0193 0.8157 -0.5781
vn -0.4722 0.7281 -0.4969
vn -0.8428 0.4301 -0.3236
vn -0.9899 -0.0177 -0.1408
vn -0.8230 -0.4580 -0.3361
vn -0.1486 -0.4170 -0.8967
vn -0.0788 0.0994 -0.9919
vn 0.1448 -0.4243 -0.8938
vn 0.7037 -0.6200 -0.3471
vn 0.9571 -0.1473 -0.2494
vn 0.8526 0.3276 -0.4071
vn 0.5039 0.6724 -0.5421
vn 0.0356 0.9453 -0.3242
vn -0.4577 0.8405 -0.2899
vn -0.8339 0.5055 -0.2214
vn -0.9799 0.0119 -0.1994
vn -0.5347 -0.1573 -0.8303
vn 0.3038 0.4593 -0.8347
vn 0.0293 0.7569 -0.6529
vn 0.1336 0.1220 -0.9835
vn 0.7540 -0.5183 -0.4035
vn 0.9825 -0.0561 -0.1777
vn 0.8665 0.4370 -0.2413
vn 0.5182 0.7990 -0.3051
vn 0.0423 0.9985 -0.0337
vn -0.4512 0.8910 -0.0498
vn -0.8278 0.5535 -0.0914
vn -0.9777 0.0737 -0.1965
vn -0.7153 -0.1964 -0.6707
vn 0.0170 0.3010 -0.9535
vn 0.0461 0.5849 -0.8098
vn 0.3237 -0.0783 -0.9429
vn 0.7990 -0.4319 -0.4185
vn 0.9908 -0.0089 -0.1354
vn 0.8734 0.4827 -0.0647
vn 0.5253 0.8501 -0.0376
vn 0.0343 0.9792 0.2002
vn -0.4606 0.8749 0.1501
vn -0.8347 0.5502 0.0251
vn -0.9812 0.0946 -0.1680
vn -0.8262 -0.3148 -0.4671
vn -0.4169 -0.3673 -0.8315
vn 0.0138 -0.2287 -0.9734
vn 0.4079 -0.3985 -0.8215
vn 0.8232 -0.3947 -0.4082
vn 0.9922 0.0178 -0.1235
vn 0.8729 0.4842 0.0591
vn 0.5209 0.8367 0.1689
vn 0.0277 0.9294 0.3681
vn -0.4661 0.8303 0.3056
vn -0.8373 0.5314 0.1288
vn -0.9845 0.1178 -0.1302
vn -0.8567 -0.2678 -0.4409
vn -0.4795 -0.3919 -0.7852
vn -0.0358 -0.2184 -0.9752
vn 0.4063 -0.2349 -0.8830
vn 0.8120 -0.2407 -0.5317
vn 0.9836 0.0755 -0.1640
vn 0.8669 0.4844 0.1176
vn 0.5149 0.8021 0.3025
vn 0.0230 0.8537 0.5202
vn -0.4704 0.7585 0.4510
vn -0.8407 0.4908 0.2289
vn -0.9861 0.1315 -0.1021
vn -0.8531 -0.1751 -0.4915
vn -0.4642 -0.1529 -0.8724
vn -0.0696 0.1919 -0.9789
vn 0.2918 0.1911 -0.9372
vn 0.7496 -0.0186 -0.6616
vn 0.9667 0.1502 -0.2071
vn 0.8600 0.4824 0.1663
vn 0.5099 0.7506 0.4203
vn 0.0231 0.7520 0.6588
vn -0.4704 0.6578 0.5882
vn -0.8422 0.4234 0.3337
vn -0.9912 0.1226 -0.0493
vn -0.8665 -0.1135 -0.4861
vn -0.4931 -0.0216 -0.8697
vn -0.1191 0.4017 -0.9080
vn 0.2112 0.4562 -0.8644
vn 0.6921 0.1880 -0.6969
vn 0.9482 0.2272 -0.2220
vn 0.8539 0.4735 0.2161
vn 0.5084 0.6811 0.5270
vn 0.0291 0.6268 0.7786
vn -0.4642 0.5305 0.7093
vn -0.8394 0.3314 0.4308
vn -0.9955 0.0946 0.0077
vn -0.8824 -0.0634 -0.4662
vn -0.5257 0.1189 -0.8423
vn -0.1857 0.6293 -0.7547
vn 0.0810 0.7366 -0.6714
vn 0.6013 0.4318 -0.6722
vn 0.9242 0.3118 -0.2205
vn 0.8484 0.4586 0.2643
vn 0.5108 0.5955 0.6201
vn 0.0412 0.4854 0.8733
vn -0.4510 0.3809 0.8072
vn -0.8307 0.2150 0.5135
vn -0.9970 0.0434 0.0638
vn -0.9009 -0.0373 -0.4325
vn -0.5704 0.2170 -0.7922
vn -0.2720 0.7896 -0.5500
vn -0.1155 0.9399 -0.3212
vn 0.4228 0.7302 -0.5368
vn 0.8783 0.4294 -0.2102
vn 0.8396 0.4507 0.3032
vn 0.5159 0.5036 0.6930
vn 0.0612 0.3337 0.9407
vn -0.4279 0.2132 0.8783
vn -0.8130 0.0762 0.5772
vn -0.9931 -0.0311 0.1133
vn -0.9190 -0.0335 -0.3928
vn -0.6227 0.2857 -0.7284
vn -0.3636 0.8712 -0.3298
vn -0.2907 0.9542 0.0704
vn 0.1839 0.9439 -0.2745
vn 0.8029 0.5702 -0.1738
vn 0.8261 0.4518 0.3368
vn 0.5244 0.4108 0.7458
vn 0.0911 0.1716 0.9810
vn -0.3913 0.0263 0.9199
vn -0.7821 -0.0877 0.6170
vn -0.9797 -0.1327 0.1502
vn -0.9338 -0.0548 -0.3537
vn -0.6856 0.3764 -0.6231
vn -0.4649 0.8808 0.0896
vn -0.4503 0.6472 0.6151
vn -0.4576 0.8352 0.3049
vn 0.4953 0.8675 0.0461
vn 0.7963 0.4765 0.3727
vn 0.5356 0.3187 0.7820
vn 0.1402 -0.0111 0.9901
vn -0.3313 -0.1886 0.9245
vn -0.7279 -0.2874 0.6225
vn -0.9469 -0.2774 0.1628
vn -0.9346 -0.1357 -0.3288
vn -0.7282 0.2372 -0.6430
vn -0.4929 0.7103 -0.5025
vn -0.3062 0.9519 -0.0133
vn -0.0626 0.9978 -0.0237
vn 0.5955 0.8005 0.0682
vn 0.7952 0.4463 0.4106
vn 0.5605 0.2073 0.8018
vn 0.2094 -0.1657 0.9637
vn -0.2596 -0.3567 0.8974
vn -0.6706 -0.4316 0.6034
vn -0.9169 -0.3669 0.1574
vn -0.9318 -0.1681 -0.3216
vn -0.7101 0.1295 -0.6921
vn -0.3210 0.4451 -0.8360
vn 0.1285 0.6500 -0.7490
vn 0.5457 0.6857 -0.4817
vn 0.8161 0.5743 -0.0643
vn 0.8400 0.3609 0.4053
vn 0.6135 0.0941 0.7841
vn 0.2638 -0.3145 0.9119
vn -0.1930 -0.5208 0.8316
vn -0.6098 -0.5732 0.5473
vn -0.8798 -0.4562 0.1333
vn -0.9345 -0.1930 -0.2993
vn -0.7648 0.1621 -0.6236
vn -0.4590 0.5641 -0.6864
vn -0.2318 0.9088 -0.3469
vn 0.2828 0.9576 -0.0554
vn 0.7219 0.6865 0.0873
vn 0.8299 0.3403 0.4422
vn 0.6411 -0.0046 0.7674
vn 0.3519 -0.4705 0.8092
vn -0.0736 -0.7174 0.6928
vn -0.4910 -0.7676 0.4119
vn -0.7937 -0.6073 0.0358
vn -0.9023 -0.2697 -0.3363
vn -0.7928 0.1721 -0.5847
vn -0.6475 0.6574 -0.3855
vn -0.5448 0.7646 0.3445
vn -0.2127 0.8078 0.5497
vn 0.5613 0.7909 0.2436
vn 0.7883 0.3628 0.4969
vn 0.6737 -0.0829 0.7343
vn 0.5070 -0.6138 0.6051
vn 0.1083 -0.8837 0.4553
vn -0.3250 -0.9234 0.2042
vn -0.6859 -0.7229 -0.0830
vn -0.8874 -0.3265 -0.3253
vn -0.8887 0.1786 -0.4224
vn -0.7735 0.6323 0.0431
vn -0.5147 0.6152 0.5972
vn 0.1025 0.9069 0.4087
vn 0.5921 0.7406 0.3177
vn 0.8102 0.3156 0.4939
vn 0.7670 -0.1781 0.6164
vn 0.6454 -0.6796 0.3489
vn 0.2729 -0.9509 0.1463
vn -0.1778 -0.9810 -0.0775
vn -0.5947 -0.7595 -0.2637
vn -0.8735 -0.3384 -0.3501
vn -0.9496 0.1666 -0.2656
vn -0.8379 0.5367 0.0993
vn -0.5846 0.5857 0.5614
vn -0.1571 0.6916 0.7050
vn 0.4720 0.6859 0.5539
vn 0.8009 0.2729 0.5329
vn 0.8434 -0.2342 0.4835
vn 0.7401 -0.6511 0.1684
vn 0.3927 -0.9149 -0.0932
vn -0.0638 -0.9481 -0.3116
vn -0.5133 -0.7424 -0.4307
vn -0.8419 -0.3495 -0.4111
vn -0.9652 0.1227 -0.2309
vn -0.8543 0.5037 0.1286
vn -0.5575 0.6265 0.5447
vn -0.1163 0.6733 0.7302
vn 0.3906 0.5964 0.7012
vn 0.7674 0.2480 0.5912
vn 0.8831 -0.2238 0.4122
vn 0.7969 -0.6028 0.0397
vn 0.4648 -0.8456 -0.2625
vn 0.0045 -0.8785 -0.4777
vn -0.4653 -0.6938 -0.5497
vn -0.8237 -0.3401 -0.4537
vn -0.9756 0.0846 -0.2026
vn -0.8788 0.4539 0.1470
vn -0.5608 0.6686 0.4884
vn -0.0985 0.7059 0.7014
vn 0.3941 0.5534 0.7337
vn 0.7670 0.2157 0.6044
vn 0.9107 -0.2131 0.3538
vn 0.8326 -0.5506 -0.0601
vn 0.5234 -0.7445 -0.4145
vn 0.0718 -0.7616 -0.6440
vn -0.4056 -0.5969 -0.6922
vn -0.7867 -0.2934 -0.5432
vn -0.9721 0.0634 -0.2258
vn -0.9179 0.3423 0.2009
vn -0.7122 0.2263 0.6646
vn -0.2879 -0.0766 0.9546
vn 0.2576 0.0970 0.9614
vn 0.7208 0.0880 0.6876
vn 0.9123 -0.2353 0.3351
vn 0.8785 -0.4510 -0.1578
vn 0.5964 -0.5727 -0.5624
vn 0.1544 -0.5670 -0.8091
vn -0.3329 -0.4333 -0.8375
vn -0.7419 -0.2088 -0.6371
vn -0.9683 0.0322 -0.2476
vn -0.9550 0.1416 0.2605
vn -0.6749 -0.3671 0.6401
vn -0.2714 -0.7013 0.6591
vn 0.1638 -0.3349 0.9279
vn 0.6793 -0.0713 0.7304
vn 0.9192 -0.2453 0.3081
vn 0.9138 -0.3398 -0.2227
vn 0.6514 -0.3756 -0.6592
vn 0.2154 -0.3378 -0.9163
vn -0.2806 -0.2332 -0.9311
vn -0.7108 -0.0923 -0.6973
vn -0.9634 0.0314 -0.2662
vn -0.9649 0.0336 0.2603
vn -0.6976 -0.3440 0.6285
vn -0.3322 -0.8324 0.4436
vn 0.1056 -0.7072 0.6991
vn 0.6334 -0.2781 0.7221
vn 0.9230 -0.2581 0.2854
vn 0.9245 -0.2791 -0.2597
vn 0.6848 -0.1983 -0.7012
vn 0.2610 -0.0988 -0.9603
vn -0.2347 0.0034 -0.9721
vn -0.6754 0.0824 -0.7328
vn -0.9473 0.1078 -0.3017
vn -0.9787 0.0296 0.2030
vn -0.7863 -0.4376 0.4361
vn -0.3052 -0.9397 -0.1544
vn -0.0764 -0.9756 -0.2057
vn 0.5013 -0.7054 0.5010
vn 0.8995 -0.3609 0.2461
vn 0.9455 -0.1953 -0.2606
vn 0.7295 -0.0075 -0.6839
vn 0.3180 0.1499 -0.9362
vn -0.1790 0.2461 -0.9526
vn -0.6347 0.2555 -0.7293
vn -0.9319 0.1609 -0.3251
vn -0.9882 -0.0842 0.1277
vn -0.6338 -0.7730 -0.0270
vn -0.1056 -0.7910 -0.6027
vn 0.0089 -0.9655 -0.2602
vn 0.5015 -0.7645 0.4052
vn 0.8912 -0.4019 0.2102
vn 0.9687 -0.0826 -0.2342
vn 0.7637 0.1806 -0.6197
vn 0.3574 0.3712 -0.8570
vn -0.1442 0.4451 -0.8838
vn -0.6126 0.3793 -0.6934
vn -0.9239 0.1720 -0.3417
vn -0.9805 -0.1950 0.0256
vn -0.6441 -0.7573 -0.1080
vn -0.1504 -0.9002 -0.4087
vn 0.1117 -0.9932 0.0335
vn 0.5736 -0.6779 0.4598
vn 0.9099 -0.3693 0.1887
vn 0.9835 0.0141 -0.1802
vn 0.7839 0.3371 -0.5214
vn 0.3790 0.5500 -0.7442
vn -0.1250 0.6015 -0.7890
vn -0.5978 0.4744 -0.6462
vn -0.9136 0.1870 -0.3610
vn -0.9727 -0.2271 -0.0478
vn -0.6990 -0.7149 0.0177
vn -0.2702 -0.9625 0.0251
vn 0.1505 -0.9438 0.2941
vn 0.6046 -0.6839 0.4085
vn 0.9208 -0.3472 0.1777
vn 0.9871 0.0700 -0.1442
vn 0.7842 0.4420 -0.4356
vn 0.3754 0.6782 -0.6317
vn -0.1311 0.7214 -0.6800
vn -0.6038 0.5587 -0.5686
vn -0.9164 0.2263 -0.3303
vn -0.9794 -0.1975 -0.0418
vn -0.7737 -0.6027 0.1952
vn -0.3723 -0.8657 0.3346
vn 0.1217 -0.9056 0.4063
vn 0.6033 -0.7079 0.3671
vn 0.9241 -0.3479 0.1582
vn 0.9874 0.1156 -0.1080
vn 0.7828 0.5273 -0.3302
vn 0.3749 0.7883 -0.4880
vn -0.1291 0.8337 -0.5368
vn -0.5989 0.6523 -0.4645
vn -0.9119 0.2871 -0.2931
vn -0.9814 -0.1747 -0.0791
vn -0.7780 -0.6216 0.0908
vn -0.3486 -0.9230 0.1629
vn 0.1719 -0.9594 0.2237
vn 0.6330 -0.7372 0.2363
vn 0.9326 -0.3441 0.1092
vn 0.9862 0.1540 -0.0613
vn 0.7739 0.6006 -0.2009
vn 0.3608 0.8795 -0.3104
vn -0.1442 0.9227 -0.3574
vn -0.6113 0.7192 -0.3303
vn -0.9174 0.3172 -0.2405
vn -0.9750 -0.1834 -0.1252
vn -0.7597 -0.6486 -0.0465
vn -0.3420 -0.9393 -0.0283
vn 0.1552 -0.9877 0.0189
vn 0.6266 -0.7740 0.0910
vn 0.9353 -0.3490 0.0582
vn 0.9835 0.1785 -0.0305
vn 0.7642 0.6412 -0.0694
vn 0.3471 0.9311 -0.1120
vn -0.1575 0.9771 -0.1430
vn -0.6205 0.7690 -0.1539
vn -0.9226 0.3577 -0.1442
vn -0.9804 -0.1536 -0.1236
vn -0.7684 -0.6291 -0.1173
vn -0.3350 -0.9267 -0.1703
vn 0.1891 -0.9665 -0.1734
vn 0.6469 -0.7588 -0.0759
vn 0.9414 -0.3368 -0.0185
vn 0.9788 0.2048 0.0014
vn 0.7519 0.6525 0.0946
vn 0.3316 0.9330 0.1399
vn -0.1727 0.9758 0.1339
vn -0.6328 0.7702 0.0800
vn -0.9302 0.3670 -0.0109
vn -0.9836 -0.1290 -0.1257
vn -0.7729 -0.5743 -0.2696
vn -0.3577 -0.7967 -0.4872
vn 0.1571 -0.7928 -0.5889
vn 0.6485 -0.6655 -0.3696
vn 0.9466 -0.2902 -0.1403
vn 0.9796 0.1957 0.0451
vn 0.7520 0.6048 0.2623
vn 0.3294 0.8594 0.3911
vn -0.1753 0.8969 0.4059
vn -0.6348 0.7100 0.3048
vn -0.9323 0.3448 0.1091
vn -0.9841 -0.1044 -0.1440
vn -0.7569 -0.4945 -0.4273
vn -0.3141 -0.2406 -0.9184
vn 0.2618 -0.3875 -0.8839
vn 0.6437 -0.5280 -0.5540
vn 0.9421 -0.2530 -0.2201
vn 0.9727 0.2167 0.0830
vn 0.7435 0.5236 0.4159
vn 0.3227 0.7125 0.6230
vn -0.1803 0.7290 0.6603
vn -0.6383 0.5680 0.5196
vn -0.9338 0.2712 0.2332
vn -0.9879 -0.0767 -0.1349
vn -0.7848 -0.3339 -0.5221
vn -0.5016 0.0389 -0.8642
vn 0.0012 0.7644 -0.6447
vn 0.6316 0.0559 -0.7733
vn 0.9420 -0.0808 -0.3258
vn 0.9726 0.2171 0.0828
vn 0.7563 0.4070 0.5121
vn 0.3400 0.5141 0.7875
vn -0.1632 0.5012 0.8498
vn -0.6253 0.3702 0.6870
vn -0.9284 0.1551 0.3376
vn -0.9898 -0.0798 -0.1184
vn -0.7802 -0.2184 -0.5861
vn -0.3936 0.1469 -0.9075
vn 0.0125 0.4804 -0.8770
vn 0.5399 0.2416 -0.8063
vn 0.9066 0.0542 -0.4184
vn 0.9779 0.1758 0.1132
vn 0.7714 0.2758 0.5734
vn 0.3619 0.3185 0.8761
vn -0.1420 0.2890 0.9467
vn -0.6103 0.1941 0.7680
vn -0.9215 0.0598 0.3836
vn -0.9913 -0.0719 -0.1105
vn -0.7959 -0.1479 -0.5870
vn -0.3871 -0.1290 -0.9130
vn 0.1230 -0.0740 -0.9896
vn 0.6044 -0.0295 -0.7961
vn 0.9199 0.0560 -0.3880
vn 0.9851 0.1165 0.1262
vn 0.7871 0.1406 0.6006
vn 0.3820 0.1359 0.9141
vn -0.1230 0.1008 0.9873
vn -0.5970 0.0435 0.8011
vn -0.9155 -0.0202 0.4019
vn -0.9918 -0.0688 -0.1077
vn -0.8014 -0.0811 -0.5926
vn -0.3931 -0.0521 -0.9180
vn 0.1213 -0.0084 -0.9926
vn 0.6030 0.0313 -0.7971
vn 0.9196 0.0745 -0.3858
vn 0.9912 0.0446 0.1246
vn 0.7988 0.0257 0.6010
vn 0.3957 0.0039 0.9184
vn -0.1119 -0.0158 0.9936
vn -0.5911 -0.0274 0.8061
vn -0.9149 -0.0260 0.4028
vn -0.9937 -0.0089 -0.1117
vn -0.8013 0.0208 -0.5979
vn -0.3893 0.0503 -0.9197
vn 0.1262 0.0654 -0.9898
vn 0.6051 0.0658 -0.7935
vn 0.9209 0.0580 -0.3855
vn 0.9926 -0.0158 0.1203
vn 0.7983 -0.0664 0.5986
vn 0.3909 -0.1085 0.9140
vn -0.1194 -0.1308 0.9842
vn -0.5971 -0.1266 0.7921
vn -0.9161 -0.0959 0.3893
vn -0.9921 -0.0457 -0.1171
vn -0.8049 0.0098 -0.5933
vn -0.4031 0.0535 -0.9136
vn 0.1091 0.0720 -0.9914
vn 0.5946 0.0626 -0.8016
vn 0.9189 0.0307 -0.3933
vn 0.9904 -0.0917 0.1031
vn 0.8026 -0.1541 0.5762
vn 0.4014 -0.2058 0.8925
vn -0.1069 -0.2331 0.9666
vn -0.5860 -0.2290 0.7773
vn -0.9065 -0.1949 0.3746
vn -0.9812 -0.1396 -0.1331
vn -0.7901 -0.0775 -0.6081
vn -0.3856 -0.0251 -0.9223
vn 0.1226 0.0032 -0.9925
vn 0.5983 -0.0005 -0.8013
vn 0.9156 -0.0353 -0.4006
vn 0.9837 -0.1511 0.0980
vn 0.7951 -0.2055 0.5706
vn 0.3938 -0.2447 0.8860
vn -0.1128 -0.2582 0.9595
vn -0.5886 -0.2424 0.7712
vn -0.9060 -0.2016 0.3721
vn -0.9805 -0.1466 -0.1309
vn -0.7920 -0.0922 -0.6036
vn -0.3906 -0.0530 -0.9190
vn 0.1160 -0.0395 -0.9925
vn 0.5917 -0.0553 -0.8043
vn 0.9092 -0.0961 -0.4051
vt 0.922847 0.844971
vt 0.924390 0.840932
vt 0.927851 0.840971
vt 0.926844 0.845016
vt 0.936206 0.841067
vt 0.936492 0.845126
vt 0.944561 0.841163
vt 0.946140 0.845237
vt 0.948022 0.841202
vt 0.950136 0.845282
vt 0.125459 0.517006
vt 0.125706 0.516970
vt 0.125752 0.517454
vt 0.125516 0.517608
vt 0.126237 0.516975
vt 0.126947 0.517018
vt 0.126262 0.517243
vt 0.126383 0.517483
vt 0.125969 0.517886
vt 0.125787 0.518147
vt 0.126328 0.518209
vt 0.126235 0.518550
vt 0.126582 0.517662
vt 0.126781 0.518378
vt 0.126800 0.518761
vt 0.126833 0.517756
vt 0.127102 0.517753
vt 0.127266 0.518372
vt 0.127404 0.518753
vt 0.127353 0.517652
vt 0.127717 0.518190
vt 0.127967 0.518527
vt 0.127551 0.517467
vt 0.128075 0.517858
vt 0.128413 0.518113
vt 0.128290 0.517420
vt 0.128681 0.517567
vt 0.127671 0.517224
vt 0.128333 0.516936
vt 0.128735 0.516962
vt 0.127695 0.516956
vt 0.128199 0.516470
vt 0.128568 0.516382
vt 0.127620 0.516697
vt 0.127458 0.516484
vt 0.127906 0.516086
vt 0.128202 0.515903
vt 0.127228 0.516345
vt 0.127493 0.515836
vt 0.127687 0.515591
vt 0.126964 0.516299
vt 0.127016 0.515753
vt 0.127092 0.515487
vt 0.126539 0.515848
vt 0.126498 0.515606
vt 0.126699 0.516352
vt 0.126128 0.516110
vt 0.125985 0.515932
vt 0.126471 0.516497
vt 0.126310 0.516715
vt 0.125837 0.516501
vt 0.125622 0.516421
vt 0.130528 0.540781
vt 0.130392 0.540731
vt 0.130398 0.540707
vt 0.130393 0.540750
vt 0.130402 0.540759
vt 0.130417 0.540755
vt 0.130433 0.540739
vt 0.130446 0.540716
vt 0.130452 0.540692
vt 0.130451 0.540673
vt 0.130441 0.540664
vt 0.130427 0.540668
vt 0.130411 0.540684
vt 0.130284 0.540726
vt 0.130287 0.540674
vt 0.130295 0.540767
vt 0.130316 0.540785
vt 0.130343 0.540776
vt 0.130367 0.540743
vt 0.130382 0.540694
vt 0.130385 0.540642
vt 0.130374 0.540601
vt 0.130353 0.540583
vt 0.130326 0.540591
vt 0.130302 0.540625
vt 0.130207 0.540745
vt 0.130192 0.540667
vt 0.130238 0.540806
vt 0.130276 0.540833
vt 0.130311 0.540820
vt 0.130332 0.540770
vt 0.130336 0.540696
vt 0.130320 0.540618
vt 0.130289 0.540557
vt 0.130251 0.540529
vt 0.130217 0.540542
vt 0.130195 0.540593
vt 0.130125 0.540789
vt 0.130076 0.540695
vt 0.130186 0.540864
vt 0.130242 0.540899
vt 0.130278 0.540884
vt 0.130285 0.540825
vt 0.130261 0.540736
vt 0.130213 0.540641
vt 0.130152 0.540567
vt 0.130096 0.540532
vt 0.130060 0.540546
vt 0.130052 0.540606
vt 0.130046 0.540859
vt 0.129963 0.540756
vt 0.130139 0.540940
vt 0.130217 0.540978
vt 0.130259 0.540963
vt 0.130253 0.540899
vt 0.130202 0.540802
vt 0.130119 0.540699
vt 0.130026 0.540618
vt 0.129948 0.540580
vt 0.129906 0.540595
vt 0.129912 0.540660
vt 0.129986 0.540928
vt 0.129863 0.540831
vt 0.130116 0.541005
vt 0.130219 0.541040
vt 0.130267 0.541025
vt 0.130247 0.540963
vt 0.130164 0.540871
vt 0.130040 0.540773
vt 0.129910 0.540697
vt 0.129807 0.540661
vt 0.129759 0.540677
vt 0.129780 0.540739
vt 0.129945 0.541013
vt 0.129783 0.540931
vt 0.130113 0.541075
vt 0.130241 0.541102
vt 0.130296 0.541086
vt 0.130262 0.541032
vt 0.130149 0.540953
vt 0.129987 0.540872
vt 0.129819 0.540809
vt 0.129691 0.540782
vt 0.129636 0.540798
vt 0.129670 0.540853
vt 0.129912 0.541104
vt 0.129716 0.541040
vt 0.130112 0.541151
vt 0.130263 0.541169
vt 0.130325 0.541153
vt 0.130280 0.541108
vt 0.130141 0.541045
vt 0.129945 0.540982
vt 0.129744 0.540935
vt 0.129593 0.540917
vt 0.129532 0.540933
vt 0.129577 0.540978
vt 0.129890 0.541214
vt 0.129662 0.541189
vt 0.130123 0.541229
vt 0.130296 0.541229
vt 0.130365 0.541215
vt 0.130310 0.541190
vt 0.130146 0.541161
vt 0.129917 0.541136
vt 0.129685 0.541121
vt 0.129511 0.541121
vt 0.129443 0.541135
vt 0.129498 0.541160
vt 0.129891 0.541344
vt 0.129637 0.541368
vt 0.130148 0.541313
vt 0.130341 0.541281
vt 0.130417 0.541259
vt 0.130356 0.541251
vt 0.130174 0.541260
vt 0.129921 0.541283
vt 0.129663 0.541315
vt 0.129471 0.541347
vt 0.129395 0.541369
vt 0.129456 0.541377
vt 0.129909 0.541446
vt 0.129645 0.541536
vt 0.130180 0.541353
vt 0.130383 0.541280
vt 0.130465 0.541248
vt 0.130403 0.541265
vt 0.130215 0.541327
vt 0.129951 0.541417
vt 0.129681 0.541510
vt 0.129478 0.541583
vt 0.129396 0.541615
vt 0.129457 0.541598
vt 0.129963 0.541562
vt 0.129712 0.541734
vt 0.130224 0.541390
vt 0.130423 0.541266
vt 0.130508 0.541221
vt 0.130455 0.541269
vt 0.130280 0.541397
vt 0.130029 0.541569
vt 0.129768 0.541741
vt 0.129569 0.541865
vt 0.129484 0.541909
vt 0.129537 0.541861
vt 0.130077 0.541693
vt 0.129839 0.541923
vt 0.130322 0.541462
vt 0.130511 0.541293
vt 0.130591 0.541230
vt 0.130541 0.541291
vt 0.130375 0.541459
vt 0.130137 0.541689
vt 0.129892 0.541920
vt 0.129703 0.542089
vt 0.129623 0.542152
vt 0.129673 0.542091
vt 0.130225 0.541839
vt 0.130003 0.542118
vt 0.130451 0.541555
vt 0.130621 0.541343
vt 0.130689 0.541259
vt 0.130636 0.541325
vt 0.130478 0.541525
vt 0.130256 0.541804
vt 0.130030 0.542088
vt 0.129861 0.542300
vt 0.129793 0.542385
vt 0.129845 0.542318
vt 0.130389 0.541946
vt 0.130232 0.542295
vt 0.130549 0.541592
vt 0.130670 0.541327
vt 0.130720 0.541223
vt 0.130684 0.541306
vt 0.130573 0.541556
vt 0.130416 0.541905
vt 0.130256 0.542259
vt 0.130135 0.542524
vt 0.130085 0.542628
vt 0.130121 0.542544
vt 0.130597 0.542008
vt 0.130511 0.542407
vt 0.130679 0.541602
vt 0.130737 0.541296
vt 0.130753 0.541173
vt 0.130725 0.541265
vt 0.130659 0.541548
vt 0.130574 0.541947
vt 0.130491 0.542353
vt 0.130434 0.542659
vt 0.130417 0.542782
vt 0.130446 0.542690
vt 0.130837 0.542041
vt 0.130811 0.542472
vt 0.130842 0.541599
vt 0.130826 0.541265
vt 0.130792 0.541128
vt 0.130750 0.541225
vt 0.130711 0.541530
vt 0.130685 0.541960
vt 0.130679 0.542402
vt 0.130695 0.542736
vt 0.130729 0.542874
vt 0.130771 0.542777
vt 0.131079 0.542027
vt 0.131132 0.542479
vt 0.130990 0.541566
vt 0.130887 0.541218
vt 0.130800 0.541076
vt 0.130751 0.541179
vt 0.130753 0.541498
vt 0.130805 0.541950
vt 0.130895 0.542411
vt 0.130997 0.542759
vt 0.131084 0.542901
vt 0.131134 0.542798
vt 0.131321 0.541970
vt 0.131460 0.542437
vt 0.131128 0.541494
vt 0.130934 0.541139
vt 0.130790 0.540998
vt 0.130734 0.541110
vt 0.130783 0.541444
vt 0.130922 0.541912
vt 0.131115 0.542387
vt 0.131309 0.542743
vt 0.131453 0.542884
vt 0.131509 0.542772
vt 0.131561 0.541865
vt 0.131778 0.542340
vt 0.131271 0.541387
vt 0.130987 0.541036
vt 0.130785 0.540906
vt 0.130718 0.541030
vt 0.130805 0.541376
vt 0.131023 0.541852
vt 0.131312 0.542329
vt 0.131596 0.542680
vt 0.131798 0.542811
vt 0.131865 0.542686
vt 0.131561 0.534887
vt 0.131806 0.534738
vt 0.132101 0.535209
vt 0.131778 0.535362
vt 0.131271 0.534409
vt 0.131418 0.534277
vt 0.130987 0.534058
vt 0.131040 0.533947
vt 0.130785 0.533928
vt 0.130775 0.533839
vt 0.130692 0.540958
vt 0.130775 0.540817
vt 0.130815 0.541311
vt 0.131110 0.541782
vt 0.131498 0.542243
vt 0.131876 0.542572
vt 0.132142 0.542681
vt 0.132224 0.542540
vt 0.132101 0.542187
vt 0.132045 0.534529
vt 0.132425 0.534971
vt 0.131547 0.534114
vt 0.131065 0.533836
vt 0.130727 0.533771
vt 0.130625 0.540913
vt 0.130727 0.540749
vt 0.130786 0.541264
vt 0.131166 0.541705
vt 0.131664 0.542121
vt 0.132146 0.542398
vt 0.132484 0.542464
vt 0.132586 0.542299
vt 0.132425 0.541949
vt 0.132258 0.534262
vt 0.132714 0.534661
vt 0.131659 0.533915
vt 0.131078 0.533713
vt 0.130671 0.533710
vt 0.130547 0.540885
vt 0.130671 0.540688
vt 0.130739 0.541229
vt 0.131196 0.541628
vt 0.131795 0.541975
vt 0.132375 0.542177
vt 0.132782 0.542180
vt 0.132906 0.541983
vt 0.132714 0.541639
vt 0.132431 0.533941
vt 0.132952 0.534286
vt 0.131745 0.533682
vt 0.131078 0.533578
vt 0.130609 0.533656
vt 0.130463 0.540875
vt 0.130609 0.540635
vt 0.130679 0.541213
vt 0.131200 0.541558
vt 0.131886 0.541817
vt 0.132553 0.541921
vt 0.133022 0.541842
vt 0.133168 0.541602
vt 0.132952 0.541264
vt 0.132563 0.533524
vt 0.133129 0.533827
vt 0.131810 0.533361
vt 0.131072 0.533382
vt 0.130547 0.533582
vt 0.130375 0.540884
vt 0.130547 0.540560
vt 0.130603 0.541247
vt 0.131170 0.541550
vt 0.131923 0.541712
vt 0.132661 0.541691
vt 0.133186 0.541492
vt 0.133357 0.541167
vt 0.133129 0.540805
vt 0.132618 0.533071
vt 0.133219 0.533279
vt 0.131818 0.533039
vt 0.131035 0.533191
vt 0.130479 0.533488
vt 0.130297 0.540827
vt 0.130479 0.540466
vt 0.130539 0.541155
vt 0.131141 0.541364
vt 0.131940 0.541396
vt 0.132723 0.541243
vt 0.133280 0.540946
vt 0.133461 0.540585
vt 0.133219 0.540257
vt 0.132548 0.532453
vt 0.133151 0.532528
vt 0.131743 0.532599
vt 0.130953 0.532926
vt 0.130389 0.533347
vt 0.130203 0.540726
vt 0.130389 0.540325
vt 0.130443 0.541001
vt 0.131046 0.541075
vt 0.131851 0.540929
vt 0.132641 0.540602
vt 0.133205 0.540182
vt 0.133391 0.539780
vt 0.133151 0.539506
vt 0.132255 0.531789
vt 0.132832 0.531763
vt 0.131512 0.532131
vt 0.130802 0.532696
vt 0.130316 0.533333
vt 0.130183 0.540851
vt 0.130316 0.540312
vt 0.130440 0.541147
vt 0.131017 0.541121
vt 0.131760 0.540780
vt 0.132470 0.540215
vt 0.132956 0.539577
vt 0.133089 0.539038
vt 0.132832 0.538741
vt 0.131683 0.531209
vt 0.132185 0.531092
vt 0.131095 0.531731
vt 0.130578 0.532518
vt 0.130271 0.533361
vt 0.130256 0.541010
vt 0.130271 0.540339
vt 0.130536 0.541331
vt 0.131038 0.541215
vt 0.131626 0.540693
vt 0.132143 0.539905
vt 0.132450 0.539062
vt 0.132466 0.538391
vt 0.132185 0.538070
vt 0.130943 0.530878
vt 0.131387 0.530726
vt 0.130515 0.531492
vt 0.130218 0.532406
vt 0.130131 0.533373
vt 0.130278 0.541113
vt 0.130131 0.540351
vt 0.130619 0.541466
vt 0.131063 0.541314
vt 0.131491 0.540700
vt 0.131788 0.539786
vt 0.131875 0.538819
vt 0.131728 0.538057
vt 0.131387 0.537704
vt 0.130078 0.530762
vt 0.130502 0.530603
vt 0.129799 0.531409
vt 0.129740 0.532369
vt 0.129918 0.533387
vt 0.130283 0.541166
vt 0.129918 0.540365
vt 0.130739 0.541537
vt 0.131164 0.541378
vt 0.131443 0.540732
vt 0.131502 0.539771
vt 0.131324 0.538754
vt 0.130959 0.537953
vt 0.130502 0.537582
vt 0.129209 0.530955
vt 0.129622 0.530798
vt 0.129080 0.531579
vt 0.129271 0.532503
vt 0.129730 0.533480
vt 0.130335 0.541226
vt 0.129730 0.540458
vt 0.130923 0.541578
vt 0.131336 0.541421
vt 0.131465 0.540797
vt 0.131274 0.539872
vt 0.130814 0.538896
vt 0.130210 0.538128
vt 0.129622 0.537776
vt 0.128602 0.531241
vt 0.129038 0.531074
vt 0.128526 0.531856
vt 0.128830 0.532755
vt 0.129433 0.533697
vt 0.130172 0.541408
vt 0.129433 0.540675
vt 0.130851 0.541735
vt 0.131287 0.541568
vt 0.131363 0.540953
vt 0.131059 0.540054
vt 0.130456 0.539112
vt 0.129717 0.538379
vt 0.129038 0.538052
vt 0.128072 0.531515
vt 0.128483 0.531376
vt 0.128068 0.532101
vt 0.128472 0.532974
vt 0.129176 0.533902
vt 0.129991 0.541614
vt 0.129176 0.540880
vt 0.130699 0.541956
vt 0.131110 0.541816
vt 0.131113 0.541231
vt 0.130709 0.540358
vt 0.130006 0.539430
vt 0.129191 0.538696
vt 0.128483 0.538354
vt 0.127450 0.531950
vt 0.127818 0.531865
vt 0.127568 0.532445
vt 0.128140 0.533219
vt 0.129014 0.534063
vt 0.129991 0.534636
vt 0.129954 0.534752
vt 0.130699 0.534978
vt 0.130709 0.535101
vt 0.131110 0.534838
vt 0.131076 0.535016
vt 0.130958 0.541499
vt 0.131076 0.541994
vt 0.130386 0.540725
vt 0.129513 0.539881
vt 0.128573 0.539192
vt 0.127818 0.538843
vt 0.126675 0.532893
vt 0.127040 0.532836
vt 0.126921 0.533222
vt 0.127713 0.533733
vt 0.128838 0.534291
vt 0.129995 0.534746
vt 0.130874 0.534975
vt 0.131239 0.534917
vt 0.130993 0.541567
vt 0.131239 0.541895
vt 0.130201 0.541055
vt 0.129076 0.540497
vt 0.127919 0.540043
vt 0.127040 0.539814
vt 0.126238 0.534230
vt 0.126619 0.534176
vt 0.126555 0.534336
vt 0.127485 0.534465
vt 0.128779 0.534582
vt 0.130089 0.534657
vt 0.131066 0.534670
vt 0.131446 0.534616
vt 0.131129 0.541488
vt 0.131446 0.541594
vt 0.130199 0.541359
vt 0.128906 0.541242
vt 0.127595 0.541167
vt 0.126619 0.541155
vt 0.126194 0.535382
vt 0.126591 0.535311
vt 0.126516 0.535324
vt 0.127471 0.535153
vt 0.128803 0.534915
vt 0.130154 0.534674
vt 0.131163 0.534494
vt 0.131560 0.534424
vt 0.131237 0.541460
vt 0.131560 0.541402
vt 0.130283 0.541631
vt 0.128951 0.541869
vt 0.127600 0.542110
vt 0.126591 0.542289
vt 0.126297 0.536204
vt 0.126705 0.536108
vt 0.126616 0.536075
vt 0.127577 0.535756
vt 0.128922 0.535332
vt 0.130291 0.534917
vt 0.131316 0.534623
vt 0.131724 0.534527
vt 0.131405 0.541634
vt 0.131724 0.541505
vt 0.130444 0.541953
vt 0.129099 0.542377
vt 0.127730 0.542791
vt 0.126705 0.543086
vt 0.126454 0.537008
vt 0.126869 0.536883
vt 0.126764 0.536814
vt 0.127716 0.536353
vt 0.129054 0.535749
vt 0.130421 0.535163
vt 0.131449 0.534753
vt 0.131864 0.534628
vt 0.131554 0.541799
vt 0.131864 0.541606
vt 0.130602 0.542260
vt 0.129264 0.542864
vt 0.127897 0.543450
vt 0.126869 0.543861
vt 0.126828 0.537922
vt 0.127188 0.537662
vt 0.127156 0.537732
vt 0.128083 0.537141
vt 0.129362 0.536308
vt 0.130650 0.535456
vt 0.131601 0.534814
vt 0.131961 0.534554
vt 0.131633 0.541723
vt 0.131961 0.541532
vt 0.130706 0.542314
vt 0.129427 0.543147
vt 0.128139 0.543998
vt 0.127188 0.544640
vt 0.127498 0.538957
vt 0.127765 0.538557
vt 0.127836 0.538757
vt 0.128689 0.538009
vt 0.129828 0.536914
vt 0.130948 0.535765
vt 0.131749 0.534871
vt 0.132016 0.534470
vt 0.131678 0.541648
vt 0.132016 0.541448
vt 0.130825 0.542396
vt 0.129686 0.543491
vt 0.128566 0.544640
vt 0.127765 0.545535
vt 0.128652 0.539980
vt 0.128874 0.539523
vt 0.128863 0.539667
vt 0.129449 0.538666
vt 0.130253 0.537247
vt 0.131061 0.535790
vt 0.131655 0.534684
vt 0.131877 0.534227
vt 0.131666 0.541519
vt 0.131877 0.541205
vt 0.131080 0.542519
vt 0.130276 0.543938
vt 0.129468 0.545396
vt 0.128874 0.546501
vt 0.130237 0.540699
vt 0.130387 0.540197
vt 0.130273 0.540307
vt 0.130484 0.539124
vt 0.130816 0.537468
vt 0.131178 0.535783
vt 0.131473 0.534519
vt 0.131623 0.534017
vt 0.131588 0.541387
vt 0.131623 0.540995
vt 0.131376 0.542570
vt 0.131045 0.544226
vt 0.130683 0.545911
vt 0.130387 0.547175
vt 0.131836 0.540919
vt 0.131902 0.540392
vt 0.131733 0.540501
vt 0.131621 0.539251
vt 0.131528 0.537503
vt 0.131481 0.535725
vt 0.131492 0.534395
vt 0.131557 0.533868
vt 0.131660 0.541264
vt 0.131557 0.540846
vt 0.131772 0.542514
vt 0.131865 0.544262
vt 0.131912 0.546039
vt 0.131902 0.547370
vt 0.133261 0.540855
vt 0.133201 0.540327
vt 0.133108 0.540430
vt 0.132784 0.539166
vt 0.132376 0.537401
vt 0.131993 0.535609
vt 0.131738 0.534269
vt 0.131679 0.533742
vt 0.131831 0.541145
vt 0.131679 0.540720
vt 0.132155 0.542409
vt 0.132563 0.544174
vt 0.132946 0.545966
vt 0.133201 0.547305
vt 0.134618 0.540556
vt 0.134414 0.540055
vt 0.134426 0.540126
vt 0.133888 0.538880
vt 0.133150 0.537153
vt 0.132409 0.535406
vt 0.131864 0.534107
vt 0.131660 0.533606
vt 0.131852 0.541014
vt 0.131660 0.540584
vt 0.132389 0.542260
vt 0.133127 0.543987
vt 0.133868 0.545734
vt 0.134414 0.547033
vt 0.135900 0.540034
vt 0.135536 0.539595
vt 0.135692 0.539592
vt 0.134966 0.538389
vt 0.133917 0.536746
vt 0.132826 0.535104
vt 0.131986 0.533902
vt 0.131622 0.533463
vt 0.131831 0.540882
vt 0.131622 0.540441
vt 0.132557 0.542086
vt 0.133605 0.543729
vt 0.134696 0.545371
vt 0.135536 0.546573
vt 0.137083 0.539288
vt 0.136556 0.538950
vt 0.136869 0.538829
vt 0.135971 0.537696
vt 0.134629 0.536192
vt 0.133202 0.534721
vt 0.132075 0.533677
vt 0.131547 0.533339
vt 0.131761 0.540776
vt 0.131547 0.540317
vt 0.132660 0.541910
vt 0.134002 0.543413
vt 0.135428 0.544884
vt 0.136556 0.545928
vt 0.138124 0.538345
vt 0.137432 0.538157
vt 0.137920 0.537850
vt 0.136876 0.536803
vt 0.135271 0.535486
vt 0.133535 0.534251
vt 0.132133 0.533430
vt 0.131441 0.533242
vt 0.131645 0.540716
vt 0.131441 0.540220
vt 0.132689 0.541762
vt 0.134294 0.543079
vt 0.136030 0.544314
vt 0.137432 0.545135
vt 0.138984 0.537242
vt 0.138132 0.537265
vt 0.138808 0.536674
vt 0.137652 0.535713
vt 0.135826 0.534616
vt 0.133818 0.533678
vt 0.132167 0.533150
vt 0.131315 0.533173
vt 0.131491 0.540719
vt 0.131315 0.540151
vt 0.132647 0.541680
vt 0.134473 0.542777
vt 0.136481 0.543715
vt 0.138132 0.544243
vt 0.139636 0.536017
vt 0.138650 0.536302
vt 0.139489 0.535346
vt 0.138247 0.534469
vt 0.136245 0.533620
vt 0.134017 0.533027
vt 0.132162 0.532849
vt 0.131176 0.533134
vt 0.131323 0.540784
vt 0.131176 0.540112
vt 0.132564 0.541661
vt 0.134567 0.542510
vt 0.136794 0.543103
vt 0.138650 0.543280
vt 0.140064 0.534639
vt 0.138969 0.535318
vt 0.139947 0.533768
vt 0.138651 0.532938
vt 0.136523 0.532373
vt 0.134132 0.532223
vt 0.132120 0.532528
vt 0.131025 0.533207
vt 0.131142 0.541056
vt 0.131025 0.540185
vt 0.132438 0.541886
vt 0.134566 0.542452
vt 0.136957 0.542602
vt 0.138969 0.542296
vt 0.140172 0.532923
vt 0.139043 0.533885
vt 0.140053 0.531947
vt 0.138716 0.531219
vt 0.136521 0.530933
vt 0.134055 0.531166
vt 0.131980 0.531856
vt 0.130851 0.532818
vt 0.130970 0.540772
vt 0.130851 0.539796
vt 0.132307 0.541500
vt 0.134502 0.541786
vt 0.136968 0.541553
vt 0.139043 0.540863
vt 0.139994 0.530928
vt 0.138877 0.532170
vt 0.139858 0.529857
vt 0.138507 0.529244
vt 0.136301 0.529254
vt 0.133833 0.529883
vt 0.131763 0.530963
vt 0.130647 0.532205
vt 0.130782 0.540254
vt 0.130647 0.539183
vt 0.132133 0.540867
vt 0.134339 0.540857
vt 0.136807 0.540228
vt 0.138877 0.539148
vt 0.139994 0.537906
vt 0.139347 0.536092
vt 0.138412 0.537864
vt 0.139081 0.527721
vt 0.139347 0.529114
vt 0.137686 0.527080
vt 0.135535 0.527363
vt 0.133204 0.528493
vt 0.131319 0.530168
vt 0.130384 0.531940
vt 0.130650 0.540311
vt 0.130384 0.538918
vt 0.132045 0.540952
vt 0.134196 0.540669
vt 0.136527 0.539539
vt 0.137721 0.534073
vt 0.137150 0.536315
vt 0.139081 0.534699
vt 0.137291 0.532473
vt 0.137686 0.534058
vt 0.135976 0.531942
vt 0.135535 0.534341
vt 0.134127 0.532623
vt 0.133204 0.535471
vt 0.132241 0.534334
vt 0.131319 0.537146
vt 0.130822 0.536616
vt 0.130251 0.538857
vt 0.130681 0.540458
vt 0.131997 0.540988
vt 0.133845 0.540307
vt 0.135731 0.538596
vt 0.134792 0.532723
vt 0.134830 0.535303
vt 0.134089 0.530961
vt 0.132908 0.530488
vt 0.131567 0.531432
vt 0.130423 0.533539
vt 0.129785 0.536245
vt 0.129823 0.538825
vt 0.130526 0.540587
vt 0.131707 0.541059
vt 0.133048 0.540115
vt 0.134191 0.538008
vt 0.132350 0.532598
vt 0.133019 0.535279
vt 0.131273 0.530768
vt 0.130075 0.530282
vt 0.129079 0.531269
vt 0.128550 0.533464
vt 0.128631 0.536280
vt 0.129300 0.538962
vt 0.130377 0.540791
vt 0.131575 0.541277
vt 0.132572 0.540291
vt 0.133100 0.538095
vt 0.130093 0.533029
vt 0.131208 0.535696
vt 0.128766 0.531193
vt 0.127582 0.530681
vt 0.126858 0.531630
vt 0.126790 0.533786
vt 0.127394 0.536570
vt 0.128509 0.539238
vt 0.129836 0.541074
vt 0.131020 0.541586
vt 0.131743 0.540637
vt 0.131812 0.538481
vt 0.128067 0.533825
vt 0.129724 0.536341
vt 0.126339 0.532099
vt 0.125004 0.531625
vt 0.124419 0.532530
vt 0.124740 0.534571
vt 0.125882 0.537202
vt 0.127539 0.539718
vt 0.129267 0.541444
vt 0.130602 0.541918
vt 0.131187 0.541013
vt 0.130866 0.538972
vt 0.126259 0.535164
vt 0.128578 0.537259
vt 0.124042 0.533741
vt 0.122520 0.533372
vt 0.122102 0.534155
vt 0.122899 0.535882
vt 0.124697 0.538089
vt 0.127016 0.540185
vt 0.129233 0.541607
vt 0.130755 0.541977
vt 0.131173 0.541193
vt 0.130376 0.539466
vt 0.124876 0.537057
vt 0.127715 0.538575
vt 0.122277 0.536042
vt 0.120613 0.535802
vt 0.120332 0.536401
vt 0.121507 0.537679
vt 0.123825 0.539293
vt 0.126664 0.540810
vt 0.129264 0.541825
vt 0.130927 0.542066
vt 0.131209 0.541467
vt 0.130033 0.540189
vt 0.124157 0.538746
vt 0.127361 0.539546
vt 0.121236 0.538364
vt 0.119381 0.538501
vt 0.119090 0.539122
vt 0.120440 0.540059
vt 0.123070 0.541061
vt 0.126275 0.541861
vt 0.129196 0.542243
vt 0.131050 0.542106
vt 0.131342 0.541486
vt 0.129991 0.540549
vt 0.123958 0.540613
vt 0.127335 0.540541
vt 0.120885 0.540983
vt 0.118940 0.541552
vt 0.118643 0.542168
vt 0.120075 0.542665
vt 0.122851 0.542910
vt 0.126228 0.542838
vt 0.129300 0.542468
vt 0.131246 0.541899
vt 0.131542 0.541283
vt 0.130111 0.540786
vt 0.124270 0.542721
vt 0.127610 0.541843
vt 0.121213 0.543713
vt 0.119256 0.544553
vt 0.118925 0.545017
vt 0.120309 0.544979
vt 0.123036 0.544450
vt 0.126376 0.543572
vt 0.129434 0.542580
vt 0.131390 0.541740
vt 0.131721 0.541276
vt 0.130338 0.541314
vt 0.125079 0.544825
vt 0.128231 0.543219
vt 0.122139 0.546346
vt 0.120197 0.547376
vt 0.119774 0.547638
vt 0.120984 0.547062
vt 0.123503 0.545802
vt 0.126655 0.544197
vt 0.129595 0.542675
vt 0.131537 0.541646
vt 0.131960 0.541384
vt 0.130750 0.541960
vt 0.126083 0.546454
vt 0.129004 0.544304
vt 0.123316 0.548419
vt 0.121446 0.549670
vt 0.120973 0.549874
vt 0.122024 0.548975
vt 0.124317 0.547215
vt 0.127239 0.545065
vt 0.130005 0.543101
vt 0.131876 0.541849
vt 0.132349 0.541645
vt 0.131298 0.542544
vt 0.127576 0.548271
vt 0.130128 0.545564
vt 0.125127 0.550723
vt 0.123437 0.552265
vt 0.122959 0.552482
vt 0.123822 0.551316
vt 0.125793 0.549080
vt 0.128346 0.546373
vt 0.130795 0.543920
vt 0.132485 0.542379
vt 0.132963 0.542162
vt 0.132100 0.543328
vt 0.129347 0.549649
vt 0.131336 0.546392
vt 0.127376 0.552578
vt 0.125949 0.554392
vt 0.125450 0.554607
vt 0.126012 0.553164
vt 0.127485 0.550449
vt 0.129474 0.547192
vt 0.131445 0.544263
vt 0.132872 0.542449
vt 0.133371 0.542234
vt 0.132809 0.543678
vt 0.131498 0.550760
vt 0.132810 0.547073
vt 0.130159 0.554088
vt 0.129154 0.556167
vt 0.128752 0.556439
vt 0.129059 0.554831
vt 0.129994 0.551775
vt 0.131307 0.548088
vt 0.132645 0.544760
vt 0.133650 0.542681
vt 0.134053 0.542409
vt 0.133746 0.544017
vt 0.133871 0.551346
vt 0.134139 0.547351
vt 0.133542 0.554968
vt 0.133241 0.557247
vt 0.133048 0.557572
vt 0.133016 0.555855
vt 0.133152 0.552558
vt 0.133421 0.548562
vt 0.133750 0.544940
vt 0.134051 0.542661
vt 0.134243 0.542337
vt 0.134276 0.544053
vt 0.136507 0.551140
vt 0.135659 0.547146
vt 0.137222 0.554759
vt 0.137613 0.557034
vt 0.137574 0.557354
vt 0.137116 0.555634
vt 0.136361 0.552335
vt 0.135513 0.548340
vt 0.134798 0.544721
vt 0.134408 0.542447
vt 0.134447 0.542127
vt 0.134905 0.543847
vt 0.138868 0.550369
vt 0.136824 0.546746
vt 0.140738 0.553625
vt 0.141932 0.555640
vt 0.142131 0.555876
vt 0.141281 0.554269
vt 0.139610 0.551249
vt 0.137565 0.547626
vt 0.135696 0.544371
vt 0.134501 0.542355
vt 0.134303 0.542119
vt 0.135153 0.543726
vt 0.140560 0.548961
vt 0.137485 0.546055
vt 0.143471 0.551483
vt 0.145436 0.552945
vt 0.145931 0.552955
vt 0.144821 0.551511
vt 0.142405 0.548999
vt 0.139330 0.546093
vt 0.136419 0.543571
vt 0.134453 0.542109
vt 0.133959 0.542099
vt 0.135069 0.543543
vt 0.142032 0.547005
vt 0.138336 0.544808
vt 0.145527 0.548855
vt 0.147886 0.549861
vt 0.148477 0.549755
vt 0.147140 0.548563
vt 0.144235 0.546607
vt 0.140539 0.544409
vt 0.137043 0.542559
vt 0.134684 0.541553
vt 0.134094 0.541660
vt 0.135431 0.542851
vt 0.143098 0.544646
vt 0.139032 0.543157
vt 0.146931 0.545851
vt 0.149504 0.546451
vt 0.150127 0.546284
vt 0.148633 0.545395
vt 0.145423 0.544022
vt 0.141357 0.542534
vt 0.137524 0.541329
vt 0.134952 0.540729
vt 0.134329 0.540896
vt 0.135822 0.541785
vt 0.143863 0.541855
vt 0.139629 0.540889
vt 0.147822 0.542683
vt 0.150443 0.543152
vt 0.151025 0.543134
vt 0.149412 0.542637
vt 0.146036 0.541791
vt 0.141801 0.540825
vt 0.137843 0.539997
vt 0.135221 0.539529
vt 0.134639 0.539546
vt 0.136252 0.540044
vt 0.144184 0.540100
vt 0.139875 0.539434
vt 0.148209 0.540657
vt 0.150874 0.540955
vt 0.151462 0.540916
vt 0.149818 0.540549
vt 0.146381 0.539952
vt 0.142072 0.539287
vt 0.138046 0.538730
vt 0.135382 0.538431
vt 0.134794 0.538470
vt 0.136438 0.538837
vt 0.144373 0.538390
vt 0.140128 0.537809
vt 0.148340 0.538867
vt 0.150966 0.539112
vt 0.151546 0.539059
vt 0.149926 0.538723
vt 0.146540 0.538193
vt 0.142295 0.537612
vt 0.138328 0.537135
vt 0.135702 0.536890
vt 0.135122 0.536942
vt 0.136742 0.537279
vt 0.144691 0.535859
vt 0.140623 0.535277
vt 0.148482 0.536416
vt 0.150980 0.536797
vt 0.151515 0.536901
vt 0.149944 0.536700
vt 0.146689 0.536248
vt 0.142621 0.535666
vt 0.138831 0.535110
vt 0.136333 0.534728
vt 0.135798 0.534624
vt 0.137368 0.534825
s 1
usemtl Material.001
f 16/1/16 15/2/15 1/3/1
f 16/1/16 1/3/1 2/4/2
f 2/4/2 1/3/1 3/5/3
f 2/4/2 3/5/3 4/6/4
f 4/6/4 3/5/3 5/7/5
f 4/6/4 5/7/5 6/8/6
f 6/8/6 5/7/5 7/9/7
f 6/8/6 7/9/7 8/10/8
f 8/10/8 7/9/7 9/7/9
f 8/10/8 9/7/9 10/8/10
f 10/8/10 9/7/9 11/5/11
f 10/8/10 11/5/11 12/6/12
f 3/5/3 1/3/1 15/2/15
f 3/5/3 15/2/15 13/3/13
f 3/5/3 13/3/13 11/5/11
f 3/5/3 11/5/11 9/7/9
f 3/5/3 9/7/9 7/9/7
f 3/5/3 7/9/7 5/7/5
f 12/6/12 11/5/11 13/3/13
f 12/6/12 13/3/13 14/4/14
f 16/1/16 2/4/2 4/6/4
f 16/1/16 4/6/4 6/8/6
f 16/1/16 6/8/6 8/10/8
f 16/1/16 8/10/8 10/8/10
f 16/1/16 10/8/10 12/6/12
f 16/1/16 12/6/12 14/4/14
f 14/4/14 13/3/13 15/2/15
f 14/4/14 15/2/15 16/1/16
usemtl Material.003
f 68/11/68 67/12/67 18/13/18
f 68/11/68 18/13/18 19/14/19
f 66/15/66 53/16/53 17/17/17
f 67/12/67 66/15/66 17/17/17
f 67/12/67 17/17/17 18/13/18
f 18/13/18 17/17/17 20/18/20
f 18/13/18 20/18/20 21/19/21
f 19/14/19 18/13/18 21/19/21
f 19/14/19 21/19/21 22/20/22
f 17/17/17 53/16/53 20/18/20
f 22/20/22 21/19/21 24/21/24
f 22/20/22 24/21/24 25/22/25
f 20/18/20 53/16/53 23/23/23
f 21/19/21 20/18/20 23/23/23
f 21/19/21 23/23/23 24/21/24
f 25/22/25 24/21/24 27/24/27
f 25/22/25 27/24/27 28/25/28
f 23/23/23 53/16/53 26/26/26
f 24/21/24 23/23/23 26/26/26
f 24/21/24 26/26/26 27/24/27
f 26/26/26 53/16/53 29/27/29
f 27/24/27 26/26/26 29/27/29
f 27/24/27 29/27/29 30/28/30
f 28/25/28 27/24/27 30/28/30
f 28/25/28 30/28/30 31/29/31
f 30/28/30 29/27/29 32/30/32
f 30/28/30 32/30/32 33/31/33
f 31/29/31 30/28/30 33/31/33
f 31/29/31 33/31/33 34/32/34
f 29/27/29 53/16/53 32/30/32
f 33/31/33 32/30/32 35/33/35
f 33/31/33 35/33/35 36/34/36
f 34/32/34 33/31/33 36/34/36
f 34/32/34 36/34/36 37/35/37
f 32/30/32 53/16/53 35/33/35
f 37/35/37 36/34/36 39/36/39
f 37/35/37 39/36/39 40/37/40
f 35/33/35 53/16/53 38/38/38
f 36/34/36 35/33/35 38/38/38
f 36/34/36 38/38/38 39/36/39
f 40/37/40 39/36/39 42/39/42
f 40/37/40 42/39/42 43/40/43
f 38/38/38 53/16/53 41/41/41
f 39/36/39 38/38/38 41/41/41
f 39/36/39 41/41/41 42/39/42
f 43/40/43 42/39/42 45/42/45
f 43/40/43 45/42/45 46/43/46
f 41/41/41 53/16/53 44/44/44
f 42/39/42 41/41/41 44/44/44
f 42/39/42 44/44/44 45/42/45
f 45/42/45 44/44/44 47/45/47
f 45/42/45 47/45/47 48/46/48
f 46/43/46 45/42/45 48/46/48
f 46/43/46 48/46/48 49/47/49
f 44/44/44 53/16/53 47/45/47
f 48/46/48 47/45/47 50/48/50
f 48/46/48 50/48/50 51/49/51
f 49/47/49 48/46/48 51/49/51
f 49/47/49 51/49/51 52/50/52
f 47/45/47 53/16/53 50/48/50
f 51/49/51 50/48/50 54/51/54
f 51/49/51 54/51/54 55/52/55
f 52/50/52 51/49/51 55/52/55
f 52/50/52 55/52/55 56/53/56
f 50/48/50 53/16/53 54/51/54
f 56/53/56 55/52/55 58/54/58
f 56/53/56 58/54/58 59/55/59
f 54/51/54 53/16/53 57/56/57
f 55/52/55 54/51/54 57/56/57
f 55/52/55 57/56/57 58/54/58
f 59/55/59 58/54/58 61/57/61
f 59/55/59 61/57/61 62/58/62
f 57/56/57 53/16/53 60/59/60
f 58/54/58 57/56/57 60/59/60
f 58/54/58 60/59/60 61/57/61
f 60/59/60 53/16/53 63/60/63
f 61/57/61 60/59/60 63/60/63
f 61/57/61 63/60/63 64/61/64
f 62/58/62 61/57/61 64/61/64
f 62/58/62 64/61/64 65/62/65
f 64/61/64 63/60/63 66/15/66
f 64/61/64 66/15/66 67/12/67
f 65/62/65 64/61/64 67/12/67
f 65/62/65 67/12/67 68/11/68
f 63/60/63 53/16/53 66/15/66
f 69/63/69 70/64/70 81/65/81
f 69/63/69 71/66/71 70/64/70
f 69/63/69 72/67/72 71/66/71
f 69/63/69 73/68/73 72/67/72
f 69/63/69 74/69/74 73/68/73
f 69/63/69 75/70/75 74/69/74
f 69/63/69 76/71/76 75/70/75
f 69/63/69 77/72/77 76/71/76
f 69/63/69 78/73/78 77/72/77
f 69/63/69 79/74/79 78/73/78
f 69/63/69 80/75/80 79/74/79
f 69/63/69 81/65/81 80/75/80
f 70/64/70 82/76/82 93/77/93
f 70/64/70 93/77/93 81/65/81
f 71/66/71 83/78/83 82/76/82
f 71/66/71 82/76/82 70/64/70
f 72/67/72 84/79/84 83/78/83
f 72/67/72 83/78/83 71/66/71
f 73/68/73 85/80/85 84/79/84
f 73/68/73 84/79/84 72/67/72
f 74/69/74 86/81/86 85/80/85
f 74/69/74 85/80/85 73/68/73
f 75/70/75 87/82/87 86/81/86
f 75/70/75 86/81/86 74/69/74
f 76/71/76 88/83/88 87/82/87
f 76/71/76 87/82/87 75/70/75
f 77/72/77 89/84/89 88/83/88
f 77/72/77 88/83/88 76/71/76
f 78/73/78 90/85/90 89/84/89
f 78/73/78 89/84/89 77/72/77
f 79/74/79 91/86/91 90/85/90
f 79/74/79 90/85/90 78/73/78
f 80/75/80 92/87/92 91/86/91
f 80/75/80 91/86/91 79/74/79
f 81/65/81 93/77/93 92/87/92
f 81/65/81 92/87/92 80/75/80
f 82/76/82 94/88/94 105/89/105
f 82/76/82 105/89/105 93/77/93
f 83/78/83 95/90/95 94/88/94
f 83/78/83 94/88/94 82/76/82
f 84/79/84 96/91/96 95/90/95
f 84/79/84 95/90/95 83/78/83
f 85/80/85 97/92/97 96/91/96
f 85/80/85 96/91/96 84/79/84
f 86/81/86 98/93/98 97/92/97
f 86/81/86 97/92/97 85/80/85
f 87/82/87 99/94/99 98/93/98
f 87/82/87 98/93/98 86/81/86
f 88/83/88 100/95/100 99/94/99
f 88/83/88 99/94/99 87/82/87
f 89/84/89 101/96/101 100/95/100
f 89/84/89 100/95/100 88/83/88
f 90/85/90 102/97/102 101/96/101
f 90/85/90 101/96/101 89/84/89
f 91/86/91 103/98/103 102/97/102
f 91/86/91 102/97/102 90/85/90
f 92/87/92 104/99/104 103/98/103
f 92/87/92 103/98/103 91/86/91
f 93/77/93 105/89/105 104/99/104
f 93/77/93 104/99/104 92/87/92
f 94/88/94 106/100/106 117/101/117
f 94/88/94 117/101/117 105/89/105
f 95/90/95 107/102/107 106/100/106
f 95/90/95 106/100/106 94/88/94
f 96/91/96 108/103/108 107/102/107
f 96/91/96 107/102/107 95/90/95
f 97/92/97 109/104/109 108/103/108
f 97/92/97 108/103/108 96/91/96
f 98/93/98 110/105/110 109/104/109
f 98/93/98 109/104/109 97/92/97
f 99/94/99 111/106/111 110/105/110
f 99/94/99 110/105/110 98/93/98
f 100/95/100 112/107/112 111/106/111
f 100/95/100 111/106/111 99/94/99
f 101/96/101 113/108/113 112/107/112
f 101/96/101 112/107/112 100/95/100
f 102/97/102 114/109/114 113/108/113
f 102/97/102 113/108/113 101/96/101
f 103/98/103 115/110/115 114/109/114
f 103/98/103 114/109/114 102/97/102
f 104/99/104 116/111/116 115/110/115
f 104/99/104 115/110/115 103/98/103
f 105/89/105 117/101/117 116/111/116
f 105/89/105 116/111/116 104/99/104
f 106/100/106 118/112/118 129/113/129
f 106/100/106 129/113/129 117/101/117
f 107/102/107 119/114/119 118/112/118
f 107/102/107 118/112/118 106/100/106
f 108/103/108 120/115/120 119/114/119
f 108/103/108 119/114/119 107/102/107
f 109/104/109 121/116/121 120/115/120
f 109/104/109 120/115/120 108/103/108
f 110/105/110 122/117/122 121/116/121
f 110/105/110 121/116/121 109/104/109
f 111/106/111 123/118/123 122/117/122
f 111/106/111 122/117/122 110/105/110
f 112/107/112 124/119/124 123/118/123
f 112/107/112 123/118/123 111/106/111
f 113/108/113 125/120/125 124/119/124
f 113/108/113 124/119/124 112/107/112
f 114/109/114 126/121/126 125/120/125
f 114/109/114 125/120/125 113/108/113
f 115/110/115 127/122/127 126/121/126
f 115/110/115 126/121/126 114/109/114
f 116/111/116 128/123/128 127/122/127
f 116/111/116 127/122/127 115/110/115
f 117/101/117 129/113/129 128/123/128
f 117/101/117 128/123/128 116/111/116
f 118/112/118 130/124/130 141/125/141
f 118/112/118 141/125/141 129/113/129
f 119/114/119 131/126/131 130/124/130
f 119/114/119 130/124/130 118/112/118
f 120/115/120 132/127/132 131/126/131
f 120/115/120 131/126/131 119/114/119
f 121/116/121 133/128/133 132/127/132
f 121/116/121 132/127/132 120/115/120
f 122/117/122 134/129/134 133/128/133
f 122/117/122 133/128/133 121/116/121
f 123/118/123 135/130/135 134/129/134
f 123/118/123 134/129/134 122/117/122
f 124/119/124 136/131/136 135/130/135
f 124/119/124 135/130/135 123/118/123
f 125/120/125 137/132/137 136/131/136
f 125/120/125 136/131/136 124/119/124
f 126/121/126 138/133/138 137/132/137
f 126/121/126 137/132/137 125/120/125
f 127/122/127 139/134/139 138/133/138
f 127/122/127 138/133/138 126/121/126
f 128/123/128 140/135/140 139/134/139
f 128/123/128 139/134/139 127/122/127
f 129/113/129 141/125/141 140/135/140
f 129/113/129 140/135/140 128/123/128
f 130/124/130 142/136/142 153/137/153
f 130/124/130 153/137/153 141/125/141
f 131/126/131 143/138/143 142/136/142
f 131/126/131 142/136/142 130/124/130
f 132/127/132 144/139/144 143/138/143
f 132/127/132 143/138/143 131/126/131
f 133/128/133 145/140/145 144/139/144
f 133/128/133 144/139/144 132/127/132
f 134/129/134 146/141/146 145/140/145
f 134/129/134 145/140/145 133/128/133
f 135/130/135 147/142/147 146/141/146
f 135/130/135 146/141/146 134/129/134
f 136/131/136 148/143/148 147/142/147
f 136/131/136 147/142/147 135/130/135
f 137/132/137 149/144/149 148/143/148
f 137/132/137 148/143/148 136/131/136
f 138/133/138 150/145/150 149/144/149
f 138/133/138 149/144/149 137/132/137
f 139/134/139 151/146/151 150/145/150
f 139/134/139 150/145/150 138/133/138
f 140/135/140 152/147/152 151/146/151
f 140/135/140 151/146/151 139/134/139
f 141/125/141 153/137/153 152/147/152
f 141/125/141 152/147/152 140/135/140
f 142/136/142 154/148/154 165/149/165
f 142/136/142 165/149/165 153/137/153
f 143/138/143 155/150/155 154/148/154
f 143/138/143 154/148/154 142/136/142
f 144/139/144 156/151/156 155/150/155
f 144/139/144 155/150/155 143/138/143
f 145/140/145 157/152/157 156/151/156
f 145/140/145 156/151/156 144/139/144
f 146/141/146 158/153/158 157/152/157
f 146/141/146 157/152/157 145/140/145
f 147/142/147 159/154/159 158/153/158
f 147/142/147 158/153/158 146/141/146
f 148/143/148 160/155/160 159/154/159
f 148/143/148 159/154/159 147/142/147
f 149/144/149 161/156/161 160/155/160
f 149/144/149 160/155/160 148/143/148
f 150/145/150 162/157/162 161/156/161
f 150/145/150 161/156/161 149/144/149
f 151/146/151 163/158/163 162/157/162
f 151/146/151 162/157/162 150/145/150
f 152/147/152 164/159/164 163/158/163
f 152/147/152 163/158/163 151/146/151
f 153/137/153 165/149/165 164/159/164
f 153/137/153 164/159/164 152/147/152
f 154/148/154 166/160/166 177/161/177
f 154/148/154 177/161/177 165/149/165
f 155/150/155 167/162/167 166/160/166
f 155/150/155 166/160/166 154/148/154
f 156/151/156 168/163/168 167/162/167
f 156/151/156 167/162/167 155/150/155
f 157/152/157 169/164/169 168/163/168
f 157/152/157 168/163/168 156/151/156
f 158/153/158 170/165/170 169/164/169
f 158/153/158 169/164/169 157/152/157
f 159/154/159 171/166/171 170/165/170
f 159/154/159 170/165/170 158/153/158
f 160/155/160 172/167/172 171/166/171
f 160/155/160 171/166/171 159/154/159
f 161/156/161 173/168/173 172/167/172
f 161/156/161 172/167/172 160/155/160
f 162/157/162 174/169/174 173/168/173
f 162/157/162 173/168/173 161/156/161
f 163/158/163 175/170/175 174/169/174
f 163/158/163 174/169/174 162/157/162
f 164/159/164 176/171/176 175/170/175
f 164/159/164 175/170/175 163/158/163
f 165/149/165 177/161/177 176/171/176
f 165/149/165 176/171/176 164/159/164
f 166/160/166 178/172/178 189/173/189
f 166/160/166 189/173/189 177/161/177
f 167/162/167 179/174/179 178/172/178
f 167/162/167 178/172/178 166/160/166
f 168/163/168 180/175/180 179/174/179
f 168/163/168 179/174/179 167/162/167
f 169/164/169 181/176/181 180/175/180
f 169/164/169 180/175/180 168/163/168
f 170/165/170 182/177/182 181/176/181
f 170/165/170 181/176/181 169/164/169
f 171/166/171 183/178/183 182/177/182
f 171/166/171 182/177/182 170/165/170
f 172/167/172 184/179/184 183/178/183
f 172/167/172 183/178/183 171/166/171
f 173/168/173 185/180/185 184/179/184
f 173/168/173 184/179/184 172/167/172
f 174/169/174 186/181/186 185/180/185
f 174/169/174 185/180/185 173/168/173
f 175/170/175 187/182/187 186/181/186
f 175/170/175 186/181/186 174/169/174
f 176/171/176 188/183/188 187/182/187
f 176/171/176 187/182/187 175/170/175
f 177/161/177 189/173/189 188/183/188
f 177/161/177 188/183/188 176/171/176
f 178/172/178 190/184/190 201/185/201
f 178/172/178 201/185/201 189/173/189
f 179/174/179 191/186/191 190/184/190
f 179/174/179 190/184/190 178/172/178
f 180/175/180 192/187/192 191/186/191
f 180/175/180 191/186/191 179/174/179
f 181/176/181 193/188/193 192/187/192
f 181/176/181 192/187/192 180/175/180
f 182/177/182 194/189/194 193/188/193
f 182/177/182 193/188/193 181/176/181
f 183/178/183 195/190/195 194/189/194
f 183/178/183 194/189/194 182/177/182
f 184/179/184 196/191/196 195/190/195
f 184/179/184 195/190/195 183/178/183
f 185/180/185 197/192/197 196/191/196
f 185/180/185 196/191/196 184/179/184
f 186/181/186 198/193/198 197/192/197
f 186/181/186 197/192/197 185/180/185
f 187/182/187 199/194/199 198/193/198
f 187/182/187 198/193/198 186/181/186
f 188/183/188 200/195/200 199/194/199
f 188/183/188 199/194/199 187/182/187
f 189/173/189 201/185/201 200/195/200
f 189/173/189 200/195/200 188/183/188
f 190/184/190 202/196/202 213/197/213
f 190/184/190 213/197/213 201/185/201
f 191/186/191 203/198/203 202/196/202
f 191/186/191 202/196/202 190/184/190
f 192/187/192 204/199/204 203/198/203
f 192/187/192 203/198/203 191/186/191
f 193/188/193 205/200/205 204/199/204
f 193/188/193 204/199/204 192/187/192
f 194/189/194 206/201/206 205/200/205
f 194/189/194 205/200/205 193/188/193
f 195/190/195 207/202/207 206/201/206
f 195/190/195 206/201/206 194/189/194
f 196/191/196 208/203/208 207/202/207
f 196/191/196 207/202/207 195/190/195
f 197/192/197 209/204/209 208/203/208
f 197/192/197 208/203/208 196/191/196
f 198/193/198 210/205/210 209/204/209
f 198/193/198 209/204/209 197/192/197
f 199/194/199 211/206/211 210/205/210
f 199/194/199 210/205/210 198/193/198
f 200/195/200 212/207/212 211/206/211
f 200/195/200 211/206/211 199/194/199
f 201/185/201 213/197/213 212/207/212
f 201/185/201 212/207/212 200/195/200
f 202/196/202 214/208/214 225/209/225
f 202/196/202 225/209/225 213/197/213
f 203/198/203 215/210/215 214/208/214
f 203/198/203 214/208/214 202/196/202
f 204/199/204 216/211/216 215/210/215
f 204/199/204 215/210/215 203/198/203
f 205/200/205 217/212/217 216/211/216
f 205/200/205 216/211/216 204/199/204
f 206/201/206 218/213/218 217/212/217
f 206/201/206 217/212/217 205/200/205
f 207/202/207 219/214/219 218/213/218
f 207/202/207 218/213/218 206/201/206
f 208/203/208 220/215/220 219/214/219
f 208/203/208 219/214/219 207/202/207
f 209/204/209 221/216/221 220/215/220
f 209/204/209 220/215/220 208/203/208
f 210/205/210 222/217/222 221/216/221
f 210/205/210 221/216/221 209/204/209
f 211/206/211 223/218/223 222/217/222
f 211/206/211 222/217/222 210/205/210
f 212/207/212 224/219/224 223/218/223
f 212/207/212 223/218/223 211/206/211
f 213/197/213 225/209/225 224/219/224
f 213/197/213 224/219/224 212/207/212
f 214/208/214 226/220/226 237/221/237
f 214/208/214 237/221/237 225/209/225
f 215/210/215 227/222/227 226/220/226
f 215/210/215 226/220/226 214/208/214
f 216/211/216 228/223/228 227/222/227
f 216/211/216 227/222/227 215/210/215
f 217/212/217 229/224/229 228/223/228
f 217/212/217 228/223/228 216/211/216
f 218/213/218 230/225/230 229/224/229
f 218/213/218 229/224/229 217/212/217
f 219/214/219 231/226/231 230/225/230
f 219/214/219 230/225/230 218/213/218
f 220/215/220 232/227/232 231/226/231
f 220/215/220 231/226/231 219/214/219
f 221/216/221 233/228/233 232/227/232
f 221/216/221 232/227/232 220/215/220
f 222/217/222 234/229/234 233/228/233
f 222/217/222 233/228/233 221/216/221
f 223/218/223 235/230/235 234/229/234
f 223/218/223 234/229/234 222/217/222
f 224/219/224 236/231/236 235/230/235
f 224/219/224 235/230/235 223/218/223
f 225/209/225 237/221/237 236/231/236
f 225/209/225 236/231/236 224/219/224
f 226/220/226 238/232/238 249/233/249
f 226/220/226 249/233/249 237/221/237
f 227/222/227 239/234/239 238/232/238
f 227/222/227 238/232/238 226/220/226
f 228/223/228 240/235/240 239/234/239
f 228/223/228 239/234/239 227/222/227
f 229/224/229 241/236/241 240/235/240
f 229/224/229 240/235/240 228/223/228
f 230/225/230 242/237/242 241/236/241
f 230/225/230 241/236/241 229/224/229
f 231/226/231 243/238/243 242/237/242
f 231/226/231 242/237/242 230/225/230
f 232/227/232 244/239/244 243/238/243
f 232/227/232 243/238/243 231/226/231
f 233/228/233 245/240/245 244/239/244
f 233/228/233 244/239/244 232/227/232
f 234/229/234 246/241/246 245/240/245
f 234/229/234 245/240/245 233/228/233
f 235/230/235 247/242/247 246/241/246
f 235/230/235 246/241/246 234/229/234
f 236/231/236 248/243/248 247/242/247
f 236/231/236 247/242/247 235/230/235
f 237/221/237 249/233/249 248/243/248
f 237/221/237 248/243/248 236/231/236
f 238/232/238 250/244/250 261/245/261
f 238/232/238 261/245/261 249/233/249
f 239/234/239 251/246/251 250/244/250
f 239/234/239 250/244/250 238/232/238
f 240/235/240 252/247/252 251/246/251
f 240/235/240 251/246/251 239/234/239
f 241/236/241 253/248/253 252/247/252
f 241/236/241 252/247/252 240/235/240
f 242/237/242 254/249/254 253/248/253
f 242/237/242 253/248/253 241/236/241
f 243/238/243 255/250/255 254/249/254
f 243/238/243 254/249/254 242/237/242
f 244/239/244 256/251/256 255/250/255
f 244/239/244 255/250/255 243/238/243
f 245/240/245 257/252/257 256/251/256
f 245/240/245 256/251/256 244/239/244
f 246/241/246 258/253/258 257/252/257
f 246/241/246 257/252/257 245/240/245
f 247/242/247 259/254/259 258/253/258
f 247/242/247 258/253/258 246/241/246
f 248/243/248 260/255/260 259/254/259
f 248/243/248 259/254/259 247/242/247
f 249/233/249 261/245/261 260/255/260
f 249/233/249 260/255/260 248/243/248
f 250/244/250 262/256/262 273/257/273
f 250/244/250 273/257/273 261/245/261
f 251/246/251 263/258/263 262/256/262
f 251/246/251 262/256/262 250/244/250
f 252/247/252 264/259/264 263/258/263
f 252/247/252 263/258/263 251/246/251
f 253/248/253 265/260/265 264/259/264
f 253/248/253 264/259/264 252/247/252
f 254/249/254 266/261/266 265/260/265
f 254/249/254 265/260/265 253/248/253
f 255/250/255 267/262/267 266/261/266
f 255/250/255 266/261/266 254/249/254
f 256/251/256 268/263/268 267/262/267
f 256/251/256 267/262/267 255/250/255
f 257/252/257 269/264/269 268/263/268
f 257/252/257 268/263/268 256/251/256
f 258/253/258 270/265/270 269/264/269
f 258/253/258 269/264/269 257/252/257
f 259/254/259 271/266/271 270/265/270
f 259/254/259 270/265/270 258/253/258
f 260/255/260 272/267/272 271/266/271
f 260/255/260 271/266/271 259/254/259
f 261/245/261 273/257/273 272/267/272
f 261/245/261 272/267/272 260/255/260
f 262/256/262 274/268/274 285/269/285
f 262/256/262 285/269/285 273/257/273
f 263/258/263 275/270/275 274/268/274
f 263/258/263 274/268/274 262/256/262
f 264/259/264 276/271/276 275/270/275
f 264/259/264 275/270/275 263/258/263
f 265/260/265 277/272/277 276/271/276
f 265/260/265 276/271/276 264/259/264
f 266/261/266 278/273/278 277/272/277
f 266/261/266 277/272/277 265/260/265
f 267/262/267 279/274/279 278/273/278
f 267/262/267 278/273/278 266/261/266
f 268/263/268 280/275/280 279/274/279
f 268/263/268 279/274/279 267/262/267
f 269/264/269 281/276/281 280/275/280
f 269/264/269 280/275/280 268/263/268
f 270/265/270 282/277/282 281/276/281
f 270/265/270 281/276/281 269/264/269
f 271/266/271 283/278/283 282/277/282
f 271/266/271 282/277/282 270/265/270
f 272/267/272 284/279/284 283/278/283
f 272/267/272 283/278/283 271/266/271
f 273/257/273 285/269/285 284/279/284
f 273/257/273 284/279/284 272/267/272
f 274/268/274 286/280/286 297/281/297
f 274/268/274 297/281/297 285/269/285
f 275/270/275 287/282/287 286/280/286
f 275/270/275 286/280/286 274/268/274
f 276/271/276 288/283/288 287/282/287
f 276/271/276 287/282/287 275/270/275
f 277/272/277 289/284/289 288/283/288
f 277/272/277 288/283/288 276/271/276
f 278/273/278 290/285/290 289/284/289
f 278/273/278 289/284/289 277/272/277
f 279/274/279 291/286/291 290/285/290
f 279/274/279 290/285/290 278/273/278
f 280/275/280 292/287/292 291/286/291
f 280/275/280 291/286/291 279/274/279
f 281/276/281 293/288/293 292/287/292
f 281/276/281 292/287/292 280/275/280
f 282/277/282 294/289/294 293/288/293
f 282/277/282 293/288/293 281/276/281
f 283/278/283 295/290/295 294/289/294
f 283/278/283 294/289/294 282/277/282
f 284/279/284 296/291/296 295/290/295
f 284/279/284 295/290/295 283/278/283
f 285/269/285 297/281/297 296/291/296
f 285/269/285 296/291/296 284/279/284
f 286/280/286 298/292/298 309/293/309
f 286/280/286 309/293/309 297/281/297
f 287/282/287 299/294/299 298/292/298
f 287/282/287 298/292/298 286/280/286
f 288/283/288 300/295/300 299/294/299
f 288/283/288 299/294/299 287/282/287
f 289/284/289 301/296/301 300/295/300
f 289/284/289 300/295/300 288/283/288
f 290/285/290 302/297/302 301/296/301
f 290/285/290 301/296/301 289/284/289
f 291/286/291 303/298/303 302/297/302
f 291/286/291 302/297/302 290/285/290
f 292/287/292 304/299/304 303/298/303
f 292/287/292 303/298/303 291/286/291
f 293/288/293 305/300/305 304/299/304
f 293/288/293 304/299/304 292/287/292
f 294/289/294 306/301/306 305/300/305
f 294/289/294 305/300/305 293/288/293
f 295/290/295 307/302/307 306/301/306
f 295/290/295 306/301/306 294/289/294
f 296/291/296 308/303/308 307/302/307
f 296/291/296 307/302/307 295/290/295
f 297/281/297 309/293/309 308/303/308
f 297/281/297 308/303/308 296/291/296
f 298/304/298 310/305/310 321/306/321
f 298/304/298 321/306/321 309/307/309
f 299/308/299 311/309/311 310/305/310
f 299/308/299 310/305/310 298/304/298
f 300/310/300 312/311/312 311/309/311
f 300/310/300 311/309/311 299/308/299
f 301/312/301 313/313/313 312/311/312
f 301/312/301 312/311/312 300/310/300
f 302/297/302 314/314/314 313/315/313
f 302/297/302 313/315/313 301/296/301
f 303/298/303 315/316/315 314/314/314
f 303/298/303 314/314/314 302/297/302
f 304/299/304 316/317/316 315/316/315
f 304/299/304 315/316/315 303/298/303
f 305/300/305 317/318/317 316/317/316
f 305/300/305 316/317/316 304/299/304
f 306/301/306 318/319/318 317/318/317
f 306/301/306 317/318/317 305/300/305
f 307/302/307 319/320/319 318/319/318
f 307/302/307 318/319/318 306/301/306
f 308/303/308 320/321/320 319/320/319
f 308/303/308 319/320/319 307/302/307
f 309/293/309 321/322/321 320/321/320
f 309/293/309 320/321/320 308/303/308
f 310/305/310 322/323/322 333/324/333
f 310/305/310 333/324/333 321/306/321
f 311/309/311 323/325/323 322/323/322
f 311/309/311 322/323/322 310/305/310
f 312/311/312 324/326/324 323/325/323
f 312/311/312 323/325/323 311/309/311
f 313/313/313 325/327/325 324/326/324
f 313/313/313 324/326/324 312/311/312
f 314/314/314 326/328/326 325/329/325
f 314/314/314 325/329/325 313/315/313
f 315/316/315 327/330/327 326/328/326
f 315/316/315 326/328/326 314/314/314
f 316/317/316 328/331/328 327/330/327
f 316/317/316 327/330/327 315/316/315
f 317/318/317 329/332/329 328/331/328
f 317/318/317 328/331/328 316/317/316
f 318/319/318 330/333/330 329/332/329
f 318/319/318 329/332/329 317/318/317
f 319/320/319 331/334/331 330/333/330
f 319/320/319 330/333/330 318/319/318
f 320/321/320 332/335/332 331/334/331
f 320/321/320 331/334/331 319/320/319
f 321/322/321 333/336/333 332/335/332
f 321/322/321 332/335/332 320/321/320
f 322/323/322 334/337/334 345/338/345
f 322/323/322 345/338/345 333/324/333
f 323/325/323 335/339/335 334/337/334
f 323/325/323 334/337/334 322/323/322
f 324/326/324 336/340/336 335/339/335
f 324/326/324 335/339/335 323/325/323
f 325/327/325 337/341/337 336/340/336
f 325/327/325 336/340/336 324/326/324
f 326/328/326 338/342/338 337/343/337
f 326/328/326 337/343/337 325/329/325
f 327/330/327 339/344/339 338/342/338
f 327/330/327 338/342/338 326/328/326
f 328/331/328 340/345/340 339/344/339
f 328/331/328 339/344/339 327/330/327
f 329/332/329 341/346/341 340/345/340
f 329/332/329 340/345/340 328/331/328
f 330/333/330 342/347/342 341/346/341
f 330/333/330 341/346/341 329/332/329
f 331/334/331 343/348/343 342/347/342
f 331/334/331 342/347/342 330/333/330
f 332/335/332 344/349/344 343/348/343
f 332/335/332 343/348/343 331/334/331
f 333/336/333 345/350/345 344/349/344
f 333/336/333 344/349/344 332/335/332
f 334/337/334 346/351/346 357/352/357
f 334/337/334 357/352/357 345/338/345
f 335/339/335 347/353/347 346/351/346
f 335/339/335 346/351/346 334/337/334
f 336/340/336 348/354/348 347/353/347
f 336/340/336 347/353/347 335/339/335
f 337/341/337 349/355/349 348/354/348
f 337/341/337 348/354/348 336/340/336
f 338/342/338 350/356/350 349/357/349
f 338/342/338 349/357/349 337/343/337
f 339/344/339 351/358/351 350/356/350
f 339/344/339 350/356/350 338/342/338
f 340/345/340 352/359/352 351/358/351
f 340/345/340 351/358/351 339/344/339
f 341/346/341 353/360/353 352/359/352
f 341/346/341 352/359/352 340/345/340
f 342/347/342 354/361/354 353/360/353
f 342/347/342 353/360/353 341/346/341
f 343/348/343 355/362/355 354/361/354
f 343/348/343 354/361/354 342/347/342
f 344/349/344 356/363/356 355/362/355
f 344/349/344 355/362/355 343/348/343
f 345/350/345 357/364/357 356/363/356
f 345/350/345 356/363/356 344/349/344
f 346/351/346 358/365/358 369/366/369
f 346/351/346 369/366/369 357/352/357
f 347/353/347 359/367/359 358/365/358
f 347/353/347 358/365/358 346/351/346
f 348/354/348 360/368/360 359/367/359
f 348/354/348 359/367/359 347/353/347
f 349/355/349 361/369/361 360/368/360
f 349/355/349 360/368/360 348/354/348
f 350/356/350 362/370/362 361/371/361
f 350/356/350 361/371/361 349/357/349
f 351/358/351 363/372/363 362/370/362
f 351/358/351 362/370/362 350/356/350
f 352/359/352 364/373/364 363/372/363
f 352/359/352 363/372/363 351/358/351
f 353/360/353 365/374/365 364/373/364
f 353/360/353 364/373/364 352/359/352
f 354/361/354 366/375/366 365/374/365
f 354/361/354 365/374/365 353/360/353
f 355/362/355 367/376/367 366/375/366
f 355/362/355 366/375/366 354/361/354
f 356/363/356 368/377/368 367/376/367
f 356/363/356 367/376/367 355/362/355
f 357/364/357 369/378/369 368/377/368
f 357/364/357 368/377/368 356/363/356
f 358/365/358 370/379/370 381/380/381
f 358/365/358 381/380/381 369/366/369
f 359/367/359 371/381/371 370/379/370
f 359/367/359 370/379/370 358/365/358
f 360/368/360 372/382/372 371/381/371
f 360/368/360 371/381/371 359/367/359
f 361/369/361 373/383/373 372/382/372
f 361/369/361 372/382/372 360/368/360
f 362/370/362 374/384/374 373/385/373
f 362/370/362 373/385/373 361/371/361
f 363/372/363 375/386/375 374/384/374
f 363/372/363 374/384/374 362/370/362
f 364/373/364 376/387/376 375/386/375
f 364/373/364 375/386/375 363/372/363
f 365/374/365 377/388/377 376/387/376
f 365/374/365 376/387/376 364/373/364
f 366/375/366 378/389/378 377/388/377
f 366/375/366 377/388/377 365/374/365
f 367/376/367 379/390/379 378/389/378
f 367/376/367 378/389/378 366/375/366
f 368/377/368 380/391/380 379/390/379
f 368/377/368 379/390/379 367/376/367
f 369/378/369 381/392/381 380/391/380
f 369/378/369 380/391/380 368/377/368
f 370/379/370 382/393/382 393/394/393
f 370/379/370 393/394/393 381/380/381
f 371/381/371 383/395/383 382/393/382
f 371/381/371 382/393/382 370/379/370
f 372/382/372 384/396/384 383/395/383
f 372/382/372 383/395/383 371/381/371
f 373/383/373 385/397/385 384/396/384
f 373/383/373 384/396/384 372/382/372
f 374/384/374 386/398/386 385/399/385
f 374/384/374 385/399/385 373/385/373
f 375/386/375 387/400/387 386/398/386
f 375/386/375 386/398/386 374/384/374
f 376/387/376 388/401/388 387/400/387
f 376/387/376 387/400/387 375/386/375
f 377/388/377 389/402/389 388/401/388
f 377/388/377 388/401/388 376/387/376
f 378/389/378 390/403/390 389/402/389
f 378/389/378 389/402/389 377/388/377
f 379/390/379 391/404/391 390/403/390
f 379/390/379 390/403/390 378/389/378
f 380/391/380 392/405/392 391/404/391
f 380/391/380 391/404/391 379/390/379
f 381/392/381 393/406/393 392/405/392
f 381/392/381 392/405/392 380/391/380
f 382/393/382 394/407/394 405/408/405
f 382/393/382 405/408/405 393/394/393
f 383/395/383 395/409/395 394/407/394
f 383/395/383 394/407/394 382/393/382
f 384/396/384 396/410/396 395/409/395
f 384/396/384 395/409/395 383/395/383
f 385/397/385 397/411/397 396/410/396
f 385/397/385 396/410/396 384/396/384
f 386/398/386 398/412/398 397/413/397
f 386/398/386 397/413/397 385/399/385
f 387/400/387 399/414/399 398/412/398
f 387/400/387 398/412/398 386/398/386
f 388/401/388 400/415/400 399/414/399
f 388/401/388 399/414/399 387/400/387
f 389/402/389 401/416/401 400/415/400
f 389/402/389 400/415/400 388/401/388
f 390/403/390 402/417/402 401/416/401
f 390/403/390 401/416/401 389/402/389
f 391/404/391 403/418/403 402/417/402
f 391/404/391 402/417/402 390/403/390
f 392/405/392 404/419/404 403/418/403
f 392/405/392 403/418/403 391/404/391
f 393/406/393 405/420/405 404/419/404
f 393/406/393 404/419/404 392/405/392
f 394/407/394 406/421/406 417/422/417
f 394/407/394 417/422/417 405/408/405
f 395/409/395 407/423/407 406/421/406
f 395/409/395 406/421/406 394/407/394
f 396/410/396 408/424/408 407/423/407
f 396/410/396 407/423/407 395/409/395
f 397/411/397 409/425/409 408/424/408
f 397/411/397 408/424/408 396/410/396
f 398/412/398 410/426/410 409/427/409
f 398/412/398 409/427/409 397/413/397
f 399/414/399 411/428/411 410/426/410
f 399/414/399 410/426/410 398/412/398
f 400/415/400 412/429/412 411/428/411
f 400/415/400 411/428/411 399/414/399
f 401/416/401 413/430/413 412/429/412
f 401/416/401 412/429/412 400/415/400
f 402/417/402 414/431/414 413/430/413
f 402/417/402 413/430/413 401/416/401
f 403/418/403 415/432/415 414/431/414
f 403/418/403 414/431/414 402/417/402
f 404/419/404 416/433/416 415/432/415
f 404/419/404 415/432/415 403/418/403
f 405/420/405 417/434/417 416/433/416
f 405/420/405 416/433/416 404/419/404
f 406/421/406 418/435/418 429/436/429
f 406/421/406 429/436/429 417/422/417
f 407/423/407 419/437/419 418/435/418
f 407/423/407 418/435/418 406/421/406
f 408/424/408 420/438/420 419/437/419
f 408/424/408 419/437/419 407/423/407
f 409/425/409 421/439/421 420/438/420
f 409/425/409 420/438/420 408/424/408
f 410/426/410 422/440/422 421/441/421
f 410/426/410 421/441/421 409/427/409
f 411/428/411 423/442/423 422/440/422
f 411/428/411 422/440/422 410/426/410
f 412/429/412 424/443/424 423/442/423
f 412/429/412 423/442/423 411/428/411
f 413/430/413 425/444/425 424/443/424
f 413/430/413 424/443/424 412/429/412
f 414/431/414 426/445/426 425/444/425
f 414/431/414 425/444/425 413/430/413
f 415/432/415 427/446/427 426/445/426
f 415/432/415 426/445/426 414/431/414
f 416/433/416 428/447/428 427/446/427
f 416/433/416 427/446/427 415/432/415
f 417/434/417 429/448/429 428/447/428
f 417/434/417 428/447/428 416/433/416
f 418/435/418 430/449/430 441/450/441
f 418/435/418 441/450/441 429/436/429
f 419/437/419 431/451/431 430/449/430
f 419/437/419 430/449/430 418/435/418
f 420/438/420 432/452/432 431/451/431
f 420/438/420 431/451/431 419/437/419
f 421/439/421 433/453/433 432/452/432
f 421/439/421 432/452/432 420/438/420
f 422/440/422 434/454/434 433/455/433
f 422/440/422 433/455/433 421/441/421
f 423/442/423 435/456/435 434/454/434
f 423/442/423 434/454/434 422/440/422
f 424/443/424 436/457/436 435/456/435
f 424/443/424 435/456/435 423/442/423
f 425/444/425 437/458/437 436/457/436
f 425/444/425 436/457/436 424/443/424
f 426/445/426 438/459/438 437/458/437
f 426/445/426 437/458/437 425/444/425
f 427/446/427 439/460/439 438/459/438
f 427/446/427 438/459/438 426/445/426
f 428/447/428 440/461/440 439/460/439
f 428/447/428 439/460/439 427/446/427
f 429/448/429 441/462/441 440/461/440
f 429/448/429 440/461/440 428/447/428
f 430/449/430 442/463/442 453/464/453
f 430/449/430 453/464/453 441/450/441
f 431/451/431 443/465/443 442/463/442
f 431/451/431 442/463/442 430/449/430
f 432/452/432 444/466/444 443/465/443
f 432/452/432 443/465/443 431/451/431
f 433/453/433 445/467/445 444/466/444
f 433/453/433 444/466/444 432/452/432
f 434/454/434 446/468/446 445/469/445
f 434/454/434 445/469/445 433/455/433
f 435/456/435 447/470/447 446/468/446
f 435/456/435 446/468/446 434/454/434
f 436/457/436 448/471/448 447/470/447
f 436/457/436 447/470/447 435/456/435
f 437/458/437 449/472/449 448/471/448
f 437/458/437 448/471/448 436/457/436
f 438/459/438 450/473/450 449/472/449
f 438/459/438 449/472/449 437/458/437
f 439/460/439 451/474/451 450/473/450
f 439/460/439 450/473/450 438/459/438
f 440/461/440 452/475/452 451/474/451
f 440/461/440 451/474/451 439/460/439
f 441/462/441 453/476/453 452/475/452
f 441/462/441 452/475/452 440/461/440
f 442/463/442 454/477/454 465/478/465
f 442/463/442 465/478/465 453/464/453
f 443/465/443 455/479/455 454/477/454
f 443/465/443 454/477/454 442/463/442
f 444/466/444 456/480/456 455/479/455
f 444/466/444 455/479/455 443/465/443
f 445/467/445 457/481/457 456/480/456
f 445/467/445 456/480/456 444/466/444
f 446/468/446 458/482/458 457/483/457
f 446/468/446 457/483/457 445/469/445
f 447/470/447 459/484/459 458/482/458
f 447/470/447 458/482/458 446/468/446
f 448/471/448 460/485/460 459/484/459
f 448/471/448 459/484/459 447/470/447
f 449/472/449 461/486/461 460/485/460
f 449/472/449 460/485/460 448/471/448
f 450/473/450 462/487/462 461/486/461
f 450/473/450 461/486/461 449/472/449
f 451/474/451 463/488/463 462/487/462
f 451/474/451 462/487/462 450/473/450
f 452/475/452 464/489/464 463/488/463
f 452/475/452 463/488/463 451/474/451
f 453/476/453 465/490/465 464/489/464
f 453/476/453 464/489/464 452/475/452
f 454/477/454 466/491/466 477/492/477
f 454/477/454 477/492/477 465/478/465
f 455/479/455 467/493/467 466/491/466
f 455/479/455 466/491/466 454/477/454
f 456/480/456 468/494/468 467/493/467
f 456/480/456 467/493/467 455/479/455
f 457/481/457 469/495/469 468/494/468
f 457/481/457 468/494/468 456/480/456
f 458/482/458 470/496/470 469/497/469
f 458/482/458 469/497/469 457/483/457
f 459/484/459 471/498/471 470/496/470
f 459/484/459 470/496/470 458/482/458
f 460/485/460 472/499/472 471/498/471
f 460/485/460 471/498/471 459/484/459
f 461/486/461 473/500/473 472/499/472
f 461/486/461 472/499/472 460/485/460
f 462/487/462 474/501/474 473/500/473
f 462/487/462 473/500/473 461/486/461
f 463/488/463 475/502/475 474/501/474
f 463/488/463 474/501/474 462/487/462
f 464/489/464 476/503/476 475/502/475
f 464/489/464 475/502/475 463/488/463
f 465/490/465 477/504/477 476/503/476
f 465/490/465 476/503/476 464/489/464
f 466/491/466 478/505/478 489/506/489
f 466/491/466 489/506/489 477/492/477
f 467/493/467 479/507/479 478/505/478
f 467/493/467 478/505/478 466/491/466
f 468/494/468 480/508/480 479/507/479
f 468/494/468 479/507/479 467/493/467
f 469/495/469 481/509/481 480/508/480
f 469/495/469 480/508/480 468/494/468
f 470/510/470 482/511/482 481/509/481
f 470/510/470 481/509/481 469/495/469
f 471/512/471 483/513/483 482/511/482
f 471/512/471 482/511/482 470/510/470
f 472/514/472 484/515/484 483/513/483
f 472/514/472 483/513/483 471/512/471
f 473/500/473 485/516/485 484/517/484
f 473/500/473 484/517/484 472/499/472
f 474/501/474 486/518/486 485/516/485
f 474/501/474 485/516/485 473/500/473
f 475/502/475 487/519/487 486/518/486
f 475/502/475 486/518/486 474/501/474
f 476/503/476 488/520/488 487/519/487
f 476/503/476 487/519/487 475/502/475
f 477/504/477 489/521/489 488/520/488
f 477/504/477 488/520/488 476/503/476
f 478/505/478 490/522/490 501/523/501
f 478/505/478 501/523/501 489/506/489
f 479/507/479 491/524/491 490/522/490
f 479/507/479 490/522/490 478/505/478
f 480/508/480 492/525/492 491/524/491
f 480/508/480 491/524/491 479/507/479
f 481/509/481 493/526/493 492/525/492
f 481/509/481 492/525/492 480/508/480
f 482/511/482 494/527/494 493/526/493
f 482/511/482 493/526/493 481/509/481
f 483/513/483 495/528/495 494/527/494
f 483/513/483 494/527/494 482/511/482
f 484/515/484 496/529/496 495/528/495
f 484/515/484 495/528/495 483/513/483
f 485/516/485 497/530/497 496/531/496
f 485/516/485 496/531/496 484/517/484
f 486/518/486 498/532/498 497/530/497
f 486/518/486 497/530/497 485/516/485
f 487/519/487 499/533/499 498/532/498
f 487/519/487 498/532/498 486/518/486
f 488/520/488 500/534/500 499/533/499
f 488/520/488 499/533/499 487/519/487
f 489/521/489 501/535/501 500/534/500
f 489/521/489 500/534/500 488/520/488
f 490/522/490 502/536/502 513/537/513
f 490/522/490 513/537/513 501/523/501
f 491/524/491 503/538/503 502/536/502
f 491/524/491 502/536/502 490/522/490
f 492/525/492 504/539/504 503/538/503
f 492/525/492 503/538/503 491/524/491
f 493/526/493 505/540/505 504/539/504
f 493/526/493 504/539/504 492/525/492
f 494/527/494 506/541/506 505/540/505
f 494/527/494 505/540/505 493/526/493
f 495/528/495 507/542/507 506/541/506
f 495/528/495 506/541/506 494/527/494
f 496/529/496 508/543/508 507/542/507
f 496/529/496 507/542/507 495/528/495
f 497/530/497 509/544/509 508/545/508
f 497/530/497 508/545/508 496/531/496
f 498/532/498 510/546/510 509/544/509
f 498/532/498 509/544/509 497/530/497
f 499/533/499 511/547/511 510/546/510
f 499/533/499 510/546/510 498/532/498
f 500/534/500 512/548/512 511/547/511
f 500/534/500 511/547/511 499/533/499
f 501/535/501 513/549/513 512/548/512
f 501/535/501 512/548/512 500/534/500
f 502/536/502 514/550/514 525/551/525
f 502/536/502 525/551/525 513/537/513
f 503/538/503 515/552/515 514/550/514
f 503/538/503 514/550/514 502/536/502
f 504/539/504 516/553/516 515/552/515
f 504/539/504 515/552/515 503/538/503
f 505/540/505 517/554/517 516/553/516
f 505/540/505 516/553/516 504/539/504
f 506/541/506 518/555/518 517/554/517
f 506/541/506 517/554/517 505/540/505
f 507/542/507 519/556/519 518/555/518
f 507/542/507 518/555/518 506/541/506
f 508/543/508 520/557/520 519/556/519
f 508/543/508 519/556/519 507/542/507
f 509/544/509 521/558/521 520/559/520
f 509/544/509 520/559/520 508/545/508
f 510/546/510 522/560/522 521/558/521
f 510/546/510 521/558/521 509/544/509
f 511/547/511 523/561/523 522/560/522
f 511/547/511 522/560/522 510/546/510
f 512/548/512 524/562/524 523/561/523
f 512/548/512 523/561/523 511/547/511
f 513/549/513 525/563/525 524/562/524
f 513/549/513 524/562/524 512/548/512
f 514/550/514 526/564/526 537/565/537
f 514/550/514 537/565/537 525/551/525
f 515/552/515 527/566/527 526/564/526
f 515/552/515 526/564/526 514/550/514
f 516/553/516 528/567/528 527/566/527
f 516/553/516 527/566/527 515/552/515
f 517/554/517 529/568/529 528/567/528
f 517/554/517 528/567/528 516/553/516
f 518/555/518 530/569/530 529/568/529
f 518/555/518 529/568/529 517/554/517
f 519/556/519 531/570/531 530/569/530
f 519/556/519 530/569/530 518/555/518
f 520/557/520 532/571/532 531/570/531
f 520/557/520 531/570/531 519/556/519
f 521/558/521 533/572/533 532/573/532
f 521/558/521 532/573/532 520/559/520
f 522/560/522 534/574/534 533/572/533
f 522/560/522 533/572/533 521/558/521
f 523/561/523 535/575/535 534/574/534
f 523/561/523 534/574/534 522/560/522
f 524/562/524 536/576/536 535/575/535
f 524/562/524 535/575/535 523/561/523
f 525/563/525 537/577/537 536/576/536
f 525/563/525 536/576/536 524/562/524
f 526/564/526 538/578/538 549/579/549
f 526/564/526 549/579/549 537/565/537
f 527/566/527 539/580/539 538/578/538
f 527/566/527 538/578/538 526/564/526
f 528/567/528 540/581/540 539/580/539
f 528/567/528 539/580/539 527/566/527
f 529/568/529 541/582/541 540/581/540
f 529/568/529 540/581/540 528/567/528
f 530/569/530 542/583/542 541/582/541
f 530/569/530 541/582/541 529/568/529
f 531/570/531 543/584/543 542/583/542
f 531/570/531 542/583/542 530/569/530
f 532/571/532 544/585/544 543/584/543
f 532/571/532 543/584/543 531/570/531
f 533/572/533 545/586/545 544/587/544
f 533/572/533 544/587/544 532/573/532
f 534/574/534 546/588/546 545/586/545
f 534/574/534 545/586/545 533/572/533
f 535/575/535 547/589/547 546/588/546
f 535/575/535 546/588/546 534/574/534
f 536/576/536 548/590/548 547/589/547
f 536/576/536 547/589/547 535/575/535
f 537/577/537 549/591/549 548/590/548
f 537/577/537 548/590/548 536/576/536
f 538/578/538 550/592/550 561/593/561
f 538/578/538 561/593/561 549/579/549
f 539/580/539 551/594/551 550/592/550
f 539/580/539 550/592/550 538/578/538
f 540/581/540 552/595/552 551/594/551
f 540/581/540 551/594/551 539/580/539
f 541/582/541 553/596/553 552/595/552
f 541/582/541 552/595/552 540/581/540
f 542/583/542 554/597/554 553/596/553
f 542/583/542 553/596/553 541/582/541
f 543/584/543 555/598/555 554/597/554
f 543/584/543 554/597/554 542/583/542
f 544/585/544 556/599/556 555/598/555
f 544/585/544 555/598/555 543/584/543
f 545/586/545 557/600/557 556/601/556
f 545/586/545 556/601/556 544/587/544
f 546/588/546 558/602/558 557/600/557
f 546/588/546 557/600/557 545/586/545
f 547/589/547 559/603/559 558/602/558
f 547/589/547 558/602/558 546/588/546
f 548/590/548 560/604/560 559/603/559
f 548/590/548 559/603/559 547/589/547
f 549/591/549 561/605/561 560/604/560
f 549/591/549 560/604/560 548/590/548
f 550/592/550 562/606/562 573/607/573
f 550/592/550 573/607/573 561/593/561
f 551/594/551 563/608/563 562/606/562
f 551/594/551 562/606/562 550/592/550
f 552/595/552 564/609/564 563/608/563
f 552/595/552 563/608/563 551/594/551
f 553/596/553 565/610/565 564/609/564
f 553/596/553 564/609/564 552/595/552
f 554/597/554 566/611/566 565/610/565
f 554/597/554 565/610/565 553/596/553
f 555/598/555 567/612/567 566/611/566
f 555/598/555 566/611/566 554/597/554
f 556/599/556 568/613/568 567/612/567
f 556/599/556 567/612/567 555/598/555
f 557/600/557 569/614/569 568/615/568
f 557/600/557 568/615/568 556/601/556
f 558/602/558 570/616/570 569/614/569
f 558/602/558 569/614/569 557/600/557
f 559/603/559 571/617/571 570/616/570
f 559/603/559 570/616/570 558/602/558
f 560/604/560 572/618/572 571/617/571
f 560/604/560 571/617/571 559/603/559
f 561/605/561 573/619/573 572/618/572
f 561/605/561 572/618/572 560/604/560
f 562/606/562 574/620/574 585/621/585
f 562/606/562 585/621/585 573/607/573
f 563/608/563 575/622/575 574/620/574
f 563/608/563 574/620/574 562/606/562
f 564/609/564 576/623/576 575/622/575
f 564/609/564 575/622/575 563/608/563
f 565/610/565 577/624/577 576/623/576
f 565/610/565 576/623/576 564/609/564
f 566/611/566 578/625/578 577/624/577
f 566/611/566 577/624/577 565/610/565
f 567/612/567 579/626/579 578/625/578
f 567/612/567 578/625/578 566/611/566
f 568/613/568 580/627/580 579/626/579
f 568/613/568 579/626/579 567/612/567
f 569/614/569 581/628/581 580/629/580
f 569/614/569 580/629/580 568/615/568
f 570/616/570 582/630/582 581/628/581
f 570/616/570 581/628/581 569/614/569
f 571/617/571 583/631/583 582/630/582
f 571/617/571 582/630/582 570/616/570
f 572/618/572 584/632/584 583/631/583
f 572/618/572 583/631/583 571/617/571
f 573/619/573 585/633/585 584/632/584
f 573/619/573 584/632/584 572/618/572
f 574/620/574 586/634/586 597/635/597
f 574/620/574 597/635/597 585/621/585
f 575/622/575 587/636/587 586/634/586
f 575/622/575 586/634/586 574/620/574
f 576/623/576 588/637/588 587/636/587
f 576/623/576 587/636/587 575/622/575
f 577/624/577 589/638/589 588/637/588
f 577/624/577 588/637/588 576/623/576
f 578/625/578 590/639/590 589/638/589
f 578/625/578 589/638/589 577/624/577
f 579/626/579 591/640/591 590/639/590
f 579/626/579 590/639/590 578/625/578
f 580/627/580 592/641/592 591/640/591
f 580/627/580 591/640/591 579/626/579
f 581/628/581 593/642/593 592/643/592
f 581/628/581 592/643/592 580/629/580
f 582/630/582 594/644/594 593/642/593
f 582/630/582 593/642/593 581/628/581
f 583/631/583 595/645/595 594/644/594
f 583/631/583 594/644/594 582/630/582
f 584/632/584 596/646/596 595/645/595
f 584/632/584 595/645/595 583/631/583
f 585/633/585 597/647/597 596/646/596
f 585/633/585 596/646/596 584/632/584
f 586/634/586 598/648/598 609/649/609
f 586/634/586 609/649/609 597/635/597
f 587/636/587 599/650/599 598/648/598
f 587/636/587 598/648/598 586/634/586
f 588/637/588 600/651/600 599/650/599
f 588/637/588 599/650/599 587/636/587
f 589/638/589 601/652/601 600/651/600
f 589/638/589 600/651/600 588/637/588
f 590/639/590 602/653/602 601/652/601
f 590/639/590 601/652/601 589/638/589
f 591/640/591 603/654/603 602/653/602
f 591/640/591 602/653/602 590/639/590
f 592/641/592 604/655/604 603/654/603
f 592/641/592 603/654/603 591/640/591
f 593/642/593 605/656/605 604/657/604
f 593/642/593 604/657/604 592/643/592
f 594/644/594 606/658/606 605/656/605
f 594/644/594 605/656/605 593/642/593
f 595/645/595 607/659/607 606/658/606
f 595/645/595 606/658/606 594/644/594
f 596/646/596 608/660/608 607/659/607
f 596/646/596 607/659/607 595/645/595
f 597/647/597 609/661/609 608/660/608
f 597/647/597 608/660/608 596/646/596
f 598/648/598 610/662/610 621/663/621
f 598/648/598 621/663/621 609/649/609
f 599/650/599 611/664/611 610/662/610
f 599/650/599 610/662/610 598/648/598
f 600/651/600 612/665/612 611/664/611
f 600/651/600 611/664/611 599/650/599
f 601/652/601 613/666/613 612/665/612
f 601/652/601 612/665/612 600/651/600
f 602/653/602 614/667/614 613/666/613
f 602/653/602 613/666/613 601/652/601
f 603/654/603 615/668/615 614/667/614
f 603/654/603 614/667/614 602/653/602
f 604/655/604 616/669/616 615/668/615
f 604/655/604 615/668/615 603/654/603
f 605/656/605 617/670/617 616/671/616
f 605/656/605 616/671/616 604/657/604
f 606/658/606 618/672/618 617/670/617
f 606/658/606 617/670/617 605/656/605
f 607/659/607 619/673/619 618/672/618
f 607/659/607 618/672/618 606/658/606
f 608/660/608 620/674/620 619/673/619
f 608/660/608 619/673/619 607/659/607
f 609/661/609 621/675/621 620/674/620
f 609/661/609 620/674/620 608/660/608
f 610/662/610 622/676/622 633/677/633
f 610/662/610 633/677/633 621/663/621
f 611/664/611 623/678/623 622/676/622
f 611/664/611 622/676/622 610/662/610
f 612/665/612 624/679/624 623/678/623
f 612/665/612 623/678/623 611/664/611
f 613/666/613 625/680/625 624/679/624
f 613/666/613 624/679/624 612/665/612
f 614/667/614 626/681/626 625/680/625
f 614/667/614 625/680/625 613/666/613
f 615/668/615 627/682/627 626/681/626
f 615/668/615 626/681/626 614/667/614
f 616/669/616 628/683/628 627/682/627
f 616/669/616 627/682/627 615/668/615
f 617/670/617 629/684/629 628/685/628
f 617/670/617 628/685/628 616/671/616
f 618/672/618 630/686/630 629/684/629
f 618/672/618 629/684/629 617/670/617
f 619/673/619 631/687/631 630/686/630
f 619/673/619 630/686/630 618/672/618
f 620/674/620 632/688/632 631/687/631
f 620/674/620 631/687/631 619/673/619
f 621/675/621 633/689/633 632/688/632
f 621/675/621 632/688/632 620/674/620
f 622/676/622 634/690/634 645/691/645
f 622/676/622 645/691/645 633/677/633
f 623/678/623 635/692/635 634/690/634
f 623/678/623 634/690/634 622/676/622
f 624/679/624 636/693/636 635/692/635
f 624/679/624 635/692/635 623/678/623
f 625/680/625 637/694/637 636/693/636
f 625/680/625 636/693/636 624/679/624
f 626/681/626 638/695/638 637/694/637
f 626/681/626 637/694/637 625/680/625
f 627/682/627 639/696/639 638/695/638
f 627/682/627 638/695/638 626/681/626
f 628/683/628 640/697/640 639/696/639
f 628/683/628 639/696/639 627/682/627
f 629/684/629 641/698/641 640/699/640
f 629/684/629 640/699/640 628/685/628
f 630/686/630 642/700/642 641/698/641
f 630/686/630 641/698/641 629/684/629
f 631/687/631 643/701/643 642/700/642
f 631/687/631 642/700/642 630/686/630
f 632/688/632 644/702/644 643/701/643
f 632/688/632 643/701/643 631/687/631
f 633/689/633 645/703/645 644/702/644
f 633/689/633 644/702/644 632/688/632
f 634/690/634 646/704/646 657/705/657
f 634/690/634 657/705/657 645/691/645
f 635/692/635 647/706/647 646/704/646
f 635/692/635 646/704/646 634/690/634
f 636/693/636 648/707/648 647/706/647
f 636/693/636 647/706/647 635/692/635
f 637/694/637 649/708/649 648/707/648
f 637/694/637 648/707/648 636/693/636
f 638/695/638 650/709/650 649/708/649
f 638/695/638 649/708/649 637/694/637
f 639/696/639 651/710/651 650/709/650
f 639/696/639 650/709/650 638/695/638
f 640/697/640 652/711/652 651/710/651
f 640/697/640 651/710/651 639/696/639
f 641/698/641 653/712/653 652/713/652
f 641/698/641 652/713/652 640/699/640
f 642/700/642 654/714/654 653/712/653
f 642/700/642 653/712/653 641/698/641
f 643/701/643 655/715/655 654/714/654
f 643/701/643 654/714/654 642/700/642
f 644/702/644 656/716/656 655/715/655
f 644/702/644 655/715/655 643/701/643
f 645/703/645 657/717/657 656/716/656
f 645/703/645 656/716/656 644/702/644
f 646/704/646 658/718/658 669/719/669
f 646/704/646 669/719/669 657/705/657
f 647/706/647 659/720/659 658/718/658
f 647/706/647 658/718/658 646/704/646
f 648/707/648 660/721/660 659/720/659
f 648/707/648 659/720/659 647/706/647
f 649/708/649 661/722/661 660/721/660
f 649/708/649 660/721/660 648/707/648
f 650/709/650 662/723/662 661/722/661
f 650/709/650 661/722/661 649/708/649
f 651/710/651 663/724/663 662/723/662
f 651/710/651 662/723/662 650/709/650
f 652/711/652 664/725/664 663/724/663
f 652/711/652 663/724/663 651/710/651
f 653/712/653 665/726/665 664/727/664
f 653/712/653 664/727/664 652/713/652
f 654/714/654 666/728/666 665/726/665
f 654/714/654 665/726/665 653/712/653
f 655/715/655 667/729/667 666/728/666
f 655/715/655 666/728/666 654/714/654
f 656/716/656 668/730/668 667/729/667
f 656/716/656 667/729/667 655/715/655
f 657/717/657 669/731/669 668/730/668
f 657/717/657 668/730/668 656/716/656
f 658/718/658 670/732/670 681/733/681
f 658/718/658 681/733/681 669/719/669
f 659/720/659 671/734/671 670/732/670
f 659/720/659 670/732/670 658/718/658
f 660/721/660 672/735/672 671/734/671
f 660/721/660 671/734/671 659/720/659
f 661/722/661 673/736/673 672/735/672
f 661/722/661 672/735/672 660/721/660
f 662/723/662 674/737/674 673/736/673
f 662/723/662 673/736/673 661/722/661
f 663/724/663 675/738/675 674/737/674
f 663/724/663 674/737/674 662/723/662
f 664/725/664 676/739/676 675/738/675
f 664/725/664 675/738/675 663/724/663
f 665/726/665 677/740/677 676/741/676
f 665/726/665 676/741/676 664/727/664
f 666/728/666 678/742/678 677/740/677
f 666/728/666 677/740/677 665/726/665
f 667/729/667 679/743/679 678/742/678
f 667/729/667 678/742/678 666/728/666
f 668/730/668 680/744/680 679/743/679
f 668/730/668 679/743/679 667/729/667
f 669/731/669 681/745/681 680/744/680
f 669/731/669 680/744/680 668/730/668
f 670/732/670 682/746/682 693/747/693
f 670/732/670 693/747/693 681/733/681
f 671/734/671 683/748/683 682/746/682
f 671/734/671 682/746/682 670/732/670
f 672/735/672 684/749/684 683/748/683
f 672/735/672 683/748/683 671/734/671
f 673/736/673 685/750/685 684/749/684
f 673/736/673 684/749/684 672/735/672
f 674/737/674 686/751/686 685/750/685
f 674/737/674 685/750/685 673/736/673
f 675/738/675 687/752/687 686/751/686
f 675/738/675 686/751/686 674/737/674
f 676/739/676 688/753/688 687/752/687
f 676/739/676 687/752/687 675/738/675
f 677/740/677 689/754/689 688/755/688
f 677/740/677 688/755/688 676/741/676
f 678/742/678 690/756/690 689/754/689
f 678/742/678 689/754/689 677/740/677
f 679/743/679 691/757/691 690/756/690
f 679/743/679 690/756/690 678/742/678
f 680/744/680 692/758/692 691/757/691
f 680/744/680 691/757/691 679/743/679
f 681/745/681 693/759/693 692/758/692
f 681/745/681 692/758/692 680/744/680
f 682/746/682 694/760/694 705/761/705
f 682/746/682 705/761/705 693/747/693
f 683/748/683 695/762/695 694/760/694
f 683/748/683 694/760/694 682/746/682
f 684/749/684 696/763/696 695/762/695
f 684/749/684 695/762/695 683/748/683
f 685/750/685 697/764/697 696/763/696
f 685/750/685 696/763/696 684/749/684
f 686/751/686 698/765/698 697/764/697
f 686/751/686 697/764/697 685/750/685
f 687/752/687 699/766/699 698/765/698
f 687/752/687 698/765/698 686/751/686
f 688/753/688 700/767/700 699/766/699
f 688/753/688 699/766/699 687/752/687
f 689/754/689 701/768/701 700/769/700
f 689/754/689 700/769/700 688/755/688
f 690/756/690 702/770/702 701/768/701
f 690/756/690 701/768/701 689/754/689
f 691/757/691 703/771/703 702/770/702
f 691/757/691 702/770/702 690/756/690
f 692/758/692 704/772/704 703/771/703
f 692/758/692 703/771/703 691/757/691
f 693/759/693 705/773/705 704/772/704
f 693/759/693 704/772/704 692/758/692
f 694/760/694 706/774/706 717/775/717
f 694/760/694 717/775/717 705/761/705
f 695/762/695 707/776/707 706/774/706
f 695/762/695 706/774/706 694/760/694
f 696/763/696 708/777/708 707/776/707
f 696/763/696 707/776/707 695/762/695
f 697/764/697 709/778/709 708/777/708
f 697/764/697 708/777/708 696/763/696
f 698/765/698 710/779/710 709/778/709
f 698/765/698 709/778/709 697/764/697
f 699/766/699 711/780/711 710/779/710
f 699/766/699 710/779/710 698/765/698
f 700/767/700 712/781/712 711/780/711
f 700/767/700 711/780/711 699/766/699
f 701/768/701 713/782/713 712/783/712
f 701/768/701 712/783/712 700/769/700
f 702/770/702 714/784/714 713/782/713
f 702/770/702 713/782/713 701/768/701
f 703/771/703 715/785/715 714/784/714
f 703/771/703 714/784/714 702/770/702
f 704/772/704 716/786/716 715/785/715
f 704/772/704 715/785/715 703/771/703
f 705/773/705 717/787/717 716/786/716
f 705/773/705 716/786/716 704/772/704
f 706/774/706 718/788/718 729/789/729
f 706/774/706 729/789/729 717/775/717
f 707/776/707 719/790/719 718/788/718
f 707/776/707 718/788/718 706/774/706
f 708/777/708 720/791/720 719/790/719
f 708/777/708 719/790/719 707/776/707
f 709/778/709 721/792/721 720/791/720
f 709/778/709 720/791/720 708/777/708
f 710/779/710 722/793/722 721/792/721
f 710/779/710 721/792/721 709/778/709
f 711/780/711 723/794/723 722/793/722
f 711/780/711 722/793/722 710/779/710
f 712/781/712 724/795/724 723/794/723
f 712/781/712 723/794/723 711/780/711
f 713/782/713 725/796/725 724/797/724
f 713/782/713 724/797/724 712/783/712
f 714/784/714 726/798/726 725/796/725
f 714/784/714 725/796/725 713/782/713
f 715/785/715 727/799/727 726/798/726
f 715/785/715 726/798/726 714/784/714
f 716/786/716 728/800/728 727/799/727
f 716/786/716 727/799/727 715/785/715
f 717/787/717 729/801/729 728/800/728
f 717/787/717 728/800/728 716/786/716
f 718/802/718 730/803/730 741/804/741
f 718/802/718 741/804/741 729/801/729
f 719/790/719 731/805/731 730/806/730
f 719/790/719 730/806/730 718/788/718
f 720/791/720 732/807/732 731/805/731
f 720/791/720 731/805/731 719/790/719
f 721/792/721 733/808/733 732/807/732
f 721/792/721 732/807/732 720/791/720
f 722/793/722 734/809/734 733/808/733
f 722/793/722 733/808/733 721/792/721
f 723/794/723 735/810/735 734/809/734
f 723/794/723 734/809/734 722/793/722
f 724/795/724 736/811/736 735/810/735
f 724/795/724 735/810/735 723/794/723
f 725/796/725 737/812/737 736/813/736
f 725/796/725 736/813/736 724/797/724
f 726/798/726 738/814/738 737/812/737
f 726/798/726 737/812/737 725/796/725
f 727/799/727 739/815/739 738/814/738
f 727/799/727 738/814/738 726/798/726
f 728/800/728 740/816/740 739/815/739
f 728/800/728 739/815/739 727/799/727
f 729/801/729 741/804/741 740/816/740
f 729/801/729 740/816/740 728/800/728
f 730/803/730 742/817/742 753/818/753
f 730/803/730 753/818/753 741/804/741
f 731/819/731 743/820/743 742/817/742
f 731/819/731 742/817/742 730/803/730
f 732/821/732 744/822/744 743/820/743
f 732/821/732 743/820/743 731/819/731
f 733/823/733 745/824/745 744/822/744
f 733/823/733 744/822/744 732/821/732
f 734/825/734 746/826/746 745/824/745
f 734/825/734 745/824/745 733/823/733
f 735/827/735 747/828/747 746/826/746
f 735/827/735 746/826/746 734/825/734
f 736/813/736 748/829/748 747/828/747
f 736/813/736 747/828/747 735/827/735
f 737/812/737 749/830/749 748/829/748
f 737/812/737 748/829/748 736/813/736
f 738/814/738 750/831/750 749/830/749
f 738/814/738 749/830/749 737/812/737
f 739/815/739 751/832/751 750/831/750
f 739/815/739 750/831/750 738/814/738
f 740/816/740 752/833/752 751/832/751
f 740/816/740 751/832/751 739/815/739
f 741/804/741 753/818/753 752/833/752
f 741/804/741 752/833/752 740/816/740
f 742/817/742 754/834/754 765/835/765
f 742/817/742 765/835/765 753/818/753
f 743/820/743 755/836/755 754/834/754
f 743/820/743 754/834/754 742/817/742
f 744/822/744 756/837/756 755/836/755
f 744/822/744 755/836/755 743/820/743
f 745/824/745 757/838/757 756/837/756
f 745/824/745 756/837/756 744/822/744
f 746/826/746 758/839/758 757/838/757
f 746/826/746 757/838/757 745/824/745
f 747/828/747 759/840/759 758/839/758
f 747/828/747 758/839/758 746/826/746
f 748/829/748 760/841/760 759/840/759
f 748/829/748 759/840/759 747/828/747
f 749/830/749 761/842/761 760/841/760
f 749/830/749 760/841/760 748/829/748
f 750/831/750 762/843/762 761/842/761
f 750/831/750 761/842/761 749/830/749
f 751/832/751 763/844/763 762/843/762
f 751/832/751 762/843/762 750/831/750
f 752/833/752 764/845/764 763/844/763
f 752/833/752 763/844/763 751/832/751
f 753/818/753 765/835/765 764/845/764
f 753/818/753 764/845/764 752/833/752
f 754/834/754 766/846/766 777/847/777
f 754/834/754 777/847/777 765/835/765
f 755/836/755 767/848/767 766/846/766
f 755/836/755 766/846/766 754/834/754
f 756/837/756 768/849/768 767/848/767
f 756/837/756 767/848/767 755/836/755
f 757/838/757 769/850/769 768/849/768
f 757/838/757 768/849/768 756/837/756
f 758/839/758 770/851/770 769/850/769
f 758/839/758 769/850/769 757/838/757
f 759/840/759 771/852/771 770/851/770
f 759/840/759 770/851/770 758/839/758
f 760/841/760 772/853/772 771/852/771
f 760/841/760 771/852/771 759/840/759
f 761/842/761 773/854/773 772/853/772
f 761/842/761 772/853/772 760/841/760
f 762/843/762 774/855/774 773/854/773
f 762/843/762 773/854/773 761/842/761
f 763/844/763 775/856/775 774/855/774
f 763/844/763 774/855/774 762/843/762
f 764/845/764 776/857/776 775/856/775
f 764/845/764 775/856/775 763/844/763
f 765/835/765 777/847/777 776/857/776
f 765/835/765 776/857/776 764/845/764
f 766/846/766 778/858/778 789/859/789
f 766/846/766 789/859/789 777/847/777
f 767/848/767 779/860/779 778/858/778
f 767/848/767 778/858/778 766/846/766
f 768/849/768 780/861/780 779/860/779
f 768/849/768 779/860/779 767/848/767
f 769/850/769 781/862/781 780/861/780
f 769/850/769 780/861/780 768/849/768
f 770/851/770 782/863/782 781/862/781
f 770/851/770 781/862/781 769/850/769
f 771/852/771 783/864/783 782/863/782
f 771/852/771 782/863/782 770/851/770
f 772/853/772 784/865/784 783/864/783
f 772/853/772 783/864/783 771/852/771
f 773/854/773 785/866/785 784/865/784
f 773/854/773 784/865/784 772/853/772
f 774/855/774 786/867/786 785/866/785
f 774/855/774 785/866/785 773/854/773
f 775/856/775 787/868/787 786/867/786
f 775/856/775 786/867/786 774/855/774
f 776/857/776 788/869/788 787/868/787
f 776/857/776 787/868/787 775/856/775
f 777/847/777 789/859/789 788/869/788
f 777/847/777 788/869/788 776/857/776
f 778/858/778 790/870/790 801/871/801
f 778/858/778 801/871/801 789/859/789
f 779/860/779 791/872/791 790/870/790
f 779/860/779 790/870/790 778/858/778
f 780/861/780 792/873/792 791/872/791
f 780/861/780 791/872/791 779/860/779
f 781/862/781 793/874/793 792/873/792
f 781/862/781 792/873/792 780/861/780
f 782/863/782 794/875/794 793/874/793
f 782/863/782 793/874/793 781/862/781
f 783/864/783 795/876/795 794/875/794
f 783/864/783 794/875/794 782/863/782
f 784/865/784 796/877/796 795/876/795
f 784/865/784 795/876/795 783/864/783
f 785/866/785 797/878/797 796/877/796
f 785/866/785 796/877/796 784/865/784
f 786/867/786 798/879/798 797/878/797
f 786/867/786 797/878/797 785/866/785
f 787/868/787 799/880/799 798/879/798
f 787/868/787 798/879/798 786/867/786
f 788/869/788 800/881/800 799/880/799
f 788/869/788 799/880/799 787/868/787
f 789/859/789 801/871/801 800/881/800
f 789/859/789 800/881/800 788/869/788
f 790/870/790 802/882/802 813/883/813
f 790/870/790 813/883/813 801/871/801
f 791/872/791 803/884/803 802/882/802
f 791/872/791 802/882/802 790/870/790
f 792/873/792 804/885/804 803/884/803
f 792/873/792 803/884/803 791/872/791
f 793/874/793 805/886/805 804/885/804
f 793/874/793 804/885/804 792/873/792
f 794/875/794 806/887/806 805/886/805
f 794/875/794 805/886/805 793/874/793
f 795/876/795 807/888/807 806/887/806
f 795/876/795 806/887/806 794/875/794
f 796/877/796 808/889/808 807/888/807
f 796/877/796 807/888/807 795/876/795
f 797/878/797 809/890/809 808/889/808
f 797/878/797 808/889/808 796/877/796
f 798/879/798 810/891/810 809/890/809
f 798/879/798 809/890/809 797/878/797
f 799/880/799 811/892/811 810/891/810
f 799/880/799 810/891/810 798/879/798
f 800/881/800 812/893/812 811/892/811
f 800/881/800 811/892/811 799/880/799
f 801/871/801 813/883/813 812/893/812
f 801/871/801 812/893/812 800/881/800
f 802/882/802 814/894/814 825/895/825
f 802/882/802 825/895/825 813/883/813
f 803/884/803 815/896/815 814/894/814
f 803/884/803 814/894/814 802/882/802
f 804/885/804 816/897/816 815/896/815
f 804/885/804 815/896/815 803/884/803
f 805/886/805 817/898/817 816/897/816
f 805/886/805 816/897/816 804/885/804
f 806/887/806 818/899/818 817/898/817
f 806/887/806 817/898/817 805/886/805
f 807/888/807 819/900/819 818/899/818
f 807/888/807 818/899/818 806/887/806
f 808/889/808 820/901/820 819/900/819
f 808/889/808 819/900/819 807/888/807
f 809/890/809 821/902/821 820/901/820
f 809/890/809 820/901/820 808/889/808
f 810/891/810 822/903/822 821/902/821
f 810/891/810 821/902/821 809/890/809
f 811/892/811 823/904/823 822/903/822
f 811/892/811 822/903/822 810/891/810
f 812/893/812 824/905/824 823/904/823
f 812/893/812 823/904/823 811/892/811
f 813/883/813 825/895/825 824/905/824
f 813/883/813 824/905/824 812/893/812
f 814/894/814 826/906/826 837/907/837
f 814/894/814 837/907/837 825/895/825
f 815/896/815 827/908/827 826/906/826
f 815/896/815 826/906/826 814/894/814
f 816/897/816 828/909/828 827/908/827
f 816/897/816 827/908/827 815/896/815
f 817/898/817 829/910/829 828/909/828
f 817/898/817 828/909/828 816/897/816
f 818/899/818 830/911/830 829/910/829
f 818/899/818 829/910/829 817/898/817
f 819/900/819 831/912/831 830/911/830
f 819/900/819 830/911/830 818/899/818
f 820/901/820 832/913/832 831/912/831
f 820/901/820 831/912/831 819/900/819
f 821/902/821 833/914/833 832/913/832
f 821/902/821 832/913/832 820/901/820
f 822/903/822 834/915/834 833/914/833
f 822/903/822 833/914/833 821/902/821
f 823/904/823 835/916/835 834/915/834
f 823/904/823 834/915/834 822/903/822
f 824/905/824 836/917/836 835/916/835
f 824/905/824 835/916/835 823/904/823
f 825/895/825 837/907/837 836/917/836
f 825/895/825 836/917/836 824/905/824
f 826/906/826 838/918/838 849/919/849
f 826/906/826 849/919/849 837/907/837
f 827/908/827 839/920/839 838/918/838
f 827/908/827 838/918/838 826/906/826
f 828/909/828 840/921/840 839/920/839
f 828/909/828 839/920/839 827/908/827
f 829/910/829 841/922/841 840/921/840
f 829/910/829 840/921/840 828/909/828
f 830/911/830 842/923/842 841/922/841
f 830/911/830 841/922/841 829/910/829
f 831/912/831 843/924/843 842/923/842
f 831/912/831 842/923/842 830/911/830
f 832/913/832 844/925/844 843/924/843
f 832/913/832 843/924/843 831/912/831
f 833/914/833 845/926/845 844/925/844
f 833/914/833 844/925/844 832/913/832
f 834/915/834 846/927/846 845/926/845
f 834/915/834 845/926/845 833/914/833
f 835/916/835 847/928/847 846/927/846
f 835/916/835 846/927/846 834/915/834
f 836/917/836 848/929/848 847/928/847
f 836/917/836 847/928/847 835/916/835
f 837/907/837 849/919/849 848/929/848
f 837/907/837 848/929/848 836/917/836
f 838/918/838 850/930/850 861/931/861
f 838/918/838 861/931/861 849/919/849
f 839/920/839 851/932/851 850/930/850
f 839/920/839 850/930/850 838/918/838
f 840/921/840 852/933/852 851/932/851
f 840/921/840 851/932/851 839/920/839
f 841/922/841 853/934/853 852/933/852
f 841/922/841 852/933/852 840/921/840
f 842/923/842 854/935/854 853/934/853
f 842/923/842 853/934/853 841/922/841
f 843/924/843 855/936/855 854/935/854
f 843/924/843 854/935/854 842/923/842
f 844/925/844 856/937/856 855/936/855
f 844/925/844 855/936/855 843/924/843
f 845/926/845 857/938/857 856/937/856
f 845/926/845 856/937/856 844/925/844
f 846/927/846 858/939/858 857/938/857
f 846/927/846 857/938/857 845/926/845
f 847/928/847 859/940/859 858/939/858
f 847/928/847 858/939/858 846/927/846
f 848/929/848 860/941/860 859/940/859
f 848/929/848 859/940/859 847/928/847
f 849/919/849 861/931/861 860/941/860
f 849/919/849 860/941/860 848/929/848
f 850/930/850 862/942/862 873/943/873
f 850/930/850 873/943/873 861/931/861
f 851/932/851 863/944/863 862/942/862
f 851/932/851 862/942/862 850/930/850
f 852/933/852 864/945/864 863/944/863
f 852/933/852 863/944/863 851/932/851
f 853/934/853 865/946/865 864/945/864
f 853/934/853 864/945/864 852/933/852
f 854/935/854 866/947/866 865/946/865
f 854/935/854 865/946/865 853/934/853
f 855/936/855 867/948/867 866/947/866
f 855/936/855 866/947/866 854/935/854
f 856/937/856 868/949/868 867/948/867
f 856/937/856 867/948/867 855/936/855
f 857/938/857 869/950/869 868/949/868
f 857/938/857 868/949/868 856/937/856
f 858/939/858 870/951/870 869/950/869
f 858/939/858 869/950/869 857/938/857
f 859/940/859 871/952/871 870/951/870
f 859/940/859 870/951/870 858/939/858
f 860/941/860 872/953/872 871/952/871
f 860/941/860 871/952/871 859/940/859
f 861/931/861 873/943/873 872/953/872
f 861/931/861 872/953/872 860/941/860
f 862/942/862 874/954/874 885/955/885
f 862/942/862 885/955/885 873/943/873
f 863/944/863 875/956/875 874/954/874
f 863/944/863 874/954/874 862/942/862
f 864/945/864 876/957/876 875/956/875
f 864/945/864 875/956/875 863/944/863
f 865/946/865 877/958/877 876/957/876
f 865/946/865 876/957/876 864/945/864
f 866/947/866 878/959/878 877/958/877
f 866/947/866 877/958/877 865/946/865
f 867/948/867 879/960/879 878/959/878
f 867/948/867 878/959/878 866/947/866
f 868/949/868 880/961/880 879/960/879
f 868/949/868 879/960/879 867/948/867
f 869/950/869 881/962/881 880/961/880
f 869/950/869 880/961/880 868/949/868
f 870/951/870 882/963/882 881/962/881
f 870/951/870 881/962/881 869/950/869
f 871/952/871 883/964/883 882/963/882
f 871/952/871 882/963/882 870/951/870
f 872/953/872 884/965/884 883/964/883
f 872/953/872 883/964/883 871/952/871
f 873/943/873 885/955/885 884/965/884
f 873/943/873 884/965/884 872/953/872
f 874/954/874 886/966/886 897/967/897
f 874/954/874 897/967/897 885/955/885
f 875/956/875 887/968/887 886/966/886
f 875/956/875 886/966/886 874/954/874
f 876/957/876 888/969/888 887/968/887
f 876/957/876 887/968/887 875/956/875
f 877/958/877 889/970/889 888/969/888
f 877/958/877 888/969/888 876/957/876
f 878/959/878 890/971/890 889/970/889
f 878/959/878 889/970/889 877/958/877
f 879/960/879 891/972/891 890/971/890
f 879/960/879 890/971/890 878/959/878
f 880/961/880 892/973/892 891/972/891
f 880/961/880 891/972/891 879/960/879
f 881/962/881 893/974/893 892/973/892
f 881/962/881 892/973/892 880/961/880
f 882/963/882 894/975/894 893/974/893
f 882/963/882 893/974/893 881/962/881
f 883/964/883 895/976/895 894/975/894
f 883/964/883 894/975/894 882/963/882
f 884/965/884 896/977/896 895/976/895
f 884/965/884 895/976/895 883/964/883
f 885/955/885 897/967/897 896/977/896
f 885/955/885 896/977/896 884/965/884
f 886/966/886 898/978/898 909/979/909
f 886/966/886 909/979/909 897/967/897
f 887/968/887 899/980/899 898/978/898
f 887/968/887 898/978/898 886/966/886
f 888/969/888 900/981/900 899/980/899
f 888/969/888 899/980/899 887/968/887
f 889/970/889 901/982/901 900/981/900
f 889/970/889 900/981/900 888/969/888
f 890/971/890 902/983/902 901/982/901
f 890/971/890 901/982/901 889/970/889
f 891/972/891 903/984/903 902/983/902
f 891/972/891 902/983/902 890/971/890
f 892/973/892 904/985/904 903/984/903
f 892/973/892 903/984/903 891/972/891
f 893/974/893 905/986/905 904/985/904
f 893/974/893 904/985/904 892/973/892
f 894/975/894 906/987/906 905/986/905
f 894/975/894 905/986/905 893/974/893
f 895/976/895 907/988/907 906/987/906
f 895/976/895 906/987/906 894/975/894
f 896/977/896 908/989/908 907/988/907
f 896/977/896 907/988/907 895/976/895
f 897/967/897 909/979/909 908/989/908
f 897/967/897 908/989/908 896/977/896
f 898/978/898 910/990/910 921/991/921
f 898/978/898 921/991/921 909/979/909
f 899/980/899 911/992/911 910/990/910
f 899/980/899 910/990/910 898/978/898
f 900/981/900 912/993/912 911/992/911
f 900/981/900 911/992/911 899/980/899
f 901/982/901 913/994/913 912/993/912
f 901/982/901 912/993/912 900/981/900
f 902/983/902 914/995/914 913/994/913
f 902/983/902 913/994/913 901/982/901
f 903/984/903 915/996/915 914/995/914
f 903/984/903 914/995/914 902/983/902
f 904/985/904 916/997/916 915/996/915
f 904/985/904 915/996/915 903/984/903
f 905/986/905 917/998/917 916/997/916
f 905/986/905 916/997/916 904/985/904
f 906/987/906 918/999/918 917/998/917
f 906/987/906 917/998/917 905/986/905
f 907/988/907 919/1000/919 918/999/918
f 907/988/907 918/999/918 906/987/906
f 908/989/908 920/1001/920 919/1000/919
f 908/989/908 919/1000/919 907/988/907
f 909/979/909 921/991/921 920/1001/920
f 909/979/909 920/1001/920 908/989/908
f 910/990/910 922/1002/922 933/1003/933
f 910/990/910 933/1003/933 921/991/921
f 911/992/911 923/1004/923 922/1002/922
f 911/992/911 922/1002/922 910/990/910
f 912/993/912 924/1005/924 923/1004/923
f 912/993/912 923/1004/923 911/992/911
f 913/994/913 925/1006/925 924/1005/924
f 913/994/913 924/1005/924 912/993/912
f 914/995/914 926/1007/926 925/1006/925
f 914/995/914 925/1006/925 913/994/913
f 915/996/915 927/1008/927 926/1007/926
f 915/996/915 926/1007/926 914/995/914
f 916/997/916 928/1009/928 927/1008/927
f 916/997/916 927/1008/927 915/996/915
f 917/998/917 929/1010/929 928/1009/928
f 917/998/917 928/1009/928 916/997/916
f 918/999/918 930/1011/930 929/1010/929
f 918/999/918 929/1010/929 917/998/917
f 919/1000/919 931/1012/931 930/1011/930
f 919/1000/919 930/1011/930 918/999/918
f 920/1001/920 932/1013/932 931/1012/931
f 920/1001/920 931/1012/931 919/1000/919
f 921/991/921 933/1003/933 932/1013/932
f 921/991/921 932/1013/932 920/1001/920
f 922/1002/922 934/1014/934 945/1015/945
f 922/1002/922 945/1015/945 933/1003/933
f 923/1004/923 935/1016/935 934/1014/934
f 923/1004/923 934/1014/934 922/1002/922
f 924/1005/924 936/1017/936 935/1016/935
f 924/1005/924 935/1016/935 923/1004/923
f 925/1006/925 937/1018/937 936/1017/936
f 925/1006/925 936/1017/936 924/1005/924
f 926/1007/926 938/1019/938 937/1018/937
f 926/1007/926 937/1018/937 925/1006/925
f 927/1008/927 939/1020/939 938/1019/938
f 927/1008/927 938/1019/938 926/1007/926
f 928/1009/928 940/1021/940 939/1020/939
f 928/1009/928 939/1020/939 927/1008/927
f 929/1010/929 941/1022/941 940/1021/940
f 929/1010/929 940/1021/940 928/1009/928
f 930/1011/930 942/1023/942 941/1022/941
f 930/1011/930 941/1022/941 929/1010/929
f 931/1012/931 943/1024/943 942/1023/942
f 931/1012/931 942/1023/942 930/1011/930
f 932/1013/932 944/1025/944 943/1024/943
f 932/1013/932 943/1024/943 931/1012/931
f 933/1003/933 945/1015/945 944/1025/944
f 933/1003/933 944/1025/944 932/1013/932
f 934/1014/934 946/1026/946 957/1027/957
f 934/1014/934 957/1027/957 945/1015/945
f 935/1016/935 947/1028/947 946/1026/946
f 935/1016/935 946/1026/946 934/1014/934
f 936/1017/936 948/1029/948 947/1028/947
f 936/1017/936 947/1028/947 935/1016/935
f 937/1018/937 949/1030/949 948/1029/948
f 937/1018/937 948/1029/948 936/1017/936
f 938/1019/938 950/1031/950 949/1030/949
f 938/1019/938 949/1030/949 937/1018/937
f 939/1020/939 951/1032/951 950/1031/950
f 939/1020/939 950/1031/950 938/1019/938
f 940/1021/940 952/1033/952 951/1032/951
f 940/1021/940 951/1032/951 939/1020/939
f 941/1022/941 953/1034/953 952/1033/952
f 941/1022/941 952/1033/952 940/1021/940
f 942/1023/942 954/1035/954 953/1034/953
f 942/1023/942 953/1034/953 941/1022/941
f 943/1024/943 955/1036/955 954/1035/954
f 943/1024/943 954/1035/954 942/1023/942
f 944/1025/944 956/1037/956 955/1036/955
f 944/1025/944 955/1036/955 943/1024/943
f 945/1015/945 957/1027/957 956/1037/956
f 945/1015/945 956/1037/956 944/1025/944
f 946/1026/946 958/1038/958 969/1039/969
f 946/1026/946 969/1039/969 957/1027/957
f 947/1028/947 959/1040/959 958/1038/958
f 947/1028/947 958/1038/958 946/1026/946
f 948/1029/948 960/1041/960 959/1040/959
f 948/1029/948 959/1040/959 947/1028/947
f 949/1030/949 961/1042/961 960/1041/960
f 949/1030/949 960/1041/960 948/1029/948
f 950/1031/950 962/1043/962 961/1042/961
f 950/1031/950 961/1042/961 949/1030/949
f 951/1032/951 963/1044/963 962/1043/962
f 951/1032/951 962/1043/962 950/1031/950
f 952/1033/952 964/1045/964 963/1044/963
f 952/1033/952 963/1044/963 951/1032/951
f 953/1034/953 965/1046/965 964/1045/964
f 953/1034/953 964/1045/964 952/1033/952
f 954/1035/954 966/1047/966 965/1046/965
f 954/1035/954 965/1046/965 953/1034/953
f 955/1036/955 967/1048/967 966/1047/966
f 955/1036/955 966/1047/966 954/1035/954
f 956/1037/956 968/1049/968 967/1048/967
f 956/1037/956 967/1048/967 955/1036/955
f 957/1027/957 969/1039/969 968/1049/968
f 957/1027/957 968/1049/968 956/1037/956
f 958/1038/958 970/1050/970 981/1051/981
f 958/1038/958 981/1051/981 969/1039/969
f 959/1040/959 971/1052/971 970/1050/970
f 959/1040/959 970/1050/970 958/1038/958
f 960/1041/960 972/1053/972 971/1052/971
f 960/1041/960 971/1052/971 959/1040/959
f 961/1042/961 973/1054/973 972/1053/972
f 961/1042/961 972/1053/972 960/1041/960
f 962/1043/962 974/1055/974 973/1054/973
f 962/1043/962 973/1054/973 961/1042/961
f 963/1044/963 975/1056/975 974/1055/974
f 963/1044/963 974/1055/974 962/1043/962
f 964/1045/964 976/1057/976 975/1056/975
f 964/1045/964 975/1056/975 963/1044/963
f 965/1046/965 977/1058/977 976/1057/976
f 965/1046/965 976/1057/976 964/1045/964
f 966/1047/966 978/1059/978 977/1058/977
f 966/1047/966 977/1058/977 965/1046/965
f 967/1048/967 979/1060/979 978/1059/978
f 967/1048/967 978/1059/978 966/1047/966
f 968/1049/968 980/1061/980 979/1060/979
f 968/1049/968 979/1060/979 967/1048/967
f 969/1039/969 981/1051/981 980/1061/980
f 969/1039/969 980/1061/980 968/1049/968
f 970/1050/970 982/1062/982 993/1063/993
f 970/1050/970 993/1063/993 981/1051/981
f 971/1052/971 983/1064/983 982/1062/982
f 971/1052/971 982/1062/982 970/1050/970
f 972/1053/972 984/1065/984 983/1064/983
f 972/1053/972 983/1064/983 971/1052/971
f 973/1054/973 985/1066/985 984/1065/984
f 973/1054/973 984/1065/984 972/1053/972
f 974/1055/974 986/1067/986 985/1066/985
f 974/1055/974 985/1066/985 973/1054/973
f 975/1056/975 987/1068/987 986/1067/986
f 975/1056/975 986/1067/986 974/1055/974
f 976/1057/976 988/1069/988 987/1068/987
f 976/1057/976 987/1068/987 975/1056/975
f 977/1058/977 989/1070/989 988/1069/988
f 977/1058/977 988/1069/988 976/1057/976
f 978/1059/978 990/1071/990 989/1070/989
f 978/1059/978 989/1070/989 977/1058/977
f 979/1060/979 991/1072/991 990/1071/990
f 979/1060/979 990/1071/990 978/1059/978
f 980/1061/980 992/1073/992 991/1072/991
f 980/1061/980 991/1072/991 979/1060/979
f 981/1051/981 993/1063/993 992/1073/992
f 981/1051/981 992/1073/992 980/1061/980
f 982/1062/982 994/1074/994 1005/1075/1005
f 982/1062/982 1005/1075/1005 993/1063/993
f 983/1064/983 995/1076/995 994/1074/994
f 983/1064/983 994/1074/994 982/1062/982
f 984/1065/984 996/1077/996 995/1076/995
f 984/1065/984 995/1076/995 983/1064/983
f 985/1066/985 997/1078/997 996/1077/996
f 985/1066/985 996/1077/996 984/1065/984
f 986/1067/986 998/1079/998 997/1078/997
f 986/1067/986 997/1078/997 985/1066/985
f 987/1068/987 999/1080/999 998/1079/998
f 987/1068/987 998/1079/998 986/1067/986
f 988/1069/988 1000/1081/1000 999/1080/999
f 988/1069/988 999/1080/999 987/1068/987
f 989/1070/989 1001/1082/1001 1000/1081/1000
f 989/1070/989 1000/1081/1000 988/1069/988
f 990/1071/990 1002/1083/1002 1001/1082/1001
f 990/1071/990 1001/1082/1001 989/1070/989
f 991/1072/991 1003/1084/1003 1002/1083/1002
f 991/1072/991 1002/1083/1002 990/1071/990
f 992/1073/992 1004/1085/1004 1003/1084/1003
f 992/1073/992 1003/1084/1003 991/1072/991
f 993/1063/993 1005/1075/1005 1004/1085/1004
f 993/1063/993 1004/1085/1004 992/1073/992
f 994/1074/994 1006/1086/1006 1017/1087/1017
f 994/1074/994 1017/1087/1017 1005/1075/1005
f 995/1076/995 1007/1088/1007 1006/1086/1006
f 995/1076/995 1006/1086/1006 994/1074/994
f 996/1077/996 1008/1089/1008 1007/1088/1007
f 996/1077/996 1007/1088/1007 995/1076/995
f 997/1078/997 1009/1090/1009 1008/1089/1008
f 997/1078/997 1008/1089/1008 996/1077/996
f 998/1079/998 1010/1091/1010 1009/1090/1009
f 998/1079/998 1009/1090/1009 997/1078/997
f 999/1080/999 1011/1092/1011 1010/1091/1010
f 999/1080/999 1010/1091/1010 998/1079/998
f 1000/1081/1000 1012/1093/1012 1011/1092/1011
f 1000/1081/1000 1011/1092/1011 999/1080/999
f 1001/1082/1001 1013/1094/1013 1012/1093/1012
f 1001/1082/1001 1012/1093/1012 1000/1081/1000
f 1002/1083/1002 1014/1095/1014 1013/1094/1013
f 1002/1083/1002 1013/1094/1013 1001/1082/1001
f 1003/1084/1003 1015/1096/1015 1014/1095/1014
f 1003/1084/1003 1014/1095/1014 1002/1083/1002
f 1004/1085/1004 1016/1097/1016 1015/1096/1015
f 1004/1085/1004 1015/1096/1015 1003/1084/1003
f 1005/1075/1005 1017/1087/1017 1016/1097/1016
f 1005/1075/1005 1016/1097/1016 1004/1085/1004
f 1006/1086/1006 1018/1098/1018 1029/1099/1029
f 1006/1086/1006 1029/1099/1029 1017/1087/1017
f 1007/1088/1007 1019/1100/1019 1018/1098/1018
f 1007/1088/1007 1018/1098/1018 1006/1086/1006
f 1008/1089/1008 1020/1101/1020 1019/1100/1019
f 1008/1089/1008 1019/1100/1019 1007/1088/1007
f 1009/1090/1009 1021/1102/1021 1020/1101/1020
f 1009/1090/1009 1020/1101/1020 1008/1089/1008
f 1010/1091/1010 1022/1103/1022 1021/1102/1021
f 1010/1091/1010 1021/1102/1021 1009/1090/1009
f 1011/1092/1011 1023/1104/1023 1022/1103/1022
f 1011/1092/1011 1022/1103/1022 1010/1091/1010
f 1012/1093/1012 1024/1105/1024 1023/1104/1023
f 1012/1093/1012 1023/1104/1023 1011/1092/1011
f 1013/1094/1013 1025/1106/1025 1024/1105/1024
f 1013/1094/1013 1024/1105/1024 1012/1093/1012
f 1014/1095/1014 1026/1107/1026 1025/1106/1025
f 1014/1095/1014 1025/1106/1025 1013/1094/1013
f 1015/1096/1015 1027/1108/1027 1026/1107/1026
f 1015/1096/1015 1026/1107/1026 1014/1095/1014
f 1016/1097/1016 1028/1109/1028 1027/1108/1027
f 1016/1097/1016 1027/1108/1027 1015/1096/1015
f 1017/1087/1017 1029/1099/1029 1028/1109/1028
f 1017/1087/1017 1028/1109/1028 1016/1097/1016
f 1018/1098/1018 1030/1110/1030 1041/1111/1041
f 1018/1098/1018 1041/1111/1041 1029/1099/1029
f 1019/1100/1019 1031/1112/1031 1030/1110/1030
f 1019/1100/1019 1030/1110/1030 1018/1098/1018
f 1020/1101/1020 1032/1113/1032 1031/1112/1031
f 1020/1101/1020 1031/1112/1031 1019/1100/1019
f 1021/1102/1021 1033/1114/1033 1032/1113/1032
f 1021/1102/1021 1032/1113/1032 1020/1101/1020
f 1022/1103/1022 1034/1115/1034 1033/1114/1033
f 1022/1103/1022 1033/1114/1033 1021/1102/1021
f 1023/1104/1023 1035/1116/1035 1034/1115/1034
f 1023/1104/1023 1034/1115/1034 1022/1103/1022
f 1024/1105/1024 1036/1117/1036 1035/1116/1035
f 1024/1105/1024 1035/1116/1035 1023/1104/1023
f 1025/1106/1025 1037/1118/1037 1036/1117/1036
f 1025/1106/1025 1036/1117/1036 1024/1105/1024
f 1026/1107/1026 1038/1119/1038 1037/1118/1037
f 1026/1107/1026 1037/1118/1037 1025/1106/1025
f 1027/1108/1027 1039/1120/1039 1038/1119/1038
f 1027/1108/1027 1038/1119/1038 1026/1107/1026
f 1028/1109/1028 1040/1121/1040 1039/1120/1039
f 1028/1109/1028 1039/1120/1039 1027/1108/1027
f 1029/1099/1029 1041/1111/1041 1040/1121/1040
f 1029/1099/1029 1040/1121/1040 1028/1109/1028
