# Blender 4.5.5 LTS
# www.blender.org
mtllib Damage_Ripening_Sap_sucking_damage.mtl
o SM_Ripening_Severe
v -0.213645 1.418327 0.013016
v -0.137086 1.839708 -0.027059
v -0.151590 0.563480 0.080661
v -0.165688 1.414063 0.025944
v -0.093152 1.831104 -0.016754
v -0.080270 1.827178 -0.034821
v -0.150331 1.411986 0.006689
v -0.125493 0.563382 0.052656
v -0.075161 -0.082671 0.050441
v -0.103336 -0.082671 0.080312
v -0.151114 -0.082671 0.081708
v -0.180985 -0.082671 0.053532
v -0.106428 -0.082671 -0.025512
v -0.076557 -0.082671 0.002663
v -0.182381 -0.082671 0.005755
v -0.154206 -0.082671 -0.024117
v -0.224145 0.563737 0.055603
v -0.196134 0.563639 0.081992
v -0.194277 1.416928 0.028803
v -0.118800 1.836762 -0.013250
v -0.128689 1.834988 -0.071326
v -0.201593 1.415745 -0.035050
v -0.199617 0.563663 -0.017159
v -0.225714 0.563748 0.010837
v -0.216946 1.417793 -0.015813
v -0.141571 1.838911 -0.053267
v -0.084715 1.826372 -0.061050
v -0.153644 1.411455 -0.022134
v -0.127072 0.563390 0.007890
v -0.155087 0.563501 -0.018489
v -0.173018 1.412885 -0.037901
v -0.103002 1.829323 -0.074849
v -0.115466 0.246179 0.050892
v -0.188648 0.238084 0.081187
v -0.142605 0.243119 0.079842
v -0.217441 0.235026 0.053867
v -0.191646 0.238084 -0.021405
v -0.116824 0.246180 0.004577
v -0.218794 0.235026 0.007549
v -0.145608 0.243120 -0.022747
v 0.278243 2.844236 -0.131531
v 0.272790 2.852505 -0.118650
v 0.259590 2.865474 -0.116733
v 0.249016 2.872927 -0.127298
v 0.244664 2.872070 -0.146572
v 0.249966 2.863625 -0.159442
v 0.263169 2.850655 -0.161337
v 0.273894 2.843377 -0.150783
v 0.525783 3.060652 -0.207018
v 0.525301 3.071371 -0.195386
v 0.518996 3.086213 -0.194137
v 0.511796 3.093585 -0.204278
v 0.507368 3.092244 -0.222963
v 0.508833 3.082683 -0.235251
v 0.515175 3.067810 -0.236477
v 0.521367 3.059271 -0.225671
v 0.738431 3.156775 -0.259756
v 0.738342 3.171485 -0.260390
v 0.735413 3.170846 -0.274805
v 0.735502 3.156136 -0.274171
v 0.196741 2.704274 -0.104484
v 0.137284 2.565698 -0.094123
v 0.146088 2.560068 -0.108078
v 0.205053 2.699614 -0.117994
v 0.164999 2.714857 -0.111511
v 0.104250 2.578904 -0.101332
v 0.118403 2.574200 -0.091087
v 0.178665 2.711166 -0.101558
v 0.200681 2.698741 -0.137269
v 0.141612 2.559164 -0.127945
v 0.127405 2.563727 -0.138155
v 0.187086 2.702386 -0.147208
v 0.169007 2.709276 -0.144281
v 0.108516 2.572233 -0.135102
v 0.099769 2.578002 -0.121186
v 0.160623 2.713983 -0.130786
v -0.570217 1.491093 -0.041953
v -0.200424 0.323621 0.048435
v -0.185880 0.328225 -0.000868
v -0.362004 1.068397 0.022214
v -0.260602 0.724297 0.048897
v -0.241677 0.729404 -0.047406
v -0.345303 1.073281 -0.066709
v -0.375268 1.029296 -0.026914
v -0.273979 0.684128 -0.004677
v -0.194484 0.289833 0.034983
v -0.218909 0.298075 0.021330
v -0.187364 0.292784 0.010714
v -0.453553 1.322868 -0.021745
v -0.467594 1.286547 -0.042814
v -0.445719 1.324040 -0.063190
v 0.407601 1.742561 -0.341165
v 0.177397 0.756705 0.041128
v 0.206742 0.752743 0.095605
v 0.289987 1.570213 -0.137419
v 0.227312 1.262939 -0.038572
v 0.285168 1.247217 0.055871
v 0.344470 1.554989 -0.049557
v 0.320274 1.507750 -0.110654
v 0.259858 1.197456 -0.009457
v 0.181567 0.717988 0.060284
v 0.195944 0.712678 0.043670
v 0.196087 0.716773 0.087016
v 0.348558 1.690405 -0.199985
v 0.359945 1.637375 -0.193713
v 0.373675 1.681186 -0.158647
v 0.140472 1.447846 -0.649471
v -0.174891 1.100530 -0.042225
v -0.140570 1.112621 0.017387
v -0.101502 1.753385 -0.302526
v -0.183239 1.506735 -0.122340
v -0.110001 1.527985 -0.021226
v -0.027282 1.782622 -0.225168
v -0.074015 1.723979 -0.228536
v -0.123179 1.479690 -0.106080
v -0.162830 1.068808 -0.024247
v -0.136799 1.083505 -0.052949
v -0.145989 1.075444 0.005063
v 0.044617 1.628798 -0.499933
v 0.049825 1.598685 -0.453148
v 0.078776 1.642353 -0.462922
v -0.490881 1.893150 0.582362
v -0.178760 0.519748 0.070503
v -0.229472 0.529436 0.047180
v -0.329907 1.396192 0.324126
v -0.239319 0.991121 0.181271
v -0.339708 1.005111 0.145254
v -0.422772 1.409283 0.291705
v -0.380346 1.353212 0.324995
v -0.294421 0.947209 0.181363
v -0.187887 0.481042 0.057928
v -0.208234 0.490937 0.082285
v -0.212941 0.486619 0.046569
v -0.426072 1.696989 0.443036
v -0.446884 1.655146 0.449908
v -0.469208 1.701786 0.427742
v -0.498219 2.515866 -0.217243
v -0.200718 0.348250 0.021224
v -0.146985 0.374780 0.000265
v -0.362527 1.704934 -0.048889
v -0.280554 1.067342 0.015221
v -0.182353 1.113920 -0.033886
v -0.272445 1.748376 -0.094847
v -0.325980 1.658852 -0.097136
v -0.240097 1.021273 -0.036240
v -0.181571 0.293145 0.013367
v -0.188560 0.317719 -0.014948
v -0.155209 0.307422 0.003092
v -0.414275 2.189567 -0.126217
v -0.403164 2.136649 -0.155829
v -0.372156 2.207851 -0.147715
v 0.188467 1.328885 0.139255
v 0.309397 1.732192 0.227283
v 0.103341 0.474091 0.103608
v 0.212004 1.316021 0.181275
v 0.331624 1.715838 0.264011
v 0.353105 1.710439 0.259866
v 0.236221 1.312063 0.178312
v 0.141439 0.470573 0.102369
v 0.117661 -0.174057 0.040644
v 0.076780 -0.170349 0.041712
v 0.042716 -0.162241 0.009176
v 0.042212 -0.156100 -0.031422
v 0.150391 -0.165912 -0.034249
v 0.150895 -0.172054 0.006349
v 0.075446 -0.154097 -0.065717
v 0.116327 -0.157805 -0.066785
v 0.071090 0.487660 0.035285
v 0.071577 0.481805 0.073319
v 0.190439 1.323617 0.163641
v 0.311893 1.725659 0.249302
v 0.346455 1.727745 0.201606
v 0.230973 1.326060 0.113810
v 0.140142 0.486085 0.001739
v 0.102050 0.489592 0.002971
v 0.206769 1.329987 0.116758
v 0.324978 1.733141 0.205744
v 0.368729 1.711374 0.238341
v 0.254510 1.313171 0.155811
v 0.172390 0.472503 0.070047
v 0.171895 0.478370 0.032020
v 0.252523 1.318469 0.131440
v 0.366226 1.717911 0.216329
v 0.120085 0.156601 0.061292
v 0.047000 0.160009 0.029893
v 0.080296 0.157153 0.061992
v 0.046345 0.162924 -0.009804
v 0.118362 0.164310 -0.043748
v 0.152299 0.158544 0.028043
v 0.078564 0.164866 -0.043051
v 0.151653 0.161456 -0.011651
v 0.678016 2.531168 0.527487
v 0.550478 2.240824 0.427361
v 0.564598 2.235827 0.423883
v 0.688028 2.527488 0.524628
v 0.667360 2.541923 0.510386
v 0.535735 2.255459 0.403436
v 0.537476 2.249713 0.418132
v 0.668689 2.537691 0.521061
v 0.695171 2.527887 0.513514
v 0.574745 2.236430 0.408902
v 0.572951 2.242115 0.394173
v 0.693865 2.532081 0.502875
v 0.684536 2.538604 0.496447
v 0.559896 2.250982 0.384957
v 0.545841 2.256040 0.388468
v 0.674499 2.542323 0.499271
v 0.688742 1.665525 0.434346
v 0.167627 0.575995 0.070790
v 0.111939 0.587337 0.109233
v 0.431002 1.429953 0.218187
v 0.292863 1.095732 0.123563
v 0.197100 1.110658 0.202455
v 0.341998 1.443622 0.292717
v 0.403230 1.385596 0.268423
v 0.262714 1.049650 0.177338
v 0.144921 0.540409 0.077451
v 0.165754 0.543483 0.104630
v 0.117656 0.546748 0.096450
v 0.517827 1.579880 0.315609
v 0.510018 1.534626 0.337773
v 0.475748 1.584032 0.350004
v 0.110980 1.779934 0.486590
v 0.103881 0.123705 0.021654
v 0.059661 0.152408 0.006182
v 0.153301 1.175971 0.265953
v 0.149771 0.686906 0.134613
v 0.060998 0.736326 0.110843
v 0.071203 1.221753 0.244614
v 0.097603 1.139112 0.263949
v 0.089597 0.650356 0.132031
v 0.087200 0.081874 0.010025
v 0.070410 0.096401 0.028247
v 0.065523 0.096974 0.002554
v 0.129246 1.545746 0.372868
v 0.100944 1.501121 0.374961
v 0.090833 1.565518 0.362697
v 1.203572 2.007360 -0.313574
v 1.192638 2.014779 -0.307470
v 1.198151 2.012739 -0.292790
v 1.208921 2.004622 -0.298658
v 0.799557 2.949912 -0.340698
v 0.971442 2.876075 -0.386880
v 1.156781 2.594468 -0.377517
v 1.241635 2.242678 -0.325419
v 1.255092 2.245556 -0.335063
v 1.166895 2.605164 -0.390396
v 0.979427 2.882245 -0.395716
v 0.807233 2.961888 -0.350762
v 0.798378 2.955150 -0.362883
v 0.971053 2.878007 -0.408559
v 1.156908 2.597939 -0.400979
v 1.246198 2.244784 -0.348342
v 1.232279 2.244030 -0.339118
v 1.147985 2.589924 -0.389242
v 0.963159 2.871080 -0.399613
v 0.791153 2.943646 -0.353018
v 0.418835 2.939081 -0.232458
v 0.424663 2.922292 -0.221874
v 0.425814 2.934233 -0.204728
v 0.420006 2.951016 -0.215121
v 0.510030 2.970948 -0.269509
v 0.639035 2.984777 -0.313474
v 0.638699 2.972739 -0.302901
v 0.508371 2.958163 -0.259909
v 0.641578 2.981996 -0.289075
v 0.510848 2.967731 -0.248790
v 0.642014 2.994114 -0.300160
v 0.512540 2.980521 -0.258105
v 1.137439 2.442300 -0.312621
v 1.180324 2.415608 -0.359709
v 1.115368 2.446367 -0.374792
v 1.146992 2.494802 -0.326930
v 1.124054 2.381966 -0.314478
v 1.182148 2.472252 -0.365359
v 1.159391 2.359891 -0.353208
v 1.165327 2.550511 -0.371078
v 1.133882 2.495169 -0.380081
v 1.116370 2.317585 -0.345865
v 1.110951 2.382328 -0.367634
v 1.075162 2.565919 -0.324319
v 1.129192 2.534680 -0.359602
v 1.066678 2.564521 -0.388507
v 1.085448 2.618065 -0.338122
v 1.066649 2.502832 -0.326891
v 1.130192 2.592349 -0.367363
v 1.110829 2.477247 -0.355752
v 1.110323 2.670625 -0.378539
v 1.083937 2.613138 -0.391412
v 1.069899 2.432768 -0.355612
v 1.064673 2.498605 -0.380070
v 1.012588 2.663302 -0.333889
v 1.064070 2.664857 -0.391464
v 0.984882 2.686308 -0.406107
v 1.012429 2.730258 -0.339074
v 1.010069 2.590526 -0.348759
v 1.054481 2.731645 -0.386240
v 1.052908 2.592986 -0.396887
v 1.018750 2.811475 -0.375182
v 0.995875 2.746914 -0.400763
v 1.015542 2.527290 -0.399825
v 0.993369 2.610283 -0.411402
v 0.894807 2.796597 -0.388544
v 0.959677 2.774223 -0.394495
v 0.918482 2.810927 -0.442464
v 0.907101 2.840434 -0.382587
v 0.891540 2.746943 -0.408003
v 0.960049 2.823050 -0.387536
v 0.945010 2.726834 -0.412412
v 0.943654 2.888083 -0.388371
v 0.931675 2.848748 -0.424898
v 0.912586 2.694106 -0.442190
v 0.916514 2.756287 -0.450970
v 0.879920 2.839044 -0.318646
v 0.901491 2.836942 -0.374329
v 0.843750 2.835144 -0.361927
v 0.871193 2.880240 -0.327540
v 0.883194 2.789026 -0.322662
v 0.888852 2.879004 -0.373432
v 0.901067 2.786391 -0.368236
v 0.857941 2.927351 -0.362486
v 0.844941 2.876914 -0.366777
v 0.882813 2.736326 -0.353026
v 0.856945 2.786473 -0.362166
v 0.797146 2.860626 -0.327168
v 0.839647 2.866383 -0.370933
v 0.778073 2.873709 -0.381019
v 0.795149 2.903565 -0.327712
v 0.798279 2.814796 -0.342572
v 0.830063 2.908682 -0.363804
v 0.833237 2.819163 -0.378440
v 0.799448 2.958766 -0.352075
v 0.784315 2.914294 -0.374052
v 0.806124 2.774302 -0.383897
v 0.787560 2.825789 -0.389089
v 0.663916 2.887871 -0.297208
v 0.726026 2.874014 -0.297124
v 0.692369 2.880595 -0.346435
v 0.673605 2.925601 -0.303094
v 0.664469 2.841624 -0.301675
v 0.724618 2.914342 -0.303032
v 0.715457 2.829580 -0.301325
v 0.707763 2.964566 -0.320789
v 0.701864 2.918582 -0.341561
v 0.689676 2.789470 -0.318324
v 0.692766 2.834098 -0.339997
v 0.740738 2.898505 -0.245081
v 0.794637 2.870306 -0.287835
v 0.725955 2.865722 -0.300976
v 0.738411 2.934751 -0.272622
v 0.744044 2.846438 -0.229666
v 0.782795 2.912261 -0.308065
v 0.788362 2.823084 -0.264763
v 0.746435 2.963379 -0.329376
v 0.732168 2.906833 -0.320746
v 0.757943 2.777879 -0.240534
v 0.737617 2.817528 -0.277312
v 0.592051 2.868508 -0.276126
v 0.653587 2.878847 -0.299462
v 0.599558 2.877593 -0.335477
v 0.586751 2.911137 -0.277979
v 0.604839 2.822047 -0.289419
v 0.637301 2.920336 -0.297371
v 0.655454 2.829795 -0.308362
v 0.598378 2.966300 -0.299647
v 0.598588 2.919494 -0.326743
v 0.636493 2.780591 -0.324046
v 0.616760 2.829942 -0.338088
v 1.192323 1.972294 -0.261760
v 1.202649 1.966003 -0.320252
v 1.153735 1.988728 -0.298649
v 1.204603 2.008927 -0.269279
v 1.170027 1.933140 -0.266572
v 1.212989 2.003590 -0.317235
v 1.178764 1.928929 -0.315179
v 1.213006 2.055152 -0.302606
v 1.175569 2.021194 -0.303978
v 1.141336 1.898164 -0.298330
v 1.140902 1.946034 -0.301417
v 1.178351 2.119220 -0.246084
v 1.194567 2.064669 -0.274766
v 1.158361 2.110501 -0.297282
v 1.205001 2.136607 -0.266590
v 1.144645 2.091586 -0.236762
v 1.218002 2.091405 -0.289801
v 1.158087 2.046611 -0.260384
v 1.235373 2.141697 -0.309943
v 1.190686 2.125381 -0.309573
v 1.110562 2.048197 -0.249553
v 1.130555 2.079359 -0.279573
v 1.174523 2.206418 -0.263721
v 1.198911 2.164228 -0.315963
v 1.149846 2.223070 -0.324822
v 1.201901 2.241803 -0.279302
v 1.139055 2.166528 -0.264466
v 1.221858 2.207374 -0.322272
v 1.159155 2.132199 -0.307579
v 1.234342 2.278229 -0.325859
v 1.185006 2.250813 -0.332272
v 1.104257 2.119134 -0.295670
v 1.122085 2.174722 -0.317099
v 1.259171 2.046210 -0.337329
v 1.208462 2.028991 -0.309891
v 1.255664 2.055256 -0.282571
v 1.244512 2.082579 -0.338032
v 1.270816 2.006370 -0.321810
v 1.202855 2.069043 -0.315712
v 1.229094 1.992337 -0.299271
v 1.212655 2.124536 -0.319498
v 1.236589 2.087285 -0.292099
v 1.266995 1.964818 -0.284455
v 1.263073 2.011836 -0.276273
v 1.216103 2.372498 -0.433229
v 1.168841 2.346773 -0.405709
v 1.223229 2.327078 -0.385249
v 1.215254 2.401770 -0.406626
v 1.214219 2.326749 -0.450053
v 1.176563 2.381121 -0.384298
v 1.175240 2.305439 -0.427281
v 1.202822 2.421889 -0.357673
v 1.216194 2.364058 -0.366497
v 1.200119 2.263041 -0.445817
v 1.215048 2.287936 -0.409462
v 1.251081 2.234873 -0.400122
v 1.194574 2.248059 -0.393517
v 1.226903 2.202367 -0.354313
v 1.255183 2.265355 -0.375390
v 1.235538 2.194526 -0.417349
v 1.208821 2.276084 -0.369995
v 1.188921 2.205524 -0.411853
v 1.238819 2.298893 -0.334173
v 1.230735 2.241438 -0.338972
v 1.197276 2.151699 -0.420510
v 1.211058 2.170317 -0.380806
v 1.205880 2.536226 -0.328740
v 1.157240 2.499699 -0.346763
v 1.155701 2.561325 -0.311285
v 1.194024 2.570145 -0.356499
v 1.203233 2.501433 -0.294592
v 1.154005 2.540440 -0.371408
v 1.164328 2.469828 -0.309690
v 1.154830 2.607626 -0.390183
v 1.149908 2.585968 -0.344439
v 1.174774 2.462056 -0.261995
v 1.159959 2.516809 -0.283013
v 0.212474 2.776317 -0.160715
v 0.225678 2.760035 -0.152681
v 0.222962 2.768943 -0.131967
v 0.209792 2.785190 -0.139798
v 1.423476 2.407651 -0.078378
v 1.409413 2.409783 -0.075289
v 1.411070 2.405464 -0.060167
v 1.425167 2.402579 -0.063212
v 0.737854 3.170691 -0.086065
v 0.930341 3.163119 -0.081536
v 1.192739 2.952831 -0.055711
v 1.378138 2.638276 -0.036905
v 1.391808 2.647294 -0.040673
v 1.201548 2.968994 -0.062319
v 0.937733 3.173424 -0.085902
v 0.743264 3.186592 -0.090704
v 0.740998 3.181199 -0.106082
v 0.935217 3.170664 -0.101364
v 1.198021 2.962420 -0.076751
v 1.387727 2.647700 -0.056140
v 1.373012 2.640623 -0.052566
v 1.189648 2.949367 -0.070339
v 0.928142 3.159656 -0.096991
v 0.735882 3.165912 -0.101393
v 0.371133 3.025198 -0.119681
v 0.379369 3.008489 -0.110692
v 0.371537 3.015166 -0.092472
v 0.363268 3.031824 -0.101278
v 0.451721 3.090031 -0.117019
v 0.574398 3.150665 -0.110663
v 0.575447 3.136616 -0.103025
v 0.452112 3.075188 -0.110861
v 0.571009 3.142202 -0.087720
v 0.447942 3.081682 -0.098142
v 0.570161 3.156491 -0.095783
v 0.447501 3.096461 -0.104024
v 1.102764 2.982755 -0.153542
v 1.156491 2.968108 -0.117826
v 1.107349 2.943032 -0.105055
v 1.121496 2.939537 -0.164314
v 1.086662 3.022030 -0.126764
v 1.166052 2.926420 -0.134816
v 1.130472 3.011271 -0.097581
v 1.159122 2.873610 -0.155935
v 1.130646 2.906167 -0.122783
v 1.087254 3.048311 -0.077968
v 1.095616 2.990671 -0.085602
v 1.211192 2.789660 -0.027860
v 1.271808 2.789787 -0.060947
v 1.206922 2.804094 -0.092221
v 1.205204 2.844572 -0.029011
v 1.220901 2.730844 -0.044267
v 1.255082 2.844012 -0.056087
v 1.270857 2.730855 -0.071478
v 1.214081 2.912971 -0.054139
v 1.207805 2.855653 -0.082561
v 1.245180 2.677889 -0.086640
v 1.223511 2.741923 -0.097818
v 1.115166 2.889350 -0.039598
v 1.184147 2.885198 -0.058687
v 1.125536 2.903086 -0.102031
v 1.109822 2.944001 -0.040089
v 1.130402 2.829550 -0.055439
v 1.166900 2.940711 -0.055891
v 1.186825 2.826120 -0.071064
v 1.124648 3.010313 -0.060033
v 1.124710 2.953478 -0.090635
v 1.165745 2.773687 -0.092514
v 1.144597 2.839512 -0.105927
v 0.884749 3.093123 -0.020526
v 0.971009 3.057340 -0.027575
v 0.912424 3.042508 -0.080867
v 0.895401 3.131799 -0.052753
v 0.886585 3.033906 0.001696
v 0.965360 3.103727 -0.058607
v 0.958360 3.002449 -0.003876
v 0.935644 3.158695 -0.106465
v 0.925000 3.091006 -0.101021
v 0.919940 2.949842 0.006210
v 0.916568 2.988405 -0.045691
v 1.027510 2.964209 -0.053850
v 1.088759 2.995600 -0.088934
v 1.014275 2.997242 -0.126279
v 1.005260 3.027257 -0.047528
v 1.054868 2.900486 -0.080586
v 1.055287 3.053042 -0.076292
v 1.105484 2.927741 -0.109787
v 0.992226 3.113628 -0.065137
v 1.001379 3.054698 -0.107436
v 1.095889 2.857588 -0.136385
v 1.050025 2.931002 -0.140908
v 0.890063 3.068970 -0.122844
v 0.957653 3.068063 -0.109622
v 0.920920 3.103385 -0.162045
v 0.884054 3.111174 -0.105780
v 0.909876 3.027585 -0.150220
v 0.938939 3.111266 -0.094925
v 0.966039 3.025167 -0.139141
v 0.901636 3.166835 -0.090526
v 0.914669 3.137150 -0.134955
v 0.956599 2.994038 -0.183311
v 0.940666 3.054800 -0.179690
v 0.729091 3.104549 -0.062706
v 0.773357 3.135840 -0.054784
v 0.758872 3.116228 -0.103460
v 0.711281 3.137202 -0.071531
v 0.760050 3.072061 -0.061272
v 0.747584 3.163221 -0.065057
v 0.796560 3.097422 -0.054709
v 0.708584 3.186824 -0.088981
v 0.738795 3.149710 -0.102685
v 0.810718 3.051111 -0.068074
v 0.787795 3.083865 -0.092333
v 0.842783 3.084988 -0.056382
v 0.878007 3.104154 -0.100679
v 0.823537 3.083033 -0.109510
v 0.822916 3.122918 -0.060744
v 0.864379 3.040908 -0.067297
v 0.851665 3.139137 -0.097211
v 0.893725 3.055812 -0.103629
v 0.804012 3.172093 -0.089740
v 0.811252 3.123162 -0.106610
v 0.890818 3.000475 -0.104251
v 0.852519 3.041937 -0.113280
v 0.763373 3.084094 -0.089295
v 0.811340 3.113109 -0.114035
v 0.756355 3.105417 -0.143433
v 0.746649 3.123243 -0.083329
v 0.784681 3.046360 -0.110767
v 0.785956 3.147475 -0.103717
v 0.824229 3.069851 -0.131058
v 0.737744 3.181901 -0.095130
v 0.745794 3.142661 -0.128074
v 0.817187 3.022436 -0.152959
v 0.783885 3.066100 -0.155592
v 0.626297 3.063918 -0.103194
v 0.686780 3.068452 -0.083934
v 0.667746 3.078487 -0.140011
v 0.623326 3.102975 -0.098985
v 0.644254 3.022675 -0.114839
v 0.672961 3.106814 -0.083152
v 0.694064 3.025705 -0.098879
v 0.645056 3.153196 -0.097004
v 0.661581 3.114812 -0.125892
v 0.689688 2.986166 -0.130183
v 0.682681 3.034015 -0.141683
v 0.562981 3.020322 -0.111827
v 0.620828 3.053333 -0.110354
v 0.582677 3.046865 -0.162511
v 0.543763 3.058620 -0.108263
v 0.594377 2.984685 -0.127421
v 0.591096 3.086449 -0.107141
v 0.642155 3.011074 -0.126104
v 0.540702 3.118556 -0.115047
v 0.564711 3.082833 -0.147797
v 0.646724 2.964702 -0.155350
v 0.615535 3.008470 -0.166915
v 1.411608 2.358170 -0.040279
v 1.438995 2.371100 -0.091759
v 1.381313 2.372541 -0.084950
v 1.411787 2.397382 -0.036863
v 1.406699 2.317181 -0.058966
v 1.434233 2.407796 -0.079128
v 1.429241 2.328907 -0.101523
v 1.412152 2.451342 -0.057018
v 1.390918 2.409986 -0.076901
v 1.401931 2.285559 -0.104047
v 1.385568 2.330377 -0.099066
v 1.343212 2.485389 -0.006141
v 1.384710 2.447424 -0.036108
v 1.342309 2.485652 -0.061783
v 1.366561 2.514396 -0.012953
v 1.320186 2.448003 -0.013807
v 1.400406 2.482666 -0.037422
v 1.354458 2.416716 -0.038464
v 1.403786 2.539302 -0.041622
v 1.369386 2.511706 -0.059464
v 1.308379 2.401987 -0.044645
v 1.323518 2.444407 -0.060247
v 1.282648 2.726370 0.026940
v 1.324925 2.649870 0.010865
v 1.263327 2.679897 -0.020169
v 1.302045 2.741928 -0.008065
v 1.258484 2.690413 0.055086
v 1.336858 2.679743 -0.021440
v 1.293133 2.628209 0.041752
v 1.330956 2.731729 -0.064733
v 1.291026 2.698088 -0.046487
v 1.240313 2.624783 0.065330
v 1.247383 2.647569 0.016477
v 1.313955 2.569436 -0.009211
v 1.364848 2.551521 -0.056041
v 1.302639 2.594448 -0.071387
v 1.330293 2.613894 -0.008222
v 1.296398 2.522994 -0.028823
v 1.371966 2.599382 -0.046731
v 1.338202 2.508653 -0.067397
v 1.359236 2.669115 -0.033908
v 1.326418 2.631833 -0.061472
v 1.290371 2.478077 -0.077577
v 1.292651 2.540070 -0.081925
v 1.249686 2.709286 -0.054847
v 1.300845 2.664983 -0.056302
v 1.278580 2.708658 -0.098526
v 1.270592 2.736920 -0.046244
v 1.235962 2.673758 -0.074866
v 1.312661 2.700915 -0.047528
v 1.278094 2.637419 -0.076096
v 1.314623 2.759331 -0.046598
v 1.298194 2.732495 -0.080643
v 1.244286 2.626216 -0.106403
v 1.263670 2.669261 -0.109274
v 0.618985 3.103659 -0.132698
v 0.639425 3.134980 -0.092111
v 0.622650 3.155612 -0.140857
v 0.586206 3.117813 -0.120385
v 0.659230 3.101660 -0.145120
v 0.602953 3.143671 -0.087024
v 0.676102 3.127205 -0.111723
v 0.553903 3.153840 -0.096572
v 0.591098 3.161281 -0.122762
v 0.705503 3.121680 -0.147779
v 0.664046 3.145559 -0.147568
v 1.466103 2.465387 -0.074593
v 1.419255 2.427946 -0.069679
v 1.444874 2.457908 -0.023741
v 1.440387 2.494995 -0.074250
v 1.486304 2.427726 -0.062878
v 1.401748 2.464859 -0.070315
v 1.447721 2.397054 -0.058846
v 1.392065 2.519745 -0.061166
v 1.419129 2.484677 -0.033798
v 1.487305 2.378258 -0.036639
v 1.465047 2.418265 -0.022603
v 1.409683 2.653959 -0.103910
v 1.352633 2.648556 -0.115167
v 1.386969 2.604856 -0.075403
v 1.395916 2.676486 -0.074574
v 1.414623 2.617119 -0.131921
v 1.349146 2.671978 -0.083846
v 1.367504 2.612760 -0.141145
v 1.358252 2.691654 -0.036589
v 1.372500 2.637765 -0.053398
v 1.396253 2.567846 -0.155222
v 1.391248 2.578087 -0.110690
v 0.223913 2.798248 -0.151991
v 0.239273 2.784753 -0.142720
v 0.228071 2.786592 -0.123049
v 0.212697 2.800008 -0.132128
v 0.900888 1.990068 -0.317352
v 0.892155 1.994878 -0.311952
v 0.895789 1.990850 -0.300892
v 0.904380 1.985472 -0.306234
v 0.592732 2.718058 -0.200523
v 0.728054 2.666914 -0.240551
v 0.870332 2.448286 -0.271799
v 0.932225 2.170666 -0.286239
v 0.943128 2.174240 -0.292539
v 0.878817 2.458388 -0.279419
v 0.734683 2.672941 -0.245926
v 0.599205 2.728711 -0.205894
v 0.592814 2.725685 -0.216584
v 0.728711 2.671929 -0.256736
v 0.871477 2.454756 -0.289067
v 0.936789 2.175946 -0.303135
v 0.925555 2.174065 -0.296826
v 0.863981 2.446864 -0.281827
v 0.722144 2.665306 -0.251397
v 0.586704 2.715416 -0.211268
v 0.291835 2.697573 -0.135889
v 0.295817 2.682976 -0.130347
v 0.296023 2.689255 -0.115305
v 0.292048 2.703816 -0.120702
v 0.364549 2.726588 -0.155037
v 0.466877 2.742455 -0.180817
v 0.466090 2.731567 -0.174762
v 0.362771 2.715308 -0.149900
v 0.467771 2.736319 -0.162612
v 0.364260 2.720744 -0.139774
v 0.468658 2.747350 -0.169039
v 0.366050 2.731981 -0.144692
v 0.851659 2.322086 -0.248174
v 0.886938 2.308832 -0.286560
v 0.837240 2.335644 -0.295706
v 0.859987 2.364268 -0.250059
v 0.841019 2.276632 -0.260024
v 0.888896 2.352865 -0.281506
v 0.870085 2.265638 -0.291614
v 0.876469 2.413637 -0.273744
v 0.852122 2.373409 -0.290965
v 0.836086 2.232835 -0.294754
v 0.833160 2.285769 -0.300933
v 0.804376 2.419025 -0.239429
v 0.847781 2.400223 -0.269118
v 0.800583 2.428557 -0.288823
v 0.813250 2.460843 -0.240958
v 0.797542 2.371522 -0.252071
v 0.849197 2.445393 -0.265536
v 0.833035 2.356118 -0.276361
v 0.834638 2.507112 -0.262047
v 0.814385 2.465809 -0.282351
v 0.800967 2.322805 -0.285247
v 0.798314 2.377010 -0.293284
v 0.693484 2.623993 -0.181766
v 0.744479 2.577304 -0.205048
v 0.687375 2.581644 -0.230735
v 0.702650 2.651095 -0.209841
v 0.686052 2.578993 -0.163077
v 0.744198 2.613938 -0.228866
v 0.728158 2.538888 -0.182157
v 0.725047 2.663095 -0.260107
v 0.702964 2.615233 -0.250694
v 0.691031 2.508634 -0.163639
v 0.685741 2.539522 -0.203157
v 0.756632 2.495641 -0.233376
v 0.799203 2.505488 -0.274752
v 0.738369 2.525342 -0.285682
v 0.757082 2.547481 -0.226362
v 0.754950 2.442681 -0.256704
v 0.791861 2.555634 -0.260245
v 0.790389 2.451798 -0.291110
v 0.764000 2.615135 -0.240258
v 0.746997 2.570469 -0.271236
v 0.761118 2.402779 -0.305662
v 0.744809 2.468188 -0.301802
v 0.668116 2.607751 -0.258031
v 0.718711 2.590759 -0.263511
v 0.688965 2.627126 -0.295698
v 0.677642 2.639988 -0.245810
v 0.666171 2.573159 -0.281095
v 0.718948 2.626802 -0.250208
v 0.707845 2.557803 -0.285506
v 0.706569 2.676698 -0.240879
v 0.698651 2.652874 -0.275597
v 0.683765 2.538200 -0.314863
v 0.687525 2.586931 -0.311195
v 0.653693 2.628881 -0.198550
v 0.672899 2.636061 -0.240336
v 0.627439 2.633491 -0.233612
v 0.647509 2.661831 -0.198933
v 0.656157 2.591400 -0.209657
v 0.663247 2.668127 -0.233295
v 0.672041 2.596575 -0.243998
v 0.638977 2.703600 -0.218347
v 0.628794 2.666075 -0.230410
v 0.656919 2.556226 -0.241392
v 0.637461 2.596276 -0.241212
v 0.589803 2.647889 -0.204954
v 0.624804 2.658809 -0.235516
v 0.577397 2.666912 -0.244558
v 0.588495 2.680706 -0.198421
v 0.591122 2.615484 -0.224124
v 0.617257 2.689996 -0.223570
v 0.619904 2.624165 -0.249224
v 0.593192 2.726660 -0.207729
v 0.582155 2.696593 -0.232354
v 0.598826 2.591278 -0.261852
v 0.584882 2.631600 -0.258145
v 0.485014 2.665646 -0.183275
v 0.533243 2.654195 -0.182886
v 0.509263 2.667733 -0.220712
v 0.493002 2.695202 -0.181169
v 0.485401 2.631148 -0.194222
v 0.532615 2.685891 -0.180834
v 0.524978 2.621192 -0.193797
v 0.520545 2.727278 -0.186818
v 0.516630 2.695732 -0.210389
v 0.505465 2.593788 -0.214368
v 0.509049 2.631267 -0.223413
v 0.542531 2.664143 -0.138687
v 0.586178 2.648877 -0.173564
v 0.533314 2.648510 -0.187176
v 0.542115 2.696274 -0.153793
v 0.544157 2.621928 -0.135352
v 0.578071 2.684298 -0.182573
v 0.580042 2.609239 -0.164013
v 0.550991 2.727223 -0.191927
v 0.539225 2.682956 -0.195219
v 0.555090 2.571293 -0.154261
v 0.541098 2.607779 -0.176585
v 0.428099 2.648484 -0.173416
v 0.477033 2.659289 -0.186898
v 0.436586 2.664982 -0.216747
v 0.424278 2.681327 -0.168066
v 0.438387 2.615088 -0.190597
v 0.464490 2.690777 -0.179195
v 0.478622 2.623359 -0.201620
v 0.434556 2.726706 -0.175026
v 0.435665 2.695481 -0.203286
v 0.464309 2.588718 -0.222394
v 0.449833 2.628875 -0.225816
v 0.878893 2.064600 -0.248768
v 0.892479 2.027507 -0.278834
v 0.865545 2.066602 -0.289964
v 0.900607 2.080809 -0.260402
v 0.852127 2.042515 -0.247613
v 0.911503 2.049987 -0.284910
v 0.863384 2.011928 -0.272378
v 0.926155 2.091327 -0.291267
v 0.891300 2.079478 -0.295524
v 0.825956 2.012045 -0.265866
v 0.842983 2.040391 -0.282758
v 0.899960 2.256712 -0.220889
v 0.908285 2.190449 -0.239122
v 0.864638 2.228141 -0.249520
v 0.909269 2.264682 -0.252011
v 0.880943 2.234930 -0.192899
v 0.916282 2.210721 -0.267163
v 0.887845 2.180994 -0.207982
v 0.914315 2.251919 -0.300287
v 0.882423 2.235857 -0.276180
v 0.855123 2.190234 -0.178295
v 0.854229 2.206870 -0.217232
v 0.877139 2.133940 -0.248063
v 0.898178 2.109988 -0.293679
v 0.860711 2.156944 -0.292830
v 0.899297 2.163040 -0.252974
v 0.849381 2.104189 -0.256642
v 0.916523 2.143548 -0.290453
v 0.866726 2.084795 -0.294207
v 0.926755 2.197917 -0.281058
v 0.888526 2.178787 -0.292484
v 0.823440 2.073684 -0.289584
v 0.838533 2.119260 -0.296033
v 0.871008 1.983913 -0.330472
v 0.866829 2.030635 -0.352447
v 0.844311 2.015776 -0.314104
v 0.889340 2.000324 -0.313381
v 0.843143 1.977585 -0.348098
v 0.886011 2.038749 -0.331518
v 0.839611 2.016095 -0.366114
v 0.903719 2.040243 -0.295484
v 0.868153 2.029870 -0.302796
v 0.807165 1.993967 -0.367232
v 0.821760 2.007206 -0.337395
v 0.931410 2.131340 -0.255411
v 0.922776 2.103455 -0.287377
v 0.958371 2.115443 -0.274992
v 0.934656 2.105488 -0.244704
v 0.933024 2.155285 -0.274921
v 0.927671 2.082583 -0.271060
v 0.926046 2.132721 -0.301318
v 0.942334 2.064842 -0.245292
v 0.954953 2.090067 -0.263148
v 0.939466 2.168870 -0.308720
v 0.953512 2.141305 -0.293637
v 0.917763 2.287489 -0.348031
v 0.879667 2.264081 -0.333290
v 0.920968 2.244968 -0.318685
v 0.916088 2.305452 -0.323044
v 0.916799 2.255421 -0.368394
v 0.884912 2.286635 -0.311062
v 0.885377 2.236032 -0.356195
v 0.904378 2.312962 -0.283044
v 0.914866 2.270170 -0.298665
v 0.905319 2.206414 -0.376193
v 0.915464 2.219227 -0.343848
v 0.942805 2.176779 -0.343929
v 0.898636 2.186548 -0.339107
v 0.921826 2.144892 -0.315427
v 0.945068 2.195898 -0.319960
v 0.931263 2.149086 -0.364284
v 0.908830 2.203850 -0.316037
v 0.894824 2.157229 -0.360251
v 0.930708 2.214946 -0.283809
v 0.924335 2.172089 -0.297204
v 0.901424 2.117531 -0.375298
v 0.910498 2.125034 -0.341482
v 0.906079 2.395271 -0.242194
v 0.868852 2.371088 -0.263911
v 0.866418 2.412251 -0.226907
v 0.898250 2.425801 -0.258244
v 0.902344 2.363239 -0.222034
v 0.867626 2.406183 -0.276116
v 0.872585 2.342188 -0.240315
v 0.869437 2.460401 -0.279358
v 0.863493 2.436512 -0.248325
v 0.878579 2.328337 -0.204882
v 0.868260 2.373675 -0.212519
v 0.127359 2.564851 -0.116603
v 0.137191 2.550952 -0.112609
v 0.134218 2.554395 -0.095512
v 0.124402 2.568234 -0.099357
v 1.357219 1.838776 0.874403
v 1.346544 1.842613 0.871913
v 1.342301 1.840780 0.883654
v 1.352862 1.836357 0.886226
v 0.995001 2.520934 0.603354
v 1.130086 2.490639 0.670236
v 1.275077 2.295869 0.786243
v 1.349932 2.029051 0.877396
v 1.362379 2.033870 0.878674
v 1.286111 2.306555 0.783487
v 1.138440 2.497204 0.668951
v 1.002946 2.532082 0.600924
v 1.005230 2.526400 0.589312
v 1.141006 2.493595 0.657057
v 1.287003 2.300225 0.772209
v 1.364350 2.032929 0.866094
v 1.351536 2.029735 0.864230
v 1.276855 2.291883 0.774802
v 1.132761 2.486443 0.658488
v 0.997581 2.515697 0.591842
v 0.719019 2.451214 0.466271
v 0.719350 2.438171 0.476379
v 0.709166 2.446489 0.486669
v 0.708746 2.459517 0.476686
v 0.786569 2.491583 0.491230
v 0.882392 2.523659 0.532908
v 0.878440 2.513462 0.539535
v 0.782476 2.480683 0.496609
v 0.871414 2.520154 0.548884
v 0.776598 2.487748 0.504122
v 0.875681 2.530462 0.542001
v 0.780558 2.498637 0.498929
v 1.246143 2.319533 0.684162
v 1.271033 2.305292 0.728481
v 1.227741 2.293597 0.722937
v 1.255769 2.282204 0.684785
v 1.232755 2.355296 0.696220
v 1.276288 2.269624 0.721503
v 1.253228 2.344614 0.732339
v 1.269192 2.226954 0.706704
v 1.243853 2.259823 0.719678
v 1.222301 2.381320 0.730416
v 1.221146 2.334465 0.730674
v 1.252645 2.169611 0.821136
v 1.306363 2.158044 0.817032
v 1.272046 2.173978 0.772288
v 1.257789 2.213021 0.815429
v 1.254995 2.120652 0.815535
v 1.301835 2.203003 0.812196
v 1.299234 2.111053 0.812199
v 1.283276 2.262243 0.796499
v 1.278181 2.215134 0.776857
v 1.276838 2.071376 0.795574
v 1.275395 2.122763 0.776964
v 1.204053 2.258330 0.775820
v 1.258686 2.243963 0.784842
v 1.233215 2.260480 0.733214
v 1.209409 2.301530 0.770818
v 1.210020 2.207955 0.772497
v 1.254640 2.289754 0.778270
v 1.254703 2.196176 0.779870
v 1.237191 2.348955 0.757711
v 1.237393 2.301150 0.738544
v 1.237648 2.155592 0.760166
v 1.237569 2.208050 0.740011
v 1.066870 2.449068 0.703223
v 1.124888 2.409217 0.728324
v 1.097135 2.399099 0.671221
v 1.090933 2.474091 0.681299
v 1.051473 2.405274 0.723076
v 1.138186 2.442495 0.701507
v 1.099379 2.370839 0.744265
v 1.140926 2.483630 0.654130
v 1.120430 2.432917 0.658166
v 1.060050 2.336005 0.741749
v 1.080193 2.360485 0.700957
v 1.158134 2.326337 0.732744
v 1.218092 2.338806 0.725745
v 1.176708 2.345418 0.674117
v 1.150653 2.379051 0.726688
v 1.175525 2.270080 0.725705
v 1.199684 2.389337 0.720886
v 1.225356 2.281383 0.719701
v 1.161084 2.445975 0.705067
v 1.171092 2.394011 0.680510
v 1.215198 2.224918 0.700971
v 1.195913 2.287511 0.678749
v 1.098595 2.417760 0.632033
v 1.142690 2.409829 0.663862
v 1.138587 2.436043 0.611909
v 1.095944 2.453376 0.640204
v 1.114476 2.379802 0.620871
v 1.131851 2.447596 0.666091
v 1.150813 2.371927 0.647475
v 1.112962 2.496212 0.654095
v 1.131242 2.466277 0.627719
v 1.152692 2.343807 0.613985
v 1.150196 2.393611 0.608165
v 0.970521 2.473250 0.620920
v 1.004896 2.492804 0.639543
v 1.006472 2.473787 0.600520
v 0.965921 2.499968 0.606944
v 0.986861 2.444104 0.633843
v 0.994179 2.516281 0.622181
v 1.015131 2.459887 0.649248
v 0.977629 2.536951 0.590776
v 0.997393 2.502553 0.592718
v 1.021783 2.420443 0.646653
v 1.018354 2.446121 0.619798
v 1.046677 2.444026 0.663868
v 1.088866 2.449281 0.642290
v 1.049151 2.438863 0.619119
v 1.040086 2.475636 0.652175
v 1.058256 2.405640 0.665374
v 1.074712 2.480338 0.634306
v 1.093050 2.409255 0.647868
v 1.043723 2.513036 0.622335
v 1.046084 2.472042 0.615065
v 1.082023 2.366461 0.649391
v 1.064279 2.402669 0.628074
v 0.918262 2.465799 0.631232
v 0.976300 2.454308 0.635611
v 0.944144 2.441933 0.591571
v 0.925963 2.495730 0.612058
v 0.919917 2.424469 0.644397
v 0.973770 2.486856 0.615493
v 0.967633 2.414885 0.648039
v 0.956223 2.523184 0.581333
v 0.951957 2.476339 0.581337
v 0.944068 2.373552 0.648264
v 0.945702 2.404243 0.613906
v 0.853056 2.423486 0.535212
v 0.899446 2.441878 0.553526
v 0.887342 2.435759 0.503512
v 0.844517 2.456214 0.529461
v 0.874501 2.389867 0.536095
v 0.882636 2.471889 0.544342
v 0.912640 2.404385 0.551340
v 0.854342 2.502507 0.520364
v 0.875837 2.467797 0.506383
v 0.917372 2.364303 0.534081
v 0.905888 2.401094 0.513137
v 1.337351 1.946495 0.820184
v 1.353596 1.915375 0.849860
v 1.317411 1.934151 0.852840
v 1.326178 1.921157 0.813749
v 1.346805 1.968586 0.838173
v 1.339599 1.896210 0.837957
v 1.360054 1.943027 0.862548
v 1.312716 1.881092 0.821263
v 1.312171 1.908567 0.842166
v 1.355068 1.979210 0.872521
v 1.332760 1.955947 0.866600
v 1.328671 1.806171 0.900758
v 1.366461 1.806754 0.871726
v 1.323297 1.816130 0.857650
v 1.334211 1.837082 0.901219
v 1.324216 1.772727 0.887761
v 1.365175 1.837409 0.877382
v 1.355557 1.774029 0.863675
v 1.349671 1.876735 0.883866
v 1.333846 1.844980 0.864661
v 1.329641 1.743513 0.855171
v 1.323780 1.781112 0.851040
v 1.276236 2.117392 0.887692
v 1.298868 2.050484 0.893960
v 1.269426 2.078263 0.849638
v 1.303604 2.122959 0.867847
v 1.244226 2.095764 0.902075
v 1.322417 2.068476 0.872866
v 1.262907 2.041293 0.907071
v 1.340282 2.104732 0.836777
v 1.300460 2.085806 0.838681
v 1.217188 2.048185 0.907012
v 1.241247 2.059378 0.872694
v 1.283994 1.986941 0.880053
v 1.332060 1.960995 0.863743
v 1.299418 2.000710 0.829917
v 1.302721 2.019566 0.883782
v 1.269876 1.950780 0.862521
v 1.342156 1.998424 0.870301
v 1.309453 1.929747 0.849027
v 1.340565 2.055863 0.871732
v 1.319518 2.027893 0.842938
v 1.273349 1.910951 0.827557
v 1.286575 1.958436 0.821872
v 1.343002 1.825124 0.846678
v 1.351423 1.867957 0.816515
v 1.309405 1.853945 0.835074
v 1.344962 1.847309 0.867788
v 1.333350 1.811083 0.816806
v 1.352013 1.882547 0.843000
v 1.340158 1.846383 0.791963
v 1.341862 1.892280 0.881677
v 1.319629 1.874107 0.855762
v 1.316978 1.817921 0.775466
v 1.307782 1.837933 0.804730
v 0.913408 2.478733 0.534051
v 0.920550 2.505165 0.568543
v 0.927156 2.517780 0.526588
v 0.888448 2.495422 0.531471
v 0.945752 2.470533 0.538360
v 0.894299 2.517243 0.559798
v 0.951630 2.492098 0.566771
v 0.863855 2.530410 0.536231
v 0.899870 2.528368 0.529053
v 0.983002 2.479827 0.550564
v 0.957213 2.503816 0.535843
v 1.331305 1.993817 0.909522
v 1.347456 1.960065 0.885730
v 1.366253 1.980535 0.915204
v 1.328335 1.970103 0.925688
v 1.344007 2.015387 0.890102
v 1.341751 1.942385 0.906137
v 1.357434 1.988006 0.870448
v 1.337207 1.930976 0.939328
v 1.357310 1.956163 0.927896
v 1.370569 2.025641 0.865101
v 1.373222 2.002885 0.891897
v 1.396080 1.878661 0.888088
v 1.354838 1.856132 0.878253
v 1.363793 1.881453 0.918397
v 1.382461 1.905089 0.878327
v 1.400662 1.848066 0.905210
v 1.348605 1.887075 0.870090
v 1.366728 1.829638 0.897090
v 1.347888 1.932131 0.870643
v 1.352928 1.904474 0.901234
v 1.385024 1.812437 0.927187
v 1.371327 1.848097 0.927944
v 1.372391 2.134459 0.794151
v 1.334388 2.105758 0.786559
v 1.358074 2.096616 0.828418
v 1.353438 2.155398 0.808256
v 1.387094 2.099570 0.785121
v 1.322371 2.132237 0.801904
v 1.355726 2.075821 0.778909
v 1.317370 2.165994 0.829903
v 1.338515 2.123253 0.834242
v 1.386325 2.047449 0.782911
v 1.372028 2.066516 0.811370
v 0.586257 2.289787 0.406510
v 0.592128 2.278358 0.418991
v 0.578280 2.283510 0.429483
v 0.572326 2.294902 0.417141
v 1.464751 1.977973 0.213282
v 1.454036 1.976583 0.217543
v 1.458177 1.973241 0.228984
v 1.469075 1.974058 0.224710
v 0.787396 2.421181 0.334798
v 0.935848 2.455684 0.314543
v 1.181488 2.348393 0.290778
v 1.388875 2.144876 0.264793
v 1.396933 2.154777 0.260693
v 1.184022 2.362840 0.285450
v 0.938793 2.465272 0.310810
v 0.787660 2.434664 0.331416
v 0.784999 2.430413 0.319283
v 0.935395 2.462996 0.298794
v 1.180767 2.357393 0.274146
v 1.391701 2.154609 0.249047
v 1.382428 2.145986 0.253235
v 1.177906 2.345435 0.279448
v 0.932835 2.452934 0.302454
v 0.784839 2.417463 0.322705
v 0.533783 2.233015 0.344453
v 0.544633 2.221671 0.349552
v 0.539733 2.224719 0.365221
v 0.528894 2.236012 0.360266
v 0.582207 2.299762 0.340523
v 0.663966 2.372031 0.334142
v 0.668631 2.361257 0.339206
v 0.586338 2.288274 0.344456
v 0.666149 2.364249 0.352106
v 0.583531 2.292085 0.355343
v 0.661531 2.375261 0.346697
v 0.579412 2.303506 0.351628
v 1.094059 2.354895 0.226501
v 1.142605 2.354044 0.247215
v 1.112042 2.324115 0.261772
v 1.115661 2.325841 0.213245
v 1.077377 2.381077 0.251797
v 1.156102 2.324392 0.230272
v 1.116729 2.381293 0.268803
v 1.158778 2.282820 0.211439
v 1.134901 2.301079 0.242860
v 1.078942 2.400234 0.291628
v 1.096010 2.357829 0.281262
v 1.137567 2.282863 0.309187
v 1.188318 2.294626 0.285555
v 1.134390 2.297129 0.259623
v 1.122325 2.323799 0.312623
v 1.159213 2.240441 0.291407
v 1.164288 2.333644 0.293071
v 1.200730 2.250036 0.272067
v 1.117468 2.378418 0.298986
v 1.125023 2.335448 0.271612
v 1.192531 2.205789 0.254713
v 1.161292 2.252317 0.250554
v 0.923505 2.390768 0.364000
v 0.995418 2.381531 0.345903
v 0.946847 2.359109 0.310244
v 0.919470 2.423547 0.339605
v 0.939886 2.345052 0.377817
v 0.977582 2.416789 0.324876
v 1.000104 2.336066 0.362892
v 0.937478 2.454002 0.294036
v 0.943875 2.399554 0.295681
v 0.982934 2.287274 0.372436
v 0.965657 2.317497 0.334265
v 1.053827 2.322389 0.312970
v 1.089355 2.360262 0.279760
v 1.027460 2.346786 0.259531
v 1.024929 2.366068 0.324304
v 1.084042 2.279761 0.284921
v 1.053903 2.397116 0.297102
v 1.113107 2.312074 0.257389
v 0.995124 2.430210 0.317052
v 1.008466 2.387823 0.279252
v 1.116560 2.256732 0.233564
v 1.066169 2.303689 0.239839
v 0.918911 2.375793 0.281482
v 0.972222 2.388973 0.283619
v 0.930177 2.409707 0.248901
v 0.908019 2.406585 0.298082
v 0.938764 2.348781 0.255142
v 0.951157 2.417922 0.299958
v 0.983413 2.358450 0.256895
v 0.912083 2.452731 0.311174
v 0.922145 2.433713 0.272926
v 0.976720 2.333592 0.221495
v 0.952731 2.376905 0.229805
v 0.797279 2.367883 0.350394
v 0.825611 2.401065 0.353065
v 0.812145 2.384117 0.315403
v 0.775932 2.389478 0.347512
v 0.827608 2.349356 0.345877
v 0.799092 2.416966 0.349705
v 0.851071 2.376379 0.348076
v 0.761480 2.427515 0.336996
v 0.790177 2.405641 0.320394
v 0.869483 2.344049 0.333157
v 0.842185 2.365024 0.318763
v 0.823977 2.359995 0.324132
v 0.851262 2.392998 0.300533
v 0.807139 2.376244 0.283643
v 0.804093 2.386457 0.333128
v 0.845006 2.335963 0.302466
v 0.826343 2.413854 0.313726
v 0.867603 2.362838 0.283068
v 0.783832 2.430003 0.328333
v 0.793570 2.402306 0.299168
v 0.868993 2.325412 0.263947
v 0.834451 2.352074 0.268455
v 0.767375 2.337999 0.383644
v 0.816946 2.353781 0.355125
v 0.773299 2.327588 0.331981
v 0.750963 2.367887 0.370987
v 0.791641 2.302008 0.383864
v 0.791474 2.381411 0.347494
v 0.832471 2.314862 0.360420
v 0.745646 2.405466 0.336739
v 0.760276 2.361674 0.327742
v 0.830915 2.267362 0.362698
v 0.801246 2.294960 0.340716
v 0.681642 2.269378 0.327047
v 0.719094 2.306894 0.323096
v 0.684505 2.295172 0.286334
v 0.659718 2.294720 0.334407
v 0.710690 2.248936 0.308901
v 0.690185 2.326047 0.331156
v 0.741814 2.279244 0.305665
v 0.644303 2.340354 0.332922
v 0.665482 2.318712 0.302176
v 0.750846 2.245239 0.279418
v 0.716707 2.272642 0.276651
v 1.397494 2.019162 0.284355
v 1.432792 1.999400 0.253543
v 1.389388 2.020529 0.240719
v 1.408441 2.046551 0.277846
v 1.386580 1.985747 0.278953
v 1.437381 2.029845 0.252649
v 1.415730 1.969476 0.253582
v 1.427875 2.074231 0.252223
v 1.404977 2.046206 0.240766
v 1.382881 1.948614 0.253462
v 1.383696 1.984810 0.241815
v 1.306828 2.191037 0.331717
v 1.352393 2.141454 0.309499
v 1.295357 2.152370 0.294315
v 1.313774 2.207934 0.302734
v 1.299500 2.157610 0.354700
v 1.351112 2.167730 0.284376
v 1.336723 2.117357 0.336395
v 1.330321 2.207541 0.254062
v 1.309227 2.172825 0.271309
v 1.300391 2.103050 0.361155
v 1.294663 2.123255 0.323197
v 1.274419 2.172959 0.270404
v 1.322124 2.149657 0.260476
v 1.290728 2.179609 0.232507
v 1.285829 2.198402 0.276236
v 1.268563 2.143229 0.254264
v 1.324960 2.179571 0.268027
v 1.307816 2.124152 0.246071
v 1.314693 2.224904 0.271910
v 1.303157 2.201634 0.245573
v 1.280384 2.109168 0.225691
v 1.285984 2.146428 0.223577
v 1.443937 1.958941 0.194262
v 1.417010 2.000503 0.175211
v 1.401756 1.969476 0.208541
v 1.448780 1.980005 0.216046
v 1.425433 1.941569 0.171058
v 1.426734 2.014253 0.200332
v 1.403153 1.975763 0.155437
v 1.437210 2.019055 0.239841
v 1.413220 1.992422 0.225304
v 1.387638 1.939664 0.146732
v 1.389651 1.953927 0.180406
v 0.704500 2.345770 0.308668
v 0.719040 2.373173 0.339924
v 0.695640 2.386710 0.304822
v 0.678336 2.349473 0.323155
v 0.733853 2.352990 0.293895
v 0.690223 2.372074 0.348859
v 0.745904 2.375375 0.319594
v 0.649608 2.369825 0.347897
v 0.672899 2.384001 0.323214
v 0.764602 2.378178 0.287345
v 0.728261 2.387835 0.293932
v 1.406498 2.105572 0.292454
v 1.417886 2.082229 0.256515
v 1.440466 2.109437 0.276287
v 1.422355 2.083309 0.301702
v 1.396806 2.130219 0.275067
v 1.431811 2.064209 0.272101
v 1.406085 2.111422 0.245455
v 1.451368 2.052528 0.299185
v 1.450226 2.083855 0.285528
v 1.398492 2.150861 0.243337
v 1.424077 2.132149 0.258772
v 1.485911 2.031257 0.214433
v 1.458567 1.992489 0.221814
v 1.478028 2.019805 0.256571
v 1.460388 2.048626 0.219544
v 1.510476 2.006240 0.219007
v 1.437667 2.017227 0.225583
v 1.487921 1.974438 0.225084
v 1.420356 2.057197 0.237140
v 1.451683 2.035237 0.253342
v 1.524772 1.967753 0.236650
v 1.501575 1.993516 0.252715
v 1.318844 2.247782 0.209558
v 1.297483 2.204983 0.215687
v 1.341831 2.208110 0.236188
v 1.304831 2.258252 0.235838
v 1.337858 2.223020 0.186314
v 1.287173 2.223532 0.240799
v 1.320279 2.187642 0.191403
v 1.286353 2.251940 0.274574
v 1.320575 2.223265 0.257271
v 1.355826 2.176041 0.172453
v 1.353988 2.187162 0.207820
v 1.400793 2.165200 0.209174
v 1.357037 2.149332 0.206936
v 1.397288 2.121956 0.231503
v 1.389631 2.178925 0.235226
v 1.408332 2.138576 0.184405
v 1.353770 2.165857 0.233352
v 1.372181 2.125548 0.182621
v 1.362946 2.181758 0.270555
v 1.382511 2.143699 0.252477
v 1.401305 2.097375 0.165451
v 1.401313 2.103118 0.201677
v 1.238116 2.316952 0.322622
v 1.221852 2.279916 0.292187
v 1.193128 2.307971 0.332294
v 1.216332 2.341677 0.307563
v 1.250371 2.284116 0.339627
v 1.202803 2.311447 0.282542
v 1.238416 2.253181 0.314233
v 1.174867 2.359574 0.284001
v 1.179576 2.330788 0.312205
v 1.247360 2.238656 0.349803
v 1.214387 2.273416 0.343960
v 0.463758 2.028262 0.323748
v 0.479405 2.020881 0.328391
v 0.473120 2.019463 0.345329
v 0.457504 2.026777 0.340834
v 1.282737 1.702183 0.775378
v 1.271652 1.700689 0.772250
v 1.268188 1.696503 0.783637
v 1.279443 1.697423 0.786829
v 0.656186 2.147577 0.494189
v 0.786073 2.180839 0.569436
v 0.999640 2.071236 0.691054
v 1.186597 1.866452 0.781690
v 1.195228 1.876471 0.783904
v 1.004468 2.085968 0.689267
v 0.790405 2.190608 0.568851
v 0.658058 2.161253 0.492527
v 0.663329 2.157887 0.480984
v 0.794962 2.189216 0.557087
v 1.008800 2.081362 0.677951
v 1.198039 1.877187 0.771470
v 1.188349 1.868458 0.768679
v 1.003658 2.069120 0.679682
v 0.790995 2.178973 0.557814
v 0.661502 2.144738 0.482775
v 0.452804 1.963557 0.337375
v 0.458727 1.951707 0.347218
v 0.445324 1.953761 0.356961
v 0.439323 1.965551 0.347235
v 0.492046 2.029579 0.367652
v 0.559255 2.100705 0.416354
v 0.560241 2.089532 0.422493
v 0.493302 2.017780 0.372523
v 0.550432 2.091679 0.431477
v 0.484420 2.020885 0.379761
v 0.549685 2.103111 0.425107
v 0.483043 2.032603 0.375067
v 0.968147 2.083607 0.587745
v 0.994546 2.080513 0.633352
v 0.962197 2.050187 0.624658
v 0.994167 2.055161 0.588269
v 0.938913 2.108282 0.599585
v 1.016317 2.051861 0.626031
v 0.960159 2.106663 0.636785
v 1.030897 2.011632 0.609933
v 0.992452 2.028108 0.621819
v 0.915734 2.124643 0.633511
v 0.936761 2.082761 0.632750
v 1.037563 1.947633 0.721809
v 1.090531 1.962803 0.721117
v 1.055052 1.962994 0.674483
v 1.021945 1.988614 0.717336
v 1.062962 1.905827 0.715399
v 1.065621 2.000577 0.716890
v 1.106615 1.918254 0.714872
v 1.022176 2.044910 0.701165
v 1.040852 2.001944 0.680282
v 1.106402 1.873587 0.695976
v 1.081876 1.919158 0.678346
v 0.748301 2.112917 0.597229
v 0.816903 2.103709 0.625393
v 0.800090 2.084609 0.566351
v 0.758819 2.147350 0.577490
v 0.754356 2.066092 0.615112
v 0.814298 2.140621 0.600211
v 0.811698 2.057116 0.638798
v 0.799730 2.180534 0.553963
v 0.805346 2.126000 0.555584
v 0.793580 2.008088 0.632929
v 0.801850 2.041139 0.594093
v 0.884980 2.045964 0.630388
v 0.932275 2.085403 0.627714
v 0.895306 2.074402 0.573547
v 0.853880 2.089255 0.624900
v 0.927136 2.004840 0.623415
v 0.892518 2.121589 0.622635
v 0.966009 2.038457 0.621024
v 0.832650 2.154243 0.605381
v 0.867163 2.114315 0.580520
v 0.984584 1.984821 0.600520
v 0.939249 2.032094 0.578305
v 0.734866 2.100958 0.556505
v 0.770639 2.126430 0.537940
v 0.741726 2.099780 0.511931
v 0.714768 2.126330 0.545029
v 0.763059 2.072450 0.558020
v 0.743953 2.147586 0.529642
v 0.792885 2.092809 0.542985
v 0.701866 2.162501 0.516261
v 0.723608 2.127808 0.508346
v 0.803241 2.049821 0.542898
v 0.771639 2.074500 0.521161
v 0.693507 2.086646 0.503689
v 0.728578 2.120712 0.503407
v 0.703901 2.105907 0.462363
v 0.671488 2.112768 0.500633
v 0.723979 2.063793 0.497492
v 0.700169 2.141042 0.500310
v 0.752949 2.091541 0.497346
v 0.656977 2.156880 0.487469
v 0.683023 2.131076 0.468277
v 0.766561 2.055490 0.480515
v 0.735512 2.082368 0.465093
v 0.610499 2.044205 0.443245
v 0.643281 2.058527 0.479280
v 0.648742 2.066825 0.432395
v 0.598422 2.073214 0.444088
v 0.635884 2.017185 0.442814
v 0.625289 2.085057 0.473676
v 0.662999 2.028433 0.472577
v 0.601389 2.116025 0.452291
v 0.631484 2.092290 0.439100
v 0.680127 1.999723 0.449909
v 0.669147 2.035910 0.437947
v 0.613145 2.061608 0.515699
v 0.669456 2.078450 0.523763
v 0.649171 2.054650 0.477408
v 0.606802 2.092567 0.497694
v 0.633396 2.025276 0.528113
v 0.652916 2.106970 0.504177
v 0.679755 2.039001 0.534782
v 0.622077 2.132483 0.469644
v 0.640372 2.089164 0.468420
v 0.678444 1.991490 0.532582
v 0.667164 2.021029 0.499037
v 0.580455 1.998490 0.414657
v 0.611738 2.035541 0.436433
v 0.606472 2.026950 0.385602
v 0.557817 2.023640 0.409000
v 0.615126 1.978840 0.416314
v 0.583266 2.054591 0.426737
v 0.641119 2.008762 0.434392
v 0.545136 2.069527 0.401519
v 0.581112 2.049675 0.388330
v 0.665024 1.976479 0.416692
v 0.638643 2.004587 0.395762
v 1.217254 1.790572 0.722113
v 1.244720 1.769265 0.752189
v 1.203859 1.768723 0.753090
v 1.219664 1.763306 0.714429
v 1.214277 1.813596 0.741140
v 1.242011 1.746392 0.738985
v 1.236755 1.796053 0.765838
v 1.226289 1.721288 0.720210
v 1.211824 1.744231 0.741575
v 1.214828 1.825137 0.776175
v 1.206427 1.794459 0.768292
v 1.271614 1.658743 0.799082
v 1.306086 1.678403 0.772691
v 1.264359 1.667144 0.755918
v 1.261919 1.688580 0.800537
v 1.284087 1.627800 0.785145
v 1.290238 1.704558 0.778862
v 1.312292 1.644827 0.763265
v 1.257743 1.731659 0.785069
v 1.259718 1.697186 0.764204
v 1.304257 1.606188 0.752416
v 1.281602 1.636810 0.748655
v 1.185189 1.739566 0.794302
v 1.232439 1.721354 0.789662
v 1.204859 1.744048 0.754746
v 1.197096 1.767144 0.797465
v 1.180621 1.706789 0.781275
v 1.235811 1.751705 0.793680
v 1.219596 1.691793 0.777506
v 1.227252 1.796173 0.790511
v 1.216590 1.769392 0.765812
v 1.193979 1.671553 0.756330
v 1.200629 1.708441 0.749884
v 1.079578 1.909330 0.788747
v 1.130696 1.860609 0.795188
v 1.093913 1.873510 0.749542
v 1.102062 1.928047 0.770915
v 1.060841 1.874543 0.800495
v 1.144029 1.888557 0.776101
v 1.102686 1.835002 0.805649
v 1.144512 1.930695 0.742038
v 1.118249 1.895248 0.740863
v 1.059174 1.819662 0.802635
v 1.076823 1.842507 0.770255
v 1.148205 1.798281 0.779034
v 1.203578 1.798725 0.765496
v 1.157830 1.820136 0.730343
v 1.149155 1.835647 0.784675
v 1.153673 1.760638 0.759864
v 1.194521 1.836144 0.773472
v 1.199115 1.761299 0.748659
v 1.166008 1.885991 0.775945
v 1.162084 1.852886 0.745237
v 1.177240 1.728866 0.724423
v 1.166823 1.777229 0.720600
v 1.297503 1.754895 0.792460
v 1.272275 1.716186 0.779406
v 1.266225 1.740728 0.820565
v 1.273557 1.772308 0.782332
v 1.315081 1.729207 0.809235
v 1.252629 1.740963 0.771463
v 1.294273 1.697455 0.798469
v 1.230760 1.780340 0.772870
v 1.246681 1.756792 0.803171
v 1.316974 1.689366 0.829384
v 1.288083 1.714364 0.829928
v 1.160944 1.974072 0.702288
v 1.141362 1.931326 0.691568
v 1.164425 1.932287 0.734742
v 1.133684 1.982962 0.715496
v 1.190772 1.950634 0.693575
v 1.117541 1.948291 0.706593
v 1.174634 1.915297 0.684780
v 1.095837 1.974335 0.734861
v 1.134364 1.946328 0.739762
v 1.214742 1.904411 0.690272
v 1.191742 1.913120 0.718076
v 1.228947 1.890320 0.745839
v 1.195746 1.875392 0.716749
v 1.213929 1.845718 0.758725
v 1.204013 1.902422 0.760788
v 1.250568 1.865325 0.728900
v 1.176827 1.890128 0.736911
v 1.223097 1.853069 0.704923
v 1.161400 1.903291 0.773103
v 1.188932 1.866228 0.767976
v 1.257454 1.825640 0.706902
v 1.235562 1.828895 0.736149
v 1.026659 2.036730 0.748401
v 1.032938 2.002142 0.711976
v 0.985137 2.027880 0.728509
v 1.017605 2.062794 0.724922
v 1.027150 2.002604 0.767183
v 1.022634 2.034580 0.694895
v 1.033680 1.973685 0.737759
v 0.998109 2.082966 0.682403
v 0.985735 2.052244 0.705842
v 1.019880 1.956613 0.770536
v 0.996076 1.992250 0.748333
v 0.414858 1.761924 0.265540
v 0.424782 1.753976 0.278158
v 0.409632 1.751512 0.287791
v 0.399645 1.759382 0.275305
v -0.030832 1.506919 -0.070080
v -0.090460 1.929131 -0.013417
v -0.077070 0.648754 -0.045477
v -0.076898 1.501188 -0.051909
v -0.131515 1.919303 0.004702
v -0.131051 1.916501 0.027055
v -0.077825 1.500283 -0.027226
v -0.081600 0.650310 -0.007498
v -0.087877 0.005450 0.056055
v -0.082767 0.003691 0.015349
v -0.045069 0.004162 -0.014033
v -0.004379 0.006494 -0.009025
v -0.017903 0.011150 0.098689
v -0.058593 0.008818 0.093681
v 0.024905 0.009862 0.028601
v 0.019794 0.011622 0.069307
v -0.003817 0.651633 -0.068236
v -0.041950 0.649350 -0.072902
v -0.055680 1.504185 -0.071261
v -0.113191 1.925006 -0.013569
v -0.070898 1.927428 0.027409
v -0.012088 1.507571 -0.024140
v 0.019295 0.656370 0.004834
v 0.023831 0.654803 -0.033136
v -0.011152 1.508447 -0.048804
v -0.071356 1.930228 0.005061
v -0.111969 1.917589 0.045575
v -0.058139 1.501815 -0.005963
v -0.053943 0.653477 0.027596
v -0.015815 0.655771 0.032250
v -0.033300 1.504578 -0.004803
v -0.089243 1.921719 0.045719
v -0.072444 0.333915 0.015564
v -0.030883 0.324588 -0.051701
v -0.067469 0.329155 -0.023635
v 0.008589 0.323797 -0.046593
v 0.031999 0.331820 0.029093
v -0.044052 0.337181 0.052036
v 0.036979 0.327062 -0.010116
v -0.004585 0.336388 0.057153
v -0.350563 2.794311 0.206069
v -0.265769 2.481583 0.131224
v -0.264881 2.478244 0.146208
v -0.349561 2.791772 0.216771
v -0.331061 2.801945 0.196955
v -0.238554 2.491878 0.118685
v -0.253887 2.487769 0.118824
v -0.342214 2.798911 0.197126
v -0.339588 2.792129 0.225436
v -0.251503 2.478857 0.158390
v -0.236137 2.482897 0.158212
v -0.328477 2.795132 0.225287
v -0.320126 2.799730 0.216342
v -0.224262 2.489054 0.145759
v -0.225185 2.492466 0.130827
v -0.321085 2.802300 0.205618
v -0.223230 1.964292 0.221917
v 0.018822 0.702621 0.004801
v -0.010485 0.707535 -0.048994
v -0.033514 1.621585 0.080065
v 0.023547 1.244178 0.028312
v -0.039092 1.251188 -0.065799
v -0.092859 1.628181 -0.007586
v -0.082591 1.583398 0.054569
v -0.028785 1.204526 0.000488
v 0.010237 0.664159 -0.010163
v -0.015907 0.678836 0.001765
v -0.004177 0.667356 -0.036637
v -0.111362 1.810064 0.114093
v -0.136485 1.769865 0.109936
v -0.138930 1.810784 0.073110
v -0.711645 2.444940 -0.458402
v -0.122479 0.749434 -0.062731
v -0.079686 0.767502 -0.114411
v -0.426770 1.828463 -0.235574
v -0.262163 1.328299 -0.123154
v -0.189188 1.357415 -0.229146
v -0.360336 1.855551 -0.333890
v -0.409708 1.781428 -0.299639
v -0.242683 1.280658 -0.192576
v -0.102519 0.703543 -0.073341
v -0.125662 0.717088 -0.104060
v -0.081617 0.713430 -0.098849
v -0.555264 2.202618 -0.357227
v -0.554558 2.153566 -0.388048
v -0.524053 2.213640 -0.402947
v -0.863158 2.233995 0.902035
v -0.858786 2.236117 0.891486
v -0.869942 2.234794 0.885740
v -0.874443 2.232086 0.896234
v -0.470975 2.833814 0.506537
v -0.559118 2.828174 0.632386
v -0.714947 2.666002 0.780145
v -0.844308 2.421036 0.871585
v -0.846792 2.427585 0.883018
v -0.712623 2.677787 0.790109
v -0.558313 2.835663 0.639988
v -0.468486 2.845668 0.513364
v -0.458001 2.839322 0.518072
v -0.547364 2.831376 0.644767
v -0.702342 2.670645 0.793476
v -0.834794 2.425789 0.886998
v -0.831504 2.420740 0.875099
v -0.704375 2.661278 0.784126
v -0.548392 2.823335 0.637319
v -0.460582 2.827958 0.511465
v -0.304828 2.715430 0.265293
v -0.316244 2.703516 0.265630
v -0.324028 2.711276 0.253061
v -0.312723 2.723175 0.252620
v -0.334494 2.766626 0.322863
v -0.385499 2.814961 0.406590
v -0.392577 2.804964 0.402919
v -0.340401 2.755803 0.319331
v -0.400056 2.811462 0.393788
v -0.346195 2.762659 0.311563
v -0.392759 2.821589 0.397794
v -0.340454 2.773470 0.314937
v -0.607842 2.676246 0.764615
v -0.656512 2.669547 0.783925
v -0.646236 2.651667 0.743720
v -0.613886 2.640767 0.778442
v -0.613918 2.710817 0.745338
v -0.654279 2.634433 0.794434
v -0.653509 2.706294 0.761149
v -0.643375 2.590036 0.794871
v -0.648985 2.620221 0.764078
v -0.643254 2.738169 0.726705
v -0.648459 2.691801 0.731157
v -0.759905 2.541538 0.767939
v -0.764694 2.537000 0.822645
v -0.714094 2.544060 0.793951
v -0.750275 2.584552 0.768649
v -0.760068 2.493039 0.776982
v -0.754390 2.580317 0.813549
v -0.764064 2.489235 0.822036
v -0.729864 2.634853 0.790647
v -0.714961 2.585910 0.794325
v -0.748882 2.445563 0.807389
v -0.724757 2.494397 0.802664
v -0.698786 2.618440 0.716594
v -0.716926 2.612447 0.770516
v -0.660735 2.620655 0.751485
v -0.689904 2.661339 0.717429
v -0.701855 2.569238 0.729004
v -0.704892 2.656493 0.762060
v -0.716689 2.564307 0.773111
v -0.675743 2.710701 0.741000
v -0.662128 2.661829 0.749882
v -0.699328 2.520185 0.764283
v -0.673759 2.570119 0.761006
v -0.587211 2.781599 0.570305
v -0.624432 2.752367 0.628135
v -0.565438 2.733491 0.610905
v -0.566296 2.807560 0.594271
v -0.609359 2.738098 0.557409
v -0.596284 2.784580 0.641304
v -0.640714 2.712493 0.605272
v -0.545561 2.821268 0.646334
v -0.552181 2.768826 0.631700
v -0.636502 2.672588 0.571267
v -0.596528 2.695784 0.594354
v -0.642509 2.675467 0.670013
v -0.642706 2.695229 0.728398
v -0.585354 2.691516 0.694950
v -0.629743 2.725928 0.657278
v -0.644174 2.621667 0.694905
v -0.629816 2.742169 0.705024
v -0.644050 2.639002 0.743345
v -0.602632 2.791424 0.662797
v -0.585550 2.739284 0.682626
v -0.630352 2.580226 0.743039
v -0.598937 2.637385 0.720026
v -0.525046 2.748568 0.616120
v -0.563441 2.749560 0.655429
v -0.508881 2.770190 0.656242
v -0.528825 2.784092 0.607988
v -0.520443 2.712250 0.637969
v -0.559986 2.785565 0.639921
v -0.552597 2.711779 0.670464
v -0.540215 2.829907 0.617402
v -0.520103 2.800458 0.642979
v -0.522977 2.681265 0.680830
v -0.511463 2.729549 0.673298
v -0.546193 2.770353 0.557153
v -0.530328 2.779284 0.601218
v -0.503072 2.761558 0.567077
v -0.530308 2.799600 0.548691
v -0.553495 2.734172 0.572886
v -0.517088 2.807300 0.584834
v -0.540775 2.740856 0.609269
v -0.497376 2.834305 0.552355
v -0.495030 2.793517 0.560708
v -0.545391 2.697278 0.603357
v -0.517965 2.728691 0.584884
v -0.489885 2.765262 0.518314
v -0.491333 2.784597 0.563199
v -0.448806 2.774606 0.538613
v -0.482026 2.796880 0.507587
v -0.489402 2.732621 0.538894
v -0.483084 2.813066 0.544452
v -0.490714 2.748239 0.575821
v -0.463694 2.841382 0.511232
v -0.450036 2.806005 0.527800
v -0.478633 2.707976 0.576934
v -0.457348 2.741990 0.559205
v -0.493618 2.771571 0.433605
v -0.507355 2.768457 0.491236
v -0.460841 2.747938 0.467952
v -0.472568 2.800416 0.440513
v -0.511316 2.732199 0.438167
v -0.483649 2.798418 0.487939
v -0.522666 2.729508 0.485558
v -0.443599 2.828819 0.471618
v -0.448116 2.782019 0.473057
v -0.524080 2.685563 0.467372
v -0.487152 2.712970 0.470572
v -0.394569 2.712366 0.389489
v -0.417116 2.738423 0.429965
v -0.366866 2.726244 0.426515
v -0.384136 2.742990 0.378069
v -0.402128 2.682165 0.414422
v -0.402436 2.764941 0.411287
v -0.420915 2.703010 0.447743
v -0.371515 2.789175 0.383546
v -0.364573 2.756564 0.410944
v -0.408974 2.662541 0.459848
v -0.382733 2.695408 0.447388
v -0.795251 2.332719 0.877949
v -0.830137 2.306878 0.893057
v -0.825923 2.320792 0.854854
v -0.790111 2.305629 0.871022
v -0.811872 2.357414 0.881804
v -0.818545 2.285006 0.883458
v -0.840513 2.336179 0.894122
v -0.799983 2.264956 0.861473
v -0.817475 2.293878 0.854428
v -0.845675 2.372109 0.883355
v -0.839246 2.345611 0.865178
v -0.888630 2.200347 0.873898
v -0.865321 2.203403 0.915354
v -0.844368 2.205563 0.874057
v -0.886490 2.231637 0.875549
v -0.878864 2.165573 0.875541
v -0.867360 2.233988 0.909544
v -0.859435 2.168915 0.909826
v -0.867263 2.271286 0.888619
v -0.849603 2.236085 0.879862
v -0.850748 2.134540 0.889377
v -0.841754 2.170478 0.879750
v -0.834417 2.499193 0.787116
v -0.851076 2.436789 0.816383
v -0.800285 2.456232 0.790983
v -0.818137 2.506589 0.816340
v -0.846424 2.474830 0.756107
v -0.831672 2.455818 0.840562
v -0.859916 2.424051 0.780200
v -0.794719 2.490750 0.859278
v -0.793050 2.466875 0.822200
v -0.852667 2.424679 0.734541
v -0.821064 2.435875 0.762068
v -0.835365 2.216107 0.893990
v -0.802195 2.256789 0.901743
v -0.816070 2.238968 0.859362
v -0.853991 2.240165 0.890005
v -0.806144 2.198257 0.890800
v -0.826747 2.273653 0.896500
v -0.778805 2.231768 0.897058
v -0.862313 2.285374 0.879430
v -0.835666 2.262106 0.863790
v -0.762414 2.199068 0.880275
v -0.787730 2.220213 0.864356
v -0.877142 2.386652 0.852608
v -0.859690 2.353381 0.876157
v -0.889105 2.378773 0.887606
v -0.895220 2.364308 0.850057
v -0.857468 2.407899 0.865461
v -0.880896 2.337005 0.869547
v -0.843008 2.380920 0.884938
v -0.914163 2.328127 0.861359
v -0.902995 2.354662 0.879810
v -0.835488 2.419347 0.894124
v -0.864713 2.399665 0.895340
v -0.877744 2.279828 0.933258
v -0.864717 2.251147 0.897023
v -0.902716 2.280960 0.896597
v -0.863336 2.303189 0.918227
v -0.898577 2.251799 0.938793
v -0.852429 2.280103 0.888450
v -0.887819 2.228306 0.908970
v -0.847954 2.324516 0.882253
v -0.881785 2.300663 0.885814
v -0.921889 2.216515 0.924355
v -0.916812 2.249923 0.906523
v -0.754052 2.520572 0.893753
v -0.744363 2.486440 0.861092
v -0.789886 2.484388 0.878987
v -0.762977 2.539948 0.870483
v -0.751046 2.487314 0.913749
v -0.754880 2.512331 0.843769
v -0.743108 2.459089 0.886789
v -0.778041 2.547490 0.830508
v -0.789954 2.508559 0.855710
v -0.754452 2.435581 0.919592
v -0.778362 2.455033 0.898907
v -0.812304 2.424119 0.922720
v -0.780535 2.418420 0.889111
v -0.826679 2.389471 0.891515
v -0.822990 2.445873 0.902614
v -0.800252 2.391311 0.935271
v -0.796925 2.441133 0.875073
v -0.774050 2.386695 0.907488
v -0.829731 2.463067 0.862276
v -0.831058 2.418380 0.874898
v -0.782502 2.349414 0.929291
v -0.808409 2.363581 0.907534
v -0.777786 2.631297 0.787632
v -0.745291 2.592633 0.784218
v -0.753585 2.635252 0.747672
v -0.751368 2.655893 0.790743
v -0.799118 2.601652 0.774080
v -0.724538 2.624349 0.787901
v -0.773130 2.568999 0.772322
v -0.705272 2.676409 0.783735
v -0.729319 2.654985 0.759056
v -0.805153 2.561866 0.750416
v -0.777381 2.600673 0.743182
v -0.244946 2.532844 0.163644
v -0.259302 2.523484 0.168856
v -0.267114 2.527646 0.153042
v -0.252888 2.536970 0.147732
v -0.212566 2.326254 1.092399
v -0.215402 2.323821 1.081402
v -0.227608 2.322113 1.084106
v -0.224848 2.324003 1.095355
v -0.188367 2.683166 0.356168
v -0.185576 2.735413 0.500741
v -0.208497 2.660538 0.758196
v -0.234349 2.485353 0.990028
v -0.230369 2.495840 0.997372
v -0.202034 2.674656 0.759766
v -0.181271 2.744934 0.503052
v -0.183604 2.696202 0.355328
v -0.171754 2.690554 0.355093
v -0.169218 2.741147 0.501839
v -0.191048 2.667823 0.758966
v -0.218191 2.493919 0.994051
v -0.221947 2.484536 0.985348
v -0.197167 2.656115 0.756780
v -0.173556 2.731203 0.499974
v -0.176513 2.678062 0.355965
v -0.182689 2.464151 0.128530
v -0.190473 2.454880 0.139749
v -0.204868 2.458640 0.132170
v -0.197233 2.467875 0.120945
v -0.178356 2.536192 0.168615
v -0.175703 2.617957 0.241109
v -0.182519 2.608412 0.246200
v -0.184062 2.525769 0.173441
v -0.194536 2.612193 0.241423
v -0.193963 2.530131 0.168558
v -0.187361 2.621948 0.236403
v -0.188481 2.540511 0.163717
v -0.132226 2.649365 0.681544
v -0.159539 2.656942 0.726077
v -0.172825 2.624599 0.697456
v -0.125396 2.622416 0.708257
v -0.151910 2.675230 0.658152
v -0.148004 2.627977 0.745478
v -0.174163 2.682286 0.694109
v -0.134387 2.585618 0.755988
v -0.159949 2.603247 0.725549
v -0.189233 2.697935 0.651266
v -0.186065 2.657461 0.674690
v -0.239048 2.547605 0.821239
v -0.210585 2.563674 0.865600
v -0.187218 2.552799 0.812976
v -0.235297 2.586209 0.800285
v -0.228922 2.506098 0.845907
v -0.212032 2.598953 0.836990
v -0.205515 2.519277 0.882496
v -0.211204 2.637644 0.785975
v -0.192007 2.591686 0.798237
v -0.197307 2.471586 0.879270
v -0.185631 2.511576 0.843867
v -0.227579 2.591612 0.720156
v -0.210189 2.607934 0.772153
v -0.176803 2.600792 0.722946
v -0.224345 2.630259 0.699765
v -0.217762 2.551069 0.749212
v -0.209941 2.643871 0.742745
v -0.203532 2.564394 0.791752
v -0.204280 2.682269 0.690540
v -0.183098 2.638421 0.707316
v -0.190130 2.518063 0.791690
v -0.176560 2.559385 0.756105
v -0.239590 2.674150 0.488827
v -0.232918 2.673106 0.563249
v -0.193436 2.641213 0.523783
v -0.211439 2.703751 0.484684
v -0.260482 2.632496 0.508258
v -0.205867 2.703594 0.544754
v -0.255258 2.630406 0.570692
v -0.165811 2.732124 0.505694
v -0.174274 2.679410 0.518250
v -0.267557 2.580806 0.558243
v -0.224265 2.604857 0.543535
v -0.215193 2.619658 0.632698
v -0.183385 2.658828 0.668101
v -0.156233 2.635357 0.612121
v -0.217509 2.659881 0.597369
v -0.196502 2.579142 0.671761
v -0.191434 2.691975 0.626240
v -0.169977 2.612466 0.700621
v -0.199174 2.718499 0.561551
v -0.168484 2.675066 0.585535
v -0.153060 2.556176 0.714312
v -0.147012 2.596278 0.658287
v -0.159380 2.651315 0.498801
v -0.167552 2.671704 0.549178
v -0.125204 2.683362 0.510787
v -0.170819 2.681726 0.481871
v -0.139206 2.624964 0.525564
v -0.177503 2.698902 0.522530
v -0.146163 2.640687 0.567925
v -0.179237 2.728990 0.478304
v -0.145093 2.708132 0.496334
v -0.113101 2.612064 0.569786
v -0.113171 2.652316 0.539780
v -0.213014 2.653290 0.459836
v -0.175479 2.675075 0.479574
v -0.171557 2.642657 0.445570
v -0.208143 2.675023 0.433695
v -0.206017 2.626553 0.488922
v -0.177227 2.693208 0.449628
v -0.175260 2.643956 0.505693
v -0.183025 2.703736 0.404591
v -0.172070 2.668746 0.424457
v -0.177940 2.602264 0.520180
v -0.169814 2.620789 0.479301
v -0.189702 2.626764 0.401032
v -0.166720 2.660883 0.427457
v -0.145716 2.636876 0.388789
v -0.192865 2.651004 0.376970
v -0.173967 2.603934 0.427871
v -0.173916 2.679291 0.398486
v -0.155129 2.631754 0.449789
v -0.180540 2.690808 0.352607
v -0.156237 2.662162 0.369965
v -0.140594 2.593287 0.458585
v -0.137255 2.615342 0.420812
v -0.184620 2.570023 0.305640
v -0.197544 2.592690 0.349200
v -0.153068 2.590765 0.331449
v -0.185905 2.598192 0.291747
v -0.177014 2.544241 0.331175
v -0.196525 2.616882 0.327460
v -0.187774 2.562396 0.367261
v -0.183923 2.641826 0.292725
v -0.162497 2.616608 0.316136
v -0.165230 2.529922 0.375546
v -0.153678 2.562347 0.355841
v -0.242691 2.602788 0.339010
v -0.219887 2.622478 0.390118
v -0.193826 2.588658 0.354011
v -0.224663 2.628926 0.321270
v -0.250253 2.570569 0.367097
v -0.205774 2.645618 0.362991
v -0.231531 2.586647 0.409204
v -0.186112 2.662203 0.316808
v -0.184099 2.620153 0.337797
v -0.238739 2.539772 0.413029
v -0.209918 2.561020 0.383996
v -0.181994 2.399206 0.999227
v -0.198668 2.385670 1.039868
v -0.218949 2.384245 1.004408
v -0.179095 2.370997 1.001258
v -0.195694 2.425721 1.002435
v -0.192659 2.360413 1.034310
v -0.209431 2.414558 1.035746
v -0.188430 2.331424 1.015032
v -0.209615 2.358060 1.009219
v -0.223562 2.444595 1.017537
v -0.226236 2.412724 1.010397
v -0.246029 2.288706 1.098964
v -0.203405 2.303089 1.114701
v -0.210781 2.287350 1.071723
v -0.246562 2.317879 1.087344
v -0.233618 2.255822 1.107441
v -0.211581 2.329527 1.100296
v -0.198328 2.268446 1.120067
v -0.227528 2.356451 1.071145
v -0.214763 2.318339 1.067655
v -0.199693 2.228173 1.112892
v -0.201746 2.256635 1.087381
v -0.268534 2.364231 1.010566
v -0.245344 2.346715 1.052294
v -0.224306 2.360552 1.009158
v -0.260681 2.392147 1.019015
v -0.265329 2.329299 1.004704
v -0.241787 2.377295 1.053278
v -0.246245 2.314889 1.039146
v -0.235184 2.419772 1.038692
v -0.223745 2.387997 1.021358
v -0.243779 2.289861 1.009451
v -0.228481 2.324638 1.007694
v -0.283609 2.525867 0.893729
v -0.273575 2.481085 0.947786
v -0.249411 2.482793 0.892868
v -0.254223 2.540865 0.902967
v -0.308841 2.493967 0.887022
v -0.245806 2.504575 0.947236
v -0.300464 2.457618 0.931176
v -0.208704 2.538321 0.926724
v -0.226493 2.502774 0.907552
v -0.321273 2.440832 0.893454
v -0.280910 2.456574 0.891244
v -0.262464 2.417228 0.963632
v -0.224418 2.416205 1.006071
v -0.212034 2.428253 0.947007
v -0.260204 2.454940 0.962346
v -0.250067 2.376483 0.964393
v -0.228913 2.454207 0.997048
v -0.218710 2.375913 0.999139
v -0.235690 2.502625 0.966821
v -0.217002 2.463554 0.953454
v -0.214005 2.338423 0.972867
v -0.207026 2.384510 0.955856
v -0.192997 2.302952 1.077193
v -0.165922 2.338612 1.048722
v -0.199957 2.308943 1.032363
v -0.212815 2.326354 1.076067
v -0.169454 2.281222 1.064696
v -0.190509 2.355757 1.052748
v -0.147213 2.310548 1.041140
v -0.230337 2.365470 1.056374
v -0.215562 2.334644 1.038275
v -0.140403 2.272050 1.031594
v -0.172265 2.289431 1.026681
v -0.210863 2.381790 1.106580
v -0.218507 2.340512 1.083280
v -0.252466 2.373225 1.093746
v -0.210402 2.395947 1.078676
v -0.221554 2.360831 1.132974
v -0.216571 2.362442 1.059233
v -0.227828 2.326956 1.113735
v -0.221143 2.400590 1.035680
v -0.243894 2.384608 1.066552
v -0.245129 2.326372 1.148903
v -0.254858 2.350113 1.120590
v -0.158903 2.572468 0.917476
v -0.166597 2.527907 0.900721
v -0.192674 2.538824 0.940692
v -0.181646 2.583279 0.898437
v -0.141411 2.548504 0.942670
v -0.187831 2.547083 0.884523
v -0.147805 2.511682 0.928894
v -0.217849 2.578049 0.875118
v -0.208772 2.552812 0.914784
v -0.135430 2.503322 0.968064
v -0.168759 2.517236 0.959491
v -0.179080 2.502001 1.007825
v -0.172448 2.480239 0.967158
v -0.205279 2.460870 1.006147
v -0.201645 2.516387 0.991225
v -0.158676 2.474515 1.022222
v -0.196177 2.498485 0.957909
v -0.153251 2.456621 0.988604
v -0.232342 2.518767 0.959283
v -0.221463 2.482224 0.985819
v -0.143533 2.431202 1.023189
v -0.178553 2.440136 1.016940
v -0.251238 2.640025 0.812618
v -0.223042 2.598541 0.805790
v -0.255400 2.625965 0.768085
v -0.230654 2.660125 0.790598
v -0.273281 2.610810 0.825966
v -0.207428 2.626215 0.784803
v -0.249987 2.576383 0.821857
v -0.199676 2.670068 0.751403
v -0.231234 2.644841 0.755142
v -0.287833 2.566463 0.826906
v -0.273646 2.595788 0.791291
v -0.174803 2.250798 0.087612
v -0.182381 2.246044 0.103131
v -0.198317 2.245324 0.094534
v -0.190897 2.250029 0.079030
v -0.770138 2.080238 0.860599
v -0.765662 2.076986 0.850387
v -0.776836 2.073414 0.845741
v -0.781461 2.076128 0.856180
v -0.356594 2.409857 0.235826
v -0.445298 2.466984 0.347661
v -0.607011 2.398607 0.551594
v -0.744878 2.229928 0.745614
v -0.747179 2.241179 0.752536
v -0.604324 2.413635 0.554835
v -0.444266 2.477154 0.350827
v -0.353728 2.423455 0.236276
v -0.343480 2.419803 0.243624
v -0.433484 2.475336 0.357271
v -0.594302 2.408653 0.561376
v -0.735261 2.241144 0.757119
v -0.732103 2.230972 0.749092
v -0.596618 2.396037 0.557536
v -0.434759 2.464758 0.354499
v -0.346421 2.406743 0.243135
v -0.193732 2.186701 0.082541
v -0.205546 2.176694 0.088261
v -0.213021 2.177792 0.073370
v -0.201319 2.187738 0.067565
v -0.221845 2.259871 0.108451
v -0.271469 2.343513 0.158346
v -0.278868 2.333174 0.159710
v -0.228102 2.248837 0.110350
v -0.286092 2.334779 0.148451
v -0.233635 2.251356 0.100154
v -0.278471 2.345385 0.147325
v -0.227543 2.262309 0.098118
v -0.499570 2.397253 0.535098
v -0.548502 2.401872 0.554352
v -0.538701 2.366801 0.527601
v -0.506855 2.372741 0.563953
v -0.504409 2.418724 0.501643
v -0.547492 2.375877 0.580269
v -0.544183 2.423347 0.516958
v -0.538095 2.336697 0.601874
v -0.542579 2.348840 0.560362
v -0.532742 2.434801 0.471731
v -0.539526 2.396241 0.497499
v -0.656106 2.284531 0.598900
v -0.661229 2.306583 0.649136
v -0.610324 2.297781 0.621483
v -0.645032 2.322459 0.579350
v -0.657938 2.246128 0.629815
v -0.649438 2.340115 0.620820
v -0.662211 2.264231 0.671219
v -0.623007 2.376583 0.575303
v -0.609778 2.334822 0.601988
v -0.648464 2.218424 0.679276
v -0.622688 2.258493 0.652460
v -0.592253 2.326184 0.518441
v -0.610766 2.346959 0.568423
v -0.554266 2.343588 0.548843
v -0.581929 2.364091 0.499041
v -0.597024 2.288837 0.552599
v -0.597222 2.381387 0.540358
v -0.612164 2.305807 0.593497
v -0.566188 2.418308 0.496705
v -0.554262 2.379111 0.527917
v -0.596273 2.262297 0.606935
v -0.569021 2.303980 0.580899
v -0.474741 2.397371 0.314497
v -0.513121 2.400079 0.378558
v -0.454741 2.373641 0.373436
v -0.453040 2.430987 0.323713
v -0.498301 2.353595 0.323308
v -0.483945 2.433880 0.375443
v -0.530663 2.354610 0.376986
v -0.432029 2.467130 0.363470
v -0.440368 2.414222 0.375277
v -0.527688 2.303258 0.366004
v -0.487031 2.333486 0.376116
v -0.533926 2.352734 0.451493
v -0.533650 2.397789 0.493556
v -0.476345 2.377063 0.466943
v -0.519420 2.390760 0.416637
v -0.537490 2.317213 0.498847
v -0.519104 2.427674 0.450999
v -0.536943 2.355413 0.533307
v -0.490131 2.450264 0.391013
v -0.474886 2.413279 0.433477
v -0.525238 2.303145 0.561114
v -0.491833 2.341673 0.514389
v -0.413880 2.388246 0.371658
v -0.452352 2.408819 0.405080
v -0.397129 2.425828 0.397066
v -0.416430 2.415770 0.347611
v -0.410580 2.366496 0.408176
v -0.447630 2.433071 0.374447
v -0.442840 2.382379 0.436409
v -0.426297 2.460880 0.334002
v -0.407278 2.446505 0.370847
v -0.414303 2.359595 0.460541
v -0.401139 2.398204 0.431274
v -0.377201 2.357522 0.240066
v -0.397452 2.394161 0.252650
v -0.362150 2.378371 0.272435
v -0.359049 2.375948 0.223900
v -0.396306 2.343993 0.267185
v -0.375591 2.406256 0.234123
v -0.413090 2.373886 0.277687
v -0.339558 2.412176 0.215309
v -0.349131 2.396033 0.250314
v -0.417108 2.345806 0.306011
v -0.386649 2.363637 0.293905
v -0.377848 2.355624 0.278285
v -0.378792 2.393944 0.308636
v -0.336545 2.372307 0.292518
v -0.368889 2.378154 0.254022
v -0.378536 2.336626 0.311867
v -0.369524 2.409893 0.278808
v -0.379444 2.367901 0.336973
v -0.349076 2.418537 0.236518
v -0.336677 2.394859 0.268111
v -0.368734 2.332646 0.357238
v -0.346252 2.353590 0.325929
v -0.311314 2.297098 0.211256
v -0.349825 2.318902 0.236151
v -0.303554 2.323599 0.247716
v -0.307276 2.324170 0.195798
v -0.317414 2.273822 0.239463
v -0.338881 2.342148 0.216180
v -0.349292 2.291262 0.260133
v -0.311093 2.367553 0.192308
v -0.304942 2.347003 0.226703
v -0.332533 2.263200 0.283862
v -0.315266 2.296348 0.270588
v -0.381081 2.321159 0.200625
v -0.395108 2.346102 0.252594
v -0.349237 2.315702 0.242681
v -0.359092 2.349229 0.193455
v -0.400114 2.289160 0.222942
v -0.370393 2.370247 0.235959
v -0.411708 2.309558 0.265738
v -0.329285 2.388149 0.207956
v -0.335385 2.347761 0.231288
v -0.414544 2.262302 0.270494
v -0.376722 2.286903 0.261040
v -0.283942 2.245358 0.191670
v -0.305731 2.288102 0.214558
v -0.255909 2.274332 0.218236
v -0.272442 2.266612 0.167317
v -0.292600 2.230796 0.227780
v -0.290101 2.302184 0.185835
v -0.310784 2.265457 0.246903
v -0.258286 2.309505 0.150521
v -0.252542 2.293581 0.190216
v -0.300257 2.235232 0.276945
v -0.272879 2.257521 0.250912
v -0.698855 2.153819 0.793949
v -0.734644 2.139211 0.818823
v -0.729834 2.133245 0.778673
v -0.694610 2.126547 0.800767
v -0.714645 2.177852 0.785341
v -0.723766 2.115085 0.820941
v -0.744028 2.165800 0.805697
v -0.705817 2.086500 0.811420
v -0.722299 2.109114 0.791195
v -0.747937 2.192473 0.779111
v -0.742346 2.160357 0.775765
v -0.796638 2.038009 0.851261
v -0.773378 2.059680 0.886767
v -0.752226 2.041429 0.849771
v -0.793447 2.066275 0.837947
v -0.788058 2.007902 0.869352
v -0.774363 2.083907 0.867136
v -0.768642 2.026536 0.898333
v -0.772937 2.106825 0.831057
v -0.756446 2.071194 0.840339
v -0.761052 1.986347 0.896758
v -0.750818 2.013168 0.871441
v -0.732071 2.258438 0.634419
v -0.750925 2.217839 0.689413
v -0.699422 2.221492 0.658804
v -0.715648 2.278332 0.656964
v -0.744789 2.222643 0.618412
v -0.730971 2.245495 0.702069
v -0.760069 2.189736 0.663408
v -0.692922 2.284069 0.702719
v -0.691936 2.245443 0.681397
v -0.752650 2.168458 0.623036
v -0.720780 2.190462 0.642580
v -0.742938 2.059898 0.862508
v -0.708439 2.098447 0.850709
v -0.722766 2.063077 0.821556
v -0.760728 2.079713 0.847258
v -0.714327 2.041852 0.868700
v -0.732390 2.111501 0.837645
v -0.685892 2.073545 0.858868
v -0.767483 2.114734 0.816390
v -0.741584 2.086094 0.814133
v -0.670558 2.036349 0.859875
v -0.695093 2.048135 0.835367
v -0.283332 2.325438 0.208487
v -0.314350 2.352189 0.192314
v -0.272359 2.364832 0.198633
v -0.274939 2.324186 0.179571
v -0.293237 2.337949 0.238107
v -0.300395 2.346239 0.166212
v -0.318816 2.359814 0.224899
v -0.271176 2.338201 0.139060
v -0.269457 2.357454 0.170351
v -0.309064 2.367759 0.260101
v -0.287615 2.371509 0.228745
v -0.778792 2.191598 0.744552
v -0.762552 2.172973 0.781370
v -0.791131 2.201576 0.778878
v -0.797606 2.171230 0.752538
v -0.758455 2.215835 0.746189
v -0.784278 2.156025 0.782897
v -0.744979 2.200905 0.776386
v -0.817797 2.145268 0.779258
v -0.805802 2.177051 0.783160
v -0.736196 2.238869 0.766431
v -0.766074 2.222943 0.776263
v -0.783272 2.135782 0.866128
v -0.771100 2.093007 0.848038
v -0.808069 2.120117 0.832832
v -0.768033 2.148821 0.842108
v -0.805058 2.114319 0.883874
v -0.757812 2.114088 0.827016
v -0.795000 2.079210 0.868933
v -0.751819 2.150121 0.800622
v -0.786448 2.131764 0.814407
v -0.829500 2.077077 0.887417
v -0.823238 2.097896 0.855997
v -0.651387 2.325504 0.719738
v -0.642747 2.279716 0.707311
v -0.688373 2.287668 0.723181
v -0.659574 2.331789 0.689904
v -0.649573 2.305615 0.753147
v -0.652325 2.294597 0.679602
v -0.642503 2.267776 0.742912
v -0.674241 2.319917 0.650843
v -0.687547 2.297920 0.691240
v -0.654744 2.262941 0.782713
v -0.677914 2.270938 0.754836
v -0.712960 2.255962 0.789796
v -0.681289 2.234131 0.763496
v -0.728393 2.211086 0.778440
v -0.722838 2.265888 0.761590
v -0.702066 2.232688 0.816606
v -0.696856 2.247937 0.740073
v -0.675941 2.214727 0.794818
v -0.728859 2.262107 0.717799
v -0.731737 2.228787 0.750040
v -0.685721 2.192474 0.831505
v -0.711062 2.195369 0.805148
v -0.671011 2.373374 0.573423
v -0.639829 2.336807 0.589331
v -0.646556 2.357246 0.536817
v -0.643788 2.395754 0.565022
v -0.693287 2.341460 0.575114
v -0.618030 2.365885 0.577956
v -0.668410 2.311152 0.589512
v -0.597002 2.409195 0.550013
v -0.621676 2.379324 0.537962
v -0.700583 2.295399 0.572989
v -0.671492 2.325351 0.548776
v -0.139712 1.976145 0.080570
v -0.154393 1.970778 0.089318
v -0.162007 1.967172 0.073274
v -0.147456 1.972464 0.064453
v -0.841479 2.768623 0.096577
v -0.832560 2.762893 0.091832
v -0.838561 2.761038 0.080889
v -0.847875 2.766317 0.085696
v -0.055555 2.898430 -0.091792
v -0.176089 2.990247 -0.065714
v -0.441483 2.991292 -0.021222
v -0.709880 2.889015 0.029835
v -0.713005 2.901468 0.033700
v -0.437658 3.005744 -0.016745
v -0.174690 3.000351 -0.062477
v -0.050186 2.911013 -0.089314
v -0.048496 2.906536 -0.077089
v -0.171552 2.997383 -0.050542
v -0.435964 2.999901 -0.005298
v -0.707383 2.899680 0.045023
v -0.702645 2.887907 0.040918
v -0.438501 2.987598 -0.009935
v -0.173485 2.987001 -0.053652
v -0.053752 2.894481 -0.079636
v 0.101050 2.624254 -0.102798
v 0.086231 2.618009 -0.106514
v 0.090705 2.618218 -0.122599
v 0.105483 2.624415 -0.119023
v 0.083533 2.704903 -0.100690
v 0.037905 2.804047 -0.094667
v 0.028971 2.795851 -0.098729
v 0.074893 2.695883 -0.103607
v 0.031428 2.797086 -0.111919
v 0.078127 2.697818 -0.114864
v 0.040439 2.805533 -0.107526
v 0.086713 2.706772 -0.112160
v -0.537352 2.899259 -0.020329
v -0.567467 2.929746 0.014311
v -0.515410 2.906102 0.027140
v -0.506800 2.930339 -0.026964
v -0.568679 2.867628 0.000932
v -0.531932 2.955013 0.001504
v -0.593554 2.892695 0.029447
v -0.474042 2.977253 -0.014444
v -0.492704 2.938542 0.013559
v -0.600951 2.846952 0.043765
v -0.554588 2.875835 0.041459
v -0.428727 2.912987 -0.037586
v -0.468650 2.945008 -0.012025
v -0.416316 2.926738 0.010655
v -0.398817 2.944228 -0.044606
v -0.463971 2.883517 -0.015822
v -0.431778 2.970813 -0.023467
v -0.496640 2.909687 0.005098
v -0.371653 2.992828 -0.034963
v -0.393481 2.957596 -0.004384
v -0.505342 2.866582 0.024908
v -0.457992 2.896838 0.024192
v -0.194383 2.923917 -0.111301
v -0.262420 2.944964 -0.088669
v -0.224118 2.906403 -0.054327
v -0.175799 2.953277 -0.089427
v -0.228570 2.888074 -0.121083
v -0.230490 2.970936 -0.071081
v -0.286057 2.904543 -0.102276
v -0.176655 2.990171 -0.045081
v -0.204227 2.942818 -0.042704
v -0.290443 2.852623 -0.109453
v -0.259691 2.874887 -0.074417
v -0.336747 2.915503 -0.048649
v -0.351647 2.965712 -0.016146
v -0.298805 2.929398 0.001486
v -0.293870 2.943475 -0.064478
v -0.379114 2.889680 -0.016167
v -0.305948 2.984576 -0.037864
v -0.390748 2.931988 0.010696
v -0.240606 2.990555 -0.063218
v -0.266687 2.958585 -0.021972
v -0.414006 2.883646 0.038344
v -0.349776 2.906216 0.026145
v -0.189715 2.911632 -0.028343
v -0.233418 2.944955 -0.028407
v -0.184041 2.948480 0.002457
v -0.168829 2.934806 -0.047554
v -0.216543 2.895891 0.000812
v -0.203936 2.962380 -0.047797
v -0.253685 2.922548 0.000888
v -0.155260 2.978163 -0.063476
v -0.169038 2.966292 -0.023536
v -0.254674 2.898511 0.037455
v -0.216198 2.928233 0.024935
v -0.086944 2.852974 -0.103196
v -0.099907 2.894588 -0.106520
v -0.091387 2.875172 -0.068607
v -0.058629 2.864314 -0.102959
v -0.121683 2.848332 -0.095771
v -0.069082 2.898664 -0.105711
v -0.132598 2.882378 -0.098480
v -0.029508 2.893767 -0.095842
v -0.063144 2.885886 -0.076244
v -0.161103 2.860739 -0.080423
v -0.126698 2.869584 -0.069006
v -0.166179 2.897839 -0.088797
v -0.169580 2.927415 -0.051558
v -0.145345 2.886996 -0.050279
v -0.134913 2.911421 -0.092961
v -0.198550 2.881313 -0.071800
v -0.137348 2.935919 -0.062394
v -0.202010 2.905293 -0.041090
v -0.094030 2.932475 -0.079260
v -0.118970 2.905742 -0.059204
v -0.227070 2.869490 -0.034355
v -0.182084 2.876023 -0.038076
v -0.112455 2.857479 -0.075025
v -0.122491 2.899549 -0.052225
v -0.087465 2.867216 -0.036716
v -0.084470 2.873389 -0.086868
v -0.139539 2.844751 -0.050661
v -0.092450 2.908147 -0.068150
v -0.148044 2.879170 -0.031893
v -0.048294 2.905336 -0.086141
v -0.065923 2.885030 -0.054686
v -0.162675 2.846219 -0.010251
v -0.120855 2.856622 -0.018447
v -0.037015 2.776227 -0.082240
v -0.074945 2.809361 -0.088696
v -0.047838 2.806068 -0.049310
v -0.017024 2.798977 -0.090662
v -0.065672 2.759637 -0.065562
v -0.048099 2.826243 -0.095995
v -0.097271 2.786488 -0.070870
v -0.006057 2.841043 -0.095027
v -0.029153 2.825517 -0.065554
v -0.107872 2.759766 -0.042499
v -0.078158 2.785956 -0.040418
v -0.727931 2.813820 0.095157
v -0.773518 2.811271 0.089835
v -0.745852 2.797998 0.062832
v -0.736467 2.787739 0.102587
v -0.727409 2.838907 0.078683
v -0.773431 2.786072 0.098193
v -0.764810 2.836747 0.074264
v -0.761962 2.753202 0.102431
v -0.754852 2.775182 0.076771
v -0.743496 2.858973 0.052235
v -0.745817 2.826292 0.052856
v -0.865716 2.731945 0.071279
v -0.866051 2.753724 0.113669
v -0.831900 2.725692 0.099630
v -0.847396 2.756371 0.063923
v -0.879121 2.704051 0.089975
v -0.847746 2.774107 0.098743
v -0.878834 2.722649 0.124877
v -0.817490 2.790054 0.073067
v -0.821008 2.753747 0.090302
v -0.882991 2.682051 0.128002
v -0.852276 2.701662 0.116291
v -0.621718 2.895785 -0.044482
v -0.681337 2.869509 -0.016490
v -0.623657 2.857272 -0.005257
v -0.619120 2.915181 -0.016361
v -0.630055 2.861339 -0.065536
v -0.667794 2.894047 0.006698
v -0.678647 2.840111 -0.042531
v -0.630634 2.923371 0.033068
v -0.626446 2.882461 0.017055
v -0.653010 2.811490 -0.068247
v -0.636811 2.829196 -0.032109
v -0.594484 2.868686 0.016019
v -0.646591 2.866841 0.030119
v -0.603823 2.882802 0.054228
v -0.595283 2.896317 0.009130
v -0.599666 2.839761 0.033773
v -0.637907 2.895065 0.020742
v -0.642500 2.838333 0.045391
v -0.610839 2.932305 0.013255
v -0.607470 2.907425 0.040419
v -0.621769 2.814440 0.065183
v -0.611950 2.850877 0.065093
v -0.828512 2.743619 0.115652
v -0.785920 2.771644 0.130345
v -0.786859 2.735813 0.098384
v -0.826279 2.763981 0.092803
v -0.816675 2.721225 0.138912
v -0.791311 2.787132 0.104933
v -0.781522 2.744230 0.150940
v -0.802056 2.794159 0.065832
v -0.789546 2.760747 0.080775
v -0.780972 2.705313 0.161180
v -0.779769 2.717845 0.126786
v -0.007610 2.797239 -0.065279
v -0.012468 2.826911 -0.097455
v 0.017030 2.831325 -0.064691
v 0.016667 2.789582 -0.081409
v -0.030449 2.816184 -0.049422
v 0.012762 2.814016 -0.107877
v -0.034589 2.840485 -0.075862
v 0.049096 2.795736 -0.109017
v 0.035330 2.819015 -0.084091
v -0.048077 2.851812 -0.042889
v -0.011517 2.845845 -0.052113
v -0.743735 2.858992 0.005899
v -0.760619 2.843601 0.043902
v -0.772017 2.876768 0.023625
v -0.767786 2.844592 -0.000939
v -0.723744 2.878364 0.021025
v -0.781713 2.832060 0.030358
v -0.737388 2.866041 0.052303
v -0.806337 2.828125 0.005245
v -0.791808 2.856889 0.016680
v -0.714637 2.899192 0.051340
v -0.746659 2.891694 0.038639
v -0.839791 2.825831 0.093018
v -0.830727 2.779099 0.086758
v -0.840393 2.810524 0.051374
v -0.809953 2.831314 0.085345
v -0.872538 2.812581 0.091504
v -0.802092 2.793232 0.080183
v -0.864990 2.774195 0.086341
v -0.771303 2.822439 0.065023
v -0.809925 2.814234 0.052094
v -0.902247 2.782369 0.077309
v -0.872059 2.796034 0.058288
v -0.708403 2.914593 0.084536
v -0.674499 2.882638 0.085410
v -0.724081 2.872716 0.065006
v -0.694772 2.921660 0.057042
v -0.723936 2.894216 0.111418
v -0.667007 2.895414 0.057802
v -0.695897 2.867887 0.112070
v -0.671982 2.912173 0.020179
v -0.703568 2.885877 0.041831
v -0.732377 2.854432 0.132682
v -0.732919 2.858260 0.096209
v -0.508222 2.983917 -0.047694
v -0.505673 2.944702 -0.015785
v -0.471385 2.957302 -0.059217
v -0.477322 2.998428 -0.035563
v -0.533775 2.958088 -0.061748
v -0.474994 2.966326 -0.009353
v -0.533137 2.925985 -0.035032
v -0.430467 2.999147 -0.015589
v -0.448380 2.973562 -0.041490
v -0.549840 2.914859 -0.068995
v -0.505440 2.933715 -0.067338
v 0.085504 2.409584 -0.072278
v 0.067904 2.408906 -0.075541
v 0.071776 2.404422 -0.092667
v 0.089309 2.405044 -0.089546
v 0.047794 1.437512 0.150418
v 0.050813 1.862943 0.104230
v 0.071730 0.592225 0.148367
v 0.071776 1.434618 0.106810
v 0.070936 1.856103 0.063503
v 0.056354 1.854694 0.046381
v 0.056798 1.435144 0.087155
v 0.051082 0.593781 0.116171
v 0.015525 -0.051079 0.115480
v 0.037458 -0.052838 0.150150
v 0.027039 -0.052367 0.196797
v -0.007554 -0.050035 0.218799
v -0.065593 -0.045379 0.127057
v -0.031001 -0.047711 0.105054
v -0.054079 -0.046667 0.208373
v -0.076012 -0.044907 0.173703
v 0.029656 0.595104 0.212505
v 0.062056 0.592821 0.191864
v 0.067712 1.435688 0.135377
v 0.068434 1.859829 0.089618
v 0.009753 1.862944 0.085088
v 0.004129 1.440023 0.126981
v -0.034639 0.599841 0.170795
v -0.014000 0.598273 0.202988
v 0.019087 1.439469 0.146626
v 0.024326 1.864351 0.102208
v 0.029857 1.856097 0.044314
v 0.028095 1.437103 0.083376
v 0.007423 0.596947 0.106665
v -0.024967 0.599242 0.127312
v 0.008197 1.438955 0.098430
v 0.012245 1.859216 0.058930
v 0.029353 0.277386 0.116770
v 0.040035 0.268059 0.195114
v 0.050434 0.272626 0.150190
v 0.006319 0.267268 0.216265
v -0.059867 0.275291 0.172726
v -0.015750 0.280652 0.106667
v -0.038785 0.270533 0.206157
v -0.049468 0.279859 0.127808
v 0.171897 2.565433 -0.070754
v 0.123572 2.248223 0.016614
v 0.113167 2.246723 0.005392
v 0.164167 2.564218 -0.078549
v 0.163268 2.572408 -0.050790
v 0.111384 2.257624 0.044309
v 0.122756 2.253177 0.034165
v 0.171492 2.569138 -0.058226
v 0.151056 2.565858 -0.078865
v 0.095243 2.249123 0.004547
v 0.083862 2.253498 0.014737
v 0.142848 2.569099 -0.071475
v 0.142443 2.572802 -0.058945
v 0.083083 2.258417 0.032321
v 0.093489 2.259995 0.043487
v 0.150156 2.574048 -0.051104
v -0.157814 1.421051 0.184827
v -0.118154 1.846482 0.208691
v -0.166968 0.575763 0.207039
v -0.130060 1.418157 0.226137
v -0.091189 1.839641 0.245249
v -0.069287 1.838232 0.240143
v -0.105725 1.418682 0.221840
v -0.128888 0.577320 0.203454
v -0.111969 -0.067540 0.172172
v -0.152837 -0.069300 0.175765
v -0.189511 -0.068829 0.145115
v -0.193201 -0.066497 0.104284
v -0.085058 -0.061840 0.094778
v -0.081368 -0.064173 0.135609
v -0.162600 -0.063129 0.067721
v -0.121732 -0.061369 0.064128
v -0.204671 0.578642 0.140237
v -0.201186 0.576359 0.178495
v -0.153582 1.419227 0.209425
v -0.113249 1.843367 0.231051
v -0.082314 1.846482 0.180980
v -0.116964 1.423561 0.156772
v -0.138121 0.583379 0.102228
v -0.176194 0.581812 0.105806
v -0.141280 1.423007 0.161056
v -0.104211 1.847889 0.186080
v -0.055299 1.839635 0.217545
v -0.089204 1.420641 0.198065
v -0.100420 0.580486 0.169016
v -0.103915 0.582780 0.130764
v -0.093457 1.422494 0.173479
v -0.060211 1.842754 0.195191
v -0.119456 0.260924 0.183870
v -0.193976 0.251597 0.157436
v -0.158823 0.256165 0.187277
v -0.197310 0.250806 0.117775
v -0.128268 0.258829 0.078923
v -0.089796 0.264190 0.148422
v -0.167644 0.254071 0.082328
v -0.093120 0.263397 0.108764
v -0.018179 2.548971 0.396536
v -0.073659 2.231761 0.313527
v -0.058915 2.230262 0.309427
v -0.007708 2.547756 0.393241
v -0.031963 2.555946 0.379713
v -0.092681 2.241162 0.289996
v -0.088881 2.236715 0.304754
v -0.029127 2.552676 0.390432
v -0.001414 2.549396 0.381735
v -0.049945 2.232661 0.293886
v -0.053781 2.237036 0.279100
v -0.004218 2.552638 0.371052
v -0.015167 2.556340 0.364946
v -0.069050 2.241955 0.270343
v -0.083745 2.243533 0.274470
v -0.025672 2.557586 0.368205
v -0.201554 1.979378 0.604173
v -0.139904 1.056500 0.213526
v -0.157366 1.075021 0.160393
v -0.138888 1.624554 0.407518
v -0.123325 1.353530 0.300516
v -0.161077 1.388148 0.206642
v -0.173999 1.656744 0.321673
v -0.169951 1.615118 0.381771
v -0.156593 1.344880 0.271416
v -0.147239 1.035993 0.194966
v -0.161276 1.049894 0.211022
v -0.155784 1.045609 0.168892
v -0.167393 1.835570 0.485727
v -0.185421 1.818505 0.482512
v -0.183843 1.849768 0.445602
vn -0.4293 -0.0091 -0.9031
vn -0.4878 -0.0020 -0.8730
vn 0.2730 -0.0710 -0.9594
vn 0.3422 0.0042 -0.9396
vn -0.8781 0.1165 0.4641
vn -0.8251 0.2561 0.5037
vn -0.9463 0.2164 -0.2402
vn -0.9574 0.0758 -0.2787
vn -0.9032 0.0061 0.4291
vn -0.9436 -0.0080 -0.3310
vn -0.9121 -0.0631 0.4052
vn -0.9345 -0.0608 -0.3507
vn -0.5153 0.0547 -0.8553
vn 0.2152 -0.1345 -0.9673
vn -0.4191 -0.0195 -0.9077
vn 0.3444 0.0362 -0.9381
vn -0.6743 -0.6690 0.3127
vn -0.2522 -0.6439 0.7223
vn -0.3650 -0.0257 0.9307
vn -0.2939 -0.6439 -0.7064
vn -0.6914 -0.6690 -0.2728
vn 0.9072 0.0732 -0.4143
vn 0.7417 -0.5871 -0.3244
vn 0.3001 -0.6100 -0.7334
vn 0.7593 -0.5871 0.2806
vn 0.3424 -0.6100 0.7146
vn 0.9069 0.0233 -0.4207
vn 0.9388 0.0365 0.3426
vn 0.9315 0.0702 0.3570
vn 0.8757 -0.0882 -0.4748
vn 0.9525 -0.0430 0.3015
vn 0.8195 -0.2415 -0.5197
vn 0.9481 -0.2009 0.2466
vn 0.4003 0.0294 0.9159
vn 0.4214 0.0368 0.9061
vn -0.3415 0.0244 0.9396
vn 0.4493 0.0364 0.8927
vn -0.3084 0.1009 0.9459
vn 0.4955 -0.0306 0.8681
vn -0.2415 0.1574 0.9575
vn -0.7800 0.5912 -0.2052
vn -0.6314 0.6114 0.4770
vn -0.3753 0.8446 0.3819
vn -0.5240 0.8075 -0.2710
vn -0.4030 0.3529 -0.8444
vn 0.3567 0.6577 -0.6635
vn 0.7884 -0.5600 0.2546
vn 0.6388 -0.5902 -0.4935
vn 0.4120 -0.8067 -0.4237
vn 0.5770 -0.7642 0.2882
vn 0.0890 -0.2608 -0.9613
vn -0.0002 -0.3594 -0.9332
vn -0.1493 0.3082 0.9395
vn 0.0045 0.4423 0.8969
vn -0.5201 0.2513 -0.8163
vn 0.4570 -0.1907 0.8688
vn 0.4173 -0.2670 0.8687
vn 0.5915 0.7010 0.3984
vn 0.7946 -0.4122 0.4457
vn 0.5575 -0.4522 -0.6962
vn 0.8919 -0.3980 0.2148
vn 0.4961 -0.1597 0.8534
vn 0.5019 -0.1090 0.8580
vn 0.9224 -0.3171 0.2207
vn -0.1936 0.1795 0.9645
vn -0.7457 0.4090 0.5259
vn -0.7781 0.3461 0.5242
vn -0.2053 0.1652 0.9647
vn -0.8860 0.4136 -0.2096
vn -0.5044 0.1754 -0.8455
vn -0.5109 0.1286 -0.8500
vn -0.9152 0.3351 -0.2238
vn 0.1844 -0.1630 -0.9692
vn 0.7514 -0.3925 -0.5304
vn 0.7754 -0.3250 -0.5414
vn 0.1870 -0.1428 -0.9719
vn -0.8342 -0.2271 0.5025
vn -0.9361 -0.2946 -0.1922
vn -0.9502 -0.2202 -0.2204
vn -0.8844 -0.1963 0.4235
vn -0.6249 -0.2127 -0.7511
vn -0.5861 -0.2327 -0.7761
vn -0.6231 -0.2569 0.7387
vn -0.8816 -0.4416 -0.1665
vn -0.9251 -0.3456 -0.1570
vn -0.4821 -0.2226 -0.8474
vn -0.7067 -0.6849 0.1775
vn -0.8973 -0.3924 -0.2022
vn -0.5245 -0.5530 -0.6474
vn -0.5920 -0.1608 -0.7897
vn -0.8819 -0.1238 0.4549
vn -0.2415 -0.3697 -0.8972
vn 0.6440 -0.3885 -0.6591
vn 0.7154 -0.2323 -0.6590
vn 0.1671 -0.3014 -0.9387
vn 0.9592 -0.2176 -0.1805
vn 0.9507 -0.2843 -0.1238
vn -0.7556 -0.2873 -0.5887
vn 0.2050 -0.8269 -0.5236
vn 0.4235 -0.5935 -0.6844
vn 0.9448 -0.3276 -0.0108
vn -0.0527 -0.8519 -0.5210
vn 0.6415 -0.4511 -0.6204
vn 0.8960 -0.4190 -0.1470
vn 0.9716 -0.1614 -0.1732
vn 0.2292 -0.1656 -0.9592
vn -0.5171 -0.7706 -0.3725
vn 0.6585 -0.7129 -0.2411
vn 0.7189 -0.3294 -0.6121
vn 0.2439 -0.4331 -0.8677
vn 0.9655 -0.2333 -0.1157
vn 0.8201 -0.4583 0.3425
vn -0.8603 -0.4939 -0.1266
vn -0.3187 -0.8170 0.4806
vn -0.1082 -0.8826 0.4574
vn 0.6914 -0.4082 0.5961
vn 0.3297 -0.7827 -0.5280
vn 0.6580 -0.3294 -0.6772
vn 0.9345 -0.3538 -0.0389
vn 0.9977 -0.0622 -0.0262
vn -0.0330 -0.1789 -0.9833
vn 0.3380 -0.2615 0.9041
vn -0.3400 -0.3825 0.8592
vn -0.3730 -0.3212 0.8705
vn 0.2551 -0.2428 0.9359
vn -0.8270 -0.3227 0.4603
vn -0.8471 -0.3352 0.4123
vn 0.6203 -0.2478 0.7442
vn -0.3452 -0.5043 0.7915
vn -0.2995 -0.4224 0.8555
vn -0.8989 -0.3202 0.2992
vn -0.0026 -0.7284 0.6852
vn -0.3391 -0.4655 0.8175
vn -0.6983 -0.6240 0.3507
vn -0.8621 -0.2758 0.4251
vn 0.2890 -0.1756 0.9411
vn -0.9028 -0.1696 -0.3952
vn -0.4260 -0.1460 -0.8929
vn -0.4160 -0.0956 -0.9043
vn -0.8611 -0.1424 -0.4882
vn 0.1712 -0.0633 -0.9832
vn 0.2286 -0.0691 -0.9711
vn -0.9740 -0.2241 -0.0333
vn -0.3406 -0.2329 -0.9109
vn -0.4588 -0.1774 -0.8706
vn 0.3452 -0.0593 -0.9366
vn -0.4134 -0.5621 -0.7163
vn -0.3938 -0.2296 -0.8901
vn 0.1966 -0.3686 -0.9086
vn 0.2183 -0.0271 -0.9755
vn -0.8907 -0.0967 -0.4442
vn 0.3486 0.0977 -0.9322
vn 0.2871 0.1136 -0.9511
vn 0.8691 -0.0811 -0.4880
vn 0.9098 -0.0196 -0.4145
vn -0.9290 0.2475 -0.2750
vn -0.9044 0.3805 -0.1930
vn -0.4582 0.3889 -0.7993
vn -0.4560 0.2484 -0.8546
vn -0.9317 0.1444 -0.3334
vn -0.4168 0.1655 -0.8938
vn -0.9271 0.0786 -0.3665
vn -0.4014 0.1127 -0.9089
vn 0.2642 0.1779 -0.9479
vn 0.8315 -0.1314 -0.5398
vn 0.3579 0.0859 -0.9298
vn 0.9133 0.0115 -0.4072
vn -0.7528 -0.5551 -0.3537
vn -0.7516 -0.6177 0.2316
vn -0.9212 0.0027 0.3892
vn 0.2422 -0.5578 -0.7939
vn -0.3455 -0.5306 -0.7740
vn 0.9312 -0.0675 0.3582
vn 0.6908 -0.6927 0.2072
vn 0.6758 -0.6248 -0.3910
vn 0.2700 -0.7181 0.6414
vn -0.3314 -0.6855 0.6483
vn 0.9309 -0.1164 0.3462
vn 0.4079 -0.1370 0.9027
vn 0.3956 -0.1031 0.9126
vn 0.9376 -0.2188 0.2701
vn 0.4394 -0.2161 0.8719
vn 0.9162 -0.3575 0.1813
vn 0.4585 -0.3670 0.8094
vn -0.3759 -0.0732 0.9238
vn -0.3536 -0.0692 0.9328
vn -0.9066 0.0476 0.4193
vn -0.3247 -0.0738 0.9429
vn -0.8811 0.1171 0.4582
vn -0.2835 -0.1435 0.9482
vn -0.8387 0.1665 0.5186
vn 0.6055 0.1887 0.7732
vn 0.0504 0.3834 0.9222
vn -0.2640 -0.1967 0.9443
vn 0.4598 -0.4427 0.7698
vn -0.3716 0.6817 0.6302
vn -0.4302 0.8974 0.0979
vn -0.8858 0.4434 -0.1370
vn -0.8135 0.1713 0.5558
vn -0.1004 0.9150 -0.3908
vn 0.4504 0.7153 -0.5343
vn 0.2712 0.2306 -0.9345
vn -0.4465 0.4739 -0.7590
vn 0.8708 0.4272 -0.2434
vn 0.9339 0.2154 0.2854
vn 0.9005 -0.4110 0.1421
vn 0.8223 -0.1361 -0.5525
vn 0.8882 -0.4565 -0.0525
vn 0.5902 -0.4899 0.6416
vn 0.6346 -0.3212 0.7029
vn 0.9223 -0.3605 0.1395
vn 0.0892 -0.2582 0.9620
vn 0.0074 -0.3366 0.9416
vn 0.7528 -0.4547 -0.4759
vn 0.3615 -0.8204 0.4431
vn 0.5426 -0.6737 0.5018
vn -0.1372 -0.3693 0.9191
vn 0.4920 -0.8444 0.2118
vn 0.5932 -0.4718 0.6523
vn 0.0317 -0.5045 0.8628
vn 0.0836 -0.1784 0.9804
vn 0.9625 -0.2365 0.1329
vn 0.2183 -0.2662 0.9389
vn -0.3985 -0.2359 0.8863
vn -0.4167 -0.1876 0.8895
vn 0.1441 -0.2419 0.9595
vn -0.8288 -0.1261 0.5452
vn -0.8703 -0.1232 0.4769
vn 0.5021 -0.3146 0.8055
vn -0.4261 -0.3230 0.8451
vn -0.3882 -0.2635 0.8831
vn -0.9362 -0.0957 0.3381
vn -0.2235 -0.6267 0.7465
vn -0.4466 -0.3732 0.8132
vn -0.8260 -0.4261 0.3689
vn -0.8583 -0.0804 0.5068
vn 0.1833 -0.2026 0.9619
vn -0.3588 -0.3378 0.8701
vn -0.9427 -0.2805 -0.1805
vn 0.0218 -0.6914 -0.7222
vn 0.4769 -0.8334 0.2794
vn 0.9847 0.0553 0.1652
vn -0.1033 0.1501 0.9833
vn -0.9762 -0.0738 -0.2038
vn 0.2703 -0.1440 -0.9519
vn 0.2035 -0.2041 0.9576
vn -0.3249 -0.9251 -0.1966
vn -0.6385 -0.7411 -0.2075
vn 0.0839 -0.0529 0.9951
vn -0.9071 -0.4019 -0.1248
vn -0.0522 0.0644 0.9966
vn -0.1888 0.2930 -0.9373
vn 0.3550 0.9228 0.1497
vn 0.6724 0.7396 0.0276
vn 0.0174 0.2389 -0.9709
vn 0.9037 0.4265 0.0387
vn 0.1597 -0.0391 -0.9864
vn 0.4117 -0.0606 0.9093
vn -0.3323 0.8941 0.3004
vn -0.8518 0.3100 0.4223
vn -0.1579 -0.4913 0.8566
vn -0.2856 0.2361 -0.9288
vn -0.0989 -0.9797 -0.1746
vn 0.1661 -0.9582 -0.2328
vn -0.3833 0.1647 -0.9088
vn 0.3964 -0.0761 0.9149
vn 0.2905 -0.1116 0.9503
vn -0.1413 0.9775 0.1567
vn 0.0891 0.9855 0.1442
vn 0.4240 -0.8542 -0.3009
vn -0.4541 0.1809 -0.8724
vn 0.1972 0.9603 -0.1974
vn -0.1304 0.4738 0.8709
vn 0.9516 0.0087 -0.3073
vn -0.2809 -0.9597 0.0018
vn 0.8172 -0.5332 -0.2190
vn -0.2976 -0.1619 0.9409
vn -0.6318 0.2958 -0.7165
vn -0.7365 -0.1143 -0.6667
vn -0.1772 0.1627 0.9706
vn 0.9362 -0.2301 -0.2655
vn -0.7646 0.1001 -0.6367
vn 0.1926 0.9628 -0.1897
vn -0.3363 0.5034 0.7959
vn 0.9923 0.0462 -0.1148
vn -0.2149 -0.9766 -0.0106
vn 0.8718 -0.4893 -0.0212
vn -0.4871 -0.1407 0.8620
vn -0.4837 0.2389 -0.8420
vn -0.5822 -0.1739 -0.7942
vn -0.4002 0.1847 0.8976
vn 0.9813 -0.1850 -0.0539
vn -0.6274 0.0377 -0.7778
vn -0.0061 0.9996 0.0265
vn -0.1937 0.2425 0.9506
vn 0.9293 0.2516 -0.2703
vn -0.0643 -0.9774 -0.2012
vn 0.9122 -0.2685 -0.3095
vn -0.2311 -0.4133 0.8808
vn -0.6751 0.3175 -0.6659
vn -0.7010 -0.1125 -0.7042
vn -0.1813 -0.0652 0.9813
vn 0.9592 0.0129 -0.2824
vn -0.7695 0.0844 -0.6330
vn 0.2226 0.9514 0.2130
vn -0.7171 0.3542 0.6002
vn 0.8990 0.0191 0.4376
vn -0.1371 -0.9230 -0.3594
vn 0.7569 -0.5805 0.3003
vn -0.8663 -0.3042 0.3961
vn 0.0162 0.5272 -0.8496
vn -0.0858 0.0513 -0.9950
vn -0.8191 0.0136 0.5736
vn 0.8740 -0.2572 0.4122
vn -0.1519 0.3024 -0.9410
vn -0.1895 0.9746 -0.1191
vn 0.0658 0.4200 0.9052
vn 0.6967 0.3401 -0.6316
vn 0.0430 -0.9988 -0.0254
vn 0.7758 -0.2242 -0.5898
vn 0.1454 -0.2786 0.9493
vn -0.9086 0.0966 -0.4063
vn -0.8610 -0.3331 -0.3844
vn 0.1600 0.0885 0.9831
vn 0.7758 0.0752 -0.6265
vn -0.9434 -0.1300 -0.3051
vn -0.0560 0.9950 0.0825
vn -0.2472 0.2047 0.9471
vn 0.9052 0.3567 -0.2310
vn -0.0177 -0.9604 -0.2779
vn 0.9199 -0.2373 -0.3122
vn -0.2414 -0.5181 0.8205
vn -0.6802 0.3438 -0.6474
vn -0.6722 -0.1225 -0.7301
vn -0.2137 -0.1563 0.9643
vn 0.9616 0.0810 -0.2623
vn -0.7719 0.0901 -0.6294
vn 0.1739 0.9803 -0.0934
vn -0.7575 0.5103 0.4072
vn 0.8730 0.2038 0.4430
vn -0.0611 -0.9956 -0.0710
vn 0.7853 -0.4002 0.4724
vn -0.8673 -0.2591 0.4251
vn 0.0919 0.2244 -0.9702
vn 0.0158 -0.2620 -0.9649
vn -0.8579 0.1343 0.4960
vn 0.8652 -0.0859 0.4940
vn -0.0617 -0.0064 -0.9981
vn -0.0703 0.8449 -0.5303
vn -0.3241 0.7351 0.5955
vn 0.9030 0.1939 -0.3834
vn 0.0121 -0.9384 0.3453
vn 0.9320 -0.3513 -0.0893
vn -0.2934 0.0504 0.9547
vn -0.6319 -0.1411 -0.7621
vn -0.6286 -0.5598 -0.5400
vn -0.2848 0.4355 0.8540
vn 0.9691 -0.0592 -0.2393
vn -0.7325 -0.3300 -0.5954
vn -0.1762 0.9836 0.0381
vn -0.6602 0.1766 0.7300
vn 0.8748 0.4570 0.1610
vn 0.2000 -0.9529 -0.2278
vn 0.9836 -0.1441 0.1083
vn -0.5299 -0.5575 0.6391
vn -0.3583 0.2990 -0.8844
vn -0.2765 -0.1758 -0.9448
vn -0.6051 -0.1963 0.7715
vn 0.9711 0.1770 0.1602
vn -0.4306 0.0335 -0.9019
vn 0.3390 0.9346 -0.1080
vn 0.4003 0.2765 0.8737
vn 0.6830 -0.0119 -0.7303
vn -0.4857 -0.8711 -0.0724
vn 0.4390 -0.5405 -0.7177
vn 0.0777 -0.4395 0.8949
vn -0.7570 0.5969 -0.2659
vn -0.9560 0.1690 -0.2397
vn 0.3091 -0.0926 0.9465
vn 0.6049 -0.2893 -0.7419
vn -0.8971 0.4176 -0.1442
vn 0.7150 0.5212 -0.4659
vn 0.2931 0.7514 0.5912
vn 0.7607 -0.6173 -0.2008
vn -0.7983 -0.5485 0.2489
vn 0.2732 -0.9601 0.0600
vn -0.3141 0.3316 0.8896
vn -0.3448 0.3751 -0.8605
vn -0.7310 0.1029 -0.6746
vn 0.0170 0.5656 0.8245
vn 0.5761 -0.8149 -0.0642
vn -0.6018 0.3399 -0.7227
vn 0.5883 0.7719 -0.2411
vn 0.2251 0.4865 0.8442
vn 0.8288 -0.3903 -0.4010
vn -0.6950 -0.7182 0.0342
vn 0.4119 -0.8660 -0.2834
vn -0.2850 -0.0629 0.9565
vn -0.4506 0.6020 -0.6592
vn -0.7806 0.2383 -0.5778
vn 0.0158 0.2023 0.9792
vn 0.6834 -0.6469 -0.3384
vn -0.6860 0.4858 -0.5416
vn -0.3292 0.9391 -0.0986
vn 0.4170 0.3940 -0.8191
vn -0.9954 -0.0479 -0.0824
vn 0.3110 -0.8971 0.3137
vn -0.7839 -0.6202 0.0289
vn 0.6704 -0.3124 -0.6731
vn 0.2385 0.5183 0.8212
vn 0.4219 0.0745 0.9036
vn 0.5435 0.0349 -0.8387
vn -0.9395 -0.3390 -0.0499
vn 0.4462 0.3379 0.8287
vn 0.0047 0.8022 0.5971
vn 0.3987 0.7812 -0.4804
vn -0.9533 0.2039 0.2229
vn -0.0285 -0.9055 -0.4234
vn -0.9618 -0.2581 -0.0916
vn 0.3887 0.1162 -0.9140
vn 0.4700 -0.2228 0.8541
vn 0.4793 -0.6752 0.5607
vn 0.3829 0.4989 -0.7774
vn -0.9983 -0.0150 0.0558
vn 0.5947 -0.4111 0.6909
vn 0.1662 0.7908 0.5890
vn 0.8685 0.4047 -0.2863
vn -0.7225 0.6758 -0.1459
vn -0.3210 -0.8420 -0.4336
vn -0.8704 0.1747 -0.4604
vn 0.6834 -0.2129 -0.6983
vn 0.0498 -0.2823 0.9580
vn -0.0634 -0.7549 0.6527
vn 0.8156 0.1382 -0.5618
vn -0.8242 0.4502 -0.3435
vn 0.1176 -0.5350 0.8366
vn -0.1892 0.7443 -0.6405
vn 0.8929 0.3754 -0.2487
vn -0.4550 -0.4197 -0.7854
vn -0.0083 -0.6748 0.7379
vn -0.3398 -0.8732 -0.3494
vn 0.9570 -0.0940 0.2745
vn -0.5740 0.6876 0.4447
vn -0.5252 0.3470 0.7770
vn 0.9919 0.1213 -0.0390
vn -0.4147 -0.6488 -0.6381
vn -0.4651 0.5694 0.6778
vn -0.7552 -0.1985 -0.6247
vn -0.0178 -0.9858 -0.1672
vn -0.4397 -0.6471 0.6229
vn -0.6968 -0.4725 -0.5397
vn 0.4590 -0.4352 -0.7745
vn 0.6439 -0.7105 0.2840
vn 0.8177 0.2809 0.5025
vn -0.4130 -0.1569 0.8971
vn -0.7931 -0.2851 -0.5383
vn 0.5519 0.2006 -0.8094
vn -0.0068 -0.3907 0.9205
vn 0.0875 -0.8896 -0.4482
vn -0.2551 -0.8047 -0.5361
vn -0.1773 -0.2949 0.9389
vn -0.6375 -0.5895 -0.4961
vn -0.3408 -0.2253 0.9128
vn -0.0168 0.4712 -0.8819
vn -0.0469 0.9086 0.4150
vn 0.3350 0.8615 0.3815
vn 0.1960 0.4880 -0.8505
vn 0.6492 0.6345 0.4195
vn 0.4254 0.2758 -0.8619
vn 0.1424 -0.1873 0.9719
vn -0.6935 0.6496 0.3114
vn -0.9869 -0.0664 0.1468
vn -0.2021 -0.7287 0.6543
vn -0.0859 0.3895 -0.9170
vn 0.3031 -0.8828 -0.3588
vn 0.5488 -0.7734 -0.3172
vn -0.1537 0.2910 -0.9443
vn 0.1327 -0.2075 0.9692
vn 0.0406 -0.2792 0.9594
vn -0.5126 0.8187 0.2588
vn -0.3057 0.8937 0.3283
vn 0.7618 -0.5872 -0.2735
vn -0.2328 0.2764 -0.9324
vn 0.3325 -0.8864 -0.3221
vn -0.3042 -0.0665 -0.9503
vn 0.9941 0.0369 0.1024
vn -0.3217 0.7914 0.5198
vn 0.8192 0.4672 0.3325
vn -0.5587 0.5591 -0.6125
vn -0.3797 -0.6936 0.6122
vn -0.5042 -0.3420 0.7930
vn -0.4148 0.2551 -0.8734
vn 0.9375 0.2718 0.2175
vn -0.5364 -0.5349 0.6528
vn -0.1069 0.9932 0.0461
vn -0.5204 0.1642 0.8380
vn 0.9330 0.3567 0.0470
vn 0.0850 -0.9631 -0.2556
vn 0.9789 -0.2040 -0.0083
vn -0.4659 -0.4871 0.7387
vn -0.4747 0.2905 -0.8308
vn -0.4380 -0.1301 -0.8895
vn -0.4802 -0.1624 0.8620
vn 0.9918 0.1211 0.0405
vn -0.5467 0.0515 -0.8357
vn -0.1140 0.9921 0.0521
vn -0.6949 0.1544 0.7024
vn 0.9040 0.3504 0.2451
vn 0.1534 -0.9568 -0.2469
vn 0.9587 -0.2019 0.2005
vn -0.6216 -0.4990 0.6038
vn -0.2879 0.3133 -0.9050
vn -0.2442 -0.1075 -0.9637
vn -0.6678 -0.1846 0.7211
vn 0.9587 0.1179 0.2590
vn -0.3634 0.0705 -0.9290
vn 0.1393 0.8089 -0.5712
vn -0.6373 0.7316 0.2420
vn 0.9507 0.2935 0.1001
vn -0.0667 -0.9167 0.3939
vn 0.8774 -0.2347 0.4184
vn -0.7452 0.0230 0.6664
vn -0.0988 -0.2396 -0.9658
vn -0.1840 -0.6610 -0.7274
vn -0.7291 0.4236 0.5375
vn 0.9587 0.0677 0.2764
vn -0.2615 -0.4403 -0.8589
vn -0.3638 0.9121 0.1890
vn -0.5176 -0.0881 0.8511
vn 0.8177 0.5642 0.1140
vn 0.3405 -0.8640 -0.3710
vn 0.9958 0.0909 -0.0148
vn -0.3016 -0.6839 0.6643
vn -0.5350 0.2846 -0.7955
vn -0.3966 -0.1084 -0.9116
vn -0.4067 -0.3765 0.8324
vn 0.9316 0.3559 0.0733
vn -0.5466 0.0347 -0.8367
vn -0.1928 0.8808 0.4324
vn -0.9303 -0.0363 0.3651
vn 0.6794 0.1498 0.7183
vn 0.2993 -0.7913 -0.5332
vn 0.8001 -0.4051 0.4424
vn -0.7771 -0.6292 0.0152
vn 0.0607 0.7204 -0.6909
vn 0.1761 0.2929 -0.9398
vn -0.8947 -0.3713 0.2484
vn 0.7611 -0.1049 0.6401
vn 0.0139 0.4912 -0.8709
vn -0.5383 0.8188 -0.1997
vn -0.9457 -0.1905 0.2634
vn 0.3997 0.7442 0.5352
vn 0.6441 -0.7634 0.0491
vn 0.7326 0.2825 0.6193
vn -0.5282 -0.7668 0.3646
vn 0.0867 0.1996 -0.9760
vn 0.3502 -0.1816 -0.9189
vn -0.7817 -0.4947 0.3799
vn 0.5796 0.5347 0.6149
vn 0.1372 -0.0510 -0.9892
vn -0.4797 0.8773 -0.0131
vn -0.3350 0.1600 0.9285
vn 0.6766 0.6788 -0.2854
vn 0.3962 -0.9013 -0.1751
vn 0.9343 0.1697 -0.3135
vn -0.0304 -0.4733 0.8804
vn -0.7372 -0.0544 -0.6735
vn -0.5496 -0.4429 -0.7084
vn -0.1555 -0.1402 0.9778
vn 0.8391 0.4554 -0.2975
vn -0.7164 -0.3003 -0.6298
vn -0.4222 0.8787 0.2227
vn -0.5512 -0.1369 0.8230
vn 0.7485 0.6437 0.1595
vn 0.3972 -0.8145 -0.4229
vn 0.9924 0.1226 -0.0095
vn -0.2577 -0.7670 0.5876
vn -0.5538 0.3024 -0.7758
vn -0.3603 -0.1026 -0.9272
vn -0.3991 -0.4648 0.7904
vn 0.9044 0.4139 0.1040
vn -0.5517 0.0382 -0.8332
vn -0.1631 0.9770 0.1374
vn -0.9687 0.1486 0.1990
vn 0.5898 0.3112 0.7451
vn 0.3143 -0.9151 -0.2527
vn 0.7154 -0.2776 0.6412
vn -0.8017 -0.5958 0.0491
vn 0.2677 0.4952 -0.8265
vn 0.3690 0.0244 -0.9291
vn -0.9507 -0.2499 0.1835
vn 0.6707 0.0283 0.7412
vn 0.2187 0.2473 -0.9439
vn -0.5137 0.8468 0.1383
vn -0.8523 -0.2192 0.4750
vn 0.5793 0.6214 0.5276
vn 0.5759 -0.7605 -0.3001
vn 0.9023 0.1122 0.4163
vn -0.4529 -0.8345 0.3137
vn -0.1851 0.4152 -0.8907
vn 0.0713 0.0169 -0.9973
vn -0.6832 -0.5587 0.4702
vn 0.7641 0.3905 0.5135
vn -0.1519 0.1551 -0.9761
vn 0.0048 0.9848 0.1734
vn 0.0235 0.1297 0.9913
vn 0.8149 0.3774 -0.4399
vn -0.1093 -0.9184 -0.3802
vn 0.7786 -0.1811 -0.6009
vn -0.0197 -0.6257 0.7798
vn -0.8153 0.4108 -0.4080
vn -0.8505 -0.0460 -0.5239
vn 0.0517 -0.2555 0.9654
vn 0.8455 0.1032 -0.5239
vn -0.9111 0.1736 -0.3739
vn 0.5843 0.8059 -0.0958
vn -0.1624 0.6138 0.7726
vn 0.9529 -0.3021 -0.0251
vn -0.5902 -0.7954 -0.1379
vn 0.5656 -0.8246 -0.0102
vn -0.6401 -0.0231 0.7679
vn -0.2063 0.4826 -0.8512
vn -0.5072 0.0737 -0.8587
vn -0.4080 0.3025 0.8614
vn 0.8198 -0.5726 0.0042
vn -0.4617 0.3411 -0.8189
vn 0.4368 0.4861 -0.7569
vn 0.0493 0.9884 0.1436
vn 0.8953 -0.4025 -0.1908
vn -0.5475 -0.5899 0.5935
vn 0.5380 -0.7817 0.3156
vn -0.3813 0.5243 0.7614
vn -0.5089 -0.1524 -0.8472
vn -0.7682 -0.3922 -0.5060
vn -0.1352 0.8383 0.5283
vn 0.7927 -0.6059 0.0667
vn -0.7356 -0.1681 -0.6562
vn 0.3215 0.9405 0.1097
vn -0.1991 0.2823 0.9384
vn 0.9887 -0.0198 -0.1485
vn -0.3796 -0.8648 -0.3287
vn 0.7504 -0.6062 -0.2636
vn -0.4936 -0.3966 0.7740
vn -0.4356 0.6075 -0.6642
vn -0.6256 0.1584 -0.7639
vn -0.3235 -0.0745 0.9433
vn 0.9315 -0.3137 -0.1839
vn -0.6377 0.4030 -0.6565
vn 0.5111 0.8089 0.2906
vn -0.5816 0.6152 0.5322
vn 0.8101 -0.2879 0.5108
vn -0.4055 -0.7878 -0.4636
vn 0.4536 -0.8514 0.2635
vn -0.9720 -0.0102 0.2346
vn 0.3199 0.5098 -0.7986
vn 0.0556 0.1173 -0.9915
vn -0.8350 0.3013 0.4605
vn 0.6759 -0.5869 0.4457
vn 0.0790 0.3819 -0.9208
vn -0.9091 0.2716 0.3160
vn -0.6333 -0.7428 -0.2172
vn 0.0595 0.1616 0.9851
vn 0.9424 -0.0847 -0.3237
vn 0.6034 0.0305 0.7968
vn 0.0641 -0.8848 -0.4615
vn -0.2606 0.8485 -0.4607
vn 0.2071 0.7532 -0.6243
vn -0.3149 -0.8943 -0.3180
vn 0.3278 0.0877 0.9407
vn -0.0667 0.7608 -0.6455
vn -0.5979 0.8001 -0.0484
vn 0.4582 0.7012 -0.5462
vn -0.8525 -0.2994 -0.4285
vn 0.5083 -0.8248 0.2477
vn -0.4923 -0.7979 -0.3480
vn 0.8935 0.0815 -0.4416
vn -0.1920 0.3216 0.9272
vn 0.1057 -0.0585 0.9927
vn 0.7030 0.4110 -0.5804
vn -0.7089 -0.5608 -0.4277
vn 0.0553 0.2112 0.9759
vn -0.2893 0.6154 0.7332
vn 0.7138 0.6926 0.1037
vn -0.8449 0.4606 -0.2720
vn 0.1263 -0.7478 -0.6518
vn -0.7157 0.0429 -0.6971
vn 0.8771 0.1836 -0.4438
vn -0.1171 -0.5058 0.8547
vn 0.0307 -0.8900 0.4549
vn 0.8351 0.5070 -0.2135
vn -0.8029 0.2780 -0.5273
vn 0.0655 -0.6868 0.7239
vn -0.4367 -0.2243 -0.8712
vn 0.3759 -0.8679 -0.3249
vn -0.4095 -0.5060 0.7592
vn -0.9329 -0.2192 -0.2857
vn 0.0578 -0.5250 -0.8491
vn 0.4549 -0.8820 0.1231
vn 0.9742 0.0015 0.2257
vn -0.1575 -0.0573 0.9859
vn -0.9637 -0.0116 -0.2668
vn 0.3225 0.0537 -0.9450
vn 0.1480 -0.4038 0.9028
vn -0.3194 -0.8573 -0.4038
vn -0.6307 -0.6694 -0.3925
vn 0.0274 -0.2617 0.9648
vn -0.9013 -0.3502 -0.2549
vn -0.1078 -0.1449 0.9836
vn -0.1338 0.4863 -0.8635
vn 0.3522 0.8643 0.3591
vn 0.6747 0.7050 0.2184
vn 0.0736 0.4367 -0.8966
vn 0.9029 0.3923 0.1758
vn 0.2147 0.1655 -0.9625
vn 0.3594 -0.2572 0.8970
vn -0.3428 0.8172 0.4633
vn -0.8721 0.2302 0.4317
vn -0.2091 -0.6569 0.7244
vn -0.2313 0.4306 -0.8724
vn -0.0954 -0.9194 -0.3817
vn 0.1726 -0.8911 -0.4198
vn -0.3304 0.3584 -0.8731
vn 0.3437 -0.2734 0.8984
vn 0.2358 -0.3135 0.9198
vn -0.1434 0.9254 0.3508
vn 0.0873 0.9316 0.3527
vn 0.4346 -0.7798 -0.4506
vn -0.4031 0.3680 -0.8379
vn 0.2144 0.9766 0.0197
vn -0.1760 0.2831 0.9428
vn 0.9674 0.0555 -0.2472
vn -0.2869 -0.9335 -0.2150
vn 0.8246 -0.4903 -0.2820
vn -0.3512 -0.3499 0.8685
vn -0.5885 0.4509 -0.6711
vn -0.6985 0.0414 -0.7144
vn -0.2305 -0.0410 0.9722
vn 0.9482 -0.1865 -0.2574
vn -0.7269 0.2452 -0.6415
vn 0.2094 0.9774 0.0276
vn -0.3772 0.3316 0.8647
vn 0.9975 0.0510 -0.0492
vn -0.2204 -0.9486 -0.2271
vn 0.8684 -0.4899 -0.0769
vn -0.5357 -0.3092 0.7858
vn -0.4340 0.4188 -0.7977
vn -0.5378 0.0070 -0.8431
vn -0.4488 -0.0002 0.8936
vn 0.9815 -0.1875 -0.0389
vn -0.5823 0.2113 -0.7850
vn 0.2006 0.7491 -0.6313
vn -0.2876 0.8808 0.3760
vn 0.9801 -0.0120 -0.1981
vn -0.2193 -0.8673 0.4468
vn 0.8490 -0.5045 0.1567
vn -0.4729 0.2231 0.8524
vn -0.4460 -0.1628 -0.8801
vn -0.5795 -0.5471 -0.6040
vn -0.3762 0.6045 0.7022
vn 0.9716 -0.2359 -0.0194
vn -0.6224 -0.3086 -0.7193
vn -0.0010 0.9718 0.2356
vn -0.2453 0.0415 0.9686
vn 0.9447 0.2856 -0.1612
vn -0.0594 -0.9123 -0.4053
vn 0.9264 -0.2144 -0.3096
vn -0.2830 -0.5844 0.7605
vn -0.6345 0.4622 -0.6195
vn -0.6610 0.0504 -0.7487
vn -0.2366 -0.2660 0.9345
vn 0.9736 0.0542 -0.2215
vn -0.7321 0.2293 -0.6415
vn 0.2165 0.8814 0.4199
vn -0.7474 0.2337 0.6219
vn 0.8730 -0.0895 0.4794
vn -0.1228 -0.8246 -0.5522
vn 0.7349 -0.6443 0.2117
vn -0.8892 -0.3645 0.2763
vn 0.0675 0.6931 -0.7177
vn -0.0293 0.2601 -0.9651
vn -0.8499 -0.0918 0.5188
vn 0.8477 -0.3538 0.3952
vn -0.0967 0.4956 -0.8632
vn -0.1761 0.9813 0.0784
vn 0.0176 0.2197 0.9754
vn 0.7334 0.4521 -0.5078
vn 0.0377 -0.9719 -0.2324
vn 0.8062 -0.1098 -0.5813
vn 0.0899 -0.4739 0.8760
vn -0.8836 0.1962 -0.4251
vn -0.8402 -0.2293 -0.4914
vn 0.1050 -0.1224 0.9869
vn 0.8103 0.1906 -0.5542
vn -0.9256 -0.0460 -0.3757
vn -0.0539 0.9565 0.2867
vn -0.2987 0.0063 0.9543
vn 0.9191 0.3805 -0.1020
vn -0.0084 -0.8804 -0.4742
vn 0.9344 -0.1834 -0.3053
vn -0.2906 -0.6740 0.6791
vn -0.6404 0.4842 -0.5962
vn -0.6309 0.0455 -0.7746
vn -0.2686 -0.3509 0.8971
vn 0.9753 0.1165 -0.1875
vn -0.7346 0.2341 -0.6368
vn 0.1854 0.9748 0.1242
vn -0.7758 0.4274 0.4642
vn 0.8481 0.0904 0.5221
vn -0.0637 -0.9573 -0.2818
vn 0.7548 -0.5046 0.4191
vn -0.8915 -0.3265 0.3140
vn 0.1478 0.4210 -0.8950
vn 0.0683 -0.0543 -0.9962
vn -0.8835 0.0431 0.4664
vn 0.8354 -0.2033 0.5106
vn -0.0055 0.2040 -0.9790
vn -0.0348 0.9384 -0.3438
vn -0.3522 0.5998 0.7184
vn 0.9244 0.2534 -0.2851
vn -0.0136 -0.9900 0.1405
vn 0.9332 -0.3418 -0.1111
vn -0.3463 -0.1453 0.9268
vn -0.5890 0.0333 -0.8075
vn -0.6009 -0.4226 -0.6785
vn -0.3295 0.2520 0.9099
vn 0.9806 -0.0255 -0.1941
vn -0.7000 -0.1845 -0.6899
vn -0.1715 0.9569 0.2345
vn -0.6991 0.0318 0.7143
vn 0.8674 0.3970 0.3001
vn 0.2061 -0.8876 -0.4120
vn 0.9750 -0.1816 0.1281
vn -0.5687 -0.6692 0.4783
vn -0.3059 0.4842 -0.8197
vn -0.2241 0.0311 -0.9741
vn -0.6489 -0.3425 0.6795
vn 0.9617 0.1217 0.2457
vn -0.3789 0.2296 -0.8965
vn 0.7435 0.5941 -0.3069
vn 0.2643 0.6054 0.7508
vn 0.7667 -0.5753 -0.2850
vn -0.8146 -0.5738 0.0849
vn 0.2630 -0.9562 -0.1286
vn -0.3615 0.1436 0.9213
vn -0.2934 0.5533 -0.7796
vn -0.6911 0.2553 -0.6761
vn -0.0257 0.3800 0.9246
vn 0.5734 -0.7937 -0.2031
vn -0.5579 0.4947 -0.6663
vn 0.3190 0.3586 -0.8773
vn 0.3834 0.9211 0.0676
vn 0.6354 -0.6474 -0.4208
vn -0.4988 -0.4179 0.7593
vn 0.3467 -0.9189 0.1881
vn 0.0355 0.5868 0.8090
vn -0.7571 0.0401 -0.6521
vn -0.9637 -0.1224 -0.2372
vn 0.2843 0.8198 0.4970
vn 0.5573 -0.8195 -0.1336
vn -0.9112 0.0868 -0.4027
vn 0.6060 0.7944 -0.0416
vn 0.1804 0.2947 0.9384
vn 0.8474 -0.3128 -0.4290
vn -0.7006 -0.6966 -0.1548
vn 0.4215 -0.7948 -0.4366
vn -0.3387 -0.2567 0.9052
vn -0.4088 0.7348 -0.5412
vn -0.7452 0.3683 -0.5558
vn -0.0380 -0.0076 0.9993
vn 0.6970 -0.5740 -0.4297
vn -0.6512 0.6010 -0.4634
vn 0.6644 0.4649 0.5852
vn 0.6636 -0.6731 0.3264
vn 0.4371 0.7431 -0.5067
vn -0.8261 -0.2228 -0.5176
vn -0.0225 0.5221 -0.8526
vn 0.0138 -0.9856 -0.1687
vn -0.4680 0.4070 0.7845
vn -0.8197 0.2299 0.5246
vn 0.4176 -0.9070 0.0546
vn 0.2409 0.6470 -0.7234
vn -0.6422 0.2080 0.7377
vn 0.0930 -0.8674 0.4889
vn -0.2264 0.1635 0.9602
vn -0.5957 -0.6710 -0.4415
vn 0.0445 0.8020 -0.5956
vn -0.6097 -0.1744 -0.7732
vn -0.2574 0.7914 0.5546
vn 0.9486 -0.3036 -0.0894
vn 0.9401 0.0892 -0.3292
vn -0.3011 0.4903 0.8179
vn -0.6468 -0.4267 -0.6321
vn 0.9910 -0.0569 -0.1213
vn -0.0236 0.6591 0.7517
vn 0.4303 0.8571 -0.2833
vn -0.9629 0.1701 0.2093
vn -0.0106 -0.7960 -0.6052
vn -0.9568 -0.2155 -0.1953
vn 0.4402 0.2980 -0.8470
vn 0.4197 -0.4053 0.8121
vn 0.4425 -0.7864 0.4311
vn 0.4294 0.6437 -0.6335
vn -1.0000 -0.0081 -0.0022
vn 0.5521 -0.5575 0.6200
vn 0.1380 0.6467 0.7501
vn 0.8859 0.4397 -0.1478
vn -0.7086 0.7045 -0.0391
vn -0.3017 -0.7264 -0.6175
vn -0.8419 0.2832 -0.4594
vn 0.7202 -0.0744 -0.6898
vn -0.0061 -0.4776 0.8786
vn -0.1050 -0.8736 0.4751
vn 0.8468 0.2379 -0.4757
vn -0.8005 0.5272 -0.2849
vn 0.0668 -0.7005 0.7105
vn -0.1479 0.8653 -0.4790
vn 0.9079 0.4027 -0.1159
vn -0.4129 -0.2374 -0.8793
vn -0.0543 -0.8142 0.5780
vn -0.3254 -0.7742 -0.5429
vn 0.9394 -0.1669 0.2995
vn -0.5935 0.5895 0.5479
vn -0.5658 0.1861 0.8033
vn 0.9933 0.1086 0.0406
vn -0.3824 -0.4930 -0.7815
vn -0.4988 0.4232 0.7564
vn -0.7202 -0.0494 -0.6920
vn -0.0149 -0.9284 -0.3713
vn -0.7718 -0.4702 0.4282
vn -0.5118 -0.4262 -0.7459
vn 0.6243 -0.6113 -0.4863
vn 0.3194 -0.7569 0.5702
vn 0.5951 0.2142 0.7746
vn -0.7535 0.0436 0.6559
vn -0.5599 -0.2275 -0.7967
vn 0.8529 -0.0108 -0.5219
vn -0.4467 -0.2471 0.8599
vn 0.0695 -0.9474 -0.3125
vn -0.1859 -0.8216 -0.5389
vn -0.5870 -0.1233 0.8001
vn -0.4998 -0.5437 -0.6742
vn -0.7090 -0.0326 0.7044
vn 0.4272 0.3351 -0.8398
vn -0.0161 0.9545 0.2977
vn 0.3297 0.8417 0.4275
vn 0.6093 0.3215 -0.7248
vn 0.5496 0.5747 0.6064
vn 0.7755 0.0755 -0.6268
vn -0.2909 -0.0654 0.9545
vn -0.6093 0.7917 -0.0454
vn -0.9563 0.1166 -0.2682
vn -0.5879 -0.5839 0.5599
vn 0.3621 0.2615 -0.8947
vn 0.2293 -0.9628 -0.1429
vn 0.4561 -0.8899 -0.0113
vn 0.2915 0.1724 -0.9409
vn -0.3028 -0.0838 0.9494
vn -0.3963 -0.1404 0.9073
vn -0.3914 0.9197 -0.0300
vn -0.2175 0.9695 0.1134
vn 0.6686 -0.7364 0.1037
vn 0.2129 0.1727 -0.9617
vn 0.2406 -0.9657 -0.0972
vn 0.0848 -0.1530 -0.9846
vn 0.8591 -0.1105 0.4997
vn -0.3279 0.8999 0.2876
vn 0.7015 0.3712 0.6083
vn -0.1460 0.5478 -0.8238
vn -0.7234 -0.5268 0.4463
vn -0.8329 -0.1373 0.5361
vn 0.0222 0.1900 -0.9815
vn 0.8120 0.1447 0.5654
vn -0.8470 -0.3406 0.4082
vn 0.0917 0.9935 -0.0679
vn -0.7603 0.3659 0.5367
vn 0.8923 0.2036 0.4030
vn -0.0232 -0.9908 -0.1335
vn 0.8390 -0.3591 0.4088
vn -0.8074 -0.2930 0.5121
vn -0.0409 0.2404 -0.9698
vn -0.0721 -0.1846 -0.9802
vn -0.8012 0.0440 0.5967
vn 0.8988 -0.0369 0.4369
vn -0.1530 0.0180 -0.9881
vn 0.0828 0.9944 -0.0653
vn -0.8658 0.3650 0.3423
vn 0.7875 0.2308 0.5715
vn 0.0361 -0.9945 -0.0979
vn 0.7396 -0.3236 0.5901
vn -0.8968 -0.2988 0.3262
vn 0.1603 0.2216 -0.9619
vn 0.1354 -0.2047 -0.9694
vn -0.9190 0.0324 0.3930
vn 0.7830 -0.0030 0.6221
vn 0.0518 -0.0066 -0.9986
vn 0.5157 0.6843 -0.5156
vn -0.5147 0.8525 -0.0908
vn 0.8743 0.1467 0.4627
vn -0.4035 -0.8270 0.3914
vn 0.5748 -0.3109 0.7569
vn -0.9241 0.2398 0.2977
vn 0.2393 -0.3576 -0.9027
vn -0.0176 -0.7206 -0.6931
vn -0.7763 0.6096 0.1605
vn 0.7658 -0.0495 0.6412
vn 0.0100 -0.5116 -0.8592
vn -0.2114 0.9767 -0.0384
vn -0.8151 0.1211 0.5665
vn 0.8056 0.4345 0.4026
vn 0.2716 -0.9522 -0.1398
vn 0.9177 -0.0750 0.3902
vn -0.6718 -0.5225 0.5251
vn -0.1100 0.2495 -0.9621
vn -0.0219 -0.1733 -0.9846
vn -0.7680 -0.1811 0.6143
vn 0.8806 0.2068 0.4264
vn -0.1561 0.0015 -0.9877
vn -0.1596 0.9536 0.2553
vn -0.9845 0.1683 -0.0485
vn 0.3596 0.1399 0.9226
vn 0.3130 -0.8980 -0.3091
vn 0.4608 -0.4612 0.7582
vn -0.8331 -0.4859 -0.2642
vn 0.4736 0.5934 -0.6509
vn 0.5859 0.1214 -0.8013
vn -0.9764 -0.1813 -0.1177
vn 0.4107 -0.1332 0.9020
vn 0.4546 0.3512 -0.8186
vn -0.2352 0.8576 -0.4573
vn -0.9906 0.0056 -0.1370
vn 0.3033 0.7390 0.6016
vn 0.4004 -0.8426 0.3602
vn 0.4735 0.2464 0.8456
vn -0.7750 -0.6101 0.1649
vn 0.5006 0.0396 -0.8648
vn 0.6357 -0.3670 -0.6791
vn -0.9519 -0.3011 0.0565
vn 0.3902 0.5169 0.7620
vn 0.4992 -0.2151 -0.8394
vn -0.2435 0.9323 -0.2674
vn -0.6303 0.3449 0.6956
vn 0.8589 0.5115 -0.0260
vn 0.2372 -0.9694 0.0636
vn 0.9956 -0.0313 0.0882
vn -0.4694 -0.3297 0.8191
vn -0.4092 -0.0309 -0.9119
vn -0.3077 -0.4456 -0.8407
vn -0.5507 0.0298 0.8342
vn 0.9631 0.2653 0.0447
vn -0.4585 -0.2680 -0.8473
vn 0.1395 0.8619 -0.4876
vn -0.7683 0.6117 0.1886
vn 0.8722 0.3832 0.3040
vn -0.0417 -0.9478 0.3161
vn 0.8022 -0.1717 0.5719
vn -0.8537 -0.0852 0.5137
vn 0.0719 -0.1840 -0.9803
vn 0.0068 -0.6132 -0.7899
vn -0.8539 0.3025 0.4236
vn 0.8729 0.1342 0.4690
vn -0.0755 -0.4016 -0.9127
vn -0.3395 0.9298 -0.1418
vn -0.9954 -0.0070 0.0956
vn 0.4419 0.5889 0.6767
vn 0.4764 -0.8791 0.0146
vn 0.6697 0.0234 0.7422
vn -0.7016 -0.6957 0.1541
vn 0.2681 0.3064 -0.9134
vn 0.4573 -0.1394 -0.8783
vn -0.9122 -0.3665 0.1834
vn 0.5654 0.3314 0.7553
vn 0.2774 0.0349 -0.9601
vn -0.4163 -0.8388 -0.3508
vn -0.1577 0.1074 -0.9816
vn 0.6123 -0.7647 0.2009
vn 0.3061 0.7742 0.5540
vn 0.8262 -0.2801 0.4888
vn 0.1609 0.7879 -0.5944
vn -0.8596 -0.1628 0.4843
vn -0.6850 0.2202 0.6944
vn 0.0339 0.4594 -0.8876
vn 0.7697 -0.5387 0.3427
vn -0.8584 0.0969 0.5037
vn 0.1404 0.9856 0.0943
vn -0.3395 0.2662 0.9021
vn 0.9809 0.1725 -0.0896
vn -0.1396 -0.9337 -0.3297
vn 0.8957 -0.3900 -0.2139
vn -0.4520 -0.4948 0.7423
vn -0.4867 0.4743 -0.7336
vn -0.5675 0.0173 -0.8232
vn -0.3839 -0.1182 0.9158
vn 0.9844 -0.1123 -0.1352
vn -0.6350 0.2632 -0.7263
vn 0.7882 0.2942 -0.5405
vn 0.1927 0.9776 0.0853
vn 0.7942 -0.5658 0.2216
vn -0.8451 -0.4011 0.3533
vn 0.1973 -0.8046 0.5600
vn -0.5311 0.6838 0.5004
vn -0.1568 -0.1887 -0.9694
vn -0.5724 -0.3314 -0.7500
vn -0.1542 0.9166 0.3690
vn 0.5595 -0.7104 0.4270
vn -0.4381 -0.1396 -0.8880
vn 0.4401 0.8818 0.1696
vn -0.4870 0.4436 0.7524
vn 0.9407 -0.2012 0.2732
vn -0.3910 -0.8301 -0.3976
vn 0.6505 -0.7516 0.1094
vn -0.8273 -0.1950 0.5267
vn -0.0053 0.5676 -0.8233
vn -0.2297 0.1456 -0.9623
vn -0.6743 0.1162 0.7293
vn 0.8424 -0.4840 0.2370
vn -0.2319 0.4018 -0.8859
vn 0.0992 0.6541 0.7499
vn 0.3343 -0.4877 0.8065
vn 0.6153 0.7392 -0.2737
vn -0.2805 -0.4400 -0.8531
vn 0.5026 0.3924 -0.7703
vn 0.1787 -0.9788 0.0997
vn -0.8874 0.4108 0.2089
vn -0.9764 0.1383 -0.1658
vn 0.3368 -0.7972 0.5011
vn 0.6120 0.5804 -0.5372
vn -0.9779 0.1783 0.1096
vn -0.8826 0.4583 -0.1048
vn -0.6369 -0.6537 -0.4088
vn -0.2982 0.2906 0.9092
vn 0.9542 -0.2824 0.0991
vn 0.2360 0.0472 0.9706
vn 0.0547 -0.9408 -0.3345
vn 0.1220 0.8038 -0.5822
vn 0.5857 0.6113 -0.5322
vn -0.3432 -0.8678 -0.3594
vn -0.0555 0.1684 0.9841
vn 0.3499 0.6601 -0.6647
vn -0.1932 -0.7628 0.6171
vn -0.8026 0.2423 0.5450
vn -0.1275 -0.8230 -0.5536
vn 0.3707 0.7111 -0.5974
vn 0.0465 -0.3857 -0.9215
vn -0.6017 0.7945 0.0820
vn 0.7976 -0.1288 0.5893
vn 0.9225 0.2205 0.3169
vn -0.7871 0.5277 0.3194
vn -0.0578 -0.6197 -0.7827
vn 0.8357 0.1150 0.5371
vn -0.3517 0.8710 -0.3431
vn 0.7696 0.5311 -0.3545
vn -0.6590 -0.2160 -0.7205
vn 0.1883 -0.8517 0.4890
vn -0.4706 -0.7492 -0.4660
vn 0.9908 -0.1293 -0.0391
vn -0.4681 0.4792 0.7425
vn -0.3053 0.0694 0.9497
vn 0.9424 0.2032 -0.2656
vn -0.5847 -0.4943 -0.6433
vn -0.2881 0.3383 0.8958
vn -0.5434 0.7355 0.4047
vn 0.4590 0.8781 -0.1352
vn -0.8780 0.0119 -0.4785
vn 0.4309 -0.8560 -0.2855
vn -0.5887 -0.4152 -0.6936
vn 0.8645 0.2619 -0.4291
vn -0.1814 -0.2093 0.9609
vn 0.1051 -0.6258 0.7729
vn 0.6974 0.6243 -0.3518
vn -0.7587 -0.1963 -0.6211
vn 0.0527 -0.3577 0.9324
vn -0.0975 -0.2741 -0.9567
vn 0.2844 -0.9551 -0.0831
vn -0.1506 -0.7587 0.6338
vn -0.6329 -0.6226 -0.4602
vn 0.4197 -0.2752 -0.8649
vn 0.8416 -0.5242 0.1302
vn 0.7908 0.4708 0.3912
vn -0.2046 -0.2874 0.9357
vn -0.7722 -0.4673 -0.4306
vn 0.3404 0.3635 -0.8672
vn 0.2459 -0.4065 0.8799
vn 0.2357 -0.8211 -0.5198
vn -0.1269 -0.8267 -0.5481
vn 0.0621 -0.3597 0.9310
vn -0.5393 -0.7211 -0.4349
vn -0.1157 -0.3348 0.9352
vn -0.2824 0.4768 -0.8324
vn -0.2074 0.8511 0.4822
vn 0.1629 0.9073 0.3877
vn -0.0788 0.5481 -0.8327
vn 0.5263 0.7699 0.3609
vn 0.1919 0.4042 -0.8943
vn 0.3447 -0.1728 0.9227
vn -0.7746 0.4343 0.4598
vn -0.8989 -0.3284 0.2901
vn 0.1018 -0.7758 0.6227
vn -0.3332 0.3809 -0.8625
vn 0.4542 -0.7605 -0.4640
vn 0.6673 -0.5916 -0.4525
vn -0.3773 0.2690 -0.8862
vn 0.3401 -0.1947 0.9200
vn 0.2691 -0.2878 0.9191
vn -0.6541 0.6466 0.3926
vn -0.4645 0.7713 0.4352
vn 0.8300 -0.3573 -0.4283
vn -0.4469 0.2337 -0.8635
vn 0.4892 -0.7573 -0.4326
vn -0.4306 -0.1152 -0.8952
vn 0.9546 0.2942 -0.0477
vn -0.4220 0.6625 0.6189
vn 0.7165 0.6561 0.2370
vn -0.7764 0.4107 -0.4780
vn -0.0833 -0.7874 0.6108
vn -0.2616 -0.4867 0.8335
vn -0.6051 0.1634 -0.7792
vn 0.8598 0.5023 0.0914
vn -0.2664 -0.6769 0.6862
vn -0.3528 0.9250 0.1409
vn -0.5848 -0.0555 0.8093
vn 0.8125 0.5684 0.1294
vn 0.3491 -0.8746 -0.3364
vn 0.9980 0.0516 0.0370
vn -0.3648 -0.6632 0.6535
vn -0.5043 0.2539 -0.8254
vn -0.3652 -0.1385 -0.9206
vn -0.4694 -0.3759 0.7990
vn 0.9262 0.3582 0.1179
vn -0.5183 0.0006 -0.8552
vn -0.1682 0.8341 -0.5254
vn -0.7535 0.5303 0.3887
vn 0.8475 0.5303 -0.0247
vn 0.2355 -0.9135 0.3317
vn 0.9651 -0.0080 0.2618
vn -0.6052 -0.1943 0.7720
vn -0.1932 -0.2276 -0.9544
vn -0.1275 -0.6637 -0.7371
vn -0.7134 0.2001 0.6716
vn 0.9418 0.3093 0.1314
vn -0.2794 -0.4672 -0.8388
vn -0.5477 0.7779 0.3080
vn -0.3294 -0.2472 0.9112
vn 0.6541 0.7559 0.0289
vn 0.4830 -0.7321 -0.4803
vn 0.9230 0.3503 -0.1596
vn -0.0028 -0.7591 0.6510
vn -0.7142 0.1578 -0.6819
vn -0.5015 -0.1811 -0.8460
vn -0.1533 -0.4955 0.8550
vn 0.8090 0.5862 -0.0436
vn -0.6684 -0.0850 -0.7389
vn -0.3365 0.7854 0.5196
vn -0.8164 -0.2911 0.4988
vn 0.7282 0.3014 0.6155
vn 0.3983 -0.6679 -0.6287
vn 0.9389 -0.1934 0.2848
vn -0.5774 -0.8118 0.0875
vn -0.2405 0.7317 -0.6379
vn -0.0628 0.3574 -0.9318
vn -0.7165 -0.6011 0.3540
vn 0.8580 0.0797 0.5075
vn -0.2565 0.5038 -0.8248
vn -0.7546 0.6538 -0.0553
vn -0.8086 -0.4407 0.3897
vn 0.2799 0.8065 0.5208
vn 0.8163 -0.5680 -0.1052
vn 0.7286 0.4464 0.5194
vn -0.2473 -0.8896 0.3840
vn -0.1302 0.2450 -0.9607
vn 0.2274 -0.0548 -0.9722
vn -0.5555 -0.6944 0.4574
vn 0.5179 0.6495 0.5568
vn -0.0205 0.0172 -0.9996
vn -0.5892 0.7294 0.3477
vn -0.3537 -0.3023 0.8852
vn 0.5754 0.8129 0.0901
vn 0.5158 -0.6679 -0.5365
vn 0.9126 0.3798 -0.1515
vn 0.0475 -0.8253 0.5626
vn -0.7334 0.1695 -0.6583
vn -0.4709 -0.1655 -0.8665
vn -0.1306 -0.5774 0.8060
vn 0.7733 0.6340 -0.0050
vn -0.6736 -0.0830 -0.7344
vn -0.4971 0.8249 -0.2692
vn -0.6925 0.2061 0.6913
vn 0.6674 0.7381 -0.0988
vn 0.5057 -0.8608 0.0572
vn 0.9762 0.2151 0.0264
vn -0.3092 -0.4498 0.8379
vn -0.4259 -0.1487 -0.8925
vn -0.2045 -0.5583 -0.8040
vn -0.5068 -0.1048 0.8557
vn 0.8548 0.5186 -0.0218
vn -0.4141 -0.4080 -0.8136
vn -0.6823 0.6770 0.2761
vn -0.6772 -0.4502 0.5819
vn 0.4810 0.7356 0.4770
vn 0.6927 -0.5725 -0.4387
vn 0.9000 0.3331 0.2812
vn -0.1667 -0.9335 0.3174
vn -0.4300 0.3787 -0.8196
vn -0.1018 0.0655 -0.9926
vn -0.4304 -0.7329 0.5268
vn 0.7136 0.5620 0.4182
vn -0.3462 0.1394 -0.9277
vn 0.3353 0.9338 -0.1247
vn -0.1830 0.5256 0.8309
vn 0.9806 -0.0397 -0.1917
vn -0.3824 -0.9181 -0.1039
vn 0.7473 -0.6459 -0.1561
vn -0.4765 -0.2142 0.8527
vn -0.4608 0.4369 -0.7725
vn -0.6445 -0.0363 -0.7638
vn -0.3228 0.1580 0.9332
vn 0.9276 -0.3364 -0.1623
vn -0.6626 0.2323 -0.7120
vn 0.1666 0.6069 -0.7772
vn -0.1812 0.9616 0.2060
vn 0.9238 -0.1466 -0.3536
vn -0.2727 -0.7311 0.6254
vn 0.7641 -0.6217 0.1723
vn -0.3706 0.3819 0.8466
vn -0.5865 -0.2551 -0.7687
vn -0.7158 -0.5650 -0.4104
vn -0.2548 0.7566 0.6022
vn 0.9207 -0.3775 -0.0990
vn -0.7668 -0.3358 -0.5470
vn 0.3289 0.9057 0.2675
vn -0.6226 0.4238 0.6579
vn 0.9298 -0.0799 0.3592
vn -0.2624 -0.8522 -0.4526
vn 0.6928 -0.7095 0.1288
vn -0.8845 -0.2730 0.3785
vn 0.0423 0.6002 -0.7988
vn -0.1414 0.1580 -0.9773
vn -0.7958 0.0566 0.6029
vn 0.8675 -0.4015 0.2937
vn -0.1748 0.4172 -0.8919
vn 0.2447 0.6417 0.7269
vn 0.8827 -0.2729 0.3826
vn 0.0198 0.9318 -0.3624
vn -0.5172 -0.5331 -0.6695
vn -0.2097 0.5630 -0.7994
vn 0.5588 -0.7934 -0.2412
vn -0.6927 -0.0265 0.7207
vn -0.8647 -0.3162 0.3903
vn 0.8310 -0.5536 0.0545
vn -0.0700 0.7839 -0.6169
vn -0.7268 -0.2766 0.6288
vn -0.8828 0.0128 0.4696
vn -0.4501 -0.8763 -0.1717
vn 0.1789 0.1414 0.9736
vn 0.8656 0.1764 -0.4687
vn 0.6993 0.1640 0.6958
vn 0.2100 -0.8222 -0.5290
vn -0.5409 0.7636 -0.3527
vn -0.0982 0.7998 -0.5921
vn -0.1248 -0.9355 -0.3306
vn 0.4460 0.1422 0.8837
vn -0.3646 0.7358 -0.5707
vn 0.4924 -0.7582 0.4274
vn -0.3782 -0.1336 0.9160
vn -0.0916 -0.8021 -0.5902
vn -0.3310 0.7918 -0.5134
vn -0.3352 -0.3394 -0.8789
vn -0.6988 0.4423 0.5621
vn 0.9663 0.2517 0.0534
vn 0.7734 0.6154 -0.1523
vn -0.6013 0.1247 0.7892
vn -0.2456 -0.5930 -0.7668
vn 0.8726 0.4859 0.0490
vn -0.7816 0.6155 0.1015
vn 0.1671 0.8134 -0.5571
vn -0.8069 -0.5001 -0.3144
vn 0.7356 -0.6690 0.1067
vn -0.3233 -0.8883 -0.3261
vn 0.7572 0.3273 -0.5653
vn -0.1111 0.2312 0.9665
vn 0.2803 -0.0588 0.9581
vn 0.4686 0.5991 -0.6492
vn -0.6033 -0.7144 -0.3544
vn 0.1608 0.1885 0.9688
vn -0.4529 0.4211 0.7859
vn -0.0706 0.9883 -0.1354
vn -0.9192 -0.3904 0.0512
vn 0.4824 -0.5772 -0.6589
vn -0.6644 -0.6463 -0.3753
vn 0.2974 0.6140 -0.7311
vn 0.4836 -0.2523 0.8382
vn 0.7474 -0.4995 0.4380
vn 0.0801 0.8645 -0.4961
vn -0.8322 -0.5255 -0.1769
vn 0.6964 -0.2807 0.6605
vn -0.3108 0.4948 0.8115
vn 0.5207 0.8526 0.0440
vn -0.9674 0.2300 -0.1060
vn 0.2027 -0.6679 -0.7161
vn -0.8084 -0.1258 -0.5751
vn 0.7151 0.4216 -0.5576
vn 0.1591 -0.5446 0.8235
vn 0.3316 -0.8640 0.3789
vn 0.6309 0.7153 -0.3006
vn -0.9232 0.0727 -0.3773
vn 0.3575 -0.6671 0.6536
vn -0.5383 0.7263 -0.4274
vn 0.5556 0.8279 0.0762
vn -0.1255 -0.2732 -0.9537
vn 0.3312 -0.8042 0.4935
vn 0.2007 -0.7323 -0.6508
vn 0.8443 0.2995 0.4443
vn -0.8710 0.0994 0.4811
vn -0.6579 -0.2658 0.7047
vn 0.7686 0.6002 0.2214
vn 0.0270 -0.4876 -0.8727
vn -0.7243 -0.0244 0.6891
vn -0.5034 -0.3047 -0.8086
vn 0.5254 -0.7279 -0.4405
vn -0.4800 -0.7975 0.3655
vn -0.2127 -0.5788 -0.7873
vn 0.8621 -0.2226 -0.4551
vn 0.6090 -0.5462 0.5752
vn 0.3845 0.4294 0.8172
vn -0.7173 -0.3471 0.6042
vn -0.3461 -0.4235 -0.8372
vn 0.7826 0.4160 -0.4632
vn -0.3204 -0.4698 0.8225
vn 0.5229 -0.7876 -0.3260
vn 0.2501 -0.7851 -0.5666
vn -0.4993 -0.4234 0.7559
vn -0.1504 -0.6804 -0.7172
vn -0.6446 -0.3958 0.6541
vn 0.2607 0.5373 -0.8021
vn -0.4785 0.8196 0.3150
vn -0.1273 0.8758 0.4656
vn 0.4218 0.6050 -0.6754
vn 0.1831 0.7344 0.6536
vn 0.6791 0.4610 -0.5712
vn -0.2735 -0.2413 0.9311
vn -0.9071 0.4150 -0.0706
vn -0.8837 -0.3320 -0.3299
vn -0.2711 -0.8182 0.5070
vn 0.2408 0.4446 -0.8628
vn 0.6624 -0.7347 -0.1463
vn 0.8212 -0.5706 0.0017
vn 0.2229 0.3353 -0.9154
vn -0.2750 -0.2628 0.9248
vn -0.3286 -0.3545 0.8754
vn -0.7762 0.6293 -0.0379
vn -0.6536 0.7476 0.1179
vn 0.9303 -0.3413 0.1339
vn 0.1546 0.2997 -0.9414
vn 0.6715 -0.7343 -0.1001
vn 0.1962 -0.0464 -0.9795
vn 0.7836 0.2804 0.5543
vn -0.7269 0.6258 0.2828
vn 0.4126 0.6260 0.6617
vn -0.3450 0.4556 -0.8206
vn -0.4116 -0.8257 0.3857
vn -0.6960 -0.5379 0.4756
vn -0.0206 0.2266 -0.9738
vn 0.6187 0.4801 0.6218
vn -0.6062 -0.7175 0.3430
vn -0.3835 0.9226 -0.0416
vn -0.8689 -0.0601 0.4913
vn 0.6699 0.5777 0.4664
vn 0.4527 -0.8782 -0.1546
vn 0.8875 0.0561 0.4573
vn -0.5991 -0.6621 0.4503
vn -0.1004 0.2409 -0.9653
vn 0.0727 -0.1481 -0.9863
vn -0.7565 -0.3661 0.5419
vn 0.7871 0.3669 0.4958
vn -0.0936 -0.0068 -0.9956
vn 0.1580 0.8707 -0.4656
vn -0.8502 0.5153 -0.1083
vn 0.6778 0.5162 0.5236
vn 0.0142 -0.9379 0.3465
vn 0.6146 -0.0424 0.7877
vn -0.9418 -0.2362 0.2392
vn 0.4245 -0.1585 -0.8914
vn 0.3586 -0.6095 -0.7071
vn -0.9788 0.1660 0.1198
vn 0.6656 0.2834 0.6904
vn 0.2929 -0.4040 -0.8666
vn -0.6440 0.7643 -0.0330
vn -0.8035 -0.3032 0.5124
vn 0.4849 0.7408 0.4649
vn 0.6945 -0.7057 -0.1402
vn 0.8240 0.3445 0.4498
vn -0.3721 -0.8016 0.4679
vn -0.1660 0.2162 -0.9621
vn 0.1118 -0.1143 -0.9871
vn -0.6221 -0.5500 0.5572
vn 0.6568 0.5739 0.4891
vn -0.0885 -0.0229 -0.9958
vn -0.6399 0.7215 -0.2645
vn -0.7525 -0.0256 0.6581
vn 0.5171 0.8549 0.0424
vn 0.6621 -0.7470 0.0601
vn 0.8873 0.4345 0.1547
vn -0.2994 -0.5513 0.7787
vn -0.3001 -0.1738 -0.9380
vn -0.0190 -0.4956 -0.8684
vn -0.5410 -0.2730 0.7954
vn 0.7212 0.6831 0.1150
vn -0.2351 -0.4092 -0.8816
vn -0.6996 0.7139 -0.0294
vn -0.8057 -0.3559 0.4735
vn 0.3837 0.7949 0.4701
vn 0.7526 -0.6384 -0.1612
vn 0.8100 0.3736 0.4520
vn -0.2771 -0.8625 0.4234
vn -0.1958 0.2266 -0.9541
vn 0.1481 -0.0978 -0.9841
vn -0.5723 -0.6288 0.5264
vn 0.6038 0.6196 0.5015
vn -0.0954 -0.0211 -0.9952
vn -0.4684 0.8834 0.0132
vn -0.9510 -0.1259 -0.2823
vn 0.0723 0.3756 0.9239
vn 0.6321 -0.7735 -0.0464
vn 0.3873 -0.1477 0.9100
vn -0.5373 -0.7834 -0.3123
vn 0.4694 0.6279 -0.6209
vn 0.7310 0.2117 -0.6488
vn -0.8196 -0.5028 -0.2746
vn 0.2199 0.1249 0.9675
vn 0.5497 0.3888 -0.7394
vn -0.2584 0.8497 -0.4596
vn -0.9742 0.1702 0.1484
vn 0.5726 0.7316 0.3699
vn 0.3936 -0.8712 0.2935
vn 0.7587 0.1961 0.6213
vn -0.7377 -0.5007 0.4529
vn 0.1992 -0.0801 -0.9767
vn 0.3344 -0.4986 -0.7998
vn -0.9158 -0.1543 0.3708
vn 0.6822 0.5042 0.5296
vn 0.1684 -0.3444 -0.9236
vn -0.7296 0.6681 -0.1458
vn -0.8783 -0.4773 0.0279
vn 0.0781 0.6930 0.7167
vn 0.8327 -0.5529 0.0292
vn 0.5416 0.2977 0.7862
vn -0.2982 -0.9500 0.0923
vn 0.1378 0.4411 -0.8868
vn 0.5125 0.1349 -0.8480
vn -0.6402 -0.7597 0.1138
vn 0.3041 0.5199 0.7983
vn 0.2762 0.2083 -0.9383
vn 0.0458 -0.9176 -0.3949
vn -0.1401 0.0694 -0.9877
vn 0.8892 -0.3975 0.2265
vn -0.1226 0.7989 0.5889
vn 0.8350 0.1159 0.5378
vn -0.1993 0.7998 -0.5662
vn -0.7049 -0.5703 0.4217
vn -0.7420 -0.1612 0.6508
vn -0.1418 0.4650 -0.8739
vn 0.9143 -0.1314 0.3831
vn -0.8271 -0.3417 0.4463
vn -0.3450 0.9304 0.1234
vn -0.4697 0.0310 0.8823
vn 0.7873 0.6162 -0.0196
vn 0.3332 -0.8726 -0.3570
vn 0.9832 0.0863 -0.1606
vn -0.2025 -0.6849 0.6999
vn -0.6151 0.2266 -0.7552
vn -0.4667 -0.2099 -0.8592
vn -0.3286 -0.3295 0.8851
vn 0.9268 0.3690 -0.0705
vn -0.6467 -0.0294 -0.7622
vn 0.3173 0.9343 0.1625
vn -0.6593 0.4706 0.5864
vn 0.9001 -0.0432 0.4335
vn -0.2182 -0.9022 -0.3720
vn 0.7088 -0.6464 0.2825
vn -0.8868 -0.2638 0.3795
vn 0.0833 0.4965 -0.8640
vn -0.0558 0.0270 -0.9981
vn -0.8224 0.0994 0.5601
vn 0.8482 -0.3404 0.4059
vn -0.1087 0.2917 -0.9503
vn 0.5830 0.6556 -0.4800
vn -0.2948 0.9483 0.1177
vn 0.9548 -0.1379 0.2635
vn -0.5733 -0.7673 0.2872
vn 0.5244 -0.6450 0.5559
vn -0.8148 0.3295 0.4770
vn -0.0005 -0.1919 -0.9814
vn -0.3104 -0.5234 -0.7935
vn -0.5859 0.7179 0.3760
vn 0.8057 -0.3856 0.4496
vn -0.2755 -0.2844 -0.9182
vn -0.0359 0.9756 0.2167
vn -0.6756 0.1258 0.7265
vn 0.9096 0.2497 0.3321
vn 0.0663 -0.8957 -0.4397
vn 0.9213 -0.3635 0.1380
vn -0.6634 -0.5858 0.4655
vn -0.2305 0.5389 -0.8102
vn -0.2225 0.0685 -0.9725
vn -0.6853 -0.2495 0.6842
vn 0.9579 -0.0439 0.2837
vn -0.3489 0.2896 -0.8913
vn -0.7026 0.6204 -0.3485
vn 0.4457 0.8466 -0.2909
vn -0.4426 -0.4636 -0.7676
vn 0.5423 -0.6872 0.4834
vn -0.0384 -0.8583 -0.5117
vn 0.9356 0.3522 0.0254
vn -0.6752 0.1665 0.7186
vn -0.3493 -0.1289 0.9281
vn 0.7478 0.6339 -0.1971
vn -0.2500 -0.6781 -0.6911
vn -0.4581 0.1191 0.8809
vn -0.8452 0.3741 0.3817
vn -0.0022 0.9963 -0.0861
vn -0.7549 -0.3772 -0.5365
vn 0.7969 -0.5390 -0.2728
vn -0.2882 -0.6077 -0.7400
vn 0.6597 0.6573 -0.3643
vn -0.1095 -0.3172 0.9420
vn 0.3483 -0.5410 0.7655
vn 0.3381 0.8949 -0.2912
vn -0.5447 -0.4979 -0.6748
vn 0.1679 -0.3370 0.9264
vn -0.7490 0.4435 0.4922
vn 0.3665 0.8386 0.4030
vn -0.7160 0.2532 -0.6505
vn 0.6101 -0.6208 -0.4923
vn -0.2976 -0.0724 -0.9519
vn 0.8948 0.4464 0.0125
vn -0.3521 -0.6022 0.7165
vn 0.0613 -0.8934 0.4450
vn 0.6652 0.7232 0.1857
vn -0.5136 0.1141 -0.8504
vn -0.0882 -0.7162 0.6923
vn -0.1937 0.7629 -0.6168
vn 0.3758 0.8112 0.4481
vn 0.4795 -0.2052 -0.8532
vn -0.0094 -0.8416 0.5400
vn 0.5711 -0.6894 -0.4456
vn 0.4001 0.2540 0.8806
vn -0.9878 0.0812 -0.1332
vn -0.9416 -0.3020 0.1493
vn 0.4651 0.5705 0.6770
vn 0.5587 -0.4272 -0.7109
vn -0.9919 -0.0590 0.1126
vn 0.0912 -0.2401 -0.9665
vn 0.7043 -0.7050 -0.0828
vn 0.8788 0.0594 0.4734
vn 0.9079 0.0651 0.4141
vn 0.3490 -0.0068 0.9371
vn 0.2776 0.0660 0.9584
vn 0.4284 0.0941 -0.8987
vn 0.3588 0.2361 -0.9031
vn 0.8934 0.2499 -0.3732
vn 0.9323 0.1065 -0.3457
vn 0.4750 -0.0132 -0.8799
vn 0.9563 0.0265 -0.2913
vn 0.4998 -0.0805 -0.8624
vn 0.9632 -0.0249 -0.2675
vn 0.9150 0.1257 0.3834
vn 0.3998 -0.0661 0.9142
vn 0.8739 0.0492 0.4836
vn 0.2733 0.0979 0.9569
vn 0.3935 -0.6812 -0.6174
vn -0.1895 -0.6900 -0.6986
vn -0.2529 -0.0865 -0.9636
vn 0.6862 -0.5893 0.4265
vn 0.7524 -0.6399 -0.1562
vn -0.4910 0.0913 0.8664
vn -0.3767 -0.5717 0.7289
vn 0.2214 -0.5606 0.7980
vn -0.7476 -0.6144 0.2524
vn -0.6661 -0.6627 -0.3424
vn -0.4844 0.0419 0.8738
vn -0.9607 0.0012 0.2777
vn -0.9650 0.0339 0.2601
vn -0.4217 -0.0651 0.9044
vn -0.9434 -0.0753 0.3229
vn -0.3465 -0.2128 0.9136
vn -0.9010 -0.2273 0.3694
vn -0.8641 -0.0397 -0.5018
vn -0.8757 -0.0319 -0.4818
vn -0.2797 -0.0375 -0.9594
vn -0.8902 -0.0317 -0.4545
vn -0.3140 0.0379 -0.9487
vn -0.9087 -0.0943 -0.4066
vn -0.3740 0.0979 -0.9223
vn -0.8255 0.3376 0.4524
vn -0.8727 0.4682 -0.1384
vn -0.9134 -0.1446 -0.3804
vn -0.8706 -0.3054 0.3858
vn -0.4934 0.6794 -0.5432
vn 0.0622 0.8363 -0.5448
vn 0.3080 0.3057 -0.9010
vn -0.4137 0.1094 -0.9038
vn 0.4986 0.8541 -0.1483
vn 0.5404 0.7184 0.4380
vn 0.9065 0.1799 0.3819
vn 0.8615 0.3390 -0.3781
vn 0.1635 0.5170 0.8402
vn -0.3889 0.3643 0.8462
vn -0.3115 -0.2713 0.9107
vn 0.4130 -0.0732 0.9078
vn -0.1917 -0.2362 0.9526
vn -0.7777 -0.2424 0.5800
vn -0.8080 -0.0968 0.5812
vn -0.3353 -0.1334 0.9326
vn -0.9925 -0.1158 0.0394
vn -0.9789 -0.2022 -0.0289
vn 0.2294 -0.3159 0.9206
vn -0.6646 -0.5728 0.4797
vn -0.6980 -0.4042 0.5912
vn -0.9497 -0.2589 -0.1762
vn -0.4727 -0.6281 0.6181
vn -0.7830 -0.2374 0.5750
vn -0.9134 -0.4022 0.0623
vn -0.9990 -0.0435 0.0102
vn -0.3084 -0.0315 0.9507
vn -0.9468 -0.3131 0.0739
vn -0.7266 -0.3723 -0.5775
vn -0.7320 -0.3087 -0.6073
vn -0.9575 -0.2880 -0.0126
vn -0.2210 -0.2596 -0.9401
vn -0.1689 -0.2690 -0.9482
vn -0.8642 -0.3205 0.3879
vn -0.6542 -0.4915 -0.5749
vn -0.7314 -0.4156 -0.5407
vn -0.0473 -0.2467 -0.9679
vn -0.6274 -0.7423 -0.2353
vn -0.6827 -0.4541 -0.5725
vn -0.1334 -0.5683 -0.8119
vn -0.1803 -0.2089 -0.9612
vn -0.9742 -0.2242 0.0241
vn -0.3639 -0.5294 -0.7663
vn 0.7596 -0.5568 -0.3362
vn 0.3239 -0.5628 0.7605
vn -0.6887 -0.6524 0.3165
vn -0.8226 0.3614 0.4389
vn -0.5346 0.0005 -0.8451
vn 0.8380 -0.3718 -0.3994
vn 0.3923 0.0574 0.9180
vn -0.8102 -0.2265 -0.5406
vn 0.1943 -0.9536 0.2299
vn 0.4668 -0.8844 -0.0008
vn -0.7181 -0.1287 -0.6839
vn 0.6744 -0.6647 -0.3213
vn -0.5969 -0.0643 -0.7998
vn 0.8028 0.3126 0.5078
vn -0.1864 0.9665 -0.1762
vn -0.3752 0.9136 0.1566
vn 0.6625 0.3341 0.6704
vn -0.6114 0.6959 0.3769
vn 0.5158 0.1226 0.8479
vn -0.9054 -0.0177 -0.4242
vn 0.2169 0.6949 -0.6856
vn 0.4113 -0.0382 -0.9107
vn -0.5319 -0.6050 -0.5925
vn 0.8580 0.2262 0.4612
vn 0.0032 -0.9320 0.3625
vn -0.1503 -0.8176 0.5559
vn 0.9036 0.1246 0.4098
vn -0.9007 -0.0380 -0.4328
vn -0.8523 -0.1102 -0.5113
vn 0.1850 0.8520 -0.4897
vn 0.0249 0.9375 -0.3471
vn -0.2766 -0.6270 0.7282
vn 0.9352 0.1124 0.3359
vn -0.0437 -0.9292 0.3669
vn 0.9402 -0.2283 0.2529
vn -0.6247 0.0520 0.7791
vn -0.1386 0.8696 -0.4739
vn -0.6569 0.5158 0.5500
vn 0.8910 0.4466 -0.0823
vn -0.3948 -0.5772 -0.7148
vn -0.4252 -0.1995 -0.8829
vn 0.9834 0.1020 0.1498
vn -0.6549 0.3033 0.6922
vn -0.3195 -0.4136 -0.8526
vn 0.1624 0.9865 -0.0189
vn -0.3811 0.3069 -0.8721
vn -0.5000 0.3576 0.7888
vn 0.0264 -0.9928 0.1167
vn -0.5596 -0.2043 0.8032
vn -0.4221 -0.3519 -0.8355
vn 0.9863 0.1442 0.0801
vn 0.9545 -0.2803 0.1021
vn -0.4695 -0.0108 -0.8829
vn -0.5605 0.1242 0.8188
vn 0.9958 -0.0919 -0.0004
vn 0.1612 0.9865 -0.0281
vn -0.1751 0.2743 -0.9456
vn -0.6480 0.3855 0.6568
vn -0.0173 -0.9853 0.1698
vn -0.7201 -0.1664 0.6736
vn -0.2273 -0.3865 -0.8939
vn 0.9481 0.1536 0.2785
vn 0.9125 -0.2711 0.3064
vn -0.2537 -0.0566 -0.9656
vn -0.7227 0.1587 0.6727
vn 0.9746 -0.0896 0.2050
vn 0.5094 0.6983 0.5029
vn 0.2549 0.7636 -0.5932
vn -0.5624 0.3044 0.7688
vn -0.4186 -0.8352 -0.3567
vn -0.8597 -0.1610 0.4848
vn -0.1366 0.1388 -0.9809
vn 0.8155 -0.4019 0.4164
vn 0.6059 -0.7759 0.1758
vn 0.0180 0.5112 -0.8593
vn -0.7442 0.1123 0.6585
vn 0.7882 -0.5809 0.2033
vn 0.1741 0.9317 -0.3186
vn -0.4294 0.0606 -0.9011
vn -0.4622 0.5737 0.6761
vn -0.0046 -0.9156 0.4021
vn -0.5214 0.0850 0.8491
vn -0.4791 -0.5589 -0.6768
vn 0.9894 0.1447 0.0101
vn 0.9530 -0.2627 0.1507
vn -0.5161 -0.2269 -0.8259
vn -0.5210 0.3613 0.7733
vn 0.9941 -0.1086 -0.0014
vn -0.1246 0.9425 -0.3102
vn 0.2048 0.0289 -0.9784
vn -0.9432 0.2697 0.1941
vn 0.1620 -0.8718 0.4623
vn -0.8613 -0.3246 0.3908
vn 0.3242 -0.6157 -0.7182
vn 0.6385 0.5907 0.4933
vn 0.7192 0.1265 0.6832
vn 0.2335 -0.3212 -0.9178
vn -0.9599 0.0052 0.2801
vn 0.7798 0.3341 0.5295
vn 0.3992 0.8630 -0.3096
vn -0.5580 0.3180 -0.7665
vn -0.0395 0.6182 0.7850
vn -0.2018 -0.9188 0.3393
vn -0.2304 0.1113 0.9667
vn -0.7759 -0.3148 -0.5467
vn 0.9516 -0.1679 -0.2575
vn 0.8219 -0.5570 -0.1191
vn -0.7400 0.0303 -0.6719
vn -0.1506 0.3958 0.9059
vn 0.8691 -0.4027 -0.2873
vn 0.1736 0.9048 -0.3888
vn -0.3948 0.0078 -0.9187
vn -0.4504 0.6600 0.6013
vn 0.0141 -0.8759 0.4823
vn -0.5195 0.1171 0.8464
vn -0.4520 -0.6540 -0.6066
vn 0.9861 0.1657 -0.0146
vn 0.9468 -0.2597 0.1901
vn -0.4982 -0.3212 -0.8054
vn -0.5231 0.4238 0.7395
vn 0.9945 -0.1045 -0.0072
vn 0.5542 0.8253 0.1082
vn -0.0106 0.5169 -0.8560
vn -0.3801 0.5232 0.7628
vn -0.4086 -0.9124 0.0243
vn -0.6944 -0.0097 0.7195
vn -0.3945 -0.1530 -0.9061
vn 0.9344 -0.2603 0.2433
vn 0.7094 -0.6754 0.2017
vn -0.2635 0.2215 -0.9389
vn -0.5698 0.2924 0.7680
vn 0.8649 -0.4887 0.1144
vn 0.2889 0.8589 -0.4228
vn 0.0453 -0.1325 -0.9901
vn -0.6638 0.7017 0.2588
vn -0.1775 -0.8019 0.5705
vn -0.8221 0.1803 0.5400
vn -0.1288 -0.7672 -0.6283
vn 0.8944 0.2562 0.3665
vn 0.7847 -0.1550 0.6002
vn -0.0920 -0.4681 -0.8789
vn -0.7866 0.4714 0.3987
vn 0.9095 -0.0147 0.4155
vn 0.3122 -0.9155 -0.2537
vn 0.9999 -0.0038 -0.0167
vn -0.3674 -0.6538 0.6615
vn -0.5038 0.8552 0.1222
vn -0.6279 -0.1209 0.7689
vn 0.6482 0.7456 0.1546
vn -0.3733 -0.2329 -0.8980
vn -0.5628 0.1875 -0.8050
vn 0.9188 0.3778 0.1145
vn -0.5044 -0.3968 0.7669
vn -0.3641 0.0252 -0.9310
vn -0.0050 1.0000 0.0049
vn -0.8108 0.2982 -0.5036
vn -0.0311 0.2945 0.9552
vn 0.2421 -0.9699 0.0259
vn 0.0417 -0.2833 0.9581
vn -0.7207 -0.4823 -0.4980
vn 0.8422 0.3362 -0.4216
vn 0.8918 -0.1337 -0.4322
vn -0.8599 -0.0858 -0.5031
vn -0.0179 0.0099 0.9998
vn 0.8328 0.1086 -0.5428
vn 0.4530 0.3479 0.8208
vn -0.0044 0.9983 0.0585
vn -0.3917 -0.4312 0.8128
vn -0.2725 -0.4780 -0.8350
vn -0.6667 -0.7169 0.2040
vn -0.3430 0.6482 -0.6799
vn 0.9554 -0.2948 0.0179
vn 0.7825 -0.4719 -0.4063
vn -0.2413 0.9169 -0.3180
vn -0.5765 -0.5870 0.5684
vn 0.9203 -0.2769 -0.2764
vn -0.6805 0.7264 -0.0965
vn -0.8939 -0.3634 0.2624
vn 0.2633 0.7878 0.5568
vn 0.8309 -0.5489 -0.0912
vn 0.7301 0.3855 0.5642
vn -0.2301 -0.9328 0.2775
vn -0.0358 0.3045 -0.9518
vn 0.3158 -0.0102 -0.9488
vn -0.6275 -0.6960 0.3490
vn 0.5058 0.6069 0.6131
vn 0.0494 0.0539 -0.9973
vn -0.6633 -0.7231 -0.1927
vn -0.3968 0.1799 -0.9001
vn 0.4728 -0.8792 0.0588
vn 0.6133 0.6978 0.3700
vn 0.8581 -0.4574 0.2335
vn 0.0908 0.7102 -0.6981
vn -0.7062 0.0336 0.7072
vn -0.4177 0.3706 0.8296
vn -0.1458 0.4433 -0.8844
vn 0.7106 -0.6899 0.1380
vn -0.6336 0.2747 0.7233
vn 0.4822 0.7811 -0.3968
vn 0.2984 0.5959 0.7455
vn 0.7782 -0.3669 -0.5097
vn -0.6007 -0.7709 0.2118
vn 0.4430 -0.8448 -0.3000
vn -0.1152 0.0026 0.9933
vn -0.6124 0.4766 -0.6307
vn -0.8839 0.1129 -0.4538
vn 0.1508 0.3036 0.9408
vn 0.6614 -0.6246 -0.4153
vn -0.8040 0.3758 -0.4608
vn -0.2414 0.6889 -0.6834
vn 0.1642 0.9162 0.3656
vn 0.5958 -0.1498 -0.7890
vn 0.1268 -0.8123 0.5693
vn 0.7201 -0.5517 -0.4209
vn 0.3290 0.3364 0.8824
vn -0.9428 -0.1443 -0.3004
vn -0.8436 -0.5336 0.0594
vn 0.3161 0.6784 0.6632
vn 0.6966 -0.3520 -0.6252
vn -0.9639 -0.2618 -0.0487
vn -0.3573 0.7329 -0.5790
vn -0.3784 0.6987 0.6071
vn 0.7535 0.4087 -0.5150
vn 0.3609 -0.8490 0.3860
vn 0.9731 -0.0762 -0.2174
vn -0.0898 0.1028 0.9906
vn -0.7118 -0.3510 -0.6084
vn -0.5184 -0.7986 -0.3057
vn -0.2103 0.4611 0.8621
vn 0.9147 0.1848 -0.3594
vn -0.7301 -0.5522 -0.4025
vn 0.6946 0.7034 0.1510
vn -0.4263 0.6753 0.6018
vn 0.7671 -0.4600 0.4472
vn -0.5994 -0.7145 -0.3610
vn 0.3142 -0.8935 0.3208
vn -0.9011 0.2005 0.3844
vn 0.2626 0.4055 -0.8755
vn -0.0528 0.0669 -0.9964
vn -0.6829 0.4476 0.5773
vn 0.5988 -0.6771 0.4277
vn 0.0089 0.3059 -0.9520
vn 0.9252 -0.3699 0.0843
vn -0.0625 -0.9116 0.4064
vn -0.6853 -0.7118 -0.1540
vn 0.4741 -0.7412 -0.4753
vn 0.7620 -0.2929 0.5776
vn -0.3039 -0.3920 0.8683
vn -0.4449 0.6065 0.6589
vn -0.9233 -0.2268 -0.3100
vn 0.4814 -0.6041 -0.6351
vn 0.8451 0.3264 0.4235
vn -0.9448 -0.2887 0.1547
vn 0.3887 -0.8253 0.4096
vn 0.4670 -0.8823 0.0590
vn -0.9641 -0.2626 -0.0390
vn 0.4252 -0.8235 -0.3756
vn -0.9404 -0.2616 -0.2171
vn 0.9109 0.3574 -0.2063
vn -0.3524 0.8554 -0.3797
vn -0.3054 0.9522 -0.0088
vn 0.8903 0.4552 -0.0151
vn -0.3452 0.8632 0.3683
vn 0.8971 0.3442 0.2772
vn -0.9753 -0.0408 0.2170
vn -0.2959 0.3655 -0.8825
vn -0.1947 -0.4191 -0.8868
vn -0.7117 -0.6957 0.0973
vn 0.9372 0.2532 -0.2400
vn 0.3096 -0.7310 0.6081
vn 0.2867 -0.5345 0.7950
vn 0.9545 0.1346 -0.2661
vn -0.9745 -0.0633 0.2155
vn -0.9737 -0.1648 0.1572
vn -0.2237 0.5852 -0.7795
vn -0.2786 0.7376 -0.6151
vn 0.2656 -0.2792 0.9228
vn 0.9382 0.0924 -0.3337
vn 0.2741 -0.7203 0.6372
vn 0.9289 -0.2525 -0.2709
vn -0.0554 0.4148 0.9082
vn -0.4773 0.6526 -0.5885
vn -0.2625 0.7654 0.5876
vn 0.6246 0.2574 -0.7373
vn -0.6752 -0.7332 -0.0810
vn -0.8364 -0.4404 -0.3262
vn 0.8698 0.0094 -0.4933
vn -0.1562 0.6199 0.7690
vn -0.7116 -0.6420 -0.2854
vn 0.0184 0.8810 -0.4727
vn -0.8468 0.0247 -0.5313
vn 0.0194 0.6828 0.7304
vn 0.1915 -0.8784 0.4379
vn 0.0375 0.1777 0.9834
vn -0.7907 -0.5645 -0.2369
vn 0.8271 0.0230 -0.5615
vn 0.8580 -0.3564 -0.3699
vn -0.8916 -0.2600 -0.3707
vn 0.0121 0.4866 0.8735
vn 0.8122 -0.2251 -0.5382
vn 0.0120 0.8779 -0.4787
vn -0.7201 -0.0607 -0.6912
vn -0.1798 0.6822 0.7088
vn 0.1863 -0.8463 0.4991
vn -0.1713 0.1889 0.9669
vn -0.6641 -0.6447 -0.3786
vn 0.9109 0.1081 -0.3983
vn 0.9422 -0.2689 -0.2000
vn -0.7611 -0.3622 -0.5381
vn -0.2074 0.4890 0.8473
vn 0.9146 -0.1464 -0.3770
vn 0.6317 0.7529 -0.1843
vn -0.2185 0.4566 -0.8624
vn -0.0372 0.6354 0.7713
vn -0.4593 -0.8397 0.2896
vn -0.3944 0.1459 0.9073
vn -0.6956 -0.2038 -0.6889
vn 0.9415 -0.3367 -0.0155
vn 0.6708 -0.7385 0.0679
vn -0.5385 0.1618 -0.8269
vn -0.2282 0.4441 0.8664
vn 0.8138 -0.5743 -0.0890
vn -0.1410 0.7215 -0.6779
vn -0.8773 -0.2062 -0.4335
vn -0.0381 0.8367 0.5464
vn 0.3247 -0.7005 0.6355
vn 0.0653 0.4557 0.8877
vn -0.7230 -0.6907 -0.0117
vn 0.7888 -0.0021 -0.6146
vn 0.8833 -0.3227 -0.3401
vn -0.8738 -0.4325 -0.2223
vn -0.0070 0.6837 0.7298
vn 0.8120 -0.2406 -0.5318
vn -0.3782 0.7764 -0.5041
vn -0.4076 -0.3524 -0.8424
vn -0.6753 0.4511 0.5835
vn 0.4896 -0.6620 0.5675
vn -0.4336 -0.0385 0.9003
vn -0.0934 -0.8710 -0.4823
vn 0.7414 0.6320 -0.2256
vn 0.9648 0.2602 0.0387
vn -0.3131 -0.6579 -0.6849
vn -0.6115 0.2402 0.7539
vn 0.9028 0.3882 -0.1853
vn 0.0528 0.6296 -0.7752
vn -0.9291 0.0977 -0.3567
vn 0.3617 0.8572 0.3665
vn 0.1294 -0.6983 0.7041
vn 0.3657 0.4813 0.7967
vn -0.9116 -0.3771 0.1634
vn 0.6347 -0.3810 -0.6723
vn 0.6508 -0.6724 -0.3526
vn -0.9912 -0.1084 -0.0766
vn 0.3654 0.7108 0.6011
vn 0.5750 -0.5968 -0.5596
vn -0.1795 0.6716 -0.7189
vn -0.8542 -0.2662 -0.4466
vn -0.0809 0.8878 0.4530
vn 0.3824 -0.6378 0.6685
vn 0.0620 0.4842 0.8728
vn -0.6504 -0.7573 0.0592
vn 0.7696 0.0089 -0.6385
vn 0.9009 -0.3049 -0.3089
vn -0.8377 -0.5147 -0.1826
vn -0.0348 0.7295 0.6831
vn 0.8085 -0.2390 -0.5378
vn -0.0762 0.8524 -0.5173
vn -0.2309 -0.2095 -0.9501
vn -0.6948 0.5689 0.4401
vn 0.2021 -0.7480 0.6322
vn -0.6266 0.0636 0.7768
vn -0.1260 -0.8466 -0.5171
vn 0.8700 0.4906 0.0489
vn 0.9440 0.0854 0.3187
vn -0.2424 -0.5721 -0.7835
vn -0.7070 0.3375 0.6215
vn 0.9676 0.2338 0.0953
vn 0.4250 0.7226 -0.5452
vn -0.5602 0.1722 -0.8102
vn 0.0838 0.8095 0.5812
vn -0.2215 -0.7760 0.5906
vn -0.1400 0.3463 0.9276
vn -0.8300 -0.4101 -0.3780
vn 0.9219 -0.2846 -0.2627
vn 0.7590 -0.6510 -0.0099
vn -0.7821 -0.0946 -0.6160
vn -0.0423 0.6250 0.7794
vn 0.8144 -0.5319 -0.2322
vn 0.1983 -0.9798 -0.0252
vn 0.7969 -0.1502 -0.5851
vn 0.1563 -0.3150 0.9361
vn -0.4231 0.9040 0.0616
vn -0.0461 0.2520 0.9666
vn 0.5360 0.6524 -0.5358
vn -0.8000 -0.4839 -0.3547
vn -0.9420 -0.0360 -0.3338
vn 0.7687 0.2605 -0.5842
vn 0.0807 -0.0208 0.9965
vn -0.8384 -0.2588 -0.4797
vn -0.1041 0.9255 -0.3641
vn -0.9778 0.2091 -0.0124
vn 0.5008 0.6181 0.6059
vn 0.3102 -0.9201 0.2392
vn 0.6208 0.0757 0.7803
vn -0.8215 -0.5220 0.2293
vn 0.3990 0.0409 -0.9160
vn 0.4812 -0.4036 -0.7782
vn -0.9776 -0.1383 0.1586
vn 0.5668 0.3695 0.7363
vn 0.3443 -0.2113 -0.9148
vn 0.1775 0.9554 0.2359
vn -0.7344 0.5688 -0.3702
vn 0.0462 0.0759 0.9960
vn 0.0559 -0.9669 -0.2488
vn -0.0221 -0.5505 0.8345
vn -0.7953 -0.1988 -0.5727
vn 0.8727 0.2993 -0.3857
vn 0.8384 -0.1916 -0.5103
vn -0.8555 0.1965 -0.4790
vn -0.0076 -0.2215 0.9751
vn 0.8193 0.0756 -0.5683
vn 0.8075 0.5512 0.2100
vn -0.0722 0.9430 -0.3248
vn 0.2019 -0.0519 0.9780
vn -0.6568 -0.7018 -0.2758
vn -0.3450 -0.4949 0.7975
vn -0.7392 0.4032 -0.5394
vn 0.8112 -0.4001 -0.4265
vn 0.4429 -0.6911 -0.5711
vn -0.4741 0.7664 -0.4333
vn -0.0735 -0.2572 0.9635
vn 0.6096 -0.4841 -0.6277
vn -0.0296 0.9980 -0.0552
vn -0.9244 0.2623 -0.2769
vn 0.1905 0.3400 0.9209
vn 0.2506 -0.9676 -0.0305
vn 0.2538 -0.3002 0.9195
vn -0.8208 -0.4884 -0.2962
vn 0.6849 0.3440 -0.6423
vn 0.7445 -0.1500 -0.6505
vn -0.9596 -0.1134 -0.2575
vn 0.2027 0.0443 0.9782
vn 0.6540 0.0800 -0.7523
vn -0.6797 0.7317 0.0512
vn -0.5306 -0.1157 0.8397
vn 0.4555 0.8895 -0.0368
vn 0.6735 -0.6562 -0.3404
vn 0.8776 0.4551 -0.1504
vn 0.0720 -0.7293 0.6804
vn -0.6145 -0.0546 -0.7870
vn -0.2968 -0.3935 -0.8701
vn -0.2311 -0.4293 0.8731
vn 0.7024 0.7085 -0.0679
vn -0.5465 -0.3143 -0.7762
vn 0.0773 0.5111 -0.8560
vn 0.6135 0.7750 0.1519
vn 0.3684 -0.6307 -0.6830
vn -0.2817 -0.5513 0.7853
vn 0.2695 -0.9496 -0.1603
vn 0.4854 0.3742 0.7902
vn -0.9102 0.3003 -0.2852
vn -0.9887 0.0661 0.1347
vn 0.6382 0.5958 0.4875
vn 0.3558 -0.8183 -0.4515
vn -0.9554 0.2950 -0.0138
vn -0.6636 0.4252 -0.6155
vn 0.2510 0.9535 -0.1671
vn 0.0364 -0.5046 -0.8626
vn 0.5174 -0.5639 0.6437
vn 0.3923 -0.7612 -0.5163
vn 0.7446 0.5801 0.3303
vn -0.9204 -0.1081 0.3758
vn -0.5907 -0.3526 0.7257
vn 0.5713 0.8192 0.0510
vn 0.2339 -0.6467 -0.7260
vn -0.7787 -0.1234 0.6152
vn -0.7007 0.5195 -0.4890
vn -0.0235 0.9155 0.4015
vn 0.2657 0.0869 -0.9601
vn 0.6032 -0.6962 0.3891
vn 0.6660 -0.2850 -0.6894
vn 0.4939 0.4622 0.7365
vn -0.8921 -0.4417 0.0949
vn -0.5138 -0.7737 0.3707
vn 0.2850 0.7638 0.5791
vn 0.5092 -0.0868 -0.8562
vn -0.7663 -0.5511 0.3303
vn 0.5757 0.6056 -0.5495
vn -0.0628 0.8988 0.4338
vn 0.9263 -0.3725 0.0563
vn -0.6200 -0.7044 0.3456
vn 0.5322 -0.7541 0.3848
vn -0.5234 0.4495 0.7239
vn -0.3399 0.0240 -0.9402
vn -0.6297 -0.2875 -0.7217
vn -0.2606 0.7159 0.6477
vn 0.8017 -0.5562 0.2191
vn -0.5787 -0.0596 -0.8133
vn 0.8333 -0.4415 -0.3328
vn 0.2801 -0.6871 0.6704
vn -0.3791 -0.8188 -0.4312
vn 0.7414 -0.6708 -0.0181
vn 0.3021 -0.1444 0.9423
vn -0.7114 -0.4050 0.5744
vn -0.8114 0.5492 0.1999
vn -0.5314 -0.3848 -0.7547
vn 0.8263 -0.5401 -0.1599
vn 0.3909 0.4743 0.7888
vn -0.8155 -0.4327 -0.3843
vn 0.1612 -0.7360 0.6575
vn 0.4366 -0.7920 0.4267
vn -0.7197 -0.4170 -0.5550
vn 0.6527 -0.7563 0.0444
vn -0.5960 -0.4186 -0.6852
vn 0.8112 0.4931 0.3145
vn -0.1531 0.7726 -0.6161
vn -0.3447 0.8890 -0.3016
vn 0.6712 0.5930 0.4448
vn -0.5888 0.8082 -0.0090
vn 0.5168 0.4950 0.6985
vn -0.9040 -0.1910 -0.3824
vn 0.2425 0.2808 -0.9286
vn 0.4129 -0.4765 -0.7762
vn -0.5500 -0.7982 -0.2456
vn 0.8636 0.3934 0.3154
vn -0.0295 -0.6488 0.7604
vn -0.1797 -0.4521 0.8737
vn 0.9059 0.2784 0.3191
vn -0.9000 -0.2131 -0.3803
vn -0.8538 -0.3152 -0.4143
vn 0.2154 0.5129 -0.8310
vn 0.0577 0.6601 -0.7489
vn -0.3001 -0.1992 0.9329
vn 0.9373 0.2317 0.2603
vn -0.0763 -0.6430 0.7621
vn 0.9311 -0.1077 0.3486
vn -0.6252 0.4324 0.6497
vn -0.1076 0.5450 -0.8315
vn -0.6409 0.7330 0.2278
vn 0.9058 0.3290 -0.2670
vn -0.4117 -0.8356 -0.3638
vn -0.4287 -0.5818 -0.6912
vn 0.9858 0.1330 0.1023
vn -0.6466 0.6133 0.4537
vn -0.3304 -0.7589 -0.5611
vn 0.1957 0.8549 -0.4805
vn -0.3676 -0.1322 -0.9205
vn -0.4902 0.7025 0.5160
vn -0.0075 -0.8194 0.5732
vn -0.5689 0.2163 0.7935
vn -0.4310 -0.6936 -0.5773
vn 0.9903 0.1371 0.0210
vn 0.9441 -0.2252 0.2406
vn -0.4667 -0.4145 -0.7813
vn -0.5587 0.5130 0.6517
vn 0.9921 -0.1091 0.0620
vn 0.1945 0.8505 -0.4886
vn -0.1625 -0.2015 -0.9659
vn -0.6368 0.6687 0.3837
vn -0.0512 -0.7864 0.6156
vn -0.7276 0.1929 0.6583
vn -0.2372 -0.7572 -0.6086
vn 0.9518 0.2404 0.1905
vn 0.9018 -0.1192 0.4154
vn -0.2522 -0.5000 -0.8285
vn -0.7192 0.4787 0.5036
vn 0.9704 -0.0092 0.2414
vn 0.5310 0.8385 0.1220
vn 0.2825 0.3840 -0.8790
vn -0.5544 0.6480 0.5223
vn -0.4454 -0.8923 0.0733
vn -0.8663 0.1121 0.4869
vn -0.1285 -0.3386 -0.9321
vn 0.8001 -0.1795 0.5724
vn 0.5787 -0.6168 0.5335
vn 0.0381 0.0425 -0.9984
vn -0.7422 0.4317 0.5127
vn 0.7674 -0.4373 0.4689
vn 0.2066 0.6643 -0.7183
vn -0.4241 -0.3614 -0.8304
vn -0.4449 0.8383 0.3152
vn -0.0369 -0.6153 0.7874
vn -0.5211 0.4916 0.6977
vn -0.4955 -0.7990 -0.3407
vn 0.9937 0.1042 -0.0409
vn 0.9431 -0.1867 0.2751
vn -0.5207 -0.5764 -0.6298
vn -0.5111 0.6990 0.5001
vn 0.9898 -0.1243 0.0690
vn -0.0917 0.6862 -0.7216
vn 0.2089 -0.4437 -0.8715
vn -0.9342 0.3559 0.0254
vn 0.1309 -0.5529 0.8229
vn -0.8731 -0.0763 0.4815
vn 0.3057 -0.8913 -0.3350
vn 0.6565 0.7357 0.1670
vn 0.7207 0.4148 0.5554
vn 0.2256 -0.7240 -0.6518
vn -0.9602 0.1643 0.2261
vn 0.7888 0.5229 0.3230
vn 0.6034 0.5397 -0.5871
vn 0.2732 -0.5819 -0.7660
vn -0.5262 0.7963 -0.2982
vn -0.5292 -0.4338 0.7292
vn -0.8595 0.5063 0.0705
vn -0.1406 -0.9428 -0.3022
vn 0.7832 0.2963 0.5466
vn 0.5244 0.0533 0.8498
vn 0.0344 -0.8006 -0.5982
vn -0.7272 0.6732 -0.1338
vn 0.7222 0.0905 0.6858
vn 0.2054 0.6074 -0.7674
vn -0.3913 -0.4172 -0.8203
vn -0.4298 0.8785 0.2087
vn -0.0171 -0.5429 0.8396
vn -0.5180 0.5186 0.6802
vn -0.4718 -0.8503 -0.2333
vn 0.9912 0.1111 -0.0726
vn 0.9368 -0.1653 0.3083
vn -0.5060 -0.6502 -0.5667
vn -0.5109 0.7380 0.4408
vn 0.9904 -0.1234 0.0619
vn 0.1494 0.8097 -0.5675
vn 0.3980 -0.2780 -0.8743
vn -0.8783 0.4637 -0.1162
vn -0.1278 -0.6821 0.7200
vn -0.9661 -0.0114 0.2577
vn 0.2975 -0.8737 -0.3849
vn 0.6134 0.6269 0.4804
vn 0.5585 0.2490 0.7912
vn 0.3308 -0.6315 -0.7013
vn -0.9694 0.2401 0.0520
vn 0.6926 0.3912 0.6061
vn 0.5814 0.7622 -0.2848
vn 0.0097 0.0499 -0.9987
vn -0.3648 0.8325 0.4170
vn -0.4393 -0.7801 0.4455
vn -0.6968 0.3518 0.6251
vn -0.3964 -0.5527 -0.7330
vn 0.9242 -0.1402 0.3551
vn 0.6855 -0.5189 0.5107
vn -0.2528 -0.2423 -0.9367
vn -0.5622 0.6372 0.5272
vn 0.8475 -0.4004 0.3485
vn 0.3191 0.5477 -0.7734
vn 0.0442 -0.5869 -0.8084
vn -0.6406 0.7589 -0.1168
vn -0.2063 -0.4306 0.8786
vn -0.8174 0.4377 0.3746
vn -0.1526 -0.9693 -0.1926
vn 0.9014 0.3739 0.2185
vn 0.7770 0.1258 0.6168
vn -0.1048 -0.8258 -0.5542
vn -0.7716 0.6260 0.1131
vn 0.9071 0.1582 0.3901
vn 0.2820 -0.9348 0.2158
vn 0.9992 -0.0395 0.0061
vn -0.3915 -0.2518 0.8851
vn -0.4750 0.8248 -0.3067
vn -0.6342 0.2755 0.7224
vn 0.6725 0.7113 -0.2045
vn -0.3779 -0.6199 -0.6877
vn -0.5535 -0.2004 -0.8084
vn 0.9306 0.3609 -0.0606
vn -0.5201 0.0282 0.8537
vn -0.3599 -0.4085 -0.8388
vn 0.0287 0.8827 -0.4691
vn -0.7986 0.0468 -0.6000
vn -0.0244 0.7125 0.7013
vn 0.2092 -0.8483 0.4864
vn 0.0289 0.2033 0.9787
vn -0.7349 -0.6401 -0.2240
vn 0.8544 0.0726 -0.5145
vn 0.8882 -0.3475 -0.3005
vn -0.8607 -0.2896 -0.4188
vn -0.0209 0.4827 0.8755
vn 0.8378 -0.1850 -0.5136
vn 0.4617 0.6823 0.5668
vn 0.0292 0.9066 -0.4210
vn -0.4088 0.0165 0.9125
vn -0.2856 -0.8086 -0.5144
vn -0.6912 -0.5156 0.5063
vn -0.3186 0.2582 -0.9120
vn 0.9448 -0.2779 0.1734
vn 0.7674 -0.6299 -0.1197
vn -0.2091 0.6633 -0.7186
vn -0.5979 -0.2313 0.7675
vn 0.9113 -0.4006 -0.0950
vn -0.6552 0.6129 -0.4417
vn -0.9065 -0.1704 0.3862
vn 0.2879 0.9498 0.1226
vn 0.8122 -0.5497 0.1952
vn 0.7408 0.5861 0.3283
vn -0.2624 -0.6832 0.6815
vn -0.0223 -0.1818 -0.9831
vn 0.3184 -0.4673 -0.8248
vn -0.6518 -0.4297 0.6249
vn 0.5239 0.8104 0.2623
vn 0.0545 -0.4264 -0.9029
vn 0.2912 -0.1514 -0.9446
vn 0.3960 -0.9166 -0.0543
vn -0.8078 0.0910 -0.5824
vn -0.2705 0.3354 0.9024
vn -0.9772 0.2100 -0.0296
vn 0.1857 -0.7401 0.6463
vn 0.6683 0.7017 -0.2469
vn 0.5271 0.8201 0.2228
vn 0.2761 -0.9156 0.2923
vn -0.9325 0.1373 -0.3340
vn 0.6968 0.7165 0.0330
vn -0.6867 -0.7092 0.1599
vn -0.3875 -0.2568 -0.8854
vn 0.4427 -0.7594 0.4769
vn 0.6353 0.7723 0.0072
vn 0.8413 -0.3161 0.4384
vn 0.1171 0.2919 -0.9492
vn -0.7071 0.3845 0.5935
vn -0.4077 0.7309 0.5473
vn -0.1278 -0.0246 -0.9915
vn 0.6865 -0.5620 0.4615
vn -0.6264 0.6022 0.4950
vn 0.5096 0.4860 -0.7100
vn 0.3159 0.8693 0.3802
vn 0.7670 -0.5864 -0.2605
vn -0.6271 -0.5614 0.5400
vn 0.4152 -0.8982 0.1440
vn -0.1183 0.4760 0.8714
vn -0.5938 0.1380 -0.7927
vn -0.8781 -0.0907 -0.4698
vn 0.1579 0.7086 0.6877
vn 0.6413 -0.7651 -0.0576
vn -0.7893 0.1351 -0.5990
vn -0.2157 0.2895 -0.9326
vn 0.1938 0.9750 -0.1086
vn 0.5931 -0.5224 -0.6127
vn 0.0974 -0.4490 0.8882
vn 0.7024 -0.7053 -0.0959
vn 0.3373 0.7048 0.6241
vn -0.9461 -0.2428 -0.2141
vn -0.8614 -0.4178 0.2889
vn 0.3366 0.9024 0.2690
vn 0.6864 -0.6256 -0.3708
vn -0.9720 -0.2263 0.0628
vn -0.3304 0.3809 -0.8635
vn -0.3566 0.9133 0.1968
vn 0.7686 0.0946 -0.6327
vn 0.3307 -0.5746 0.7486
vn 0.9707 -0.1974 -0.1369
vn -0.0895 0.5623 0.8221
vn -0.7212 -0.5771 -0.3832
vn -0.5441 -0.8332 0.0990
vn -0.1975 0.8201 0.5370
vn 0.9216 -0.0333 -0.3867
vn -0.7470 -0.6562 -0.1069
vn 0.7175 0.6711 -0.1868
vn -0.4053 0.8915 0.2023
vn 0.7496 -0.2147 0.6261
vn -0.6219 -0.7830 0.0089
vn 0.2828 -0.6434 0.7114
vn -0.8951 0.3840 0.2266
vn 0.2791 -0.0651 -0.9581
vn -0.0472 -0.4116 -0.9102
vn -0.6694 0.6867 0.2836
vn 0.5742 -0.4103 0.7085
vn 0.0224 -0.1819 -0.9831
vn 0.9119 -0.3117 0.2668
vn -0.0947 -0.6082 0.7882
vn -0.2123 -0.7800 -0.5887
vn 0.3677 -0.8051 0.4653
vn -0.4259 -0.0497 0.9034
vn -0.9878 -0.1482 -0.0479
vn -0.5670 0.7321 -0.3776
vn 0.0005 -0.3820 -0.9241
vn 0.5544 -0.7199 0.4176
vn -0.0999 0.5033 0.8583
vn -0.4544 -0.3086 -0.8356
vn -0.5009 -0.6368 0.5861
vn -0.1693 -0.7860 0.5946
vn -0.2717 -0.3413 -0.8998
vn 0.2411 -0.8589 0.4519
vn -0.0995 -0.3898 -0.9155
vn 0.5121 0.3564 0.7815
vn 0.4898 0.6771 -0.5491
vn 0.1808 0.8805 -0.4382
vn 0.3541 0.5032 0.7883
vn -0.2041 0.9013 -0.3821
vn 0.0542 0.4823 0.8743
vn -0.4554 -0.0567 -0.8885
vn 0.8451 0.0693 -0.5301
vn 0.6695 -0.6719 -0.3167
vn -0.4491 -0.6942 -0.5625
vn 0.5228 0.2495 0.8151
vn -0.6811 -0.4961 0.5385
vn -0.8099 -0.2566 0.5275
vn 0.5205 0.1303 0.8438
vn -0.4597 -0.0785 -0.8846
vn -0.4316 -0.1921 -0.8814
vn 0.8242 0.3146 -0.4708
vn 0.6970 0.5029 -0.5111
vn -0.8677 0.0221 0.4967
vn 0.5685 0.0692 0.8198
vn 0.6754 0.7054 -0.2151
vn 0.2917 -0.1997 -0.9354
vn -0.4983 0.8638 0.0746
vn -0.5901 -0.6956 0.4098
vn -0.8616 0.4565 0.2217
vn -0.1228 -0.6721 -0.7303
vn 0.7354 -0.0720 0.6739
vn 0.4652 -0.3760 0.8014
vn 0.0564 -0.4286 -0.9017
vn -0.6849 0.7174 0.1275
vn 0.6451 -0.3031 0.7014
vn 0.6786 0.7001 -0.2221
vn 0.4500 -0.3169 -0.8349
vn -0.5278 0.8405 -0.1222
vn -0.6401 -0.6477 0.4132
vn -0.8953 0.4453 0.0149
vn 0.0199 -0.7791 -0.6266
vn 0.6260 0.0632 0.7772
vn 0.3505 -0.2366 0.9062
vn 0.2183 -0.5636 -0.7966
vn -0.7143 0.6940 -0.0903
vn 0.5407 -0.1731 0.8232
vn 0.5254 0.7170 0.4580
vn 0.8693 0.1685 -0.4646
vn -0.5629 0.8257 0.0359
vn -0.6034 -0.7552 -0.2560
vn -0.9063 0.3686 -0.2068
vn 0.4166 -0.4507 -0.7895
vn 0.1606 -0.2480 0.9554
vn -0.0893 -0.6295 0.7719
vn 0.6798 -0.1289 -0.7220
vn -0.7491 0.6550 -0.0996
vn 0.1354 -0.5064 0.8516
vn 0.7856 0.4808 -0.3895
vn 0.1325 -0.3942 -0.9094
vn -0.3008 0.9527 -0.0434
vn -0.6949 -0.4579 0.5545
vn -0.6929 0.6965 0.1865
vn -0.3490 -0.7219 -0.5976
vn 0.7688 -0.1144 0.6292
vn 0.4525 -0.3331 0.8272
vn -0.1226 -0.5488 -0.8269
vn -0.5041 0.8623 0.0488
vn 0.6350 -0.3161 0.7048
vn 0.5789 0.5638 -0.5891
vn 0.5926 -0.6130 -0.5225
vn -0.5944 0.5431 -0.5931
vn -0.5805 -0.4271 0.6933
vn -0.9576 0.1875 -0.2187
vn 0.1994 -0.9778 -0.0646
vn 0.5596 0.5988 0.5729
vn 0.2716 0.3389 0.9008
vn 0.3894 -0.8512 -0.3519
vn -0.7925 0.3964 -0.4634
vn 0.4984 0.3912 0.7736
vn 0.9538 0.2987 -0.0307
vn 0.5346 -0.7426 -0.4034
vn 0.0234 0.8298 -0.5576
vn -0.9637 -0.1891 0.1882
vn -0.5298 0.6798 -0.5071
vn -0.1564 -0.9286 -0.3364
vn 0.2909 0.2102 0.9334
vn -0.1543 0.0793 0.9848
vn 0.1973 -0.8762 -0.4397
vn -0.2593 0.7799 -0.5697
vn 0.1031 0.0471 0.9936
vn 0.9005 0.3810 -0.2097
vn 0.1274 -0.0865 -0.9881
vn -0.0283 0.9533 0.3005
vn -0.8068 -0.4520 0.3804
vn -0.5267 0.7193 0.4530
vn -0.4773 -0.3877 -0.7886
vn 0.6854 -0.5052 0.5243
vn 0.3152 -0.6895 0.6521
vn -0.2032 -0.2073 -0.9570
vn -0.2844 0.8817 0.3764
vn 0.5092 -0.6835 0.5231
vn 0.8012 0.4181 -0.4280
vn 0.1349 -0.4533 -0.8811
vn -0.2110 0.9710 -0.1125
vn -0.6950 -0.3838 0.6080
vn -0.6724 0.7190 0.1759
vn -0.4145 -0.7589 -0.5023
vn 0.7891 -0.1124 0.6038
vn 0.4324 -0.3057 0.8483
vn -0.1721 -0.6128 -0.7713
vn -0.4555 0.8902 0.0052
vn 0.6402 -0.3166 0.6999
vn 0.6860 0.6574 -0.3118
vn 0.7743 -0.4933 -0.3965
vn -0.4347 0.6124 -0.6603
vn -0.7347 -0.5142 0.4425
vn -0.8637 0.2333 -0.4468
vn 0.2302 -0.9672 -0.1071
vn 0.2986 0.5538 0.7772
vn -0.0404 0.2513 0.9671
vn 0.5214 -0.7920 -0.3177
vn -0.6673 0.4431 -0.5986
vn 0.2125 0.3303 0.9196
vn -0.1829 -0.9255 0.3316
vn 0.7046 -0.2465 0.6654
vn -0.9166 -0.0172 0.3994
vn 0.0733 0.8451 -0.5295
vn -0.8474 0.5158 0.1263
vn 0.8033 0.5117 0.3048
vn 0.0058 -0.6300 -0.7766
vn 0.0679 -0.2084 -0.9757
vn 0.8039 0.1431 0.5772
vn -0.9149 0.2746 0.2957
vn 0.1716 -0.4545 -0.8741
vn 0.5553 0.7690 -0.3166
vn -0.1769 0.1152 -0.9775
vn -0.2794 0.8059 0.5220
vn -0.3862 -0.7829 0.4877
vn -0.5539 0.3487 0.7560
vn -0.5542 -0.4995 -0.6659
vn 0.9643 -0.1926 0.1816
vn 0.7402 -0.5700 0.3568
vn -0.4269 -0.1668 -0.8888
vn -0.4496 0.6119 0.6507
vn 0.8838 -0.4373 0.1666
vn 0.1486 0.6530 0.7426
vn 0.5311 0.7997 -0.2799
vn -0.8757 0.2496 0.4133
vn -0.0890 -0.8032 -0.5890
vn -0.9588 -0.2701 -0.0875
vn 0.4247 0.1678 -0.8896
vn 0.4950 -0.4379 0.7505
vn 0.4625 -0.7876 0.4072
vn 0.4864 0.5668 -0.6649
vn -0.9842 0.0268 0.1750
vn 0.6107 -0.5927 0.5251
vn 0.0376 0.9503 -0.3092
vn 0.6865 0.1127 -0.7184
vn -0.9101 0.2849 -0.3010
vn -0.0628 -0.8674 0.4936
vn -0.9251 -0.3774 -0.0422
vn 0.6714 -0.6189 -0.4076
vn 0.2613 0.5980 0.7577
vn 0.2679 0.1267 0.9551
vn 0.7036 -0.2906 -0.6485
vn -0.9755 -0.0320 -0.2176
vn 0.3946 0.3472 0.8507
vn -0.0257 0.6567 -0.7538
vn -0.9453 0.0884 -0.3140
vn 0.3796 0.8753 0.2995
vn 0.3136 -0.6687 0.6742
vn 0.4771 0.4631 0.7469
vn -0.8071 -0.4932 0.3246
vn 0.5672 -0.3301 -0.7545
vn 0.6352 -0.6511 -0.4155
vn -0.9839 -0.1764 0.0289
vn 0.4228 0.7141 0.5579
vn 0.5063 -0.5690 -0.6480
vn 0.7761 -0.3602 -0.5176
vn 0.0775 -0.9757 0.2051
vn -0.1831 0.1626 -0.9696
vn -0.6854 0.5265 0.5030
vn -0.6286 0.4026 -0.6655
vn -0.4771 -0.6477 0.5939
vn 0.8250 0.4965 0.2700
vn 0.4530 0.7164 0.5306
vn -0.2312 -0.8933 0.3854
vn -0.4202 0.2737 -0.8652
vn 0.6696 0.5502 0.4989
vn -0.7843 -0.5139 -0.3475
vn 0.2219 -0.3100 -0.9245
vn -0.1885 -0.7476 0.6368
vn 0.6567 0.6127 0.4398
vn 0.2402 -0.4101 0.8798
vn 0.7710 0.1030 -0.6284
vn -0.7882 0.6152 -0.0166
vn -0.4515 0.8790 0.1532
vn 0.5383 -0.1578 -0.8279
vn 0.0490 -0.6109 0.7902
vn -0.6093 0.7923 -0.0331
vn 0.9511 0.2466 -0.1858
vn 0.2130 0.8337 0.5095
vn 0.5641 -0.7684 0.3022
vn -0.9464 -0.3223 -0.0206
vn -0.0313 -0.9298 0.3667
vn -0.5189 0.6251 0.5831
vn 0.1183 0.1290 -0.9846
vn -0.3541 0.0204 -0.9350
vn -0.1406 0.7618 0.6324
vn 0.2961 -0.8815 0.3677
vn -0.1475 0.1986 -0.9689
vn 0.4176 0.2965 -0.8589
vn -0.1415 0.9873 -0.0723
vn 0.9843 -0.1725 0.0366
vn -0.3947 -0.5020 0.7695
vn 0.7342 -0.4160 0.5366
vn -0.4437 0.6943 0.5667
vn -0.4255 -0.4674 -0.7749
vn -0.6753 -0.6733 -0.3010
vn -0.2701 0.9193 0.2863
vn 0.9026 -0.2881 0.3199
vn -0.6423 -0.4935 -0.5865
vn 0.8136 0.4664 0.3471
vn -0.1858 0.9774 -0.1008
vn 0.0805 -0.2626 0.9615
vn -0.6602 -0.6232 -0.4192
vn -0.4235 -0.5643 0.7087
vn -0.6880 0.5946 -0.4160
vn 0.7988 -0.2767 -0.5342
vn 0.4417 -0.5346 -0.7205
vn -0.4822 0.8484 -0.2184
vn -0.1503 -0.4011 0.9036
vn 0.5993 -0.3395 -0.7249
vn 0.4023 -0.4485 0.7981
vn -0.7351 -0.4387 0.5169
vn -0.9783 0.0669 0.1961
vn -0.9680 0.0486 0.2462
vn -0.8584 -0.0115 -0.5128
vn -0.8267 0.0378 -0.5614
vn 0.2476 0.0840 0.9652
vn 0.2876 0.0993 0.9526
vn -0.4670 0.1526 0.8710
vn -0.5034 0.0880 0.8596
vn 0.1962 0.0325 0.9800
vn -0.5484 0.0644 0.8337
vn 0.1687 -0.0001 0.9857
vn -0.5738 0.0420 0.8179
vn -0.9523 0.1254 0.2783
vn -0.8830 0.0356 -0.4681
vn -0.9829 0.0637 0.1730
vn -0.8172 0.0521 -0.5740
vn 0.0932 -0.6359 0.7661
vn 0.5972 -0.6652 0.4483
vn 0.8150 -0.0394 0.5782
vn -0.8020 -0.5827 0.1310
vn -0.4856 -0.6019 0.6340
vn -0.1746 0.0129 -0.9846
vn -0.1722 -0.6169 -0.7680
vn -0.6720 -0.5889 -0.4491
vn 0.4075 -0.6513 -0.6401
vn 0.7282 -0.6717 -0.1361
vn -0.1856 -0.0051 -0.9826
vn 0.5635 -0.0364 -0.8253
vn 0.5706 -0.0311 -0.8206
vn -0.2466 -0.0555 -0.9675
vn 0.5137 -0.0580 -0.8560
vn -0.3183 -0.0636 -0.9458
vn 0.4428 -0.1192 -0.8887
vn 0.9836 -0.0528 -0.1725
vn 0.9823 -0.0383 -0.1833
vn 0.8264 -0.0097 0.5630
vn 0.9722 -0.0174 -0.2337
vn 0.8536 0.0411 0.5193
vn 0.9530 -0.0943 -0.2879
vn 0.8755 -0.0019 0.4833
vn 0.3863 0.3684 -0.8456
vn 0.8058 0.4263 -0.4110
vn 0.9393 -0.1920 -0.2842
vn 0.4199 -0.2246 -0.8794
vn 0.7867 0.5969 0.1573
vn 0.3733 0.7664 0.5227
vn 0.3427 0.1549 0.9266
vn 0.8871 -0.0319 0.4604
vn -0.2111 0.8424 0.4957
vn -0.6241 0.7790 0.0607
vn -0.9218 0.2366 0.3070
vn -0.4015 0.2678 0.8759
vn -0.6043 0.6178 -0.5032
vn -0.1957 0.4530 -0.8698
vn -0.3488 -0.1073 -0.9310
vn -0.8944 0.0811 -0.4398
vn 0.2744 0.0669 -0.9593
vn 0.2251 0.0486 -0.9731
vn 0.8494 -0.0115 -0.5277
vn 0.8780 0.0378 -0.4772
vn -0.9713 0.0840 -0.2226
vn -0.9784 0.0993 -0.1812
vn -0.5599 0.1526 -0.8144
vn -0.5330 0.0880 -0.8415
vn -0.9609 0.0325 -0.2750
vn -0.4894 0.0644 -0.8697
vn -0.9533 -0.0001 -0.3021
vn -0.4637 0.0420 -0.8850
vn 0.1894 0.1254 -0.9739
vn 0.8209 0.0356 -0.5700
vn 0.2970 0.0637 -0.9527
vn 0.8848 0.0521 -0.4630
vn -0.7236 -0.6359 -0.2685
vn -0.6722 -0.6652 0.3251
vn -0.8875 -0.0394 0.4591
vn 0.2514 -0.5827 -0.7728
vn -0.3407 -0.6019 -0.7222
vn 0.9550 0.0129 0.2963
vn 0.7614 -0.6169 0.1992
vn 0.7073 -0.5889 -0.3912
vn 0.3819 -0.6514 0.6557
vn -0.2130 -0.6717 0.7095
vn 0.9583 -0.0051 0.2857
vn 0.4750 -0.0364 0.8792
vn 0.4676 -0.0311 0.8834
vn 0.9729 -0.0555 0.2245
vn 0.5251 -0.0580 0.8491
vn 0.9865 -0.0636 0.1509
vn 0.5867 -0.1192 0.8010
vn -0.2977 -0.0528 0.9532
vn -0.2875 -0.0383 0.9570
vn -0.8793 -0.0097 0.4763
vn -0.2381 -0.0174 0.9711
vn -0.8529 0.0411 0.5204
vn -0.1812 -0.0943 0.9789
vn -0.8309 -0.0019 0.5564
vn 0.5743 0.3684 0.7311
vn -0.0043 0.4263 0.9046
vn -0.1782 -0.1920 0.9651
vn 0.5889 -0.2246 0.7764
vn -0.5005 0.5969 0.6270
vn -0.6357 0.7664 0.0920
vn -0.9806 0.1549 -0.1204
vn -0.8160 -0.0319 0.5772
vn -0.3437 0.8424 -0.4149
vn 0.2323 0.7790 -0.5825
vn 0.1499 0.2366 -0.9600
vn -0.5942 0.2678 -0.7584
vn 0.7243 0.6178 -0.3063
vn 0.8627 0.4530 0.2250
vn 0.9873 -0.1073 0.1170
vn 0.8010 0.0811 -0.5931
vn -0.3955 -0.3826 0.8350
vn -0.8528 -0.2409 0.4634
vn -0.8678 -0.1615 0.4699
vn -0.5128 -0.2928 0.8070
vn -0.9992 -0.0375 0.0172
vn -0.9984 -0.0573 0.0040
vn 0.1723 -0.5219 0.8354
vn -0.9011 -0.3154 0.2976
vn -0.7706 -0.3392 0.5396
vn -0.9978 -0.0482 -0.0461
vn -0.7192 -0.6239 0.3056
vn -0.8358 -0.2484 0.4896
vn -0.9806 -0.1957 -0.0052
vn -1.0000 -0.0022 0.0013
vn -0.4348 -0.2168 0.8740
vt 0.444353 0.569991
vt 0.445821 0.633438
vt 0.446211 0.633198
vt 0.444969 0.569938
vt 0.445659 0.633642
vt 0.447456 0.664945
vt 0.447392 0.664890
vt 0.445612 0.633605
vt 0.444014 0.570020
vt 0.443993 0.570022
vt 0.443531 0.545538
vt 0.443512 0.545540
vt 0.447564 0.664586
vt 0.447909 0.664141
vt 0.443892 0.545742
vt 0.444538 0.546074
vt 0.443477 0.521849
vt 0.443890 0.521821
vt 0.443934 0.545739
vt 0.443847 0.521824
vt 0.443458 0.521850
vt 0.444941 0.546275
vt 0.444921 0.521752
vt 0.444508 0.521779
vt 0.444940 0.521750
vt 0.444551 0.521776
vt 0.445356 0.569903
vt 0.445377 0.569901
vt 0.444960 0.546273
vt 0.446476 0.633074
vt 0.446523 0.633110
vt 0.448156 0.663904
vt 0.448219 0.663960
vt 0.444579 0.546071
vt 0.445017 0.569933
vt 0.444401 0.569986
vt 0.446314 0.633279
vt 0.445924 0.633519
vt 0.448048 0.664264
vt 0.447703 0.664709
vt 0.454543 0.741457
vt 0.454605 0.741517
vt 0.458624 0.757702
vt 0.458561 0.757606
vt 0.458564 0.756893
vt 0.461851 0.763246
vt 0.454959 0.739353
vt 0.454897 0.739293
vt 0.458696 0.755138
vt 0.458760 0.755236
vt 0.454762 0.739845
vt 0.458626 0.755779
vt 0.454738 0.740952
vt 0.458711 0.757146
vt 0.454602 0.740823
vt 0.454898 0.739974
vt 0.458772 0.756035
vt 0.461892 0.763290
vt 0.461868 0.762195
vt 0.461826 0.762150
vt 0.453693 0.728654
vt 0.453587 0.729008
vt 0.452522 0.718746
vt 0.452634 0.718318
vt 0.453349 0.729538
vt 0.453167 0.729826
vt 0.452088 0.719760
vt 0.452276 0.719396
vt 0.453104 0.729765
vt 0.453212 0.729407
vt 0.452136 0.719259
vt 0.452025 0.719697
vt 0.453450 0.728877
vt 0.453631 0.728592
vt 0.452570 0.718255
vt 0.452382 0.718608
vt 0.462659 0.566767
vt 0.462269 0.563878
vt 0.464115 0.538011
vt 0.464509 0.540980
vt 0.464976 0.541330
vt 0.463072 0.567103
vt 0.460890 0.585864
vt 0.458362 0.598581
vt 0.460487 0.583183
vt 0.461082 0.585939
vt 0.465347 0.508523
vt 0.464770 0.509176
vt 0.465524 0.508731
vt 0.465622 0.511367
vt 0.465262 0.511048
vt 0.453018 0.643041
vt 0.454062 0.638844
vt 0.450624 0.617547
vt 0.449503 0.621930
vt 0.451316 0.622230
vt 0.454731 0.643276
vt 0.455968 0.650920
vt 0.459373 0.652555
vt 0.456358 0.647103
vt 0.456751 0.650879
vt 0.446487 0.583284
vt 0.447189 0.582631
vt 0.446926 0.583609
vt 0.447349 0.586393
vt 0.446468 0.585843
vt 0.490357 0.588515
vt 0.488235 0.586245
vt 0.492031 0.567381
vt 0.496669 0.569469
vt 0.491013 0.571110
vt 0.484626 0.590773
vt 0.479074 0.578895
vt 0.471672 0.564922
vt 0.478672 0.576569
vt 0.476436 0.579941
vt 0.495093 0.535653
vt 0.493083 0.536788
vt 0.493792 0.536165
vt 0.493374 0.539036
vt 0.496024 0.538102
vt 0.424911 0.662851
vt 0.424612 0.658579
vt 0.425121 0.618216
vt 0.425447 0.622581
vt 0.424853 0.623972
vt 0.424361 0.664153
vt 0.447154 0.682718
vt 0.442335 0.682572
vt 0.448183 0.682711
vt 0.424086 0.693232
vt 0.424218 0.688595
vt 0.424286 0.512721
vt 0.424166 0.513704
vt 0.424138 0.513275
vt 0.424040 0.517532
vt 0.424340 0.516569
vt 0.447037 0.682669
vt 0.424342 0.692755
vt 0.436206 0.600348
vt 0.436735 0.597355
vt 0.437178 0.556397
vt 0.436585 0.559395
vt 0.438263 0.562271
vt 0.437746 0.603033
vt 0.436091 0.631466
vt 0.435209 0.652471
vt 0.436193 0.628062
vt 0.436808 0.632591
vt 0.437037 0.509667
vt 0.436959 0.511250
vt 0.437490 0.510553
vt 0.437726 0.514861
vt 0.436806 0.513220
vt 0.448914 0.563898
vt 0.451642 0.626356
vt 0.451927 0.625771
vt 0.449339 0.563294
vt 0.451060 0.626607
vt 0.453439 0.656523
vt 0.453656 0.656579
vt 0.451315 0.626671
vt 0.447962 0.564080
vt 0.448393 0.564195
vt 0.447050 0.539923
vt 0.447499 0.540038
vt 0.453943 0.656158
vt 0.454199 0.655407
vt 0.448048 0.539959
vt 0.448503 0.539716
vt 0.446434 0.516173
vt 0.446430 0.515716
vt 0.447054 0.539706
vt 0.447455 0.515977
vt 0.446896 0.516291
vt 0.448507 0.539498
vt 0.447908 0.514884
vt 0.447912 0.515342
vt 0.447445 0.514766
vt 0.446886 0.515080
vt 0.449336 0.562857
vt 0.448904 0.562742
vt 0.448059 0.539384
vt 0.451945 0.625375
vt 0.451690 0.625309
vt 0.454222 0.654918
vt 0.454005 0.654863
vt 0.447509 0.539462
vt 0.448384 0.563039
vt 0.447958 0.563644
vt 0.451363 0.625627
vt 0.451078 0.626212
vt 0.453717 0.655285
vt 0.453462 0.656034
vt 0.460067 0.715386
vt 0.459935 0.715670
vt 0.457663 0.694170
vt 0.457850 0.693785
vt 0.459818 0.716164
vt 0.459807 0.716480
vt 0.457485 0.695274
vt 0.457499 0.694844
vt 0.459906 0.716504
vt 0.460039 0.716217
vt 0.457811 0.694918
vt 0.457626 0.695307
vt 0.460156 0.715723
vt 0.460167 0.715409
vt 0.457991 0.693820
vt 0.457976 0.694245
vt 0.428764 0.620247
vt 0.428557 0.615516
vt 0.427573 0.577064
vt 0.427799 0.581980
vt 0.426952 0.583254
vt 0.427977 0.621417
vt 0.447483 0.627205
vt 0.444579 0.627427
vt 0.448679 0.627217
vt 0.429049 0.638324
vt 0.429387 0.633191
vt 0.425454 0.514305
vt 0.425636 0.515022
vt 0.425211 0.514870
vt 0.425131 0.519316
vt 0.425626 0.518337
vt 0.447411 0.627135
vt 0.429419 0.638028
vt 0.450702 0.648551
vt 0.449648 0.645874
vt 0.448983 0.609469
vt 0.450115 0.612118
vt 0.448677 0.615901
vt 0.449371 0.652056
vt 0.450649 0.676131
vt 0.450445 0.693610
vt 0.450060 0.672843
vt 0.450024 0.677648
vt 0.448254 0.567122
vt 0.447933 0.568227
vt 0.447912 0.568271
vt 0.447895 0.572407
vt 0.448595 0.570219
vt 0.466216 0.676583
vt 0.466143 0.676740
vt 0.466281 0.676177
vt 0.466350 0.675968
vt 0.467411 0.693865
vt 0.467220 0.693663
vt 0.467093 0.693772
vt 0.467287 0.693816
vt 0.462350 0.746735
vt 0.462223 0.746276
vt 0.464473 0.740713
vt 0.464596 0.741077
vt 0.466535 0.719606
vt 0.466664 0.719936
vt 0.462343 0.747126
vt 0.462477 0.747620
vt 0.464718 0.741529
vt 0.464594 0.741221
vt 0.466823 0.720723
vt 0.466672 0.720194
vt 0.457156 0.745917
vt 0.457106 0.747172
vt 0.453909 0.735021
vt 0.454063 0.733799
vt 0.460192 0.749481
vt 0.460167 0.748585
vt 0.458340 0.747622
vt 0.458385 0.748572
vt 0.458391 0.748331
vt 0.460223 0.749272
vt 0.458436 0.749282
vt 0.460250 0.750174
vt 0.457120 0.745029
vt 0.457068 0.746284
vt 0.295412 0.858248
vt 0.293006 0.858257
vt 0.292033 0.858184
vt 0.285352 0.858235
vt 0.287180 0.858176
vt 0.288133 0.858249
vt 0.293022 0.858281
vt 0.288148 0.858273
vt 0.290739 0.858252
vt 0.289586 0.858162
vt 0.290914 0.858293
vt 0.300599 0.858400
vt 0.298328 0.858422
vt 0.297218 0.858330
vt 0.290326 0.858370
vt 0.292247 0.858315
vt 0.293351 0.858406
vt 0.298115 0.858423
vt 0.293169 0.858408
vt 0.296076 0.858418
vt 0.294728 0.858307
vt 0.296016 0.858433
vt 0.306680 0.858627
vt 0.303172 0.858603
vt 0.303233 0.858528
vt 0.294407 0.858509
vt 0.297245 0.858470
vt 0.297138 0.858547
vt 0.303891 0.858641
vt 0.297991 0.858585
vt 0.300281 0.858574
vt 0.300349 0.858481
vt 0.301274 0.858634
vt 0.309987 0.858797
vt 0.307929 0.858842
vt 0.307179 0.858739
vt 0.301609 0.858768
vt 0.303023 0.858724
vt 0.303891 0.858829
vt 0.308288 0.858801
vt 0.304295 0.858788
vt 0.306035 0.858845
vt 0.305070 0.858718
vt 0.306654 0.858809
vt 0.311681 0.858969
vt 0.309647 0.858924
vt 0.309594 0.858892
vt 0.303432 0.858841
vt 0.305595 0.858829
vt 0.305708 0.858863
vt 0.309503 0.858970
vt 0.305597 0.858909
vt 0.307868 0.858891
vt 0.307778 0.858851
vt 0.307699 0.858954
vt 0.313037 0.859088
vt 0.310653 0.859072
vt 0.310875 0.859011
vt 0.305071 0.858996
vt 0.307009 0.858966
vt 0.306820 0.859028
vt 0.311116 0.859096
vt 0.307294 0.859052
vt 0.308799 0.859050
vt 0.309048 0.858975
vt 0.309364 0.859090
vt 0.313286 0.859257
vt 0.311603 0.859302
vt 0.311117 0.859204
vt 0.305724 0.859213
vt 0.307457 0.859184
vt 0.307976 0.859282
vt 0.311300 0.859247
vt 0.307651 0.859227
vt 0.309973 0.859303
vt 0.309376 0.859184
vt 0.309659 0.859248
vt 0.313235 0.859186
vt 0.311999 0.859188
vt 0.311028 0.859098
vt 0.305225 0.859085
vt 0.307177 0.859049
vt 0.308185 0.859140
vt 0.310793 0.859188
vt 0.306937 0.859139
vt 0.310434 0.859168
vt 0.309217 0.859059
vt 0.309018 0.859181
vt 0.313359 0.859456
vt 0.310977 0.859453
vt 0.311375 0.859365
vt 0.305340 0.859306
vt 0.307465 0.859293
vt 0.307129 0.859381
vt 0.311338 0.859435
vt 0.307471 0.859363
vt 0.309136 0.859424
vt 0.309583 0.859317
vt 0.309528 0.859415
vt 0.322088 0.861837
vt 0.321657 0.861843
vt 0.321607 0.861836
vt 0.320624 0.861893
vt 0.320911 0.861862
vt 0.320950 0.861870
vt 0.321771 0.861868
vt 0.321070 0.861895
vt 0.321315 0.861852
vt 0.321257 0.861843
vt 0.321468 0.861885
vt 0.277758 0.857943
vt 0.277538 0.857996
vt 0.275586 0.857953
vt 0.273718 0.858128
vt 0.273651 0.858041
vt 0.275592 0.858085
vt 0.277053 0.858017
vt 0.275064 0.858106
vt 0.276787 0.858036
vt 0.274431 0.857983
vt 0.276410 0.858069
vt 0.324167 0.861827
vt 0.323827 0.861853
vt 0.323506 0.861835
vt 0.322683 0.861932
vt 0.322805 0.861886
vt 0.323125 0.861904
vt 0.323911 0.861868
vt 0.323201 0.861919
vt 0.323497 0.861875
vt 0.323104 0.861853
vt 0.323652 0.861897
vt 0.277017 0.857977
vt 0.275205 0.857901
vt 0.274620 0.857970
vt 0.270120 0.857809
vt 0.271308 0.857889
vt 0.271914 0.857820
vt 0.275408 0.857917
vt 0.272150 0.857836
vt 0.273635 0.857858
vt 0.272890 0.857943
vt 0.274026 0.857869
vt 0.325505 0.861859
vt 0.325318 0.861847
vt 0.325125 0.861880
vt 0.324025 0.861855
vt 0.324420 0.861878
vt 0.324619 0.861846
vt 0.324966 0.861845
vt 0.324257 0.861844
vt 0.325045 0.861846
vt 0.324805 0.861885
vt 0.324622 0.861838
vt 0.284547 0.858005
vt 0.283099 0.857961
vt 0.283561 0.858050
vt 0.278189 0.858016
vt 0.280514 0.858055
vt 0.280040 0.857966
vt 0.282065 0.857995
vt 0.278994 0.858000
vt 0.281782 0.857955
vt 0.282351 0.858063
vt 0.280378 0.857985
vt 0.327235 0.861906
vt 0.326886 0.861871
vt 0.326609 0.861904
vt 0.325879 0.861884
vt 0.325951 0.861893
vt 0.326246 0.861861
vt 0.327033 0.861909
vt 0.326389 0.861898
vt 0.326570 0.861860
vt 0.326230 0.861900
vt 0.326804 0.861903
vt 0.453931 0.734358
vt 0.454084 0.733133
vt 0.469848 0.705625
vt 0.469832 0.705949
vt 0.470023 0.705777
vt 0.470037 0.705398
vt 0.470006 0.723650
vt 0.469801 0.722991
vt 0.469734 0.723171
vt 0.469950 0.723684
vt 0.461884 0.763232
vt 0.461849 0.762878
vt 0.464495 0.762232
vt 0.464532 0.762488
vt 0.467741 0.746330
vt 0.467790 0.746585
vt 0.461946 0.764011
vt 0.461987 0.764411
vt 0.464652 0.763249
vt 0.464612 0.763045
vt 0.467940 0.747781
vt 0.467880 0.747295
vt 0.456548 0.751994
vt 0.456463 0.753242
vt 0.453975 0.736122
vt 0.454164 0.735108
vt 0.459590 0.761893
vt 0.459580 0.760846
vt 0.457767 0.756388
vt 0.457788 0.757493
vt 0.457721 0.756875
vt 0.459528 0.761266
vt 0.457741 0.757976
vt 0.459541 0.762331
vt 0.456645 0.751489
vt 0.456560 0.752741
vt 0.309366 0.858400
vt 0.312212 0.858497
vt 0.311646 0.858411
vt 0.316909 0.858607
vt 0.315310 0.858512
vt 0.315774 0.858596
vt 0.310771 0.858466
vt 0.314420 0.858566
vt 0.314078 0.858550
vt 0.313447 0.858446
vt 0.312363 0.858525
vt 0.311067 0.858318
vt 0.308112 0.858304
vt 0.308089 0.858214
vt 0.300915 0.858159
vt 0.303203 0.858136
vt 0.303201 0.858226
vt 0.308591 0.858305
vt 0.303680 0.858226
vt 0.305741 0.858270
vt 0.305748 0.858160
vt 0.306364 0.858284
vt 0.315269 0.858523
vt 0.312405 0.858520
vt 0.312264 0.858416
vt 0.305050 0.858345
vt 0.307315 0.858330
vt 0.307462 0.858433
vt 0.312814 0.858498
vt 0.307893 0.858412
vt 0.310045 0.858487
vt 0.309866 0.858360
vt 0.310638 0.858474
vt 0.321674 0.858929
vt 0.320512 0.858990
vt 0.319300 0.858851
vt 0.312654 0.858867
vt 0.314926 0.858820
vt 0.316284 0.858964
vt 0.318750 0.858919
vt 0.314319 0.858889
vt 0.318841 0.858993
vt 0.317297 0.858821
vt 0.316655 0.858921
vt 0.319728 0.858807
vt 0.315999 0.858746
vt 0.317113 0.858667
vt 0.308673 0.858508
vt 0.311702 0.858521
vt 0.310525 0.858601
vt 0.317183 0.858765
vt 0.311842 0.858623
vt 0.313276 0.858678
vt 0.314633 0.858581
vt 0.314703 0.858717
vt 0.322025 0.858994
vt 0.319621 0.859002
vt 0.319626 0.858903
vt 0.314563 0.858819
vt 0.315908 0.858816
vt 0.316011 0.858919
vt 0.320743 0.858958
vt 0.317187 0.858875
vt 0.317798 0.858973
vt 0.317760 0.858850
vt 0.319285 0.858932
vt 0.322885 0.859352
vt 0.320742 0.859326
vt 0.321866 0.859271
vt 0.317025 0.859108
vt 0.319025 0.859154
vt 0.317929 0.859209
vt 0.321282 0.859282
vt 0.318440 0.859164
vt 0.319332 0.859279
vt 0.320684 0.859213
vt 0.319837 0.859231
vt 0.322250 0.859173
vt 0.320127 0.859118
vt 0.320828 0.859073
vt 0.314840 0.858941
vt 0.317230 0.858960
vt 0.316586 0.859007
vt 0.320137 0.859139
vt 0.316630 0.859029
vt 0.318489 0.859065
vt 0.319317 0.859010
vt 0.318404 0.859099
vt 0.322673 0.859297
vt 0.320139 0.859256
vt 0.321187 0.859195
vt 0.315787 0.859084
vt 0.317835 0.859092
vt 0.316820 0.859153
vt 0.320978 0.859266
vt 0.317672 0.859163
vt 0.318449 0.859208
vt 0.319703 0.859134
vt 0.319370 0.859230
vt 0.321431 0.859453
vt 0.319262 0.859470
vt 0.319429 0.859382
vt 0.314219 0.859299
vt 0.315926 0.859308
vt 0.315795 0.859397
vt 0.319774 0.859406
vt 0.316285 0.859333
vt 0.317575 0.859448
vt 0.317772 0.859340
vt 0.318205 0.859379
vt 0.319934 0.859626
vt 0.317345 0.859595
vt 0.318548 0.859521
vt 0.313291 0.859367
vt 0.315293 0.859396
vt 0.314153 0.859471
vt 0.318391 0.859567
vt 0.315181 0.859443
vt 0.315692 0.859543
vt 0.317118 0.859453
vt 0.316838 0.859519
vt 0.325782 0.861682
vt 0.325279 0.861681
vt 0.325376 0.861662
vt 0.324237 0.861685
vt 0.324641 0.861664
vt 0.324532 0.861682
vt 0.325396 0.861699
vt 0.324654 0.861701
vt 0.324914 0.861680
vt 0.325034 0.861657
vt 0.325047 0.861706
vt 0.326601 0.861692
vt 0.326369 0.861723
vt 0.326073 0.861693
vt 0.325321 0.861769
vt 0.325458 0.861730
vt 0.325750 0.861760
vt 0.326344 0.861721
vt 0.325716 0.861757
vt 0.326098 0.861742
vt 0.325745 0.861705
vt 0.326101 0.861743
vt 0.328394 0.861761
vt 0.328488 0.861786
vt 0.327909 0.861754
vt 0.327396 0.861834
vt 0.327428 0.861789
vt 0.328008 0.861821
vt 0.328080 0.861793
vt 0.327608 0.861829
vt 0.328343 0.861802
vt 0.327631 0.861763
vt 0.327910 0.861816
vt 0.327810 0.861735
vt 0.327296 0.861757
vt 0.327161 0.861722
vt 0.326030 0.861786
vt 0.326315 0.861747
vt 0.326448 0.861783
vt 0.327463 0.861761
vt 0.326607 0.861787
vt 0.326881 0.861770
vt 0.326715 0.861726
vt 0.327114 0.861780
vt 0.304433 0.858069
vt 0.303464 0.858139
vt 0.301910 0.858047
vt 0.298683 0.858138
vt 0.299167 0.858082
vt 0.300736 0.858174
vt 0.303274 0.858087
vt 0.300542 0.858122
vt 0.302271 0.858165
vt 0.300358 0.858053
vt 0.302244 0.858112
vt 0.321458 0.859618
vt 0.319902 0.859544
vt 0.321019 0.859525
vt 0.320071 0.859330
vt 0.320309 0.859385
vt 0.319206 0.859405
vt 0.321780 0.859554
vt 0.321102 0.859415
vt 0.319292 0.859478
vt 0.320645 0.859455
vt 0.321535 0.859494
vt 0.294087 0.857825
vt 0.293019 0.857726
vt 0.291717 0.857783
vt 0.287979 0.857590
vt 0.288790 0.857670
vt 0.290115 0.857614
vt 0.292573 0.857760
vt 0.289706 0.857648
vt 0.291741 0.857667
vt 0.290123 0.857735
vt 0.291418 0.857702
vt 0.301511 0.857961
vt 0.300857 0.857886
vt 0.300661 0.857969
vt 0.296165 0.857838
vt 0.298104 0.857910
vt 0.298293 0.857826
vt 0.299184 0.857911
vt 0.296607 0.857852
vt 0.299884 0.857851
vt 0.299650 0.857952
vt 0.297763 0.857871
vt 0.454127 0.735980
vt 0.454316 0.734961
vt 0.461998 0.675235
vt 0.461955 0.675538
vt 0.462067 0.675172
vt 0.462107 0.674827
vt 0.462974 0.688846
vt 0.462817 0.688590
vt 0.462731 0.688849
vt 0.462889 0.688979
vt 0.459084 0.729665
vt 0.458996 0.729474
vt 0.460781 0.725616
vt 0.460865 0.725730
vt 0.462358 0.709219
vt 0.462448 0.709319
vt 0.459099 0.730232
vt 0.459193 0.730452
vt 0.460967 0.726173
vt 0.460883 0.726103
vt 0.462583 0.710063
vt 0.462476 0.709800
vt 0.454933 0.727797
vt 0.454903 0.728885
vt 0.452348 0.718947
vt 0.452460 0.717907
vt 0.457388 0.731599
vt 0.457358 0.730789
vt 0.455901 0.729675
vt 0.455945 0.730513
vt 0.455931 0.730078
vt 0.457389 0.731141
vt 0.455976 0.730913
vt 0.457421 0.731962
vt 0.454919 0.727330
vt 0.454889 0.728420
vt 0.289496 0.858711
vt 0.287364 0.858719
vt 0.286872 0.858662
vt 0.281687 0.858705
vt 0.283105 0.858658
vt 0.283579 0.858716
vt 0.287758 0.858738
vt 0.283973 0.858734
vt 0.285542 0.858716
vt 0.284970 0.858646
vt 0.286127 0.858748
vt 0.293532 0.858828
vt 0.291534 0.858846
vt 0.290867 0.858774
vt 0.285572 0.858808
vt 0.287011 0.858765
vt 0.287676 0.858836
vt 0.291748 0.858846
vt 0.287913 0.858837
vt 0.289728 0.858844
vt 0.288916 0.858757
vt 0.290139 0.858855
vt 0.300267 0.859094
vt 0.299748 0.859129
vt 0.298144 0.859038
vt 0.293596 0.859088
vt 0.294903 0.859034
vt 0.296634 0.859128
vt 0.298200 0.859113
vt 0.294930 0.859111
vt 0.298578 0.859134
vt 0.296562 0.859021
vt 0.296749 0.859127
vt 0.298196 0.859003
vt 0.295274 0.858986
vt 0.295627 0.858926
vt 0.289025 0.858915
vt 0.291143 0.858884
vt 0.290749 0.858944
vt 0.296267 0.859014
vt 0.291850 0.858973
vt 0.293036 0.858964
vt 0.293462 0.858891
vt 0.294318 0.859010
vt 0.300854 0.859133
vt 0.299268 0.859170
vt 0.298699 0.859089
vt 0.294872 0.859114
vt 0.295719 0.859079
vt 0.296382 0.859161
vt 0.299825 0.859137
vt 0.296977 0.859129
vt 0.297876 0.859173
vt 0.297143 0.859074
vt 0.298713 0.859144
vt 0.302015 0.859267
vt 0.300211 0.859234
vt 0.300483 0.859208
vt 0.295650 0.859171
vt 0.297393 0.859161
vt 0.297169 0.859187
vt 0.300394 0.859269
vt 0.297380 0.859223
vt 0.298788 0.859208
vt 0.299098 0.859177
vt 0.298987 0.859258
vt 0.303010 0.859360
vt 0.301025 0.859349
vt 0.301427 0.859301
vt 0.297163 0.859291
vt 0.298584 0.859267
vt 0.298208 0.859316
vt 0.301711 0.859367
vt 0.298904 0.859334
vt 0.299608 0.859332
vt 0.300080 0.859274
vt 0.300429 0.859363
vt 0.303035 0.859492
vt 0.301649 0.859528
vt 0.301248 0.859452
vt 0.297270 0.859461
vt 0.298454 0.859438
vt 0.298883 0.859514
vt 0.301673 0.859485
vt 0.298889 0.859471
vt 0.300373 0.859529
vt 0.299879 0.859437
vt 0.300464 0.859486
vt 0.303034 0.859437
vt 0.301697 0.859439
vt 0.301180 0.859369
vt 0.296299 0.859361
vt 0.297939 0.859333
vt 0.298486 0.859403
vt 0.301121 0.859439
vt 0.297875 0.859403
vt 0.300309 0.859425
vt 0.299650 0.859339
vt 0.299634 0.859435
vt 0.303009 0.859647
vt 0.301049 0.859646
vt 0.301458 0.859578
vt 0.297050 0.859533
vt 0.298547 0.859523
vt 0.298189 0.859592
vt 0.301661 0.859632
vt 0.298784 0.859577
vt 0.299631 0.859625
vt 0.300098 0.859541
vt 0.300343 0.859617
vt 0.322422 0.862082
vt 0.322323 0.862103
vt 0.322036 0.862093
vt 0.321682 0.862164
vt 0.321681 0.862132
vt 0.321966 0.862143
vt 0.322311 0.862111
vt 0.321946 0.862150
vt 0.322172 0.862121
vt 0.321827 0.862108
vt 0.322191 0.862132
vt 0.282513 0.858572
vt 0.283064 0.858587
vt 0.280734 0.858551
vt 0.279848 0.858652
vt 0.279449 0.858589
vt 0.281779 0.858625
vt 0.281819 0.858623
vt 0.280566 0.858661
vt 0.282720 0.858600
vt 0.279858 0.858556
vt 0.281485 0.858652
vt 0.280181 0.858526
vt 0.278674 0.858561
vt 0.277833 0.858521
vt 0.274814 0.858659
vt 0.275295 0.858585
vt 0.276132 0.858625
vt 0.279354 0.858587
vt 0.276782 0.858651
vt 0.277417 0.858588
vt 0.276383 0.858539
vt 0.278410 0.858628
vt 0.321945 0.862099
vt 0.321573 0.862110
vt 0.321931 0.862114
vt 0.321513 0.862179
vt 0.321720 0.862152
vt 0.321361 0.862148
vt 0.321848 0.862129
vt 0.321637 0.862167
vt 0.321420 0.862125
vt 0.321856 0.862130
vt 0.321717 0.862148
vt 0.322175 0.862067
vt 0.322554 0.862075
vt 0.322340 0.862080
vt 0.323144 0.862073
vt 0.322807 0.862083
vt 0.323018 0.862078
vt 0.322410 0.862057
vt 0.322888 0.862060
vt 0.322795 0.862079
vt 0.322535 0.862085
vt 0.322647 0.862055
vt 0.285149 0.858617
vt 0.284825 0.858592
vt 0.284012 0.858640
vt 0.280548 0.858569
vt 0.281826 0.858618
vt 0.282664 0.858569
vt 0.283301 0.858579
vt 0.281101 0.858556
vt 0.284049 0.858581
vt 0.283038 0.858640
vt 0.282213 0.858557
vt 0.323574 0.862082
vt 0.323396 0.862069
vt 0.323470 0.862100
vt 0.322666 0.862104
vt 0.323035 0.862110
vt 0.322960 0.862079
vt 0.323174 0.862086
vt 0.322736 0.862096
vt 0.323218 0.862071
vt 0.323309 0.862108
vt 0.322921 0.862087
vt 0.325860 0.862143
vt 0.325538 0.862117
vt 0.325355 0.862142
vt 0.324630 0.862130
vt 0.324759 0.862136
vt 0.324955 0.862111
vt 0.325638 0.862147
vt 0.325052 0.862140
vt 0.325254 0.862109
vt 0.325028 0.862140
vt 0.325412 0.862143
vt 0.452383 0.718692
vt 0.452495 0.717648
vt 0.467907 0.663644
vt 0.467969 0.663777
vt 0.468109 0.663481
vt 0.468045 0.663305
vt 0.468523 0.678003
vt 0.468342 0.677656
vt 0.468366 0.677705
vt 0.468548 0.677931
vt 0.464299 0.714612
vt 0.464326 0.714220
vt 0.466143 0.711915
vt 0.466113 0.712230
vt 0.467793 0.697294
vt 0.467776 0.697592
vt 0.464450 0.715009
vt 0.464428 0.715434
vt 0.466240 0.712711
vt 0.466269 0.712440
vt 0.467947 0.698378
vt 0.467948 0.697905
vt 0.460218 0.709335
vt 0.460235 0.710306
vt 0.458060 0.698176
vt 0.458122 0.697322
vt 0.462747 0.714920
vt 0.462675 0.714164
vt 0.461291 0.711813
vt 0.461367 0.712621
vt 0.461222 0.712345
vt 0.462589 0.714669
vt 0.461296 0.713152
vt 0.462667 0.715432
vt 0.460344 0.708707
vt 0.460362 0.709678
vt 0.323689 0.861796
vt 0.324204 0.861809
vt 0.324087 0.861791
vt 0.325127 0.861841
vt 0.324785 0.861813
vt 0.324885 0.861831
vt 0.323995 0.861818
vt 0.324691 0.861840
vt 0.324552 0.861818
vt 0.324419 0.861797
vt 0.324310 0.861833
vt 0.324018 0.861785
vt 0.323559 0.861805
vt 0.323466 0.861767
vt 0.322240 0.861784
vt 0.322610 0.861766
vt 0.322699 0.861804
vt 0.323579 0.861788
vt 0.322718 0.861787
vt 0.323155 0.861808
vt 0.323047 0.861762
vt 0.323196 0.861791
vt 0.286709 0.858030
vt 0.284660 0.858060
vt 0.284153 0.857973
vt 0.278358 0.857945
vt 0.280111 0.857932
vt 0.280619 0.858018
vt 0.284644 0.858009
vt 0.280624 0.857968
vt 0.282795 0.858051
vt 0.282175 0.857946
vt 0.282888 0.857999
vt 0.292523 0.858263
vt 0.292111 0.858350
vt 0.290747 0.858250
vt 0.286147 0.858345
vt 0.287652 0.858289
vt 0.289138 0.858391
vt 0.290333 0.858278
vt 0.287204 0.858319
vt 0.291030 0.858382
vt 0.289310 0.858260
vt 0.288872 0.858306
vt 0.290898 0.858210
vt 0.288007 0.858200
vt 0.288452 0.858116
vt 0.281352 0.858016
vt 0.283791 0.858022
vt 0.283302 0.858107
vt 0.288654 0.858170
vt 0.284055 0.858078
vt 0.285731 0.858163
vt 0.286270 0.858060
vt 0.286555 0.858138
vt 0.293066 0.858319
vt 0.291216 0.858331
vt 0.290967 0.858264
vt 0.286485 0.858181
vt 0.287700 0.858197
vt 0.288039 0.858266
vt 0.291774 0.858273
vt 0.288636 0.858207
vt 0.289678 0.858311
vt 0.289336 0.858228
vt 0.290468 0.858247
vt 0.294823 0.858582
vt 0.293226 0.858587
vt 0.293931 0.858543
vt 0.289793 0.858451
vt 0.291496 0.858480
vt 0.290814 0.858525
vt 0.293338 0.858531
vt 0.290902 0.858469
vt 0.292072 0.858567
vt 0.292917 0.858513
vt 0.292096 0.858502
vt 0.293792 0.858452
vt 0.292177 0.858442
vt 0.292380 0.858382
vt 0.287462 0.858319
vt 0.289311 0.858317
vt 0.289154 0.858379
vt 0.292021 0.858430
vt 0.289026 0.858367
vt 0.290812 0.858416
vt 0.291039 0.858342
vt 0.290589 0.858410
vt 0.294229 0.858615
vt 0.293042 0.858657
vt 0.292660 0.858567
vt 0.287766 0.858571
vt 0.289552 0.858547
vt 0.289965 0.858637
vt 0.292205 0.858602
vt 0.289092 0.858582
vt 0.291750 0.858658
vt 0.291254 0.858548
vt 0.290719 0.858601
vt 0.293334 0.858790
vt 0.291334 0.858788
vt 0.292012 0.858725
vt 0.287366 0.858616
vt 0.289097 0.858642
vt 0.288470 0.858704
vt 0.291835 0.858736
vt 0.288955 0.858652
vt 0.289921 0.858758
vt 0.290716 0.858682
vt 0.290452 0.858701
vt 0.266505 0.857689
vt 0.268235 0.857683
vt 0.267158 0.857647
vt 0.270743 0.857656
vt 0.269180 0.857631
vt 0.270284 0.857666
vt 0.267691 0.857702
vt 0.269738 0.857686
vt 0.269330 0.857673
vt 0.267986 0.857630
vt 0.268796 0.857704
vt 0.266317 0.857621
vt 0.264605 0.857631
vt 0.264619 0.857575
vt 0.260564 0.857599
vt 0.261882 0.857565
vt 0.261825 0.857621
vt 0.264946 0.857635
vt 0.262187 0.857626
vt 0.263270 0.857628
vt 0.263296 0.857560
vt 0.263700 0.857642
vt 0.276164 0.857737
vt 0.276950 0.857811
vt 0.274598 0.857754
vt 0.273719 0.857935
vt 0.273423 0.857849
vt 0.275775 0.857907
vt 0.275346 0.857801
vt 0.274203 0.857897
vt 0.276709 0.857859
vt 0.273820 0.857788
vt 0.275019 0.857854
vt 0.322096 0.861729
vt 0.321757 0.861760
vt 0.321561 0.861726
vt 0.320745 0.861781
vt 0.320920 0.861751
vt 0.321116 0.861786
vt 0.321835 0.861746
vt 0.321187 0.861772
vt 0.321453 0.861775
vt 0.321212 0.861733
vt 0.321581 0.861762
vt 0.320571 0.861723
vt 0.320152 0.861718
vt 0.320481 0.861714
vt 0.319878 0.861741
vt 0.320144 0.861722
vt 0.319815 0.861727
vt 0.320402 0.861741
vt 0.320065 0.861750
vt 0.319946 0.861719
vt 0.320345 0.861714
vt 0.320214 0.861749
vt 0.294539 0.858785
vt 0.293029 0.858725
vt 0.293971 0.858724
vt 0.292357 0.858547
vt 0.292886 0.858609
vt 0.291955 0.858611
vt 0.294451 0.858719
vt 0.293392 0.858604
vt 0.292308 0.858673
vt 0.293450 0.858671
vt 0.293995 0.858665
vt 0.320932 0.861728
vt 0.321296 0.861737
vt 0.321038 0.861724
vt 0.321814 0.861703
vt 0.321464 0.861713
vt 0.321719 0.861725
vt 0.321167 0.861712
vt 0.321602 0.861700
vt 0.321517 0.861735
vt 0.321203 0.861720
vt 0.321394 0.861705
vt 0.320943 0.861719
vt 0.320691 0.861689
vt 0.320523 0.861717
vt 0.319828 0.861683
vt 0.319988 0.861699
vt 0.320160 0.861671
vt 0.320685 0.861714
vt 0.320160 0.861696
vt 0.320445 0.861676
vt 0.320235 0.861710
vt 0.320471 0.861704
vt 0.278809 0.857805
vt 0.278352 0.857735
vt 0.277351 0.857782
vt 0.273691 0.857629
vt 0.274915 0.857697
vt 0.275941 0.857650
vt 0.276963 0.857748
vt 0.274514 0.857663
vt 0.277448 0.857692
vt 0.276208 0.857748
vt 0.275813 0.857701
vt 0.458244 0.697782
vt 0.458305 0.696926
vt 0.469741 0.673399
vt 0.469689 0.673651
vt 0.469840 0.673745
vt 0.469893 0.673449
vt 0.469213 0.686973
vt 0.469084 0.686243
vt 0.468997 0.686332
vt 0.469140 0.686965
vt 0.461254 0.707378
vt 0.461213 0.707103
vt 0.463320 0.709607
vt 0.463367 0.709809
vt 0.466520 0.701373
vt 0.466574 0.701590
vt 0.461238 0.708068
vt 0.461282 0.708382
vt 0.463425 0.710520
vt 0.463374 0.710353
vt 0.466635 0.702664
vt 0.466580 0.702261
vt 0.457487 0.692981
vt 0.457357 0.693832
vt 0.456003 0.678319
vt 0.456206 0.677760
vt 0.459462 0.703834
vt 0.459508 0.703027
vt 0.458242 0.697670
vt 0.458205 0.698529
vt 0.458210 0.697956
vt 0.459479 0.703252
vt 0.458173 0.698810
vt 0.459434 0.704076
vt 0.457549 0.692749
vt 0.457419 0.693604
vt 0.287360 0.859070
vt 0.287231 0.859064
vt 0.289660 0.858879
vt 0.289820 0.858876
vt 0.283851 0.858143
vt 0.285709 0.858240
vt 0.285647 0.858166
vt 0.288921 0.858339
vt 0.288104 0.858262
vt 0.288094 0.858333
vt 0.284640 0.858194
vt 0.287090 0.858290
vt 0.286963 0.858292
vt 0.286927 0.858204
vt 0.285634 0.858246
vt 0.287979 0.858260
vt 0.285621 0.858227
vt 0.286046 0.858155
vt 0.280525 0.858049
vt 0.282436 0.858053
vt 0.282021 0.858124
vt 0.286124 0.858227
vt 0.282534 0.858125
vt 0.283853 0.858182
vt 0.284362 0.858095
vt 0.284469 0.858194
vt 0.291241 0.858618
vt 0.289925 0.858638
vt 0.289634 0.858530
vt 0.284041 0.858463
vt 0.286148 0.858454
vt 0.286535 0.858566
vt 0.288889 0.858583
vt 0.285346 0.858508
vt 0.288509 0.858616
vt 0.288112 0.858482
vt 0.287143 0.858560
vt 0.290214 0.858504
vt 0.287444 0.858422
vt 0.288786 0.858383
vt 0.282724 0.858208
vt 0.285114 0.858239
vt 0.283718 0.858277
vt 0.288384 0.858461
vt 0.284751 0.858320
vt 0.285559 0.858350
vt 0.287195 0.858303
vt 0.286612 0.858409
vt 0.291185 0.858664
vt 0.289192 0.858651
vt 0.289683 0.858578
vt 0.286041 0.858495
vt 0.287115 0.858494
vt 0.286696 0.858570
vt 0.290364 0.858637
vt 0.287911 0.858557
vt 0.287863 0.858618
vt 0.288433 0.858527
vt 0.289327 0.858612
vt 0.290094 0.858925
vt 0.288451 0.858883
vt 0.289639 0.858853
vt 0.286491 0.858693
vt 0.287887 0.858741
vt 0.286719 0.858772
vt 0.289150 0.858864
vt 0.287396 0.858752
vt 0.287519 0.858834
vt 0.288952 0.858798
vt 0.288220 0.858815
vt 0.290202 0.858886
vt 0.288321 0.858830
vt 0.289505 0.858802
vt 0.285686 0.858686
vt 0.287302 0.858705
vt 0.286141 0.858734
vt 0.289005 0.858856
vt 0.286837 0.858760
vt 0.287179 0.858783
vt 0.288604 0.858748
vt 0.287880 0.858820
vt 0.460650 0.706247
vt 0.460657 0.703444
vt 0.461241 0.704413
vt 0.283178 0.858730
vt 0.285230 0.858748
vt 0.284674 0.858816
vt 0.289141 0.858944
vt 0.288103 0.858851
vt 0.287250 0.858899
vt 0.284370 0.858795
vt 0.287518 0.858918
vt 0.286228 0.858876
vt 0.286910 0.858793
vt 0.285778 0.858860
vt 0.286327 0.859099
vt 0.284357 0.859051
vt 0.285710 0.859010
vt 0.282221 0.858865
vt 0.283690 0.858896
vt 0.282381 0.858939
vt 0.285393 0.859051
vt 0.283404 0.858939
vt 0.283263 0.859001
vt 0.284884 0.858949
vt 0.284377 0.859007
vt 0.322268 0.861656
vt 0.322010 0.861671
vt 0.321854 0.861646
vt 0.321097 0.861690
vt 0.321292 0.861663
vt 0.321443 0.861688
vt 0.322006 0.861674
vt 0.321434 0.861690
vt 0.321754 0.861680
vt 0.321571 0.861649
vt 0.321767 0.861687
vt 0.323509 0.861743
vt 0.323512 0.861757
vt 0.323138 0.861724
vt 0.322535 0.861765
vt 0.322669 0.861735
vt 0.323043 0.861768
vt 0.323185 0.861760
vt 0.322723 0.861771
vt 0.323355 0.861763
vt 0.322893 0.861722
vt 0.322994 0.861771
vt 0.323671 0.861757
vt 0.323423 0.861781
vt 0.323248 0.861747
vt 0.322592 0.861782
vt 0.322732 0.861759
vt 0.322909 0.861793
vt 0.323454 0.861766
vt 0.322939 0.861779
vt 0.323186 0.861789
vt 0.322970 0.861748
vt 0.323248 0.861776
vt 0.272465 0.857524
vt 0.270779 0.857486
vt 0.272258 0.857541
vt 0.269036 0.857579
vt 0.270595 0.857567
vt 0.269119 0.857512
vt 0.271315 0.857556
vt 0.269652 0.857582
vt 0.269869 0.857486
vt 0.271664 0.857553
vt 0.270323 0.857567
vt 0.287600 0.859103
vt 0.286722 0.859042
vt 0.287698 0.859030
vt 0.287963 0.858898
vt 0.287842 0.858931
vt 0.286875 0.858943
vt 0.288213 0.859067
vt 0.288379 0.858968
vt 0.286562 0.858993
vt 0.287746 0.858978
vt 0.288330 0.859027
vt 0.322066 0.861635
vt 0.322352 0.861661
vt 0.322175 0.861652
vt 0.322982 0.861683
vt 0.322614 0.861676
vt 0.322789 0.861684
vt 0.322358 0.861637
vt 0.322807 0.861661
vt 0.322560 0.861675
vt 0.322342 0.861665
vt 0.322596 0.861646
vt 0.274112 0.857572
vt 0.273743 0.857495
vt 0.272386 0.857523
vt 0.270251 0.857344
vt 0.270539 0.857413
vt 0.271913 0.857386
vt 0.273164 0.857505
vt 0.271363 0.857397
vt 0.272993 0.857442
vt 0.271318 0.857474
vt 0.272498 0.857451
vt 0.282520 0.857899
vt 0.282793 0.857868
vt 0.281293 0.857885
vt 0.279243 0.857740
vt 0.279744 0.857810
vt 0.281272 0.857793
vt 0.281282 0.857825
vt 0.279724 0.857748
vt 0.282341 0.857838
vt 0.280492 0.857858
vt 0.280628 0.857779
vt 0.279490 0.857730
vt 0.279368 0.857680
vt 0.278804 0.857739
vt 0.275847 0.857624
vt 0.277063 0.857689
vt 0.277626 0.857629
vt 0.277847 0.857678
vt 0.276095 0.857626
vt 0.278776 0.857654
vt 0.278090 0.857726
vt 0.276908 0.857642
vt 0.287167 0.858148
vt 0.286394 0.858065
vt 0.285089 0.858076
vt 0.281946 0.857964
vt 0.282573 0.857986
vt 0.283909 0.857978
vt 0.285923 0.858127
vt 0.283446 0.858039
vt 0.285327 0.858015
vt 0.283727 0.858028
vt 0.284938 0.858092
vt 0.456092 0.678424
vt 0.456295 0.677860
vt 0.466629 0.652971
vt 0.466684 0.653279
vt 0.466840 0.653380
vt 0.466786 0.653028
vt 0.465936 0.666439
vt 0.465799 0.665701
vt 0.465827 0.665849
vt 0.465976 0.666490
vt 0.458961 0.687128
vt 0.459029 0.686912
vt 0.460879 0.689340
vt 0.460815 0.689484
vt 0.463626 0.680962
vt 0.463574 0.681123
vt 0.459078 0.687889
vt 0.459011 0.688145
vt 0.460892 0.690207
vt 0.460952 0.690099
vt 0.463667 0.682216
vt 0.463719 0.681869
vt 0.455706 0.672894
vt 0.455644 0.673778
vt 0.454734 0.658463
vt 0.454858 0.657868
vt 0.457539 0.683729
vt 0.457533 0.682896
vt 0.456482 0.677616
vt 0.456485 0.678496
vt 0.456364 0.677855
vt 0.457401 0.683065
vt 0.456366 0.678729
vt 0.457411 0.683917
vt 0.455888 0.672729
vt 0.455827 0.673616
vt 0.272138 0.858256
vt 0.274017 0.858342
vt 0.273875 0.858300
vt 0.277016 0.858514
vt 0.276240 0.858426
vt 0.276310 0.858465
vt 0.272849 0.858333
vt 0.275208 0.858458
vt 0.275245 0.858401
vt 0.275112 0.858352
vt 0.273802 0.858397
vt 0.273575 0.858287
vt 0.271143 0.858262
vt 0.271661 0.858189
vt 0.266177 0.858059
vt 0.268106 0.858079
vt 0.267569 0.858152
vt 0.271719 0.858234
vt 0.268145 0.858124
vt 0.269374 0.858216
vt 0.270030 0.858127
vt 0.270038 0.858191
vt 0.279428 0.858748
vt 0.277994 0.858808
vt 0.277705 0.858705
vt 0.271981 0.858684
vt 0.274098 0.858673
vt 0.274485 0.858780
vt 0.277073 0.858714
vt 0.273408 0.858684
vt 0.276507 0.858812
vt 0.276110 0.858684
vt 0.275285 0.858706
vt 0.278293 0.858677
vt 0.275487 0.858610
vt 0.276884 0.858555
vt 0.270979 0.858328
vt 0.273295 0.858385
vt 0.271843 0.858441
vt 0.276569 0.858597
vt 0.273020 0.858431
vt 0.273618 0.858535
vt 0.275322 0.858467
vt 0.274846 0.858529
vt 0.278647 0.858917
vt 0.277086 0.858878
vt 0.278004 0.858835
vt 0.273783 0.858685
vt 0.275639 0.858722
vt 0.274760 0.858768
vt 0.277150 0.858863
vt 0.274848 0.858753
vt 0.275990 0.858831
vt 0.277091 0.858777
vt 0.275939 0.858818
vt 0.278404 0.858996
vt 0.276499 0.858951
vt 0.277721 0.858911
vt 0.274027 0.858754
vt 0.275584 0.858794
vt 0.274385 0.858834
vt 0.277290 0.858938
vt 0.275187 0.858822
vt 0.275372 0.858900
vt 0.276843 0.858851
vt 0.276204 0.858889
vt 0.276639 0.859079
vt 0.274790 0.859066
vt 0.275302 0.859022
vt 0.271617 0.858886
vt 0.272857 0.858929
vt 0.272371 0.858973
vt 0.275614 0.859014
vt 0.273180 0.858921
vt 0.273537 0.859031
vt 0.274156 0.858978
vt 0.274515 0.858972
vt 0.277350 0.859049
vt 0.275626 0.859059
vt 0.276249 0.858982
vt 0.271262 0.858885
vt 0.273314 0.858904
vt 0.272720 0.858981
vt 0.275479 0.858997
vt 0.272537 0.858919
vt 0.274289 0.859034
vt 0.275017 0.858939
vt 0.273989 0.858966
vt 0.274630 0.859161
vt 0.272648 0.859118
vt 0.273985 0.859085
vt 0.270613 0.858903
vt 0.272007 0.858960
vt 0.270714 0.858994
vt 0.273773 0.859087
vt 0.271827 0.858963
vt 0.271562 0.859066
vt 0.273163 0.859025
vt 0.272792 0.859031
vt 0.259602 0.857776
vt 0.261417 0.857806
vt 0.260686 0.857759
vt 0.264087 0.857842
vt 0.262831 0.857790
vt 0.263588 0.857838
vt 0.260593 0.857812
vt 0.262762 0.857844
vt 0.262594 0.857823
vt 0.261674 0.857764
vt 0.261650 0.857837
vt 0.260050 0.857724
vt 0.258190 0.857697
vt 0.258881 0.857653
vt 0.254633 0.857585
vt 0.256301 0.857587
vt 0.255566 0.857631
vt 0.258562 0.857705
vt 0.255955 0.857639
vt 0.256902 0.857667
vt 0.257751 0.857613
vt 0.257264 0.857684
vt 0.319675 0.861816
vt 0.319404 0.861841
vt 0.319260 0.861808
vt 0.318513 0.861840
vt 0.318702 0.861819
vt 0.318841 0.861853
vt 0.319425 0.861824
vt 0.318857 0.861836
vt 0.319147 0.861850
vt 0.318977 0.861809
vt 0.319189 0.861833
vt 0.268644 0.858015
vt 0.268529 0.858091
vt 0.266824 0.857998
vt 0.263848 0.858121
vt 0.264511 0.858049
vt 0.266218 0.858142
vt 0.267113 0.858047
vt 0.264835 0.858099
vt 0.267720 0.858124
vt 0.265617 0.858010
vt 0.266174 0.858082
vt 0.266714 0.857957
vt 0.264539 0.857966
vt 0.264562 0.857884
vt 0.259928 0.857868
vt 0.261330 0.857843
vt 0.261300 0.857925
vt 0.265284 0.857950
vt 0.262017 0.857908
vt 0.262926 0.857951
vt 0.262946 0.857851
vt 0.263870 0.857943
vt 0.319527 0.861813
vt 0.319453 0.861776
vt 0.319160 0.861793
vt 0.318680 0.861737
vt 0.318755 0.861756
vt 0.319052 0.861740
vt 0.319308 0.861798
vt 0.318913 0.861762
vt 0.319291 0.861755
vt 0.318930 0.861775
vt 0.319158 0.861781
vt 0.270528 0.858123
vt 0.270901 0.858058
vt 0.269404 0.858072
vt 0.267510 0.857877
vt 0.267980 0.857954
vt 0.269506 0.857940
vt 0.269319 0.858041
vt 0.267886 0.857922
vt 0.270518 0.858005
vt 0.268671 0.858021
vt 0.268713 0.857980
vt 0.320672 0.861876
vt 0.320664 0.861840
vt 0.320550 0.861862
vt 0.319950 0.861792
vt 0.320205 0.861822
vt 0.320319 0.861799
vt 0.320327 0.861851
vt 0.319980 0.861810
vt 0.320552 0.861818
vt 0.320412 0.861846
vt 0.320136 0.861829
vt 0.322345 0.862020
vt 0.322157 0.862003
vt 0.321894 0.861998
vt 0.321167 0.861998
vt 0.321327 0.861987
vt 0.321596 0.861993
vt 0.322058 0.862030
vt 0.321499 0.862019
vt 0.321914 0.861995
vt 0.321592 0.861988
vt 0.321831 0.862029
vt 0.454949 0.658638
vt 0.455072 0.658038
vt 0.447542 0.576690
vt 0.448601 0.640098
vt 0.448303 0.639895
vt 0.447056 0.576678
vt 0.448341 0.640068
vt 0.448257 0.671560
vt 0.448523 0.671624
vt 0.448616 0.640163
vt 0.447214 0.576359
vt 0.447602 0.576569
vt 0.446811 0.551937
vt 0.447209 0.552154
vt 0.448525 0.671415
vt 0.448261 0.671007
vt 0.447148 0.552513
vt 0.446651 0.552887
vt 0.446075 0.528323
vt 0.445508 0.528188
vt 0.446266 0.552033
vt 0.446418 0.528682
vt 0.446485 0.528547
vt 0.446106 0.552983
vt 0.445329 0.528547
vt 0.445896 0.528682
vt 0.444919 0.528323
vt 0.444986 0.528188
vt 0.446525 0.576543
vt 0.446137 0.576333
vt 0.445708 0.552766
vt 0.447954 0.639713
vt 0.447680 0.639617
vt 0.447940 0.670721
vt 0.447674 0.670658
vt 0.445769 0.552407
vt 0.446196 0.576213
vt 0.446683 0.576225
vt 0.447694 0.639684
vt 0.447993 0.639887
vt 0.447672 0.670867
vt 0.447936 0.671274
vt 0.446189 0.736033
vt 0.446180 0.736223
vt 0.446803 0.712859
vt 0.446809 0.712609
vt 0.446303 0.736558
vt 0.446462 0.736773
vt 0.447197 0.713600
vt 0.446978 0.713308
vt 0.446601 0.736791
vt 0.446610 0.736598
vt 0.447390 0.713376
vt 0.447383 0.713631
vt 0.446486 0.736264
vt 0.446327 0.736050
vt 0.446995 0.712642
vt 0.447215 0.712929
vt 0.447651 0.597104
vt 0.446250 0.594351
vt 0.447048 0.566042
vt 0.448539 0.568898
vt 0.446850 0.569535
vt 0.446050 0.597704
vt 0.445866 0.611281
vt 0.443097 0.622970
vt 0.445113 0.608334
vt 0.445118 0.611385
vt 0.447160 0.525735
vt 0.446476 0.526876
vt 0.446774 0.526000
vt 0.446673 0.529003
vt 0.447461 0.528583
vt 0.422592 0.691339
vt 0.422702 0.686215
vt 0.423786 0.631659
vt 0.423659 0.636849
vt 0.424132 0.640021
vt 0.423023 0.694290
vt 0.437441 0.681773
vt 0.430918 0.681484
vt 0.438762 0.681794
vt 0.437144 0.681806
vt 0.446784 0.682152
vt 0.448781 0.682124
vt 0.423230 0.509634
vt 0.423080 0.511110
vt 0.423365 0.510711
vt 0.423378 0.516602
vt 0.423100 0.514634
vt 0.447514 0.682084
vt 0.438019 0.695047
vt 0.438175 0.695135
vt 0.438111 0.694982
vt 0.437952 0.694850
vt 0.438677 0.709381
vt 0.438700 0.708891
vt 0.438876 0.708857
vt 0.438840 0.709236
vt 0.444584 0.739277
vt 0.444718 0.738831
vt 0.443496 0.738569
vt 0.443356 0.738939
vt 0.441056 0.726648
vt 0.440918 0.727010
vt 0.444773 0.739675
vt 0.444640 0.740157
vt 0.443380 0.739496
vt 0.443524 0.739167
vt 0.440971 0.727885
vt 0.441100 0.727344
vt 0.446401 0.730016
vt 0.446578 0.730891
vt 0.447078 0.716971
vt 0.446865 0.716290
vt 0.445733 0.737793
vt 0.445617 0.737056
vt 0.446252 0.733346
vt 0.446353 0.734147
vt 0.446184 0.733863
vt 0.445525 0.737547
vt 0.446283 0.734662
vt 0.445644 0.738293
vt 0.446495 0.729431
vt 0.446673 0.730307
vt 0.297088 0.861538
vt 0.299280 0.861507
vt 0.299006 0.861577
vt 0.303486 0.861603
vt 0.302109 0.861607
vt 0.302305 0.861538
vt 0.298392 0.861561
vt 0.301483 0.861592
vt 0.300812 0.861511
vt 0.300522 0.861597
vt 0.299750 0.861570
vt 0.299022 0.861714
vt 0.296850 0.861729
vt 0.296667 0.861735
vt 0.290847 0.861666
vt 0.292733 0.861712
vt 0.292897 0.861707
vt 0.296909 0.861666
vt 0.292957 0.861644
vt 0.294992 0.861728
vt 0.294796 0.861734
vt 0.295102 0.861646
vt 0.302299 0.861649
vt 0.300167 0.861653
vt 0.299957 0.861678
vt 0.294071 0.861609
vt 0.295976 0.861660
vt 0.296189 0.861635
vt 0.300189 0.861603
vt 0.296228 0.861584
vt 0.298314 0.861651
vt 0.298055 0.861681
vt 0.298410 0.861583
vt 0.307076 0.861462
vt 0.306484 0.861494
vt 0.305491 0.861538
vt 0.300654 0.861562
vt 0.302377 0.861587
vt 0.303483 0.861541
vt 0.304811 0.861451
vt 0.301656 0.861499
vt 0.305362 0.861520
vt 0.304099 0.861575
vt 0.303285 0.861460
vt 0.305786 0.861552
vt 0.302957 0.861573
vt 0.303659 0.861580
vt 0.296665 0.861510
vt 0.299203 0.861561
vt 0.298455 0.861553
vt 0.303535 0.861499
vt 0.299134 0.861478
vt 0.300778 0.861574
vt 0.301631 0.861583
vt 0.301472 0.861477
vt 0.307449 0.861456
vt 0.305471 0.861416
vt 0.305534 0.861473
vt 0.301030 0.861360
vt 0.302348 0.861427
vt 0.302369 0.861369
vt 0.306178 0.861407
vt 0.303116 0.861360
vt 0.303937 0.861393
vt 0.303979 0.861463
vt 0.304871 0.861373
vt 0.307640 0.861381
vt 0.306141 0.861425
vt 0.306473 0.861404
vt 0.301722 0.861408
vt 0.303604 0.861418
vt 0.303315 0.861438
vt 0.305879 0.861358
vt 0.303079 0.861372
vt 0.304877 0.861441
vt 0.305263 0.861416
vt 0.304498 0.861359
vt 0.307946 0.861323
vt 0.306024 0.861336
vt 0.306723 0.861345
vt 0.302185 0.861291
vt 0.303923 0.861331
vt 0.303249 0.861322
vt 0.306419 0.861283
vt 0.303654 0.861268
vt 0.304658 0.861337
vt 0.305493 0.861348
vt 0.305063 0.861267
vt 0.307404 0.861281
vt 0.306177 0.861321
vt 0.306091 0.861340
vt 0.301216 0.861364
vt 0.303114 0.861381
vt 0.303230 0.861361
vt 0.305383 0.861269
vt 0.302400 0.861309
vt 0.304931 0.861346
vt 0.304796 0.861370
vt 0.303911 0.861277
vt 0.305693 0.861133
vt 0.303698 0.861136
vt 0.304646 0.861178
vt 0.300224 0.861146
vt 0.301971 0.861185
vt 0.301071 0.861142
vt 0.304285 0.861106
vt 0.301644 0.861112
vt 0.302376 0.861141
vt 0.303501 0.861193
vt 0.302976 0.861097
vt 0.283047 0.861680
vt 0.284803 0.861679
vt 0.283912 0.861722
vt 0.287674 0.861809
vt 0.286122 0.861784
vt 0.287039 0.861741
vt 0.284295 0.861724
vt 0.286529 0.861786
vt 0.285973 0.861701
vt 0.284857 0.861752
vt 0.285458 0.861751
vt 0.324079 0.863608
vt 0.323710 0.863622
vt 0.323732 0.863606
vt 0.322805 0.863589
vt 0.323125 0.863597
vt 0.323094 0.863614
vt 0.323751 0.863591
vt 0.323140 0.863582
vt 0.323418 0.863623
vt 0.323447 0.863604
vt 0.323467 0.863586
vt 0.292798 0.861769
vt 0.293482 0.861818
vt 0.291289 0.861820
vt 0.289944 0.861845
vt 0.289917 0.861857
vt 0.292110 0.861855
vt 0.291767 0.861755
vt 0.290428 0.861792
vt 0.293162 0.861844
vt 0.290467 0.861847
vt 0.291307 0.861764
vt 0.283927 0.861801
vt 0.281975 0.861767
vt 0.283422 0.861732
vt 0.280202 0.861583
vt 0.281614 0.861627
vt 0.280166 0.861662
vt 0.282923 0.861743
vt 0.281115 0.861638
vt 0.280937 0.861722
vt 0.282694 0.861680
vt 0.281924 0.861697
vt 0.324609 0.863649
vt 0.324946 0.863634
vt 0.324692 0.863621
vt 0.325459 0.863586
vt 0.325101 0.863591
vt 0.325352 0.863604
vt 0.324856 0.863641
vt 0.325276 0.863610
vt 0.325154 0.863620
vt 0.324844 0.863604
vt 0.325081 0.863630
vt 0.285618 0.861792
vt 0.284697 0.861811
vt 0.283700 0.861781
vt 0.280953 0.861879
vt 0.281462 0.861823
vt 0.282477 0.861852
vt 0.284587 0.861843
vt 0.282395 0.861884
vt 0.283688 0.861827
vt 0.282449 0.861791
vt 0.283736 0.861872
vt 0.326654 0.863541
vt 0.326584 0.863528
vt 0.326327 0.863521
vt 0.325611 0.863518
vt 0.325831 0.863509
vt 0.326094 0.863517
vt 0.326291 0.863550
vt 0.325792 0.863539
vt 0.326403 0.863520
vt 0.326086 0.863511
vt 0.326066 0.863549
vt 0.291602 0.861820
vt 0.290859 0.861800
vt 0.290655 0.861751
vt 0.286694 0.861685
vt 0.288305 0.861686
vt 0.288504 0.861735
vt 0.289672 0.861803
vt 0.287306 0.861738
vt 0.289920 0.861771
vt 0.289675 0.861711
vt 0.288424 0.861782
vt 0.300818 0.861688
vt 0.299931 0.861762
vt 0.298569 0.861700
vt 0.295869 0.861819
vt 0.296178 0.861764
vt 0.297587 0.861825
vt 0.299892 0.861722
vt 0.297546 0.861785
vt 0.298868 0.861799
vt 0.297199 0.861724
vt 0.299039 0.861757
vt 0.447181 0.716656
vt 0.446966 0.715973
vt 0.447051 0.700949
vt 0.447223 0.701065
vt 0.447266 0.701244
vt 0.447092 0.701087
vt 0.447317 0.713887
vt 0.447244 0.713110
vt 0.447414 0.713038
vt 0.447482 0.713733
vt 0.448226 0.727796
vt 0.448381 0.727405
vt 0.448515 0.731359
vt 0.448357 0.731684
vt 0.448057 0.725790
vt 0.447909 0.726130
vt 0.448469 0.728331
vt 0.448315 0.728762
vt 0.448433 0.732389
vt 0.448593 0.732095
vt 0.448023 0.727175
vt 0.448162 0.726656
vt 0.447605 0.711094
vt 0.447726 0.711774
vt 0.447432 0.695548
vt 0.447321 0.695204
vt 0.448287 0.722929
vt 0.448176 0.722224
vt 0.448010 0.716073
vt 0.448107 0.716843
vt 0.447881 0.716406
vt 0.448017 0.722517
vt 0.447975 0.717174
vt 0.448133 0.723237
vt 0.447797 0.710800
vt 0.447921 0.711483
vt 0.296906 0.860615
vt 0.298496 0.860615
vt 0.298735 0.860658
vt 0.301756 0.860763
vt 0.301080 0.860729
vt 0.300776 0.860686
vt 0.297667 0.860669
vt 0.300008 0.860740
vt 0.299659 0.860639
vt 0.299986 0.860692
vt 0.298589 0.860702
vt 0.299152 0.860777
vt 0.296930 0.860798
vt 0.297481 0.860762
vt 0.291981 0.860679
vt 0.294040 0.860715
vt 0.293470 0.860752
vt 0.297167 0.860722
vt 0.293708 0.860676
vt 0.295263 0.860788
vt 0.295957 0.860744
vt 0.295488 0.860696
vt 0.301079 0.860784
vt 0.298833 0.860797
vt 0.299421 0.860777
vt 0.293988 0.860687
vt 0.295989 0.860731
vt 0.295413 0.860751
vt 0.299186 0.860726
vt 0.295773 0.860680
vt 0.297164 0.860786
vt 0.297869 0.860762
vt 0.297561 0.860699
vt 0.303233 0.860736
vt 0.302007 0.860806
vt 0.302000 0.860796
vt 0.296696 0.860854
vt 0.298839 0.860853
vt 0.298929 0.860864
vt 0.300956 0.860728
vt 0.297736 0.860786
vt 0.300728 0.860844
vt 0.300683 0.860832
vt 0.299306 0.860746
vt 0.302644 0.860790
vt 0.300112 0.860798
vt 0.301499 0.860765
vt 0.295635 0.860636
vt 0.298065 0.860691
vt 0.296626 0.860725
vt 0.300769 0.860716
vt 0.297366 0.860643
vt 0.298375 0.860776
vt 0.300067 0.860736
vt 0.299054 0.860676
vt 0.303097 0.860759
vt 0.301056 0.860723
vt 0.301798 0.860743
vt 0.298049 0.860588
vt 0.299284 0.860661
vt 0.298605 0.860641
vt 0.302197 0.860688
vt 0.299787 0.860606
vt 0.299743 0.860689
vt 0.300624 0.860713
vt 0.301128 0.860641
vt 0.302007 0.860755
vt 0.300766 0.860788
vt 0.301552 0.860740
vt 0.297624 0.860701
vt 0.299425 0.860715
vt 0.298673 0.860763
vt 0.300496 0.860720
vt 0.298425 0.860695
vt 0.299827 0.860787
vt 0.300769 0.860729
vt 0.299369 0.860707
vt 0.301448 0.860745
vt 0.299729 0.860750
vt 0.300951 0.860728
vt 0.297237 0.860630
vt 0.298898 0.860673
vt 0.297697 0.860695
vt 0.300212 0.860688
vt 0.298190 0.860633
vt 0.298682 0.860733
vt 0.300156 0.860707
vt 0.299120 0.860658
vt 0.299333 0.860729
vt 0.297449 0.860714
vt 0.298255 0.860741
vt 0.294500 0.860647
vt 0.295903 0.860702
vt 0.295119 0.860674
vt 0.298244 0.860680
vt 0.295901 0.860640
vt 0.296232 0.860699
vt 0.297211 0.860733
vt 0.297128 0.860651
vt 0.300213 0.860742
vt 0.298775 0.860797
vt 0.299496 0.860771
vt 0.294925 0.860784
vt 0.296949 0.860791
vt 0.296254 0.860818
vt 0.298397 0.860720
vt 0.295843 0.860741
vt 0.297646 0.860819
vt 0.298497 0.860786
vt 0.297037 0.860724
vt 0.285928 0.860602
vt 0.287637 0.860602
vt 0.287180 0.860622
vt 0.290815 0.860715
vt 0.289518 0.860676
vt 0.290000 0.860656
vt 0.287078 0.860652
vt 0.289438 0.860706
vt 0.288855 0.860620
vt 0.288270 0.860644
vt 0.288208 0.860680
vt 0.287008 0.860684
vt 0.285342 0.860701
vt 0.285845 0.860643
vt 0.281468 0.860577
vt 0.283208 0.860592
vt 0.282662 0.860651
vt 0.285362 0.860644
vt 0.282697 0.860594
vt 0.284082 0.860688
vt 0.284704 0.860617
vt 0.284024 0.860623
vt 0.325470 0.863077
vt 0.325212 0.863098
vt 0.325074 0.863081
vt 0.324259 0.863080
vt 0.324492 0.863083
vt 0.324626 0.863100
vt 0.325174 0.863066
vt 0.324583 0.863068
vt 0.324952 0.863103
vt 0.324789 0.863083
vt 0.324918 0.863066
vt 0.326575 0.863059
vt 0.326598 0.863097
vt 0.326260 0.863089
vt 0.325665 0.863151
vt 0.325822 0.863134
vt 0.326160 0.863142
vt 0.326243 0.863073
vt 0.325812 0.863117
vt 0.326458 0.863122
vt 0.326041 0.863112
vt 0.326057 0.863091
vt 0.293320 0.860762
vt 0.291261 0.860786
vt 0.291229 0.860729
vt 0.286229 0.860651
vt 0.287849 0.860676
vt 0.287873 0.860733
vt 0.291633 0.860711
vt 0.288220 0.860659
vt 0.289632 0.860774
vt 0.289588 0.860704
vt 0.290109 0.860687
vt 0.287397 0.860693
vt 0.285708 0.860644
vt 0.286979 0.860616
vt 0.283364 0.860489
vt 0.285027 0.860518
vt 0.283760 0.860546
vt 0.286066 0.860653
vt 0.284114 0.860554
vt 0.284698 0.860598
vt 0.286238 0.860564
vt 0.284957 0.860613
vt 0.447278 0.706787
vt 0.447418 0.706431
vt 0.447274 0.703942
vt 0.324599 0.863082
vt 0.324605 0.863068
vt 0.324921 0.863064
vt 0.446935 0.705618
vt 0.324820 0.863091
vt 0.325291 0.863065
vt 0.325142 0.863083
vt 0.325248 0.863055
vt 0.325116 0.863055
vt 0.324731 0.863060
vt 0.324936 0.863059
vt 0.325036 0.863090
vt 0.296578 0.860763
vt 0.296805 0.860700
vt 0.295241 0.860695
vt 0.293352 0.860581
vt 0.293713 0.860607
vt 0.295303 0.860612
vt 0.295488 0.860735
vt 0.293953 0.860648
vt 0.296338 0.860654
vt 0.294413 0.860648
vt 0.294884 0.860700
vt 0.326392 0.863078
vt 0.326370 0.863052
vt 0.326204 0.863047
vt 0.325577 0.863000
vt 0.325814 0.863009
vt 0.325981 0.863014
vt 0.326052 0.863068
vt 0.325660 0.863030
vt 0.326237 0.863032
vt 0.326034 0.863026
vt 0.325853 0.863053
vt 0.300552 0.860770
vt 0.300122 0.860822
vt 0.298658 0.860765
vt 0.296076 0.860884
vt 0.296506 0.860820
vt 0.297992 0.860878
vt 0.299462 0.860816
vt 0.297343 0.860872
vt 0.299254 0.860850
vt 0.297463 0.860781
vt 0.298647 0.860852
vt 0.447656 0.695590
vt 0.447543 0.695243
vt 0.439023 0.682944
vt 0.439184 0.683200
vt 0.439127 0.683446
vt 0.438964 0.683151
vt 0.439727 0.695408
vt 0.439739 0.694568
vt 0.439917 0.694634
vt 0.439892 0.695394
vt 0.445422 0.707603
vt 0.445557 0.707362
vt 0.444438 0.711764
vt 0.444296 0.711939
vt 0.442080 0.706798
vt 0.441941 0.706999
vt 0.445620 0.708331
vt 0.445485 0.708613
vt 0.444328 0.712696
vt 0.444474 0.712550
vt 0.442004 0.708115
vt 0.442134 0.707735
vt 0.446999 0.690190
vt 0.447179 0.690919
vt 0.447545 0.674840
vt 0.447335 0.674460
vt 0.446482 0.702583
vt 0.446362 0.701821
vt 0.446915 0.695494
vt 0.447021 0.696309
vt 0.446843 0.695687
vt 0.446265 0.701947
vt 0.446947 0.696496
vt 0.446389 0.702730
vt 0.447101 0.690101
vt 0.447282 0.690835
vt 0.286150 0.861237
vt 0.287707 0.861196
vt 0.287841 0.861271
vt 0.290386 0.861270
vt 0.289891 0.861286
vt 0.289692 0.861212
vt 0.286674 0.861250
vt 0.288721 0.861266
vt 0.288765 0.861194
vt 0.288964 0.861284
vt 0.287449 0.861251
vt 0.325063 0.863404
vt 0.324559 0.863421
vt 0.324723 0.863425
vt 0.323589 0.863420
vt 0.324016 0.863434
vt 0.323847 0.863429
vt 0.324674 0.863392
vt 0.323963 0.863400
vt 0.324205 0.863429
vt 0.324410 0.863434
vt 0.324329 0.863391
vt 0.289673 0.861323
vt 0.287332 0.861328
vt 0.288079 0.861364
vt 0.282935 0.861310
vt 0.284814 0.861358
vt 0.284082 0.861323
vt 0.287981 0.861285
vt 0.284736 0.861279
vt 0.285694 0.861330
vt 0.286591 0.861373
vt 0.286447 0.861269
vt 0.291784 0.861102
vt 0.290223 0.861124
vt 0.290347 0.861181
vt 0.284705 0.861204
vt 0.286923 0.861231
vt 0.286880 0.861172
vt 0.289499 0.861094
vt 0.286012 0.861143
vt 0.288771 0.861149
vt 0.288887 0.861220
vt 0.287746 0.861102
vt 0.291055 0.861200
vt 0.288485 0.861227
vt 0.290079 0.861242
vt 0.284701 0.861199
vt 0.286958 0.861243
vt 0.285308 0.861227
vt 0.289458 0.861156
vt 0.286365 0.861156
vt 0.286842 0.861237
vt 0.288788 0.861256
vt 0.287894 0.861143
vt 0.291514 0.861089
vt 0.289566 0.861051
vt 0.290313 0.861115
vt 0.287141 0.861023
vt 0.288124 0.861085
vt 0.287439 0.861019
vt 0.290894 0.861048
vt 0.288808 0.861016
vt 0.288378 0.861035
vt 0.289266 0.861113
vt 0.290001 0.861021
vt 0.289412 0.860911
vt 0.287848 0.860930
vt 0.289156 0.860973
vt 0.286545 0.861022
vt 0.287758 0.861027
vt 0.286467 0.860984
vt 0.288715 0.860921
vt 0.287315 0.860975
vt 0.287051 0.860955
vt 0.288633 0.861008
vt 0.287952 0.860937
vt 0.289687 0.860931
vt 0.287943 0.860949
vt 0.289313 0.860964
vt 0.285977 0.860929
vt 0.287500 0.860964
vt 0.286149 0.860948
vt 0.288665 0.860898
vt 0.286882 0.860897
vt 0.286970 0.860955
vt 0.288624 0.860974
vt 0.287691 0.860888
vt 0.287486 0.860840
vt 0.285612 0.860814
vt 0.286388 0.860879
vt 0.282979 0.860833
vt 0.284190 0.860876
vt 0.283438 0.860810
vt 0.286598 0.860820
vt 0.284411 0.860816
vt 0.284443 0.860809
vt 0.285384 0.860889
vt 0.285588 0.860807
vt 0.288375 0.860882
vt 0.286694 0.860919
vt 0.287601 0.860948
vt 0.282939 0.860981
vt 0.284980 0.860997
vt 0.284099 0.860967
vt 0.286631 0.860875
vt 0.284002 0.860923
vt 0.285481 0.860946
vt 0.286558 0.860982
vt 0.285246 0.860886
vt 0.284980 0.860719
vt 0.283127 0.860726
vt 0.284663 0.860773
vt 0.281772 0.860762
vt 0.283077 0.860795
vt 0.281580 0.860747
vt 0.284292 0.860702
vt 0.282735 0.860723
vt 0.282209 0.860737
vt 0.284055 0.860795
vt 0.283461 0.860699
vt 0.322359 0.863464
vt 0.322732 0.863456
vt 0.322625 0.863481
vt 0.323346 0.863504
vt 0.323098 0.863499
vt 0.323210 0.863475
vt 0.322570 0.863479
vt 0.323047 0.863498
vt 0.322987 0.863461
vt 0.322850 0.863491
vt 0.322794 0.863486
vt 0.322548 0.863522
vt 0.322170 0.863538
vt 0.322334 0.863522
vt 0.321425 0.863508
vt 0.321800 0.863515
vt 0.321626 0.863531
vt 0.322216 0.863507
vt 0.321675 0.863500
vt 0.321906 0.863540
vt 0.322108 0.863521
vt 0.321939 0.863502
vt 0.324200 0.863460
vt 0.324147 0.863479
vt 0.323840 0.863491
vt 0.323122 0.863507
vt 0.323321 0.863514
vt 0.323627 0.863502
vt 0.323840 0.863458
vt 0.323328 0.863481
vt 0.323961 0.863493
vt 0.323583 0.863507
vt 0.323617 0.863464
vt 0.276560 0.861555
vt 0.275047 0.861528
vt 0.276421 0.861490
vt 0.273176 0.861346
vt 0.274782 0.861390
vt 0.273413 0.861427
vt 0.275323 0.861496
vt 0.273685 0.861395
vt 0.274192 0.861487
vt 0.275857 0.861441
vt 0.274330 0.861452
vt 0.286219 0.860755
vt 0.285614 0.860755
vt 0.286566 0.860811
vt 0.287495 0.860836
vt 0.287151 0.860850
vt 0.286208 0.860795
vt 0.287050 0.860760
vt 0.287657 0.860799
vt 0.285667 0.860771
vt 0.286822 0.860839
vt 0.287369 0.860768
vt 0.277877 0.861660
vt 0.278999 0.861634
vt 0.278343 0.861604
vt 0.281921 0.861553
vt 0.280281 0.861552
vt 0.280926 0.861583
vt 0.279250 0.861652
vt 0.281233 0.861600
vt 0.279879 0.861609
vt 0.279075 0.861572
vt 0.280310 0.861636
vt 0.278088 0.861542
vt 0.278032 0.861571
vt 0.276532 0.861537
vt 0.274932 0.861651
vt 0.275025 0.861589
vt 0.276541 0.861623
vt 0.277295 0.861597
vt 0.275832 0.861649
vt 0.277468 0.861593
vt 0.275621 0.861552
vt 0.276792 0.861631
vt 0.324535 0.863446
vt 0.324645 0.863434
vt 0.324299 0.863426
vt 0.324004 0.863427
vt 0.324049 0.863417
vt 0.324402 0.863424
vt 0.324329 0.863456
vt 0.324078 0.863447
vt 0.324587 0.863427
vt 0.324160 0.863418
vt 0.324234 0.863457
vt 0.323995 0.863490
vt 0.324031 0.863485
vt 0.323864 0.863462
vt 0.323347 0.863451
vt 0.323554 0.863443
vt 0.323721 0.863466
vt 0.323685 0.863491
vt 0.323374 0.863473
vt 0.323938 0.863476
vt 0.323735 0.863449
vt 0.323520 0.863488
vt 0.289279 0.861375
vt 0.288698 0.861454
vt 0.287409 0.861394
vt 0.284363 0.861513
vt 0.285044 0.861462
vt 0.286352 0.861520
vt 0.287989 0.861407
vt 0.285657 0.861473
vt 0.287731 0.861494
vt 0.286153 0.861421
vt 0.287035 0.861442
vt 0.447659 0.675107
vt 0.447447 0.674721
vt 0.322519 0.862068
vt 0.322002 0.862068
vt 0.322099 0.862031
vt 0.320931 0.861985
vt 0.321330 0.861991
vt 0.321235 0.862028
vt 0.322136 0.862047
vt 0.321371 0.862006
vt 0.321621 0.862054
vt 0.321738 0.862008
vt 0.321786 0.862032
vt 0.279341 0.858803
vt 0.277395 0.858772
vt 0.277846 0.858717
vt 0.274427 0.858556
vt 0.275388 0.858596
vt 0.275009 0.858654
vt 0.278628 0.858738
vt 0.276286 0.858621
vt 0.276109 0.858724
vt 0.276632 0.858655
vt 0.277659 0.858690
vt 0.278288 0.859037
vt 0.276607 0.859008
vt 0.277768 0.858990
vt 0.274625 0.858835
vt 0.275987 0.858893
vt 0.274846 0.858912
vt 0.277374 0.858967
vt 0.275591 0.858870
vt 0.275653 0.858970
vt 0.277054 0.858948
vt 0.276445 0.858919
vt 0.319074 0.861788
vt 0.318672 0.861783
vt 0.318822 0.861760
vt 0.317905 0.861745
vt 0.318265 0.861739
vt 0.318106 0.861762
vt 0.318753 0.861785
vt 0.318190 0.861765
vt 0.318394 0.861774
vt 0.318578 0.861745
vt 0.318473 0.861780
vt 0.269351 0.858065
vt 0.268217 0.858099
vt 0.267402 0.858024
vt 0.264527 0.858010
vt 0.265092 0.857999
vt 0.265918 0.858074
vt 0.268435 0.858043
vt 0.266134 0.858018
vt 0.267147 0.858097
vt 0.266137 0.858006
vt 0.267533 0.858037
vt 0.260489 0.857754
vt 0.258869 0.857693
vt 0.260407 0.857725
vt 0.257380 0.857689
vt 0.258899 0.857693
vt 0.257363 0.857661
vt 0.259402 0.857760
vt 0.257894 0.857728
vt 0.258029 0.857667
vt 0.259896 0.857706
vt 0.258471 0.857748
vt 0.275851 0.859183
vt 0.275027 0.859105
vt 0.275916 0.859126
vt 0.276307 0.858956
vt 0.276104 0.859016
vt 0.275225 0.858995
vt 0.276518 0.859130
vt 0.276730 0.859020
vt 0.274891 0.859050
vt 0.275969 0.859075
vt 0.276673 0.859079
vt 0.261745 0.857812
vt 0.263085 0.857872
vt 0.262343 0.857817
vt 0.266185 0.857877
vt 0.264474 0.857850
vt 0.265203 0.857903
vt 0.263136 0.857814
vt 0.265315 0.857848
vt 0.264083 0.857896
vt 0.263175 0.857830
vt 0.264272 0.857831
vt 0.262152 0.857794
vt 0.261806 0.857713
vt 0.260452 0.857737
vt 0.258225 0.857598
vt 0.258574 0.857643
vt 0.259946 0.857619
vt 0.261136 0.857755
vt 0.259304 0.857661
vt 0.261055 0.857662
vt 0.259382 0.857691
vt 0.260442 0.857712
vt 0.275218 0.858347
vt 0.274347 0.858303
vt 0.273129 0.858281
vt 0.269761 0.858252
vt 0.270499 0.858235
vt 0.271748 0.858259
vt 0.273891 0.858356
vt 0.271300 0.858311
vt 0.273221 0.858275
vt 0.271728 0.858248
vt 0.272839 0.858346
s 1
usemtl Material.043
f 23/1/1 22/2/2 31/3/3 30/4/4
f 1/5/5 2/6/6 26/7/7 25/8/8
f 17/9/9 1/5/5 25/8/8 24/10/10
f 36/11/11 17/9/9 24/10/10 39/12/12
f 22/2/2 21/13/13 32/14/14 31/3/3
f 37/15/15 23/1/1 30/4/4 40/16/16
f 36/11/11 12/17/17 11/18/18 34/19/19
f 37/15/15 16/20/20 15/21/21 39/12/12
f 38/22/22 14/23/23 13/24/24 40/16/16
f 11/18/18 12/17/17 15/21/21 16/20/20 13/24/24 14/23/23 9/25/25 10/26/26
f 38/22/22 29/27/27 8/28/28 33/29/29
f 29/27/27 28/30/30 7/31/31 8/28/28
f 28/30/30 27/32/32 6/33/33 7/31/31
f 35/34/34 3/35/35 18/36/36 34/19/19
f 3/35/35 4/37/37 19/38/38 18/36/36
f 4/37/37 5/39/39 20/40/40 19/38/38
f 27/32/32 28/30/30 31/3/3 32/14/14
f 28/30/30 29/27/27 30/4/4 31/3/3
f 21/13/13 22/2/2 25/8/8 26/7/7
f 22/2/2 23/1/1 24/10/10 25/8/8
f 2/6/6 1/5/5 19/38/38 20/40/40
f 1/5/5 17/9/9 18/36/36 19/38/38
f 33/29/29 8/28/28 3/35/35 35/34/34
f 8/28/28 7/31/31 4/37/37 3/35/35
f 7/31/31 6/33/33 5/39/39 4/37/37
f 9/25/25 33/29/29 35/34/34 10/26/26
f 10/26/26 35/34/34 34/19/19 11/18/18
f 14/23/23 38/22/22 33/29/29 9/25/25
f 29/27/27 38/22/22 40/16/16 30/4/4
f 23/1/1 37/15/15 39/12/12 24/10/10
f 17/9/9 36/11/11 34/19/19 18/36/36
f 16/20/20 37/15/15 40/16/16 13/24/24
f 12/17/17 36/11/11 39/12/12 15/21/21
f 45/41/41 44/42/42 52/43/43 53/44/44
f 54/45/45 53/44/44 59/46/46
f 41/47/47 48/48/48 56/49/49 49/50/50
f 48/48/48 47/51/51 55/52/52 56/49/49
f 44/42/42 43/53/53 51/54/54 52/43/43
f 47/51/51 46/55/55 54/45/45 55/52/52
f 43/53/53 42/56/56 50/57/57 51/54/54
f 46/55/55 45/41/41 53/44/44 54/45/45
f 42/56/56 41/47/47 49/50/50 50/57/57
f 59/46/46 58/58/58 57/59/59 60/60/60
f 50/57/57 49/50/50 57/59/59
f 53/44/44 52/43/43 58/58/58 59/46/46
f 49/50/50 56/49/49 60/60/60 57/59/59
f 56/49/49 55/52/52 60/60/60
f 52/43/43 51/54/54 58/58/58
f 55/52/52 54/45/45 59/46/46 60/60/60
f 51/54/54 50/57/57 57/59/59 58/58/58
f 64/61/61 61/62/62 62/63/63 63/64/64
f 68/65/65 65/66/66 66/67/67 67/68/68
f 76/69/69 73/70/70 74/71/71 75/72/72
f 72/73/73 69/74/74 70/75/75 71/76/76
f 61/62/62 68/65/65 67/68/68 62/63/63
f 69/74/74 64/61/61 63/64/64 70/75/75
f 71/76/76 74/71/71 73/70/70 72/73/73
f 75/72/72 66/67/67 65/66/66 76/69/69
f 5/39/39 62/63/63 67/68/68 20/40/40
f 68/65/65 61/62/62 42/56/56 43/53/53
f 6/33/33 63/64/64 62/63/63 5/39/39
f 61/62/62 64/61/61 41/47/47 42/56/56
f 27/32/32 70/75/75 63/64/64 6/33/33
f 64/61/61 69/74/74 48/48/48 41/47/47
f 66/67/67 2/6/6 20/40/40 67/68/68
f 65/66/66 68/65/65 43/53/53 44/42/42
f 2/6/6 66/67/67 75/72/72 26/7/7
f 76/69/69 65/66/66 44/42/42 45/41/41
f 69/74/74 72/73/73 47/51/51 48/48/48
f 70/75/75 27/32/32 32/14/14 71/76/76
f 21/13/13 74/71/71 71/76/76 32/14/14
f 72/73/73 73/70/70 46/55/55 47/51/51
f 73/70/70 76/69/69 45/41/41 46/55/55
f 74/71/71 21/13/13 26/7/7 75/72/72
f 80/77/77 84/78/78 85/79/79 81/80/80
f 82/81/81 85/79/79 84/78/78 83/82/82
f 89/83/83 77/84/84 90/85/85
f 91/86/86 83/82/82 84/78/78 90/85/85
f 86/87/87 87/88/88 88/89/89
f 82/81/81 79/90/90 88/89/89 87/88/88 85/79/79
f 78/91/91 81/80/80 85/79/79 87/88/88 86/87/87
f 77/84/84 91/86/86 90/85/85
f 80/77/77 89/83/83 90/85/85 84/78/78
f 95/92/92 99/93/93 100/94/94 96/95/95
f 97/96/96 100/94/94 99/93/93 98/97/97
f 104/98/98 92/99/99 105/100/100
f 106/101/101 98/97/97 99/93/93 105/100/100
f 101/102/102 102/103/103 103/104/104
f 97/96/96 94/105/105 103/104/104 102/103/103 100/94/94
f 93/106/106 96/95/95 100/94/94 102/103/103 101/102/102
f 92/99/99 106/101/101 105/100/100
f 95/92/92 104/98/98 105/100/100 99/93/93
f 110/107/107 114/108/108 115/109/109 111/110/110
f 112/111/111 115/109/109 114/108/108 113/112/112
f 119/113/113 107/114/114 120/115/115
f 121/116/116 113/112/112 114/108/108 120/115/115
f 116/117/117 117/118/118 118/119/119
f 112/111/111 109/120/120 118/119/119 117/118/118 115/109/109
f 108/121/121 111/110/110 115/109/109 117/118/118 116/117/117
f 107/114/114 121/116/116 120/115/115
f 110/107/107 119/113/113 120/115/115 114/108/108
f 125/122/122 129/123/123 130/124/124 126/125/125
f 127/126/126 130/124/124 129/123/123 128/127/127
f 134/128/128 122/129/129 135/130/130
f 136/131/131 128/127/127 129/123/123 135/132/130
f 131/133/132 132/134/133 133/135/134
f 127/126/126 124/136/135 133/135/134 132/134/133 130/124/124
f 123/137/136 126/125/125 130/124/124 132/134/133 131/133/132
f 122/129/129 136/138/131 135/130/130
f 125/122/122 134/139/128 135/132/130 129/123/123
f 140/140/137 144/141/138 145/142/139 141/143/140
f 142/144/141 145/142/139 144/141/138 143/145/142
f 149/146/143 137/147/144 150/148/145
f 151/149/146 143/145/142 144/141/138 150/148/145
f 146/150/147 147/151/148 148/152/149
f 142/144/141 139/153/150 148/152/149 147/151/148 145/142/139
f 138/154/151 141/143/140 145/142/139 147/151/148 146/150/147
f 137/147/144 151/149/146 150/148/145
f 140/140/137 149/146/143 150/148/145 144/141/138
f 174/155/152 173/156/153 182/157/154 181/158/155
f 152/159/156 153/160/157 177/161/158 176/162/159
f 168/163/160 152/159/156 176/162/159 175/164/161
f 187/165/162 168/163/160 175/164/161 190/166/163
f 173/156/153 172/167/164 183/168/165 182/157/154
f 188/169/166 174/155/152 181/158/155 191/170/167
f 187/165/162 163/171/168 162/172/169 185/173/170
f 188/169/166 167/174/171 166/175/172 190/166/163
f 189/176/173 165/177/174 164/178/175 191/170/167
f 162/172/169 163/171/168 166/175/172 167/174/171 164/178/175 165/177/174 160/179/176 161/180/177
f 189/176/173 180/181/178 159/182/179 184/183/180
f 180/181/178 179/184/181 158/185/182 159/182/179
f 179/184/181 178/186/183 157/187/184 158/185/182
f 186/188/185 154/189/186 169/190/187 185/173/170
f 154/189/186 155/191/188 170/192/189 169/190/187
f 155/191/188 156/193/190 171/194/191 170/192/189
f 178/186/183 179/184/181 182/157/154 183/168/165
f 179/184/181 180/181/178 181/158/155 182/157/154
f 172/167/164 173/156/153 176/162/159 177/161/158
f 173/156/153 174/155/152 175/164/161 176/162/159
f 153/160/157 152/159/156 170/192/189 171/194/191
f 152/159/156 168/163/160 169/190/187 170/192/189
f 184/183/180 159/182/179 154/189/186 186/188/185
f 159/182/179 158/185/182 155/191/188 154/189/186
f 158/185/182 157/187/184 156/193/190 155/191/188
f 160/179/176 184/183/180 186/188/185 161/180/177
f 161/180/177 186/188/185 185/173/170 162/172/169
f 165/177/174 189/176/173 184/183/180 160/179/176
f 180/181/178 189/176/173 191/170/167 181/158/155
f 174/155/152 188/169/166 190/166/163 175/164/161
f 168/163/160 187/165/162 185/173/170 169/190/187
f 167/174/171 188/169/166 191/170/167 164/178/175
f 163/171/168 187/165/162 190/166/163 166/175/172
f 195/195/192 192/196/193 193/197/194 194/198/195
f 199/199/196 196/200/197 197/201/198 198/202/199
f 207/203/200 204/204/201 205/205/202 206/206/203
f 203/207/204 200/208/205 201/209/206 202/210/207
f 192/196/193 199/199/196 198/202/199 193/197/194
f 200/208/205 195/195/192 194/198/195 201/209/206
f 202/210/207 205/205/202 204/204/201 203/207/204
f 206/206/203 197/201/198 196/200/197 207/203/200
f 156/193/190 193/197/194 198/202/199 171/194/191
f 157/187/184 194/198/195 193/197/194 156/193/190
f 178/186/183 201/209/206 194/198/195 157/187/184
f 197/201/198 153/160/157 171/194/191 198/202/199
f 153/160/157 197/201/198 206/206/203 177/161/158
f 201/209/206 178/186/183 183/168/165 202/210/207
f 172/167/164 205/205/202 202/210/207 183/168/165
f 205/205/202 172/167/164 177/161/158 206/206/203
f 195/195/192 200/208/205 203/207/204 204/204/201 207/203/200 196/200/197 199/199/196 192/196/193
f 211/211/208 215/212/209 216/213/210 212/214/211
f 213/215/212 216/213/210 215/212/209 214/216/213
f 220/217/214 208/218/215 221/219/216
f 222/220/217 214/216/213 215/212/209 221/221/216
f 217/222/218 218/223/219 219/224/220
f 213/215/212 210/225/221 219/224/220 218/223/219 216/213/210
f 209/226/222 212/214/211 216/213/210 218/223/219 217/222/218
f 208/218/215 222/227/217 221/219/216
f 211/211/208 220/228/214 221/221/216 215/212/209
f 226/229/223 230/230/224 231/231/225 227/232/226
f 228/233/227 231/231/225 230/230/224 229/234/228
f 235/235/229 223/236/230 236/237/231
f 237/238/232 229/234/228 230/230/224 236/237/231
f 232/239/233 233/240/234 234/241/235
f 228/233/227 225/242/236 234/241/235 233/240/234 231/231/225
f 224/243/237 227/232/226 231/231/225 233/240/234 232/239/233
f 223/236/230 237/238/232 236/237/231
f 226/229/223 235/235/229 236/237/231 230/230/224
f 240/244/238 239/245/239 238/246/240 241/247/241
f 246/248/242 245/249/243 240/244/238 241/247/241
f 254/250/244 253/251/245 238/246/240 239/245/239
f 253/251/245 246/248/242 241/247/241 238/246/240
f 245/249/243 254/250/244 239/245/239 240/244/238
f 242/252/246 257/253/247 256/254/248 243/255/249
f 243/255/249 256/254/248 255/256/250 244/257/251
f 244/257/251 255/256/250 254/250/244 245/249/243
f 250/258/252 249/259/253 248/260/254 251/261/255
f 251/261/255 248/260/254 247/262/256 252/263/257
f 252/263/257 247/262/256 246/248/242 253/251/245
f 257/253/247 250/258/252 251/261/255 256/254/248
f 256/254/248 251/261/255 252/263/257 255/256/250
f 255/256/250 252/263/257 253/251/245 254/250/244
f 249/259/253 242/252/246 243/255/249 248/260/254
f 248/260/254 243/255/249 244/257/251 247/262/256
f 247/262/256 244/257/251 245/249/243 246/248/242
f 260/264/258 261/265/259 449/266/260 448/267/261
f 263/268/262 264/269/263 265/270/264 262/271/265
f 267/272/266 265/270/264 264/269/263 266/273/267
f 269/274/268 267/272/266 266/273/267 268/275/269
f 268/275/269 263/268/262 262/271/265 269/274/268
f 262/271/265 265/270/264 259/276/270 258/277/271
f 263/268/262 268/275/269 249/259/253 250/258/252
f 264/269/263 263/268/262 250/258/252 257/253/247
f 269/274/268 262/271/265 258/277/271 261/265/259
f 265/270/264 267/272/266 260/264/258 259/276/270
f 266/273/267 264/269/263 257/253/247 242/252/246
f 267/272/266 269/274/268 261/265/259 260/264/258
f 268/275/269 266/273/267 242/252/246 249/259/253
f 277/278/272 273/279/273 275/280/274
f 279/281/275 276/282/276 274/283/277
f 277/278/272 275/280/274 278/284/278
f 279/281/275 280/285/279 276/282/276
f 277/278/272 278/284/278 273/279/273
f 279/281/275 274/283/277 280/285/279
f 273/279/273 270/286/280 271/287/281 275/280/274
f 278/284/278 272/288/282 270/286/280 273/279/273
f 272/288/282 280/285/279 274/283/277 270/286/280
f 270/286/280 274/283/277 276/282/276 271/287/281
f 275/280/274 271/287/281 272/288/282 278/284/278
f 271/287/281 276/282/276 280/285/279 272/288/282
f 288/289/283 284/290/284 286/291/285
f 290/292/286 287/293/287 285/294/288
f 288/289/283 286/291/285 289/295/289
f 290/292/286 291/296/290 287/293/287
f 288/289/283 289/295/289 284/290/284
f 290/292/286 285/294/288 291/296/290
f 284/290/284 281/297/291 282/298/292 286/291/285
f 289/295/289 283/299/293 281/297/291 284/290/284
f 283/299/293 291/296/290 285/294/288 281/297/291
f 281/297/291 285/294/288 287/293/287 282/298/292
f 286/291/285 282/298/292 283/299/293 289/295/289
f 282/298/292 287/293/287 291/296/290 283/299/293
f 299/300/294 295/301/295 297/302/296
f 301/303/297 298/304/298 296/305/299
f 299/300/294 297/302/296 300/306/300
f 301/303/297 302/307/301 298/304/298
f 299/300/294 300/306/300 295/301/295
f 301/303/297 296/305/299 302/307/301
f 295/301/295 292/308/302 293/309/303 297/302/296
f 300/306/300 294/310/304 292/308/302 295/301/295
f 294/310/304 302/307/301 296/305/299 292/308/302
f 292/308/302 296/305/299 298/304/298 293/309/303
f 297/302/296 293/309/303 294/310/304 300/306/300
f 293/309/303 298/304/298 302/307/301 294/310/304
f 310/311/305 306/312/306 308/313/307
f 312/314/308 309/315/309 307/316/310
f 310/311/305 308/313/307 311/317/311
f 312/314/308 313/318/312 309/315/309
f 310/311/305 311/317/311 306/312/306
f 312/314/308 307/316/310 313/318/312
f 306/312/306 303/319/313 304/320/314 308/313/307
f 311/317/311 305/321/315 303/319/313 306/312/306
f 305/321/315 313/318/312 307/316/310 303/319/313
f 303/319/313 307/316/310 309/315/309 304/320/314
f 308/313/307 304/320/314 305/321/315 311/317/311
f 304/320/314 309/315/309 313/318/312 305/321/315
f 321/322/316 317/323/317 319/324/318
f 323/325/319 320/326/320 318/327/321
f 321/322/316 319/324/318 322/328/322
f 323/325/319 324/329/323 320/326/320
f 321/322/316 322/328/322 317/323/317
f 323/325/319 318/327/321 324/329/323
f 317/323/317 314/330/324 315/331/325 319/324/318
f 322/328/322 316/332/326 314/330/324 317/323/317
f 316/332/326 324/329/323 318/327/321 314/330/324
f 314/330/324 318/327/321 320/326/320 315/331/325
f 319/324/318 315/331/325 316/332/326 322/328/322
f 315/331/325 320/326/320 324/329/323 316/332/326
f 332/333/327 328/334/328 330/335/329
f 334/336/330 331/337/331 329/338/332
f 332/333/327 330/335/329 333/339/333
f 334/336/330 335/340/334 331/337/331
f 332/333/327 333/339/333 328/334/328
f 334/336/330 329/338/332 335/340/334
f 328/334/328 325/341/335 326/342/336 330/335/329
f 333/339/333 327/343/337 325/341/335 328/334/328
f 327/343/337 335/340/334 329/338/332 325/341/335
f 325/341/335 329/338/332 331/337/331 326/342/336
f 330/335/329 326/342/336 327/343/337 333/339/333
f 326/342/336 331/337/331 335/340/334 327/343/337
f 343/344/338 339/345/339 341/346/340
f 345/347/341 342/348/342 340/349/343
f 343/344/338 341/346/340 344/350/344
f 345/347/341 346/351/345 342/348/342
f 343/344/338 344/350/344 339/345/339
f 345/347/341 340/349/343 346/351/345
f 339/345/339 336/352/346 337/353/347 341/346/340
f 344/350/344 338/354/348 336/352/346 339/345/339
f 338/354/348 346/351/345 340/349/343 336/352/346
f 336/352/346 340/349/343 342/348/342 337/353/347
f 341/346/340 337/353/347 338/354/348 344/350/344
f 337/353/347 342/348/342 346/351/345 338/354/348
f 354/355/349 350/356/350 352/357/351
f 356/358/352 353/359/353 351/360/354
f 354/355/349 352/357/351 355/361/355
f 356/358/352 357/362/356 353/359/353
f 354/355/349 355/361/355 350/356/350
f 356/358/352 351/360/354 357/362/356
f 350/356/350 347/363/357 348/364/358 352/357/351
f 355/361/355 349/365/359 347/363/357 350/356/350
f 349/365/359 357/362/356 351/360/354 347/363/357
f 347/363/357 351/360/354 353/359/353 348/364/358
f 352/357/351 348/364/358 349/365/359 355/361/355
f 348/364/358 353/359/353 357/362/356 349/365/359
f 365/366/360 361/367/361 363/368/362
f 367/369/363 364/370/364 362/371/365
f 365/366/360 363/368/362 366/372/366
f 367/369/363 368/373/367 364/370/364
f 365/366/360 366/372/366 361/367/361
f 367/369/363 362/371/365 368/373/367
f 361/367/361 358/374/368 359/375/369 363/368/362
f 366/372/366 360/376/370 358/374/368 361/367/361
f 360/376/370 368/373/367 362/371/365 358/374/368
f 358/374/368 362/371/365 364/370/364 359/375/369
f 363/368/362 359/375/369 360/376/370 366/372/366
f 359/375/369 364/370/364 368/373/367 360/376/370
f 376/377/371 372/378/372 374/379/373
f 378/380/374 375/381/375 373/382/376
f 376/377/371 374/379/373 377/383/377
f 378/380/374 379/384/378 375/381/375
f 376/377/371 377/383/377 372/378/372
f 378/380/374 373/382/376 379/384/378
f 372/378/372 369/385/379 370/386/380 374/379/373
f 377/383/377 371/387/381 369/385/379 372/378/372
f 371/387/381 379/384/378 373/382/376 369/385/379
f 369/385/379 373/382/376 375/381/375 370/386/380
f 374/379/373 370/386/380 371/387/381 377/383/377
f 370/386/380 375/381/375 379/384/378 371/387/381
f 387/388/382 383/389/383 385/390/384
f 389/391/385 386/392/386 384/393/387
f 387/388/382 385/390/384 388/394/388
f 389/391/385 390/395/389 386/392/386
f 387/388/382 388/394/388 383/389/383
f 389/391/385 384/393/387 390/395/389
f 383/389/383 380/396/390 381/397/391 385/390/384
f 388/394/388 382/398/392 380/396/390 383/389/383
f 382/398/392 390/395/389 384/393/387 380/396/390
f 380/396/390 384/393/387 386/392/386 381/397/391
f 385/390/384 381/397/391 382/398/392 388/394/388
f 381/397/391 386/392/386 390/395/389 382/398/392
f 398/399/393 394/400/394 396/401/395
f 400/402/396 397/403/397 395/404/398
f 398/399/393 396/401/395 399/405/399
f 400/402/396 401/406/400 397/403/397
f 398/399/393 399/405/399 394/400/394
f 400/402/396 395/404/398 401/406/400
f 394/400/394 391/407/401 392/408/402 396/401/395
f 399/405/399 393/409/403 391/407/401 394/400/394
f 393/409/403 401/406/400 395/404/398 391/407/401
f 391/407/401 395/404/398 397/403/397 392/408/402
f 396/401/395 392/408/402 393/409/403 399/405/399
f 392/408/402 397/403/397 401/406/400 393/409/403
f 409/410/404 405/411/405 407/412/406
f 411/413/407 408/414/408 406/415/409
f 409/410/404 407/412/406 410/416/410
f 411/413/407 412/417/411 408/414/408
f 409/410/404 410/416/410 405/411/405
f 411/413/407 406/415/409 412/417/411
f 405/411/405 402/418/412 403/419/413 407/412/406
f 410/416/410 404/420/414 402/418/412 405/411/405
f 404/420/414 412/417/411 406/415/409 402/418/412
f 402/418/412 406/415/409 408/414/408 403/419/413
f 407/412/406 403/419/413 404/420/414 410/416/410
f 403/419/413 408/414/408 412/417/411 404/420/414
f 420/421/415 416/422/416 418/423/417
f 422/424/418 419/425/419 417/426/420
f 420/421/415 418/423/417 421/427/421
f 422/424/418 423/428/422 419/425/419
f 420/421/415 421/427/421 416/422/416
f 422/424/418 417/426/420 423/428/422
f 416/422/416 413/429/423 414/430/424 418/423/417
f 421/427/421 415/431/425 413/429/423 416/422/416
f 415/431/425 423/428/422 417/426/420 413/429/423
f 413/429/423 417/426/420 419/425/419 414/430/424
f 418/423/417 414/430/424 415/431/425 421/427/421
f 414/430/424 419/425/419 423/428/422 415/431/425
f 431/432/426 427/433/427 429/434/428
f 433/435/429 430/436/430 428/437/431
f 431/432/426 429/434/428 432/438/432
f 433/435/429 434/439/433 430/436/430
f 431/432/426 432/438/432 427/433/427
f 433/435/429 428/437/431 434/439/433
f 427/433/427 424/440/434 425/441/435 429/434/428
f 432/438/432 426/442/436 424/440/434 427/433/427
f 426/442/436 434/439/433 428/437/431 424/440/434
f 424/440/434 428/437/431 430/436/430 425/441/435
f 429/434/428 425/441/435 426/442/436 432/438/432
f 425/441/435 430/436/430 434/439/433 426/442/436
f 442/443/437 438/444/438 440/445/439
f 444/446/440 441/447/441 439/448/442
f 442/443/437 440/445/439 443/449/443
f 444/446/440 445/450/444 441/447/441
f 442/443/437 443/449/443 438/444/438
f 444/446/440 439/448/442 445/450/444
f 438/444/438 435/451/445 436/452/446 440/445/439
f 443/449/443 437/453/447 435/451/445 438/444/438
f 437/453/447 445/450/444 439/448/442 435/451/445
f 435/451/445 439/448/442 441/447/441 436/452/446
f 440/445/439 436/452/446 437/453/447 443/449/443
f 436/452/446 441/447/441 445/450/444 437/453/447
f 448/267/261 449/266/260 446/454/448 447/455/449
f 258/277/271 259/276/270 447/455/449 446/454/448
f 261/265/259 258/277/271 446/454/448 449/266/260
f 259/276/270 260/264/258 448/267/261 447/455/449
f 452/456/450 451/457/451 450/458/452 453/459/453
f 458/460/454 457/461/455 452/456/450 453/459/453
f 466/462/456 465/463/457 450/458/452 451/457/451
f 465/463/457 458/460/454 453/459/453 450/458/452
f 457/461/455 466/462/456 451/457/451 452/456/450
f 454/464/458 469/465/459 468/466/460 455/467/461
f 455/467/461 468/466/460 467/468/462 456/469/463
f 456/469/463 467/468/462 466/462/456 457/461/455
f 462/470/464 461/471/465 460/472/466 463/473/467
f 463/473/467 460/472/466 459/474/468 464/475/469
f 464/475/469 459/474/468 458/460/454 465/463/457
f 469/465/459 462/470/464 463/473/467 468/466/460
f 468/466/460 463/473/467 464/475/469 467/468/462
f 467/468/462 464/475/469 465/463/457 466/462/456
f 461/471/465 454/464/458 455/467/461 460/472/466
f 460/472/466 455/467/461 456/469/463 459/474/468
f 459/474/468 456/469/463 457/461/455 458/460/454
f 472/476/470 473/477/471 694/478/472 693/479/473
f 475/480/474 476/481/475 477/482/476 474/483/477
f 479/484/478 477/482/476 476/481/475 478/485/479
f 481/486/480 479/484/478 478/485/479 480/487/481
f 480/487/481 475/480/474 474/483/477 481/486/480
f 474/483/477 477/482/476 471/488/482 470/489/483
f 475/480/474 480/487/481 461/471/465 462/470/464
f 476/481/475 475/480/474 462/470/464 469/465/459
f 481/486/480 474/483/477 470/489/483 473/477/471
f 477/482/476 479/484/478 472/476/470 471/488/482
f 478/485/479 476/481/475 469/465/459 454/464/458
f 479/484/478 481/486/480 473/477/471 472/476/470
f 480/487/481 478/485/479 454/464/458 461/471/465
f 489/490/484 485/491/485 487/492/486
f 491/493/487 488/494/488 486/495/489
f 489/490/484 487/492/486 490/496/490
f 491/493/487 492/497/491 488/494/488
f 489/490/484 490/496/490 485/491/485
f 491/493/487 486/495/489 492/497/491
f 485/491/485 482/498/492 483/499/493 487/492/486
f 490/496/490 484/500/494 482/498/492 485/491/485
f 484/500/494 492/497/491 486/495/489 482/498/492
f 482/498/492 486/495/489 488/494/488 483/499/493
f 487/492/486 483/499/493 484/500/494 490/496/490
f 483/499/493 488/494/488 492/497/491 484/500/494
f 500/501/495 496/502/496 498/503/497
f 502/504/498 499/505/499 497/506/500
f 500/501/495 498/503/497 501/507/501
f 502/504/498 503/508/502 499/505/499
f 500/501/495 501/507/501 496/502/496
f 502/504/498 497/506/500 503/508/502
f 496/502/496 493/509/503 494/510/504 498/503/497
f 501/507/501 495/511/505 493/509/503 496/502/496
f 495/511/505 503/508/502 497/506/500 493/509/503
f 493/509/503 497/506/500 499/505/499 494/510/504
f 498/503/497 494/510/504 495/511/505 501/507/501
f 494/510/504 499/505/499 503/508/502 495/511/505
f 511/512/506 507/513/507 509/514/508
f 513/515/509 510/516/510 508/517/511
f 511/512/506 509/514/508 512/518/512
f 513/515/509 514/519/513 510/516/510
f 511/512/506 512/518/512 507/513/507
f 513/515/509 508/517/511 514/519/513
f 507/513/507 504/520/514 505/521/515 509/514/508
f 512/518/512 506/522/516 504/520/514 507/513/507
f 506/522/516 514/519/513 508/517/511 504/520/514
f 504/520/514 508/517/511 510/516/510 505/521/515
f 509/514/508 505/521/515 506/522/516 512/518/512
f 505/521/515 510/516/510 514/519/513 506/522/516
f 522/523/517 518/524/518 520/525/519
f 524/526/520 521/527/521 519/528/522
f 522/523/517 520/525/519 523/529/523
f 524/526/520 525/530/524 521/527/521
f 522/523/517 523/529/523 518/524/518
f 524/526/520 519/528/522 525/530/524
f 518/524/518 515/531/525 516/532/526 520/525/519
f 523/529/523 517/533/527 515/531/525 518/524/518
f 517/533/527 525/530/524 519/528/522 515/531/525
f 515/531/525 519/528/522 521/527/521 516/532/526
f 520/525/519 516/532/526 517/533/527 523/529/523
f 516/532/526 521/527/521 525/530/524 517/533/527
f 533/534/528 529/535/529 531/536/530
f 535/537/531 532/538/532 530/539/533
f 533/534/528 531/536/530 534/540/534
f 535/537/531 536/541/535 532/538/532
f 533/534/528 534/540/534 529/535/529
f 535/537/531 530/539/533 536/541/535
f 529/535/529 526/542/536 527/543/537 531/536/530
f 534/540/534 528/544/538 526/542/536 529/535/529
f 528/544/538 536/541/535 530/539/533 526/542/536
f 526/542/536 530/539/533 532/538/532 527/543/537
f 531/536/530 527/543/537 528/544/538 534/540/534
f 527/543/537 532/538/532 536/541/535 528/544/538
f 544/545/539 540/546/540 542/547/541
f 546/548/542 543/549/543 541/550/544
f 544/545/539 542/547/541 545/551/545
f 546/548/542 547/552/546 543/549/543
f 544/545/539 545/551/545 540/546/540
f 546/548/542 541/550/544 547/552/546
f 540/546/540 537/553/547 538/554/548 542/547/541
f 545/551/545 539/555/549 537/553/547 540/546/540
f 539/555/549 547/552/546 541/550/544 537/553/547
f 537/553/547 541/550/544 543/549/543 538/554/548
f 542/547/541 538/554/548 539/555/549 545/551/545
f 538/554/548 543/549/543 547/552/546 539/555/549
f 555/556/550 551/557/551 553/558/552
f 557/559/553 554/560/554 552/561/555
f 555/556/550 553/558/552 556/562/556
f 557/559/553 558/563/557 554/560/554
f 555/556/550 556/562/556 551/557/551
f 557/559/553 552/561/555 558/563/557
f 551/557/551 548/564/558 549/565/559 553/558/552
f 556/562/556 550/566/560 548/564/558 551/557/551
f 550/566/560 558/563/557 552/561/555 548/564/558
f 548/564/558 552/561/555 554/560/554 549/565/559
f 553/558/552 549/565/559 550/566/560 556/562/556
f 549/565/559 554/560/554 558/563/557 550/566/560
f 566/567/561 562/568/562 564/569/563
f 568/570/564 565/571/565 563/572/566
f 566/567/561 564/569/563 567/573/567
f 568/570/564 569/574/568 565/571/565
f 566/567/561 567/573/567 562/568/562
f 568/570/564 563/572/566 569/574/568
f 562/568/562 559/575/569 560/576/570 564/569/563
f 567/573/567 561/577/571 559/575/569 562/568/562
f 561/577/571 569/574/568 563/572/566 559/575/569
f 559/575/569 563/572/566 565/571/565 560/576/570
f 564/569/563 560/576/570 561/577/571 567/573/567
f 560/576/570 565/571/565 569/574/568 561/577/571
f 577/578/572 573/579/573 575/580/574
f 579/581/575 576/582/576 574/583/577
f 577/578/572 575/580/574 578/584/578
f 579/581/575 580/585/579 576/582/576
f 577/578/572 578/584/578 573/579/573
f 579/581/575 574/583/577 580/585/579
f 573/579/573 570/586/580 571/587/581 575/580/574
f 578/584/578 572/588/582 570/586/580 573/579/573
f 572/588/582 580/585/579 574/583/577 570/586/580
f 570/586/580 574/583/577 576/582/576 571/587/581
f 575/580/574 571/587/581 572/588/582 578/584/578
f 571/587/581 576/582/576 580/585/579 572/588/582
f 588/589/583 584/590/584 586/591/585
f 590/592/586 587/593/587 585/594/588
f 588/589/583 586/591/585 589/595/589
f 590/592/586 591/596/590 587/593/587
f 588/589/583 589/595/589 584/590/584
f 590/592/586 585/594/588 591/596/590
f 584/590/584 581/597/591 582/598/592 586/591/585
f 589/595/589 583/599/593 581/597/591 584/590/584
f 583/599/593 591/596/590 585/594/588 581/597/591
f 581/597/591 585/594/588 587/593/587 582/598/592
f 586/591/585 582/598/592 583/599/593 589/595/589
f 582/598/592 587/593/587 591/596/590 583/599/593
f 599/600/594 595/601/595 597/602/596
f 601/603/597 598/604/598 596/605/599
f 599/600/594 597/602/596 600/606/600
f 601/603/597 602/607/601 598/604/598
f 599/600/594 600/606/600 595/601/595
f 601/603/597 596/605/599 602/607/601
f 595/601/595 592/608/602 593/609/603 597/602/596
f 600/606/600 594/610/604 592/608/602 595/601/595
f 594/610/604 602/607/601 596/605/599 592/608/602
f 592/608/602 596/605/599 598/604/598 593/609/603
f 597/602/596 593/609/603 594/610/604 600/606/600
f 593/609/603 598/604/598 602/607/601 594/610/604
f 610/611/605 606/612/606 608/613/607
f 612/614/608 609/615/609 607/616/610
f 610/611/605 608/613/607 611/617/611
f 612/614/608 613/618/612 609/615/609
f 610/611/605 611/617/611 606/612/606
f 612/614/608 607/616/610 613/618/612
f 606/612/606 603/619/613 604/620/614 608/613/607
f 611/617/611 605/621/615 603/619/613 606/612/606
f 605/621/615 613/618/612 607/616/610 603/619/613
f 603/619/613 607/616/610 609/615/609 604/620/614
f 608/613/607 604/620/614 605/621/615 611/617/611
f 604/620/614 609/615/609 613/618/612 605/621/615
f 621/622/616 617/623/617 619/624/618
f 623/625/619 620/626/620 618/627/621
f 621/622/616 619/624/618 622/628/622
f 623/625/619 624/629/623 620/626/620
f 621/622/616 622/628/622 617/623/617
f 623/625/619 618/627/621 624/629/623
f 617/623/617 614/630/624 615/631/625 619/624/618
f 622/628/622 616/632/626 614/630/624 617/623/617
f 616/632/626 624/629/623 618/627/621 614/630/624
f 614/630/624 618/627/621 620/626/620 615/631/625
f 619/624/618 615/631/625 616/632/626 622/628/622
f 615/631/625 620/626/620 624/629/623 616/632/626
f 632/633/627 628/634/628 630/635/629
f 634/636/630 631/637/631 629/638/632
f 632/633/627 630/635/629 633/639/633
f 634/636/630 635/640/634 631/637/631
f 632/633/627 633/639/633 628/634/628
f 634/636/630 629/638/632 635/640/634
f 628/634/628 625/641/635 626/642/636 630/635/629
f 633/639/633 627/643/637 625/641/635 628/634/628
f 627/643/637 635/640/634 629/638/632 625/641/635
f 625/641/635 629/638/632 631/637/631 626/642/636
f 630/635/629 626/642/636 627/643/637 633/639/633
f 626/642/636 631/637/631 635/640/634 627/643/637
f 643/644/638 639/645/639 641/646/640
f 645/647/641 642/648/642 640/649/643
f 643/644/638 641/646/640 644/650/644
f 645/647/641 646/651/645 642/648/642
f 643/644/638 644/650/644 639/645/639
f 645/647/641 640/649/643 646/651/645
f 639/645/639 636/652/646 637/653/647 641/646/640
f 644/650/644 638/654/648 636/652/646 639/645/639
f 638/654/648 646/651/645 640/649/643 636/652/646
f 636/652/646 640/649/643 642/648/642 637/653/647
f 641/646/640 637/653/647 638/654/648 644/650/644
f 637/653/647 642/648/642 646/651/645 638/654/648
f 654/655/649 650/656/650 652/657/651
f 656/658/652 653/659/653 651/660/654
f 654/655/649 652/657/651 655/661/655
f 656/658/652 657/662/656 653/659/653
f 654/655/649 655/661/655 650/656/650
f 656/658/652 651/660/654 657/662/656
f 650/656/650 647/663/657 648/664/658 652/657/651
f 655/661/655 649/665/659 647/663/657 650/656/650
f 649/665/659 657/662/656 651/660/654 647/663/657
f 647/663/657 651/660/654 653/659/653 648/664/658
f 652/657/651 648/664/658 649/665/659 655/661/655
f 648/664/658 653/659/653 657/662/656 649/665/659
f 665/666/660 661/667/661 663/668/662
f 667/669/663 664/670/664 662/671/665
f 665/666/660 663/668/662 666/672/666
f 667/669/663 668/673/667 664/670/664
f 665/666/660 666/672/666 661/667/661
f 667/669/663 662/671/665 668/673/667
f 661/667/661 658/674/668 659/675/669 663/668/662
f 666/672/666 660/676/670 658/674/668 661/667/661
f 660/676/670 668/673/667 662/671/665 658/674/668
f 658/674/668 662/671/665 664/670/664 659/675/669
f 663/668/662 659/675/669 660/676/670 666/672/666
f 659/675/669 664/670/664 668/673/667 660/676/670
f 676/677/671 672/678/672 674/679/673
f 678/680/674 675/681/675 673/682/676
f 676/677/671 674/679/673 677/683/677
f 678/680/674 679/684/678 675/681/675
f 676/677/671 677/683/677 672/678/672
f 678/680/674 673/682/676 679/684/678
f 672/678/672 669/685/679 670/686/680 674/679/673
f 677/683/677 671/687/681 669/685/679 672/678/672
f 671/687/681 679/684/678 673/682/676 669/685/679
f 669/685/679 673/682/676 675/681/675 670/686/680
f 674/679/673 670/686/680 671/687/681 677/683/677
f 670/686/680 675/681/675 679/684/678 671/687/681
f 687/688/682 683/689/683 685/690/684
f 689/691/685 686/692/686 684/693/687
f 687/688/682 685/690/684 688/694/688
f 689/691/685 690/695/689 686/692/686
f 687/688/682 688/694/688 683/689/683
f 689/691/685 684/693/687 690/695/689
f 683/689/683 680/696/690 681/697/691 685/690/684
f 688/694/688 682/698/692 680/696/690 683/689/683
f 682/698/692 690/695/689 684/693/687 680/696/690
f 680/696/690 684/693/687 686/692/686 681/697/691
f 685/690/684 681/697/691 682/698/692 688/694/688
f 681/697/691 686/692/686 690/695/689 682/698/692
f 693/479/473 694/478/472 691/699/693 692/700/694
f 470/489/483 471/488/482 692/700/694 691/699/693
f 473/477/471 470/489/483 691/699/693 694/478/472
f 471/488/482 472/476/470 693/479/473 692/700/694
f 697/701/695 696/702/696 695/703/697 698/704/698
f 703/705/699 702/706/700 697/701/695 698/704/698
f 711/707/701 710/708/702 695/703/697 696/702/696
f 710/708/702 703/705/699 698/704/698 695/703/697
f 702/706/700 711/707/701 696/702/696 697/701/695
f 699/709/703 714/710/704 713/711/705 700/712/706
f 700/712/706 713/711/705 712/713/707 701/714/708
f 701/714/708 712/713/707 711/707/701 702/706/700
f 707/715/709 706/716/710 705/717/711 708/718/712
f 708/718/712 705/717/711 704/719/713 709/720/714
f 709/720/714 704/719/713 703/705/699 710/708/702
f 714/710/704 707/715/709 708/718/712 713/711/705
f 713/711/705 708/718/712 709/720/714 712/713/707
f 712/713/707 709/720/714 710/708/702 711/707/701
f 706/716/710 699/709/703 700/712/706 705/717/711
f 705/717/711 700/712/706 701/714/708 704/719/713
f 704/719/713 701/714/708 702/706/700 703/705/699
f 717/721/715 718/722/716 928/723/717 927/724/718
f 720/725/719 721/726/720 722/727/721 719/728/722
f 724/729/723 722/727/721 721/726/720 723/730/724
f 726/731/725 724/729/723 723/730/724 725/732/726
f 725/732/726 720/725/719 719/728/722 726/731/725
f 719/728/722 722/727/721 716/733/727 715/734/728
f 720/725/719 725/732/726 706/716/710 707/715/709
f 721/726/720 720/725/719 707/715/709 714/710/704
f 726/731/725 719/728/722 715/734/728 718/722/716
f 722/727/721 724/729/723 717/721/715 716/733/727
f 723/730/724 721/726/720 714/710/704 699/709/703
f 724/729/723 726/731/725 718/722/716 717/721/715
f 725/732/726 723/730/724 699/709/703 706/716/710
f 734/735/729 730/736/730 732/737/731
f 736/738/732 733/739/733 731/740/734
f 734/735/729 732/737/731 735/741/735
f 736/738/732 737/742/736 733/739/733
f 734/735/729 735/741/735 730/736/730
f 736/738/732 731/740/734 737/742/736
f 730/736/730 727/743/737 728/744/738 732/737/731
f 735/741/735 729/745/739 727/743/737 730/736/730
f 729/745/739 737/742/736 731/740/734 727/743/737
f 727/743/737 731/740/734 733/739/733 728/744/738
f 732/737/731 728/744/738 729/745/739 735/741/735
f 728/744/738 733/739/733 737/742/736 729/745/739
f 745/746/740 741/747/741 743/748/742
f 747/749/743 744/750/744 742/751/745
f 745/746/740 743/748/742 746/752/746
f 747/749/743 748/753/747 744/750/744
f 745/746/740 746/752/746 741/747/741
f 747/749/743 742/751/745 748/753/747
f 741/747/741 738/754/748 739/755/749 743/748/742
f 746/752/746 740/756/750 738/754/748 741/747/741
f 740/756/750 748/753/747 742/751/745 738/754/748
f 738/754/748 742/751/745 744/750/744 739/755/749
f 743/748/742 739/755/749 740/756/750 746/752/746
f 739/755/749 744/750/744 748/753/747 740/756/750
f 756/757/751 752/758/752 754/759/753
f 758/760/754 755/761/755 753/762/756
f 756/757/751 754/759/753 757/763/757
f 758/760/754 759/764/758 755/761/755
f 756/757/751 757/763/757 752/758/752
f 758/760/754 753/762/756 759/764/758
f 752/758/752 749/765/759 750/766/760 754/759/753
f 757/763/757 751/767/761 749/765/759 752/758/752
f 751/767/761 759/764/758 753/762/756 749/765/759
f 749/765/759 753/762/756 755/761/755 750/766/760
f 754/759/753 750/766/760 751/767/761 757/763/757
f 750/766/760 755/761/755 759/764/758 751/767/761
f 767/768/762 763/769/763 765/770/764
f 769/771/765 766/772/766 764/773/767
f 767/768/762 765/770/764 768/774/768
f 769/771/765 770/775/769 766/772/766
f 767/768/762 768/774/768 763/769/763
f 769/771/765 764/773/767 770/775/769
f 763/769/763 760/776/770 761/777/771 765/770/764
f 768/774/768 762/778/772 760/776/770 763/769/763
f 762/778/772 770/775/769 764/773/767 760/776/770
f 760/776/770 764/773/767 766/772/766 761/777/771
f 765/770/764 761/777/771 762/778/772 768/774/768
f 761/777/771 766/772/766 770/775/769 762/778/772
f 778/779/773 774/780/774 776/781/775
f 780/782/776 777/783/777 775/784/778
f 778/779/773 776/781/775 779/785/779
f 780/782/776 781/786/780 777/783/777
f 778/779/773 779/785/779 774/780/774
f 780/782/776 775/784/778 781/786/780
f 774/780/774 771/787/781 772/788/782 776/781/775
f 779/785/779 773/789/783 771/787/781 774/780/774
f 773/789/783 781/786/780 775/784/778 771/787/781
f 771/787/781 775/784/778 777/783/777 772/788/782
f 776/781/775 772/788/782 773/789/783 779/785/779
f 772/788/782 777/783/777 781/786/780 773/789/783
f 789/790/784 785/791/785 787/792/786
f 791/793/787 788/794/788 786/795/789
f 789/790/784 787/792/786 790/796/790
f 791/793/787 792/797/791 788/794/788
f 789/790/784 790/796/790 785/791/785
f 791/793/787 786/795/789 792/797/791
f 785/791/785 782/798/792 783/799/793 787/792/786
f 790/796/790 784/800/794 782/798/792 785/791/785
f 784/800/794 792/797/791 786/795/789 782/798/792
f 782/798/792 786/795/789 788/794/788 783/799/793
f 787/792/786 783/799/793 784/800/794 790/796/790
f 783/799/793 788/794/788 792/797/791 784/800/794
f 800/801/795 796/802/796 798/803/797
f 802/804/798 799/805/799 797/806/800
f 800/801/795 798/803/797 801/807/801
f 802/804/798 803/808/802 799/805/799
f 800/801/795 801/807/801 796/802/796
f 802/804/798 797/806/800 803/808/802
f 796/802/796 793/809/803 794/810/804 798/803/797
f 801/807/801 795/811/805 793/809/803 796/802/796
f 795/811/805 803/808/802 797/806/800 793/809/803
f 793/809/803 797/806/800 799/805/799 794/810/804
f 798/803/797 794/810/804 795/811/805 801/807/801
f 794/810/804 799/805/799 803/808/802 795/811/805
f 811/812/806 807/813/807 809/814/808
f 813/815/809 810/816/810 808/817/811
f 811/812/806 809/814/808 812/818/812
f 813/815/809 814/819/813 810/816/810
f 811/812/806 812/818/812 807/813/807
f 813/815/809 808/817/811 814/819/813
f 807/813/807 804/820/814 805/821/815 809/814/808
f 812/818/812 806/822/816 804/820/814 807/813/807
f 806/822/816 814/819/813 808/817/811 804/820/814
f 804/820/814 808/817/811 810/816/810 805/821/815
f 809/814/808 805/821/815 806/822/816 812/818/812
f 805/821/815 810/816/810 814/819/813 806/822/816
f 822/823/817 818/824/818 820/825/819
f 824/826/820 821/827/821 819/828/822
f 822/823/817 820/825/819 823/829/823
f 824/826/820 825/830/824 821/827/821
f 822/823/817 823/829/823 818/824/818
f 824/826/820 819/828/822 825/830/824
f 818/824/818 815/831/825 816/832/826 820/825/819
f 823/829/823 817/833/827 815/831/825 818/824/818
f 817/833/827 825/830/824 819/828/822 815/831/825
f 815/831/825 819/828/822 821/827/821 816/832/826
f 820/825/819 816/832/826 817/833/827 823/829/823
f 816/832/826 821/827/821 825/830/824 817/833/827
f 833/834/828 829/835/829 831/836/830
f 835/837/831 832/838/832 830/839/833
f 833/834/828 831/836/830 834/840/834
f 835/837/831 836/841/835 832/838/832
f 833/834/828 834/840/834 829/835/829
f 835/837/831 830/839/833 836/841/835
f 829/835/829 826/842/836 827/843/837 831/836/830
f 834/840/834 828/844/838 826/842/836 829/835/829
f 828/844/838 836/841/835 830/839/833 826/842/836
f 826/842/836 830/839/833 832/838/832 827/843/837
f 831/836/830 827/843/837 828/844/838 834/840/834
f 827/843/837 832/838/832 836/841/835 828/844/838
f 844/845/839 840/846/840 842/847/841
f 846/848/842 843/849/843 841/850/844
f 844/845/839 842/847/841 845/851/845
f 846/848/842 847/852/846 843/849/843
f 844/845/839 845/851/845 840/846/840
f 846/848/842 841/850/844 847/852/846
f 840/846/840 837/853/847 838/854/848 842/847/841
f 845/851/845 839/855/849 837/853/847 840/846/840
f 839/855/849 847/852/846 841/850/844 837/853/847
f 837/853/847 841/850/844 843/849/843 838/854/848
f 842/847/841 838/854/848 839/855/849 845/851/845
f 838/854/848 843/849/843 847/852/846 839/855/849
f 855/856/850 851/857/851 853/858/852
f 857/859/853 854/860/854 852/861/855
f 855/856/850 853/858/852 856/862/856
f 857/859/853 858/863/857 854/860/854
f 855/856/850 856/862/856 851/857/851
f 857/859/853 852/861/855 858/863/857
f 851/857/851 848/864/858 849/865/859 853/858/852
f 856/862/856 850/866/860 848/864/858 851/857/851
f 850/866/860 858/863/857 852/861/855 848/864/858
f 848/864/858 852/861/855 854/860/854 849/865/859
f 853/858/852 849/865/859 850/866/860 856/862/856
f 849/865/859 854/860/854 858/863/857 850/866/860
f 866/867/861 862/868/862 864/869/863
f 868/870/864 865/871/865 863/872/866
f 866/867/861 864/869/863 867/873/867
f 868/870/864 869/874/868 865/871/865
f 866/867/861 867/873/867 862/868/862
f 868/870/864 863/872/866 869/874/868
f 862/868/862 859/875/869 860/876/870 864/869/863
f 867/873/867 861/877/871 859/875/869 862/868/862
f 861/877/871 869/874/868 863/872/866 859/875/869
f 859/875/869 863/872/866 865/871/865 860/876/870
f 864/869/863 860/876/870 861/877/871 867/873/867
f 860/876/870 865/871/865 869/874/868 861/877/871
f 877/878/872 873/879/873 875/880/874
f 879/881/875 876/882/876 874/883/877
f 877/878/872 875/880/874 878/884/878
f 879/881/875 880/885/879 876/882/876
f 877/878/872 878/884/878 873/879/873
f 879/881/875 874/883/877 880/885/879
f 873/879/873 870/886/880 871/887/881 875/880/874
f 878/884/878 872/888/882 870/886/880 873/879/873
f 872/888/882 880/885/879 874/883/877 870/886/880
f 870/886/880 874/883/877 876/882/876 871/887/881
f 875/880/874 871/887/881 872/888/882 878/884/878
f 871/887/881 876/882/876 880/885/879 872/888/882
f 888/889/883 884/890/884 886/891/885
f 890/892/886 887/893/887 885/894/888
f 888/889/883 886/891/885 889/895/889
f 890/892/886 891/896/890 887/893/887
f 888/889/883 889/895/889 884/890/884
f 890/892/886 885/894/888 891/896/890
f 884/890/884 881/897/891 882/898/892 886/891/885
f 889/895/889 883/899/893 881/897/891 884/890/884
f 883/899/893 891/896/890 885/894/888 881/897/891
f 881/897/891 885/894/888 887/893/887 882/898/892
f 886/891/885 882/898/892 883/899/893 889/895/889
f 882/898/892 887/893/887 891/896/890 883/899/893
f 899/900/894 895/901/895 897/902/896
f 901/903/897 898/904/898 896/905/899
f 899/900/894 897/902/896 900/906/900
f 901/903/897 902/907/901 898/904/898
f 899/900/894 900/906/900 895/901/895
f 901/903/897 896/905/899 902/907/901
f 895/901/895 892/908/902 893/909/903 897/902/896
f 900/906/900 894/910/904 892/908/902 895/901/895
f 894/910/904 902/907/901 896/905/899 892/908/902
f 892/908/902 896/905/899 898/904/898 893/909/903
f 897/902/896 893/909/903 894/910/904 900/906/900
f 893/909/903 898/904/898 902/907/901 894/910/904
f 910/911/905 906/912/906 908/913/907
f 912/914/908 909/915/909 907/916/910
f 910/911/905 908/913/907 911/917/911
f 912/914/908 913/918/912 909/915/909
f 910/911/905 911/917/911 906/912/906
f 912/914/908 907/916/910 913/918/912
f 906/912/906 903/919/913 904/920/914 908/913/907
f 911/917/911 905/921/915 903/919/913 906/912/906
f 905/921/915 913/918/912 907/916/910 903/919/913
f 903/919/913 907/916/910 909/915/909 904/920/914
f 908/913/907 904/920/914 905/921/915 911/917/911
f 904/920/914 909/915/909 913/918/912 905/921/915
f 921/922/916 917/923/917 919/924/918
f 923/925/919 920/926/920 918/927/921
f 921/922/916 919/924/918 922/928/922
f 923/925/919 924/929/923 920/926/920
f 921/922/916 922/928/922 917/923/917
f 923/925/919 918/927/921 924/929/923
f 917/923/917 914/930/924 915/931/925 919/924/918
f 922/928/922 916/932/926 914/930/924 917/923/917
f 916/932/926 924/929/923 918/927/921 914/930/924
f 914/930/924 918/927/921 920/926/920 915/931/925
f 919/924/918 915/931/925 916/932/926 922/928/922
f 915/931/925 920/926/920 924/929/923 916/932/926
f 927/724/718 928/723/717 925/933/927 926/934/928
f 715/734/728 716/733/727 926/934/928 925/933/927
f 718/722/716 715/734/728 925/933/927 928/723/717
f 716/733/727 717/721/715 927/724/718 926/934/928
f 931/935/929 930/936/930 929/937/931 932/938/932
f 937/939/933 936/940/934 931/935/929 932/938/932
f 945/941/935 944/942/936 929/937/931 930/936/930
f 944/942/936 937/939/933 932/938/932 929/937/931
f 936/940/934 945/941/935 930/936/930 931/935/929
f 933/943/937 948/944/938 947/945/939 934/946/940
f 934/946/940 947/945/939 946/947/941 935/948/942
f 935/948/942 946/947/941 945/941/935 936/940/934
f 941/949/943 940/950/944 939/951/945 942/952/946
f 942/952/946 939/951/945 938/953/947 943/954/948
f 943/954/948 938/953/947 937/939/933 944/942/936
f 948/944/938 941/949/943 942/952/946 947/945/939
f 947/945/939 942/952/946 943/954/948 946/947/941
f 946/947/941 943/954/948 944/942/936 945/941/935
f 940/950/944 933/943/937 934/946/940 939/951/945
f 939/951/945 934/946/940 935/948/942 938/953/947
f 938/953/947 935/948/942 936/940/934 937/939/933
f 951/955/949 952/956/950 1173/957/951 1172/958/952
f 954/959/953 955/960/954 956/961/955 953/962/956
f 958/963/957 956/961/955 955/960/954 957/964/958
f 960/965/959 958/963/957 957/964/958 959/966/960
f 959/966/960 954/959/953 953/962/956 960/965/959
f 953/962/956 956/961/955 950/967/961 949/968/962
f 954/959/953 959/966/960 940/950/944 941/949/943
f 955/960/954 954/959/953 941/949/943 948/944/938
f 960/965/959 953/962/956 949/968/962 952/956/950
f 956/961/955 958/963/957 951/955/949 950/967/961
f 957/964/958 955/960/954 948/944/938 933/943/937
f 958/963/957 960/965/959 952/956/950 951/955/949
f 959/966/960 957/964/958 933/943/937 940/950/944
f 968/969/963 964/970/964 966/971/965
f 970/972/966 967/973/967 965/974/968
f 968/969/963 966/971/965 969/975/969
f 970/972/966 971/976/970 967/973/967
f 968/969/963 969/975/969 964/970/964
f 970/972/966 965/974/968 971/976/970
f 964/970/964 961/977/971 962/978/972 966/971/965
f 969/975/969 963/979/973 961/977/971 964/970/964
f 963/979/973 971/976/970 965/974/968 961/977/971
f 961/977/971 965/974/968 967/973/967 962/978/972
f 966/971/965 962/978/972 963/979/973 969/975/969
f 962/978/972 967/973/967 971/976/970 963/979/973
f 979/980/974 975/981/975 977/982/976
f 981/983/977 978/984/978 976/985/979
f 979/980/974 977/982/976 980/986/980
f 981/983/977 982/987/981 978/984/978
f 979/980/974 980/986/980 975/981/975
f 981/983/977 976/985/979 982/987/981
f 975/981/975 972/988/982 973/989/983 977/982/976
f 980/986/980 974/990/984 972/988/982 975/981/975
f 974/990/984 982/987/981 976/985/979 972/988/982
f 972/988/982 976/985/979 978/984/978 973/989/983
f 977/982/976 973/989/983 974/990/984 980/986/980
f 973/989/983 978/984/978 982/987/981 974/990/984
f 990/991/985 986/992/986 988/993/987
f 992/994/988 989/995/989 987/996/990
f 990/991/985 988/993/987 991/997/991
f 992/994/988 993/998/992 989/995/989
f 990/991/985 991/997/991 986/992/986
f 992/994/988 987/996/990 993/998/992
f 986/992/986 983/999/993 984/1000/994 988/993/987
f 991/997/991 985/1001/995 983/999/993 986/992/986
f 985/1001/995 993/998/992 987/996/990 983/999/993
f 983/999/993 987/996/990 989/995/989 984/1000/994
f 988/993/987 984/1000/994 985/1001/995 991/997/991
f 984/1000/994 989/995/989 993/998/992 985/1001/995
f 1001/1002/996 997/1003/997 999/1004/998
f 1003/1005/999 1000/1006/1000 998/1007/1001
f 1001/1002/996 999/1004/998 1002/1008/1002
f 1003/1005/999 1004/1009/1003 1000/1006/1000
f 1001/1002/996 1002/1008/1002 997/1003/997
f 1003/1005/999 998/1007/1001 1004/1009/1003
f 997/1003/997 994/1010/1004 995/1011/1005 999/1004/998
f 1002/1008/1002 996/1012/1006 994/1010/1004 997/1003/997
f 996/1012/1006 1004/1009/1003 998/1007/1001 994/1010/1004
f 994/1010/1004 998/1007/1001 1000/1006/1000 995/1011/1005
f 999/1004/998 995/1011/1005 996/1012/1006 1002/1008/1002
f 995/1011/1005 1000/1006/1000 1004/1009/1003 996/1012/1006
f 1012/1013/1007 1008/1014/1008 1010/1015/1009
f 1014/1016/1010 1011/1017/1011 1009/1018/1012
f 1012/1013/1007 1010/1015/1009 1013/1019/1013
f 1014/1016/1010 1015/1020/1014 1011/1017/1011
f 1012/1013/1007 1013/1019/1013 1008/1014/1008
f 1014/1016/1010 1009/1018/1012 1015/1020/1014
f 1008/1014/1008 1005/1021/1015 1006/1022/1016 1010/1015/1009
f 1013/1019/1013 1007/1023/1017 1005/1021/1015 1008/1014/1008
f 1007/1023/1017 1015/1020/1014 1009/1018/1012 1005/1021/1015
f 1005/1021/1015 1009/1018/1012 1011/1017/1011 1006/1022/1016
f 1010/1015/1009 1006/1022/1016 1007/1023/1017 1013/1019/1013
f 1006/1022/1016 1011/1017/1011 1015/1020/1014 1007/1023/1017
f 1023/1024/1018 1019/1025/1019 1021/1026/1020
f 1025/1027/1021 1022/1028/1022 1020/1029/1023
f 1023/1024/1018 1021/1026/1020 1024/1030/1024
f 1025/1027/1021 1026/1031/1025 1022/1028/1022
f 1023/1024/1018 1024/1030/1024 1019/1025/1019
f 1025/1027/1021 1020/1029/1023 1026/1031/1025
f 1019/1025/1019 1016/1032/1026 1017/1033/1027 1021/1026/1020
f 1024/1030/1024 1018/1034/1028 1016/1032/1026 1019/1025/1019
f 1018/1034/1028 1026/1031/1025 1020/1029/1023 1016/1032/1026
f 1016/1032/1026 1020/1029/1023 1022/1028/1022 1017/1033/1027
f 1021/1026/1020 1017/1033/1027 1018/1034/1028 1024/1030/1024
f 1017/1033/1027 1022/1028/1022 1026/1031/1025 1018/1034/1028
f 1034/1035/1029 1030/1036/1030 1032/1037/1031
f 1036/1038/1032 1033/1039/1033 1031/1040/1034
f 1034/1035/1029 1032/1037/1031 1035/1041/1035
f 1036/1038/1032 1037/1042/1036 1033/1039/1033
f 1034/1035/1029 1035/1041/1035 1030/1036/1030
f 1036/1038/1032 1031/1040/1034 1037/1042/1036
f 1030/1036/1030 1027/1043/1037 1028/1044/1038 1032/1037/1031
f 1035/1041/1035 1029/1045/1039 1027/1043/1037 1030/1036/1030
f 1029/1045/1039 1037/1042/1036 1031/1040/1034 1027/1043/1037
f 1027/1043/1037 1031/1040/1034 1033/1039/1033 1028/1044/1038
f 1032/1037/1031 1028/1044/1038 1029/1045/1039 1035/1041/1035
f 1028/1044/1038 1033/1039/1033 1037/1042/1036 1029/1045/1039
f 1045/1046/1040 1041/1047/1041 1043/1048/1042
f 1047/1049/1043 1044/1050/1044 1042/1051/1045
f 1045/1046/1040 1043/1048/1042 1046/1052/1046
f 1047/1049/1043 1048/1053/1047 1044/1050/1044
f 1045/1046/1040 1046/1052/1046 1041/1047/1041
f 1047/1049/1043 1042/1051/1045 1048/1053/1047
f 1041/1047/1041 1038/1054/1048 1039/1055/1049 1043/1048/1042
f 1046/1052/1046 1040/1056/1050 1038/1054/1048 1041/1047/1041
f 1040/1056/1050 1048/1053/1047 1042/1051/1045 1038/1054/1048
f 1038/1054/1048 1042/1051/1045 1044/1050/1044 1039/1055/1049
f 1043/1048/1042 1039/1055/1049 1040/1056/1050 1046/1052/1046
f 1039/1055/1049 1044/1050/1044 1048/1053/1047 1040/1056/1050
f 1056/1057/1051 1052/1058/1052 1054/1059/1053
f 1058/1060/1054 1055/1061/1055 1053/1062/1056
f 1056/1057/1051 1054/1059/1053 1057/1063/1057
f 1058/1060/1054 1059/1064/1058 1055/1061/1055
f 1056/1057/1051 1057/1063/1057 1052/1058/1052
f 1058/1060/1054 1053/1062/1056 1059/1064/1058
f 1052/1058/1052 1049/1065/1059 1050/1066/1060 1054/1059/1053
f 1057/1063/1057 1051/1067/1061 1049/1065/1059 1052/1058/1052
f 1051/1067/1061 1059/1064/1058 1053/1062/1056 1049/1065/1059
f 1049/1065/1059 1053/1062/1056 1055/1061/1055 1050/1066/1060
f 1054/1059/1053 1050/1066/1060 1051/1067/1061 1057/1063/1057
f 1050/1066/1060 1055/1061/1055 1059/1064/1058 1051/1067/1061
f 1067/1068/1062 1063/1069/1063 1065/1070/1064
f 1069/1071/1065 1066/1072/1066 1064/1073/1067
f 1067/1068/1062 1065/1070/1064 1068/1074/1068
f 1069/1071/1065 1070/1075/1069 1066/1072/1066
f 1067/1068/1062 1068/1074/1068 1063/1069/1063
f 1069/1071/1065 1064/1073/1067 1070/1075/1069
f 1063/1069/1063 1060/1076/1070 1061/1077/1071 1065/1070/1064
f 1068/1074/1068 1062/1078/1072 1060/1076/1070 1063/1069/1063
f 1062/1078/1072 1070/1075/1069 1064/1073/1067 1060/1076/1070
f 1060/1076/1070 1064/1073/1067 1066/1072/1066 1061/1077/1071
f 1065/1070/1064 1061/1077/1071 1062/1078/1072 1068/1074/1068
f 1061/1077/1071 1066/1072/1066 1070/1075/1069 1062/1078/1072
f 1078/1079/1073 1074/1080/1074 1076/1081/1075
f 1080/1082/1076 1077/1083/1077 1075/1084/1078
f 1078/1079/1073 1076/1081/1075 1079/1085/1079
f 1080/1082/1076 1081/1086/1080 1077/1083/1077
f 1078/1079/1073 1079/1085/1079 1074/1080/1074
f 1080/1082/1076 1075/1084/1078 1081/1086/1080
f 1074/1080/1074 1071/1087/1081 1072/1088/1082 1076/1081/1075
f 1079/1085/1079 1073/1089/1083 1071/1087/1081 1074/1080/1074
f 1073/1089/1083 1081/1086/1080 1075/1084/1078 1071/1087/1081
f 1071/1087/1081 1075/1084/1078 1077/1083/1077 1072/1088/1082
f 1076/1081/1075 1072/1088/1082 1073/1089/1083 1079/1085/1079
f 1072/1088/1082 1077/1083/1077 1081/1086/1080 1073/1089/1083
f 1089/1090/1084 1085/1091/1085 1087/1092/1086
f 1091/1093/1087 1088/1094/1088 1086/1095/1089
f 1089/1090/1084 1087/1092/1086 1090/1096/1090
f 1091/1093/1087 1092/1097/1091 1088/1094/1088
f 1089/1090/1084 1090/1096/1090 1085/1091/1085
f 1091/1093/1087 1086/1095/1089 1092/1097/1091
f 1085/1091/1085 1082/1098/1092 1083/1099/1093 1087/1092/1086
f 1090/1096/1090 1084/1100/1094 1082/1098/1092 1085/1091/1085
f 1084/1100/1094 1092/1097/1091 1086/1095/1089 1082/1098/1092
f 1082/1098/1092 1086/1095/1089 1088/1094/1088 1083/1099/1093
f 1087/1092/1086 1083/1099/1093 1084/1100/1094 1090/1096/1090
f 1083/1099/1093 1088/1094/1088 1092/1097/1091 1084/1100/1094
f 1100/1101/1095 1096/1102/1096 1098/1103/1097
f 1102/1104/1098 1099/1105/1099 1097/1106/1100
f 1100/1101/1095 1098/1103/1097 1101/1107/1101
f 1102/1104/1098 1103/1108/1102 1099/1105/1099
f 1100/1101/1095 1101/1107/1101 1096/1102/1096
f 1102/1104/1098 1097/1106/1100 1103/1108/1102
f 1096/1102/1096 1093/1109/1103 1094/1110/1104 1098/1103/1097
f 1101/1107/1101 1095/1111/1105 1093/1109/1103 1096/1102/1096
f 1095/1111/1105 1103/1108/1102 1097/1106/1100 1093/1109/1103
f 1093/1109/1103 1097/1106/1100 1099/1105/1099 1094/1110/1104
f 1098/1103/1097 1094/1110/1104 1095/1111/1105 1101/1107/1101
f 1094/1110/1104 1099/1105/1099 1103/1108/1102 1095/1111/1105
f 1111/1112/1106 1107/1113/1107 1109/1114/1108
f 1113/1115/1109 1110/1116/1110 1108/1117/1111
f 1111/1112/1106 1109/1114/1108 1112/1118/1112
f 1113/1115/1109 1114/1119/1113 1110/1116/1110
f 1111/1112/1106 1112/1118/1112 1107/1113/1107
f 1113/1115/1109 1108/1117/1111 1114/1119/1113
f 1107/1113/1107 1104/1120/1114 1105/1121/1115 1109/1114/1108
f 1112/1118/1112 1106/1122/1116 1104/1120/1114 1107/1113/1107
f 1106/1122/1116 1114/1119/1113 1108/1117/1111 1104/1120/1114
f 1104/1120/1114 1108/1117/1111 1110/1116/1110 1105/1121/1115
f 1109/1114/1108 1105/1121/1115 1106/1122/1116 1112/1118/1112
f 1105/1121/1115 1110/1116/1110 1114/1119/1113 1106/1122/1116
f 1122/1123/1117 1118/1124/1118 1120/1125/1119
f 1124/1126/1120 1121/1127/1121 1119/1128/1122
f 1122/1123/1117 1120/1125/1119 1123/1129/1123
f 1124/1126/1120 1125/1130/1124 1121/1127/1121
f 1122/1123/1117 1123/1129/1123 1118/1124/1118
f 1124/1126/1120 1119/1128/1122 1125/1130/1124
f 1118/1124/1118 1115/1131/1125 1116/1132/1126 1120/1125/1119
f 1123/1129/1123 1117/1133/1127 1115/1131/1125 1118/1124/1118
f 1117/1133/1127 1125/1130/1124 1119/1128/1122 1115/1131/1125
f 1115/1131/1125 1119/1128/1122 1121/1127/1121 1116/1132/1126
f 1120/1125/1119 1116/1132/1126 1117/1133/1127 1123/1129/1123
f 1116/1132/1126 1121/1127/1121 1125/1130/1124 1117/1133/1127
f 1133/1134/1128 1129/1135/1129 1131/1136/1130
f 1135/1137/1131 1132/1138/1132 1130/1139/1133
f 1133/1134/1128 1131/1136/1130 1134/1140/1134
f 1135/1137/1131 1136/1141/1135 1132/1138/1132
f 1133/1134/1128 1134/1140/1134 1129/1135/1129
f 1135/1137/1131 1130/1139/1133 1136/1141/1135
f 1129/1135/1129 1126/1142/1136 1127/1143/1137 1131/1136/1130
f 1134/1140/1134 1128/1144/1138 1126/1142/1136 1129/1135/1129
f 1128/1144/1138 1136/1141/1135 1130/1139/1133 1126/1142/1136
f 1126/1142/1136 1130/1139/1133 1132/1138/1132 1127/1143/1137
f 1131/1136/1130 1127/1143/1137 1128/1144/1138 1134/1140/1134
f 1127/1143/1137 1132/1138/1132 1136/1141/1135 1128/1144/1138
f 1144/1145/1139 1140/1146/1140 1142/1147/1141
f 1146/1148/1142 1143/1149/1143 1141/1150/1144
f 1144/1145/1139 1142/1147/1141 1145/1151/1145
f 1146/1148/1142 1147/1152/1146 1143/1149/1143
f 1144/1145/1139 1145/1151/1145 1140/1146/1140
f 1146/1148/1142 1141/1150/1144 1147/1152/1146
f 1140/1146/1140 1137/1153/1147 1138/1154/1148 1142/1147/1141
f 1145/1151/1145 1139/1155/1149 1137/1153/1147 1140/1146/1140
f 1139/1155/1149 1147/1152/1146 1141/1150/1144 1137/1153/1147
f 1137/1153/1147 1141/1150/1144 1143/1149/1143 1138/1154/1148
f 1142/1147/1141 1138/1154/1148 1139/1155/1149 1145/1151/1145
f 1138/1154/1148 1143/1149/1143 1147/1152/1146 1139/1155/1149
f 1155/1156/1150 1151/1157/1151 1153/1158/1152
f 1157/1159/1153 1154/1160/1154 1152/1161/1155
f 1155/1156/1150 1153/1158/1152 1156/1162/1156
f 1157/1159/1153 1158/1163/1157 1154/1160/1154
f 1155/1156/1150 1156/1162/1156 1151/1157/1151
f 1157/1159/1153 1152/1161/1155 1158/1163/1157
f 1151/1157/1151 1148/1164/1158 1149/1165/1159 1153/1158/1152
f 1156/1162/1156 1150/1166/1160 1148/1164/1158 1151/1157/1151
f 1150/1166/1160 1158/1163/1157 1152/1161/1155 1148/1164/1158
f 1148/1164/1158 1152/1161/1155 1154/1160/1154 1149/1165/1159
f 1153/1158/1152 1149/1165/1159 1150/1166/1160 1156/1162/1156
f 1149/1165/1159 1154/1160/1154 1158/1163/1157 1150/1166/1160
f 1166/1167/1161 1162/1168/1162 1164/1169/1163
f 1168/1170/1164 1165/1171/1165 1163/1172/1166
f 1166/1167/1161 1164/1169/1163 1167/1173/1167
f 1168/1170/1164 1169/1174/1168 1165/1171/1165
f 1166/1167/1161 1167/1173/1167 1162/1168/1162
f 1168/1170/1164 1163/1172/1166 1169/1174/1168
f 1162/1168/1162 1159/1175/1169 1160/1176/1170 1164/1169/1163
f 1167/1173/1167 1161/1177/1171 1159/1175/1169 1162/1168/1162
f 1161/1177/1171 1169/1174/1168 1163/1172/1166 1159/1175/1169
f 1159/1175/1169 1163/1172/1166 1165/1171/1165 1160/1176/1170
f 1164/1169/1163 1160/1176/1170 1161/1177/1171 1167/1173/1167
f 1160/1176/1170 1165/1171/1165 1169/1174/1168 1161/1177/1171
f 1172/958/952 1173/957/951 1170/1178/1172 1171/1179/1173
f 949/968/962 950/967/961 1171/1179/1173 1170/1178/1172
f 952/956/950 949/968/962 1170/1178/1172 1173/957/951
f 950/967/961 951/955/949 1172/958/952 1171/1179/1173
f 1176/1180/1174 1175/1181/1175 1174/1182/1176 1177/1183/1177
f 1182/1184/1178 1181/1185/1179 1176/1180/1174 1177/1183/1177
f 1190/1186/1180 1189/1187/1181 1174/1182/1176 1175/1181/1175
f 1189/1187/1181 1182/1184/1178 1177/1183/1177 1174/1182/1176
f 1181/1185/1179 1190/1186/1180 1175/1181/1175 1176/1180/1174
f 1178/1188/1182 1193/1189/1183 1192/1190/1184 1179/1191/1185
f 1179/1191/1185 1192/1190/1184 1191/1192/1186 1180/1193/1187
f 1180/1193/1187 1191/1192/1186 1190/1186/1180 1181/1185/1179
f 1186/1194/1188 1185/1195/1189 1184/1196/1190 1187/1197/1191
f 1187/1197/1191 1184/1196/1190 1183/1198/1192 1188/1199/1193
f 1188/1199/1193 1183/1198/1192 1182/1184/1178 1189/1187/1181
f 1193/1189/1183 1186/1194/1188 1187/1197/1191 1192/1190/1184
f 1192/1190/1184 1187/1197/1191 1188/1199/1193 1191/1192/1186
f 1191/1192/1186 1188/1199/1193 1189/1187/1181 1190/1186/1180
f 1185/1195/1189 1178/1188/1182 1179/1191/1185 1184/1196/1190
f 1184/1196/1190 1179/1191/1185 1180/1193/1187 1183/1198/1192
f 1183/1198/1192 1180/1193/1187 1181/1185/1179 1182/1184/1178
f 1196/1200/1194 1197/1201/1195 1418/1202/1196 1417/1203/1197
f 1199/1204/1198 1200/1205/1199 1201/1206/1200 1198/1207/1201
f 1203/1208/1202 1201/1206/1200 1200/1205/1199 1202/1209/1203
f 1205/1210/1204 1203/1208/1202 1202/1209/1203 1204/1211/1205
f 1204/1211/1205 1199/1204/1198 1198/1207/1201 1205/1210/1204
f 1198/1207/1201 1201/1206/1200 1195/1212/1206 1194/1213/1207
f 1199/1204/1198 1204/1211/1205 1185/1195/1189 1186/1194/1188
f 1200/1205/1199 1199/1204/1198 1186/1194/1188 1193/1189/1183
f 1205/1210/1204 1198/1207/1201 1194/1213/1207 1197/1201/1195
f 1201/1206/1200 1203/1208/1202 1196/1200/1194 1195/1212/1206
f 1202/1214/1203 1200/1215/1199 1193/1216/1183 1178/1217/1182
f 1203/1208/1202 1205/1210/1204 1197/1201/1195 1196/1200/1194
f 1204/1211/1205 1202/1209/1203 1178/1188/1182 1185/1195/1189
f 1213/1218/1208 1209/1219/1209 1211/1220/1210
f 1215/1221/1211 1212/1222/1212 1210/1223/1213
f 1213/1218/1208 1211/1220/1210 1214/1224/1214
f 1215/1221/1211 1216/1225/1215 1212/1222/1212
f 1213/1218/1208 1214/1224/1214 1209/1219/1209
f 1215/1221/1211 1210/1223/1213 1216/1225/1215
f 1209/1219/1209 1206/1226/1216 1207/1227/1217 1211/1220/1210
f 1214/1224/1214 1208/1228/1218 1206/1226/1216 1209/1219/1209
f 1208/1228/1218 1216/1225/1215 1210/1223/1213 1206/1226/1216
f 1206/1226/1216 1210/1223/1213 1212/1222/1212 1207/1227/1217
f 1211/1220/1210 1207/1227/1217 1208/1228/1218 1214/1224/1214
f 1207/1227/1217 1212/1222/1212 1216/1225/1215 1208/1228/1218
f 1224/1229/1219 1220/1230/1220 1222/1231/1221
f 1226/1232/1222 1223/1233/1223 1221/1234/1224
f 1224/1229/1219 1222/1231/1221 1225/1235/1225
f 1226/1232/1222 1227/1236/1226 1223/1233/1223
f 1224/1229/1219 1225/1235/1225 1220/1230/1220
f 1226/1232/1222 1221/1234/1224 1227/1236/1226
f 1220/1230/1220 1217/1237/1227 1218/1238/1228 1222/1231/1221
f 1225/1235/1225 1219/1239/1229 1217/1237/1227 1220/1230/1220
f 1219/1239/1229 1227/1236/1226 1221/1234/1224 1217/1237/1227
f 1217/1237/1227 1221/1234/1224 1223/1233/1223 1218/1238/1228
f 1222/1231/1221 1218/1238/1228 1219/1239/1229 1225/1235/1225
f 1218/1238/1228 1223/1233/1223 1227/1236/1226 1219/1239/1229
f 1235/1240/1230 1231/1241/1231 1233/1242/1232
f 1237/1243/1233 1234/1244/1234 1232/1245/1235
f 1235/1240/1230 1233/1242/1232 1236/1246/1236
f 1237/1243/1233 1238/1247/1237 1234/1244/1234
f 1235/1240/1230 1236/1246/1236 1231/1241/1231
f 1237/1243/1233 1232/1245/1235 1238/1247/1237
f 1231/1241/1231 1228/1248/1238 1229/1249/1239 1233/1242/1232
f 1236/1246/1236 1230/1250/1240 1228/1248/1238 1231/1241/1231
f 1230/1250/1240 1238/1247/1237 1232/1245/1235 1228/1248/1238
f 1228/1248/1238 1232/1245/1235 1234/1244/1234 1229/1249/1239
f 1233/1242/1232 1229/1249/1239 1230/1250/1240 1236/1246/1236
f 1229/1249/1239 1234/1244/1234 1238/1247/1237 1230/1250/1240
f 1246/1251/1241 1242/1252/1242 1244/1253/1243
f 1248/1254/1244 1245/1255/1245 1243/1256/1246
f 1246/1251/1241 1244/1253/1243 1247/1257/1247
f 1248/1254/1244 1249/1258/1248 1245/1255/1245
f 1246/1251/1241 1247/1257/1247 1242/1252/1242
f 1248/1254/1244 1243/1256/1246 1249/1258/1248
f 1242/1252/1242 1239/1259/1249 1240/1260/1250 1244/1253/1243
f 1247/1257/1247 1241/1261/1251 1239/1259/1249 1242/1252/1242
f 1241/1261/1251 1249/1258/1248 1243/1256/1246 1239/1259/1249
f 1239/1259/1249 1243/1256/1246 1245/1255/1245 1240/1260/1250
f 1244/1253/1243 1240/1260/1250 1241/1261/1251 1247/1257/1247
f 1240/1260/1250 1245/1255/1245 1249/1258/1248 1241/1261/1251
f 1257/1262/1252 1253/1263/1253 1255/1264/1254
f 1259/1265/1255 1256/1266/1256 1254/1267/1257
f 1257/1262/1252 1255/1264/1254 1258/1268/1258
f 1259/1265/1255 1260/1269/1259 1256/1266/1256
f 1257/1262/1252 1258/1268/1258 1253/1263/1253
f 1259/1265/1255 1254/1267/1257 1260/1269/1259
f 1253/1263/1253 1250/1270/1260 1251/1271/1261 1255/1264/1254
f 1258/1268/1258 1252/1272/1262 1250/1270/1260 1253/1263/1253
f 1252/1272/1262 1260/1269/1259 1254/1267/1257 1250/1270/1260
f 1250/1270/1260 1254/1267/1257 1256/1266/1256 1251/1271/1261
f 1255/1264/1254 1251/1271/1261 1252/1272/1262 1258/1268/1258
f 1251/1271/1261 1256/1266/1256 1260/1269/1259 1252/1272/1262
f 1268/1273/1263 1264/1274/1264 1266/1275/1265
f 1270/1276/1266 1267/1277/1267 1265/1278/1268
f 1268/1273/1263 1266/1275/1265 1269/1279/1269
f 1270/1276/1266 1271/1280/1270 1267/1277/1267
f 1268/1273/1263 1269/1279/1269 1264/1274/1264
f 1270/1276/1266 1265/1278/1268 1271/1280/1270
f 1264/1274/1264 1261/1281/1271 1262/1282/1272 1266/1275/1265
f 1269/1279/1269 1263/1283/1273 1261/1281/1271 1264/1274/1264
f 1263/1283/1273 1271/1280/1270 1265/1278/1268 1261/1281/1271
f 1261/1281/1271 1265/1278/1268 1267/1277/1267 1262/1282/1272
f 1266/1275/1265 1262/1282/1272 1263/1283/1273 1269/1279/1269
f 1262/1282/1272 1267/1277/1267 1271/1280/1270 1263/1283/1273
f 1279/1284/1274 1275/1285/1275 1277/1286/1276
f 1281/1287/1277 1278/1288/1278 1276/1289/1279
f 1279/1284/1274 1277/1286/1276 1280/1290/1280
f 1281/1287/1277 1282/1291/1281 1278/1288/1278
f 1279/1284/1274 1280/1290/1280 1275/1285/1275
f 1281/1287/1277 1276/1289/1279 1282/1291/1281
f 1275/1285/1275 1272/1292/1282 1273/1293/1283 1277/1286/1276
f 1280/1290/1280 1274/1294/1284 1272/1292/1282 1275/1285/1275
f 1274/1294/1284 1282/1291/1281 1276/1289/1279 1272/1292/1282
f 1272/1292/1282 1276/1289/1279 1278/1288/1278 1273/1293/1283
f 1277/1286/1276 1273/1293/1283 1274/1294/1284 1280/1290/1280
f 1273/1293/1283 1278/1288/1278 1282/1291/1281 1274/1294/1284
f 1290/1295/1285 1286/1296/1286 1288/1297/1287
f 1292/1298/1288 1289/1299/1289 1287/1300/1290
f 1290/1301/1285 1288/1302/1287 1291/1303/1291
f 1292/1298/1288 1293/1304/1292 1289/1299/1289
f 1290/1301/1285 1291/1303/1291 1286/1305/1286
f 1292/1298/1288 1287/1300/1290 1293/1304/1292
f 1286/1305/1286 1283/1306/1293 1284/1307/1294 1288/1302/1287
f 1291/1303/1291 1285/1308/1295 1283/1306/1293 1286/1305/1286
f 1285/1308/1295 1293/1304/1292 1287/1300/1290 1283/1306/1293
f 1283/1306/1293 1287/1300/1290 1289/1299/1289 1284/1307/1294
f 1288/1302/1287 1284/1307/1294 1285/1308/1295 1291/1303/1291
f 1284/1307/1294 1289/1299/1289 1293/1304/1292 1285/1308/1295
f 1301/1309/1296 1297/1310/1297 1299/1311/1298
f 1303/1312/1299 1300/1313/1300 1298/1314/1301
f 1301/1309/1296 1299/1311/1298 1302/1315/1302
f 1303/1312/1299 1304/1316/1303 1300/1313/1300
f 1301/1309/1296 1302/1315/1302 1297/1310/1297
f 1303/1312/1299 1298/1314/1301 1304/1316/1303
f 1297/1310/1297 1294/1317/1304 1295/1318/1305 1299/1311/1298
f 1302/1315/1302 1296/1319/1306 1294/1317/1304 1297/1310/1297
f 1296/1319/1306 1304/1316/1303 1298/1314/1301 1294/1317/1304
f 1294/1317/1304 1298/1314/1301 1300/1313/1300 1295/1318/1305
f 1299/1311/1298 1295/1318/1305 1296/1319/1306 1302/1315/1302
f 1295/1318/1305 1300/1313/1300 1304/1316/1303 1296/1319/1306
f 1312/1320/1307 1308/1321/1308 1310/1322/1309
f 1314/1323/1310 1311/1324/1311 1309/1325/1312
f 1312/1320/1307 1310/1322/1309 1313/1326/1313
f 1314/1323/1310 1315/1327/1314 1311/1324/1311
f 1312/1320/1307 1313/1326/1313 1308/1321/1308
f 1314/1323/1310 1309/1325/1312 1315/1327/1314
f 1308/1321/1308 1305/1328/1315 1306/1329/1316 1310/1322/1309
f 1313/1326/1313 1307/1330/1317 1305/1328/1315 1308/1321/1308
f 1307/1330/1317 1315/1327/1314 1309/1325/1312 1305/1328/1315
f 1305/1328/1315 1309/1325/1312 1311/1324/1311 1306/1329/1316
f 1310/1322/1309 1306/1329/1316 1307/1330/1317 1313/1326/1313
f 1306/1329/1316 1311/1324/1311 1315/1327/1314 1307/1330/1317
f 1323/1331/1318 1319/1332/1319 1321/1333/1320
f 1325/1334/1321 1322/1335/1322 1320/1336/1323
f 1323/1331/1318 1321/1333/1320 1324/1337/1324
f 1325/1334/1321 1326/1338/1325 1322/1335/1322
f 1323/1331/1318 1324/1337/1324 1319/1332/1319
f 1325/1334/1321 1320/1336/1323 1326/1338/1325
f 1319/1332/1319 1316/1339/1326 1317/1340/1327 1321/1333/1320
f 1324/1337/1324 1318/1341/1328 1316/1339/1326 1319/1332/1319
f 1318/1341/1328 1326/1338/1325 1320/1336/1323 1316/1339/1326
f 1316/1339/1326 1320/1336/1323 1322/1335/1322 1317/1340/1327
f 1321/1333/1320 1317/1340/1327 1318/1341/1328 1324/1337/1324
f 1317/1340/1327 1322/1335/1322 1326/1338/1325 1318/1341/1328
f 1334/1342/1329 1330/1343/1330 1332/1344/1331
f 1336/1345/1332 1333/1346/1333 1331/1347/1334
f 1334/1342/1329 1332/1344/1331 1335/1348/1335
f 1336/1345/1332 1337/1349/1336 1333/1346/1333
f 1334/1342/1329 1335/1348/1335 1330/1343/1330
f 1336/1345/1332 1331/1347/1334 1337/1349/1336
f 1330/1343/1330 1327/1350/1337 1328/1351/1338 1332/1344/1331
f 1335/1348/1335 1329/1352/1339 1327/1350/1337 1330/1343/1330
f 1329/1352/1339 1337/1349/1336 1331/1347/1334 1327/1350/1337
f 1327/1350/1337 1331/1347/1334 1333/1346/1333 1328/1351/1338
f 1332/1344/1331 1328/1351/1338 1329/1352/1339 1335/1348/1335
f 1328/1351/1338 1333/1346/1333 1337/1349/1336 1329/1352/1339
f 1345/1353/1340 1341/1354/1341 1343/1355/1342
f 1347/1356/1343 1344/1357/1344 1342/1358/1345
f 1345/1353/1340 1343/1355/1342 1346/1359/1346
f 1347/1356/1343 1348/1360/1347 1344/1357/1344
f 1345/1353/1340 1346/1359/1346 1341/1354/1341
f 1347/1356/1343 1342/1358/1345 1348/1360/1347
f 1341/1354/1341 1338/1361/1348 1339/1362/1349 1343/1355/1342
f 1346/1359/1346 1340/1363/1350 1338/1361/1348 1341/1354/1341
f 1340/1363/1350 1348/1360/1347 1342/1358/1345 1338/1361/1348
f 1338/1361/1348 1342/1358/1345 1344/1357/1344 1339/1362/1349
f 1343/1355/1342 1339/1362/1349 1340/1363/1350 1346/1359/1346
f 1339/1362/1349 1344/1357/1344 1348/1360/1347 1340/1363/1350
f 1356/1364/1351 1352/1365/1352 1354/1366/1353
f 1358/1367/1354 1355/1368/1355 1353/1369/1356
f 1356/1364/1351 1354/1366/1353 1357/1370/1357
f 1358/1367/1354 1359/1371/1358 1355/1368/1355
f 1356/1364/1351 1357/1370/1357 1352/1365/1352
f 1358/1367/1354 1353/1369/1356 1359/1371/1358
f 1352/1365/1352 1349/1372/1359 1350/1373/1360 1354/1366/1353
f 1357/1370/1357 1351/1374/1361 1349/1372/1359 1352/1365/1352
f 1351/1374/1361 1359/1371/1358 1353/1369/1356 1349/1372/1359
f 1349/1372/1359 1353/1369/1356 1355/1368/1355 1350/1373/1360
f 1354/1366/1353 1350/1373/1360 1351/1374/1361 1357/1370/1357
f 1350/1373/1360 1355/1368/1355 1359/1371/1358 1351/1374/1361
f 1367/1375/1362 1363/1376/1363 1365/1377/1364
f 1369/1378/1365 1366/1379/1366 1364/1380/1367
f 1367/1375/1362 1365/1377/1364 1368/1381/1368
f 1369/1378/1365 1370/1382/1369 1366/1379/1366
f 1367/1375/1362 1368/1381/1368 1363/1376/1363
f 1369/1378/1365 1364/1380/1367 1370/1382/1369
f 1363/1376/1363 1360/1383/1370 1361/1384/1371 1365/1377/1364
f 1368/1381/1368 1362/1385/1372 1360/1383/1370 1363/1376/1363
f 1362/1385/1372 1370/1382/1369 1364/1380/1367 1360/1383/1370
f 1360/1383/1370 1364/1380/1367 1366/1379/1366 1361/1384/1371
f 1365/1377/1364 1361/1384/1371 1362/1385/1372 1368/1381/1368
f 1361/1384/1371 1366/1379/1366 1370/1382/1369 1362/1385/1372
f 1378/1386/1373 1374/1387/1374 1376/1388/1375
f 1380/1389/1376 1377/1390/1377 1375/1391/1378
f 1378/1386/1373 1376/1388/1375 1379/1392/1379
f 1380/1389/1376 1381/1393/1380 1377/1390/1377
f 1378/1386/1373 1379/1392/1379 1374/1387/1374
f 1380/1389/1376 1375/1391/1378 1381/1393/1380
f 1374/1387/1374 1371/1394/1381 1372/1395/1382 1376/1388/1375
f 1379/1392/1379 1373/1396/1383 1371/1394/1381 1374/1387/1374
f 1373/1396/1383 1381/1393/1380 1375/1391/1378 1371/1394/1381
f 1371/1394/1381 1375/1391/1378 1377/1390/1377 1372/1395/1382
f 1376/1388/1375 1372/1395/1382 1373/1396/1383 1379/1392/1379
f 1372/1395/1382 1377/1390/1377 1381/1393/1380 1373/1396/1383
f 1389/1397/1384 1385/1398/1385 1387/1399/1386
f 1391/1400/1387 1388/1401/1388 1386/1402/1389
f 1389/1397/1384 1387/1399/1386 1390/1403/1390
f 1391/1400/1387 1392/1404/1391 1388/1401/1388
f 1389/1397/1384 1390/1403/1390 1385/1398/1385
f 1391/1400/1387 1386/1402/1389 1392/1404/1391
f 1385/1398/1385 1382/1405/1392 1383/1406/1393 1387/1399/1386
f 1390/1403/1390 1384/1407/1394 1382/1405/1392 1385/1398/1385
f 1384/1407/1394 1392/1404/1391 1386/1402/1389 1382/1405/1392
f 1382/1405/1392 1386/1402/1389 1388/1401/1388 1383/1406/1393
f 1387/1399/1386 1383/1406/1393 1384/1407/1394 1390/1403/1390
f 1383/1406/1393 1388/1401/1388 1392/1404/1391 1384/1407/1394
f 1400/1408/1395 1396/1409/1396 1398/1410/1397
f 1402/1411/1398 1399/1412/1399 1397/1413/1400
f 1400/1408/1395 1398/1410/1397 1401/1414/1401
f 1402/1411/1398 1403/1415/1402 1399/1412/1399
f 1400/1408/1395 1401/1414/1401 1396/1409/1396
f 1402/1411/1398 1397/1413/1400 1403/1415/1402
f 1396/1409/1396 1393/1416/1403 1394/1417/1404 1398/1410/1397
f 1401/1414/1401 1395/1418/1405 1393/1416/1403 1396/1409/1396
f 1395/1418/1405 1403/1415/1402 1397/1413/1400 1393/1416/1403
f 1393/1416/1403 1397/1413/1400 1399/1412/1399 1394/1417/1404
f 1398/1410/1397 1394/1417/1404 1395/1418/1405 1401/1414/1401
f 1394/1417/1404 1399/1412/1399 1403/1415/1402 1395/1418/1405
f 1411/1419/1406 1407/1420/1407 1409/1421/1408
f 1413/1422/1409 1410/1423/1410 1408/1424/1411
f 1411/1419/1406 1409/1421/1408 1412/1425/1412
f 1413/1422/1409 1414/1426/1413 1410/1423/1410
f 1411/1419/1406 1412/1425/1412 1407/1420/1407
f 1413/1422/1409 1408/1424/1411 1414/1426/1413
f 1407/1420/1407 1404/1427/1414 1405/1428/1415 1409/1421/1408
f 1412/1425/1412 1406/1429/1416 1404/1427/1414 1407/1420/1407
f 1406/1429/1416 1414/1426/1413 1408/1424/1411 1404/1427/1414
f 1404/1427/1414 1408/1424/1411 1410/1423/1410 1405/1428/1415
f 1409/1421/1408 1405/1428/1415 1406/1429/1416 1412/1425/1412
f 1405/1428/1415 1410/1423/1410 1414/1426/1413 1406/1429/1416
f 1417/1203/1197 1418/1202/1196 1415/1430/1417 1416/1431/1418
f 1194/1213/1207 1195/1212/1206 1416/1431/1418 1415/1430/1417
f 1197/1201/1195 1194/1213/1207 1415/1430/1417 1418/1202/1196
f 1195/1212/1206 1196/1200/1194 1417/1203/1197 1416/1431/1418
f 1421/1432/1419 1420/1433/1420 1419/1434/1421 1422/1435/1422
f 1427/1436/1423 1426/1437/1424 1421/1432/1419 1422/1435/1422
f 1435/1438/1425 1434/1439/1426 1419/1434/1421 1420/1433/1420
f 1434/1439/1426 1427/1436/1423 1422/1435/1422 1419/1434/1421
f 1426/1437/1424 1435/1438/1425 1420/1433/1420 1421/1432/1419
f 1423/1440/1427 1438/1441/1428 1437/1442/1429 1424/1443/1430
f 1424/1443/1430 1437/1442/1429 1436/1444/1431 1425/1445/1432
f 1425/1445/1432 1436/1444/1431 1435/1438/1425 1426/1437/1424
f 1431/1446/1433 1430/1447/1434 1429/1448/1435 1432/1449/1436
f 1432/1449/1436 1429/1448/1435 1428/1450/1437 1433/1451/1438
f 1433/1451/1438 1428/1450/1437 1427/1436/1423 1434/1439/1426
f 1438/1441/1428 1431/1446/1433 1432/1449/1436 1437/1442/1429
f 1437/1442/1429 1432/1449/1436 1433/1451/1438 1436/1444/1431
f 1436/1444/1431 1433/1451/1438 1434/1439/1426 1435/1438/1425
f 1430/1447/1434 1423/1440/1427 1424/1443/1430 1429/1448/1435
f 1429/1448/1435 1424/1443/1430 1425/1445/1432 1428/1450/1437
f 1428/1450/1437 1425/1445/1432 1426/1437/1424 1427/1436/1423
f 1441/1452/1439 1442/1453/1440 1652/1454/1441 1651/1455/1442
f 1444/1456/1443 1445/1457/1444 1446/1458/1445 1443/1459/1446
f 1448/1460/1447 1446/1458/1445 1445/1457/1444 1447/1461/1448
f 1450/1462/1449 1448/1460/1447 1447/1461/1448 1449/1463/1450
f 1449/1463/1450 1444/1456/1443 1443/1459/1446 1450/1462/1449
f 1443/1459/1446 1446/1458/1445 1440/1464/1451 1439/1465/1452
f 1444/1456/1443 1449/1463/1450 1430/1447/1434 1431/1446/1433
f 1445/1457/1444 1444/1456/1443 1431/1446/1433 1438/1441/1428
f 1450/1462/1449 1443/1459/1446 1439/1465/1452 1442/1453/1440
f 1446/1458/1445 1448/1460/1447 1441/1452/1439 1440/1464/1451
f 1447/1461/1448 1445/1457/1444 1438/1441/1428 1423/1440/1427
f 1448/1460/1447 1450/1462/1449 1442/1453/1440 1441/1452/1439
f 1449/1463/1450 1447/1461/1448 1423/1440/1427 1430/1447/1434
f 1458/1466/1453 1454/1467/1454 1456/1468/1455
f 1460/1469/1456 1457/1470/1457 1455/1471/1458
f 1458/1466/1453 1456/1468/1455 1459/1472/1459
f 1460/1469/1456 1461/1473/1460 1457/1470/1457
f 1458/1466/1453 1459/1472/1459 1454/1467/1454
f 1460/1469/1456 1455/1471/1458 1461/1473/1460
f 1454/1467/1454 1451/1474/1461 1452/1475/1462 1456/1468/1455
f 1459/1472/1459 1453/1476/1463 1451/1474/1461 1454/1467/1454
f 1453/1476/1463 1461/1473/1460 1455/1471/1458 1451/1474/1461
f 1451/1474/1461 1455/1471/1458 1457/1470/1457 1452/1475/1462
f 1456/1468/1455 1452/1475/1462 1453/1476/1463 1459/1472/1459
f 1452/1475/1462 1457/1470/1457 1461/1473/1460 1453/1476/1463
f 1469/1477/1464 1465/1478/1465 1467/1479/1466
f 1471/1480/1467 1468/1481/1468 1466/1482/1469
f 1469/1477/1464 1467/1479/1466 1470/1483/1470
f 1471/1480/1467 1472/1484/1471 1468/1481/1468
f 1469/1477/1464 1470/1483/1470 1465/1478/1465
f 1471/1480/1467 1466/1482/1469 1472/1484/1471
f 1465/1478/1465 1462/1485/1472 1463/1486/1473 1467/1479/1466
f 1470/1483/1470 1464/1487/1474 1462/1485/1472 1465/1478/1465
f 1464/1487/1474 1472/1484/1471 1466/1482/1469 1462/1485/1472
f 1462/1485/1472 1466/1482/1469 1468/1481/1468 1463/1486/1473
f 1467/1479/1466 1463/1486/1473 1464/1487/1474 1470/1483/1470
f 1463/1486/1473 1468/1481/1468 1472/1484/1471 1464/1487/1474
f 1480/1488/1475 1476/1489/1476 1478/1490/1477
f 1482/1491/1478 1479/1492/1479 1477/1493/1480
f 1480/1488/1475 1478/1490/1477 1481/1494/1481
f 1482/1491/1478 1483/1495/1482 1479/1492/1479
f 1480/1488/1475 1481/1494/1481 1476/1489/1476
f 1482/1491/1478 1477/1493/1480 1483/1495/1482
f 1476/1489/1476 1473/1496/1483 1474/1497/1484 1478/1490/1477
f 1481/1494/1481 1475/1498/1485 1473/1496/1483 1476/1489/1476
f 1475/1498/1485 1483/1495/1482 1477/1493/1480 1473/1496/1483
f 1473/1496/1483 1477/1493/1480 1479/1492/1479 1474/1497/1484
f 1478/1490/1477 1474/1497/1484 1475/1498/1485 1481/1494/1481
f 1474/1497/1484 1479/1492/1479 1483/1495/1482 1475/1498/1485
f 1491/1499/1486 1487/1500/1487 1489/1501/1488
f 1493/1502/1489 1490/1503/1490 1488/1504/1491
f 1491/1499/1486 1489/1501/1488 1492/1505/1492
f 1493/1502/1489 1494/1506/1493 1490/1503/1490
f 1491/1499/1486 1492/1505/1492 1487/1500/1487
f 1493/1502/1489 1488/1504/1491 1494/1506/1493
f 1487/1500/1487 1484/1507/1494 1485/1508/1495 1489/1501/1488
f 1492/1505/1492 1486/1509/1496 1484/1507/1494 1487/1500/1487
f 1486/1509/1496 1494/1506/1493 1488/1504/1491 1484/1507/1494
f 1484/1507/1494 1488/1504/1491 1490/1503/1490 1485/1508/1495
f 1489/1501/1488 1485/1508/1495 1486/1509/1496 1492/1505/1492
f 1485/1508/1495 1490/1503/1490 1494/1506/1493 1486/1509/1496
f 1502/1510/1497 1498/1511/1498 1500/1512/1499
f 1504/1513/1500 1501/1514/1501 1499/1515/1502
f 1502/1510/1497 1500/1512/1499 1503/1516/1503
f 1504/1513/1500 1505/1517/1504 1501/1514/1501
f 1502/1510/1497 1503/1516/1503 1498/1511/1498
f 1504/1513/1500 1499/1515/1502 1505/1517/1504
f 1498/1511/1498 1495/1518/1505 1496/1519/1506 1500/1512/1499
f 1503/1516/1503 1497/1520/1507 1495/1518/1505 1498/1511/1498
f 1497/1520/1507 1505/1517/1504 1499/1515/1502 1495/1518/1505
f 1495/1518/1505 1499/1515/1502 1501/1514/1501 1496/1519/1506
f 1500/1512/1499 1496/1519/1506 1497/1520/1507 1503/1516/1503
f 1496/1519/1506 1501/1514/1501 1505/1517/1504 1497/1520/1507
f 1513/1521/1508 1509/1522/1509 1511/1523/1510
f 1515/1524/1511 1512/1525/1512 1510/1526/1513
f 1513/1521/1508 1511/1523/1510 1514/1527/1514
f 1515/1524/1511 1516/1528/1515 1512/1525/1512
f 1513/1521/1508 1514/1527/1514 1509/1522/1509
f 1515/1524/1511 1510/1526/1513 1516/1528/1515
f 1509/1522/1509 1506/1529/1516 1507/1530/1517 1511/1523/1510
f 1514/1527/1514 1508/1531/1518 1506/1529/1516 1509/1522/1509
f 1508/1531/1518 1516/1528/1515 1510/1526/1513 1506/1529/1516
f 1506/1529/1516 1510/1526/1513 1512/1525/1512 1507/1530/1517
f 1511/1523/1510 1507/1530/1517 1508/1531/1518 1514/1527/1514
f 1507/1530/1517 1512/1525/1512 1516/1528/1515 1508/1531/1518
f 1524/1532/1519 1520/1533/1520 1522/1534/1521
f 1526/1535/1522 1523/1536/1523 1521/1537/1524
f 1524/1532/1519 1522/1534/1521 1525/1538/1525
f 1526/1535/1522 1527/1539/1526 1523/1536/1523
f 1524/1532/1519 1525/1538/1525 1520/1533/1520
f 1526/1535/1522 1521/1537/1524 1527/1539/1526
f 1520/1533/1520 1517/1540/1527 1518/1541/1528 1522/1534/1521
f 1525/1538/1525 1519/1542/1529 1517/1540/1527 1520/1533/1520
f 1519/1542/1529 1527/1539/1526 1521/1537/1524 1517/1540/1527
f 1517/1540/1527 1521/1537/1524 1523/1536/1523 1518/1541/1528
f 1522/1534/1521 1518/1541/1528 1519/1542/1529 1525/1538/1525
f 1518/1541/1528 1523/1536/1523 1527/1539/1526 1519/1542/1529
f 1535/1543/1530 1531/1544/1531 1533/1545/1532
f 1537/1546/1533 1534/1547/1534 1532/1548/1535
f 1535/1543/1530 1533/1545/1532 1536/1549/1536
f 1537/1546/1533 1538/1550/1537 1534/1547/1534
f 1535/1543/1530 1536/1549/1536 1531/1544/1531
f 1537/1546/1533 1532/1548/1535 1538/1550/1537
f 1531/1544/1531 1528/1551/1538 1529/1552/1539 1533/1545/1532
f 1536/1549/1536 1530/1553/1540 1528/1551/1538 1531/1544/1531
f 1530/1553/1540 1538/1550/1537 1532/1548/1535 1528/1551/1538
f 1528/1551/1538 1532/1548/1535 1534/1547/1534 1529/1552/1539
f 1533/1545/1532 1529/1552/1539 1530/1553/1540 1536/1549/1536
f 1529/1552/1539 1534/1547/1534 1538/1550/1537 1530/1553/1540
f 1546/1554/1541 1542/1555/1542 1544/1556/1543
f 1548/1557/1544 1545/1558/1545 1543/1559/1546
f 1546/1554/1541 1544/1556/1543 1547/1560/1547
f 1548/1557/1544 1549/1561/1548 1545/1558/1545
f 1546/1554/1541 1547/1560/1547 1542/1555/1542
f 1548/1557/1544 1543/1559/1546 1549/1561/1548
f 1542/1555/1542 1539/1562/1549 1540/1563/1550 1544/1556/1543
f 1547/1560/1547 1541/1564/1551 1539/1562/1549 1542/1555/1542
f 1541/1564/1551 1549/1561/1548 1543/1559/1546 1539/1562/1549
f 1539/1562/1549 1543/1559/1546 1545/1558/1545 1540/1563/1550
f 1544/1556/1543 1540/1563/1550 1541/1564/1551 1547/1560/1547
f 1540/1563/1550 1545/1558/1545 1549/1561/1548 1541/1564/1551
f 1557/1565/1552 1553/1566/1553 1555/1567/1554
f 1559/1568/1555 1556/1569/1556 1554/1570/1557
f 1557/1565/1552 1555/1567/1554 1558/1571/1558
f 1559/1568/1555 1560/1572/1559 1556/1569/1556
f 1557/1565/1552 1558/1571/1558 1553/1566/1553
f 1559/1568/1555 1554/1570/1557 1560/1572/1559
f 1553/1566/1553 1550/1573/1560 1551/1574/1561 1555/1567/1554
f 1558/1571/1558 1552/1575/1562 1550/1573/1560 1553/1566/1553
f 1552/1575/1562 1560/1572/1559 1554/1570/1557 1550/1573/1560
f 1550/1573/1560 1554/1570/1557 1556/1569/1556 1551/1574/1561
f 1555/1567/1554 1551/1574/1561 1552/1575/1562 1558/1571/1558
f 1551/1574/1561 1556/1569/1556 1560/1572/1559 1552/1575/1562
f 1568/1576/1563 1564/1577/1564 1566/1578/1565
f 1570/1579/1566 1567/1580/1567 1565/1581/1568
f 1568/1576/1563 1566/1578/1565 1569/1582/1569
f 1570/1579/1566 1571/1583/1570 1567/1580/1567
f 1568/1576/1563 1569/1582/1569 1564/1577/1564
f 1570/1579/1566 1565/1581/1568 1571/1583/1570
f 1564/1577/1564 1561/1584/1571 1562/1585/1572 1566/1578/1565
f 1569/1582/1569 1563/1586/1573 1561/1584/1571 1564/1577/1564
f 1563/1586/1573 1571/1583/1570 1565/1581/1568 1561/1584/1571
f 1561/1584/1571 1565/1581/1568 1567/1580/1567 1562/1585/1572
f 1566/1578/1565 1562/1585/1572 1563/1586/1573 1569/1582/1569
f 1562/1585/1572 1567/1580/1567 1571/1583/1570 1563/1586/1573
f 1579/1587/1574 1575/1588/1575 1577/1589/1576
f 1581/1590/1577 1578/1591/1578 1576/1592/1579
f 1579/1587/1574 1577/1589/1576 1580/1593/1580
f 1581/1590/1577 1582/1594/1581 1578/1591/1578
f 1579/1587/1574 1580/1593/1580 1575/1588/1575
f 1581/1590/1577 1576/1592/1579 1582/1594/1581
f 1575/1588/1575 1572/1595/1582 1573/1596/1583 1577/1589/1576
f 1580/1593/1580 1574/1597/1584 1572/1595/1582 1575/1588/1575
f 1574/1597/1584 1582/1594/1581 1576/1592/1579 1572/1595/1582
f 1572/1595/1582 1576/1592/1579 1578/1591/1578 1573/1596/1583
f 1577/1589/1576 1573/1596/1583 1574/1597/1584 1580/1593/1580
f 1573/1596/1583 1578/1591/1578 1582/1594/1581 1574/1597/1584
f 1590/1598/1585 1586/1599/1586 1588/1600/1587
f 1592/1601/1588 1589/1602/1589 1587/1603/1590
f 1590/1598/1585 1588/1600/1587 1591/1604/1591
f 1592/1601/1588 1593/1605/1592 1589/1602/1589
f 1590/1598/1585 1591/1604/1591 1586/1599/1586
f 1592/1601/1588 1587/1603/1590 1593/1605/1592
f 1586/1599/1586 1583/1606/1593 1584/1607/1594 1588/1600/1587
f 1591/1604/1591 1585/1608/1595 1583/1606/1593 1586/1599/1586
f 1585/1608/1595 1593/1605/1592 1587/1603/1590 1583/1606/1593
f 1583/1606/1593 1587/1603/1590 1589/1602/1589 1584/1607/1594
f 1588/1600/1587 1584/1607/1594 1585/1608/1595 1591/1604/1591
f 1584/1607/1594 1589/1602/1589 1593/1605/1592 1585/1608/1595
f 1601/1609/1596 1597/1610/1597 1599/1611/1598
f 1603/1612/1599 1600/1613/1600 1598/1614/1601
f 1601/1609/1596 1599/1611/1598 1602/1615/1602
f 1603/1612/1599 1604/1616/1603 1600/1613/1600
f 1601/1609/1596 1602/1615/1602 1597/1610/1597
f 1603/1612/1599 1598/1614/1601 1604/1616/1603
f 1597/1610/1597 1594/1617/1604 1595/1618/1605 1599/1611/1598
f 1602/1615/1602 1596/1619/1606 1594/1617/1604 1597/1610/1597
f 1596/1619/1606 1604/1616/1603 1598/1614/1601 1594/1617/1604
f 1594/1617/1604 1598/1614/1601 1600/1613/1600 1595/1618/1605
f 1599/1611/1598 1595/1618/1605 1596/1619/1606 1602/1615/1602
f 1595/1618/1605 1600/1613/1600 1604/1616/1603 1596/1619/1606
f 1612/1620/1607 1608/1621/1608 1610/1622/1609
f 1614/1623/1610 1611/1624/1611 1609/1625/1612
f 1612/1620/1607 1610/1622/1609 1613/1626/1613
f 1614/1623/1610 1615/1627/1614 1611/1624/1611
f 1612/1620/1607 1613/1626/1613 1608/1621/1608
f 1614/1623/1610 1609/1625/1612 1615/1627/1614
f 1608/1621/1608 1605/1628/1615 1606/1629/1616 1610/1622/1609
f 1613/1626/1613 1607/1630/1617 1605/1628/1615 1608/1621/1608
f 1607/1630/1617 1615/1627/1614 1609/1625/1612 1605/1628/1615
f 1605/1628/1615 1609/1625/1612 1611/1624/1611 1606/1629/1616
f 1610/1622/1609 1606/1629/1616 1607/1630/1617 1613/1626/1613
f 1606/1629/1616 1611/1624/1611 1615/1627/1614 1607/1630/1617
f 1623/1631/1618 1619/1632/1619 1621/1633/1620
f 1625/1634/1621 1622/1635/1622 1620/1636/1623
f 1623/1631/1618 1621/1633/1620 1624/1637/1624
f 1625/1634/1621 1626/1638/1625 1622/1635/1622
f 1623/1631/1618 1624/1637/1624 1619/1632/1619
f 1625/1634/1621 1620/1636/1623 1626/1638/1625
f 1619/1632/1619 1616/1639/1626 1617/1640/1627 1621/1633/1620
f 1624/1637/1624 1618/1641/1628 1616/1639/1626 1619/1632/1619
f 1618/1641/1628 1626/1638/1625 1620/1636/1623 1616/1639/1626
f 1616/1639/1626 1620/1636/1623 1622/1635/1622 1617/1640/1627
f 1621/1633/1620 1617/1640/1627 1618/1641/1628 1624/1637/1624
f 1617/1640/1627 1622/1635/1622 1626/1638/1625 1618/1641/1628
f 1634/1642/1629 1630/1643/1630 1632/1644/1631
f 1636/1645/1632 1633/1646/1633 1631/1647/1634
f 1634/1642/1629 1632/1644/1631 1635/1648/1635
f 1636/1645/1632 1637/1649/1636 1633/1646/1633
f 1634/1642/1629 1635/1648/1635 1630/1643/1630
f 1636/1645/1632 1631/1647/1634 1637/1649/1636
f 1630/1643/1630 1627/1650/1637 1628/1651/1638 1632/1644/1631
f 1635/1648/1635 1629/1652/1639 1627/1650/1637 1630/1643/1630
f 1629/1652/1639 1637/1649/1636 1631/1647/1634 1627/1650/1637
f 1627/1650/1637 1631/1647/1634 1633/1646/1633 1628/1651/1638
f 1632/1644/1631 1628/1651/1638 1629/1652/1639 1635/1648/1635
f 1628/1651/1638 1633/1646/1633 1637/1649/1636 1629/1652/1639
f 1645/1653/1640 1641/1654/1641 1643/1655/1642
f 1647/1656/1643 1644/1657/1644 1642/1658/1645
f 1645/1653/1640 1643/1655/1642 1646/1659/1646
f 1647/1656/1643 1648/1660/1647 1644/1657/1644
f 1645/1653/1640 1646/1659/1646 1641/1654/1641
f 1647/1656/1643 1642/1658/1645 1648/1660/1647
f 1641/1654/1641 1638/1661/1648 1639/1662/1649 1643/1655/1642
f 1646/1659/1646 1640/1663/1650 1638/1661/1648 1641/1654/1641
f 1640/1663/1650 1648/1660/1647 1642/1658/1645 1638/1661/1648
f 1638/1661/1648 1642/1658/1645 1644/1657/1644 1639/1662/1649
f 1643/1655/1642 1639/1662/1649 1640/1663/1650 1646/1659/1646
f 1639/1662/1649 1644/1657/1644 1648/1660/1647 1640/1663/1650
f 1651/1455/1442 1652/1454/1441 1649/1664/1651 1650/1665/1652
f 1439/1465/1452 1440/1464/1451 1650/1665/1652 1649/1664/1651
f 1442/1453/1440 1439/1465/1452 1649/1664/1651 1652/1454/1441
f 1440/1464/1451 1441/1452/1439 1651/1455/1442 1650/1665/1652
f 1675/1666/1653 1674/1667/1654 1683/1668/1655 1682/1669/1656
f 1653/1670/1657 1654/1671/1658 1678/1672/1659 1677/1673/1660
f 1669/1674/1661 1653/1670/1657 1677/1673/1660 1676/1675/1662
f 1688/1676/1663 1669/1674/1661 1676/1675/1662 1691/1677/1664
f 1674/1667/1654 1673/1678/1665 1684/1679/1666 1683/1668/1655
f 1689/1680/1667 1675/1666/1653 1682/1669/1656 1692/1681/1668
f 1688/1676/1663 1664/1682/1669 1663/1683/1670 1686/1684/1671
f 1689/1680/1667 1668/1685/1672 1667/1686/1673 1691/1677/1664
f 1690/1687/1674 1666/1688/1675 1665/1689/1676 1692/1681/1668
f 1663/1683/1670 1664/1682/1669 1667/1686/1673 1668/1685/1672 1665/1689/1676 1666/1688/1675 1661/1690/1677 1662/1691/1678
f 1690/1687/1674 1681/1692/1679 1660/1693/1680 1685/1694/1681
f 1681/1692/1679 1680/1695/1682 1659/1696/1683 1660/1693/1680
f 1680/1695/1682 1679/1697/1684 1658/1698/1685 1659/1696/1683
f 1687/1699/1686 1655/1700/1687 1670/1701/1688 1686/1684/1671
f 1655/1700/1687 1656/1702/1689 1671/1703/1690 1670/1701/1688
f 1656/1702/1689 1657/1704/1691 1672/1705/1692 1671/1703/1690
f 1679/1697/1684 1680/1695/1682 1683/1668/1655 1684/1679/1666
f 1680/1695/1682 1681/1692/1679 1682/1669/1656 1683/1668/1655
f 1673/1678/1665 1674/1667/1654 1677/1673/1660 1678/1672/1659
f 1674/1667/1654 1675/1666/1653 1676/1675/1662 1677/1673/1660
f 1654/1671/1658 1653/1670/1657 1671/1703/1690 1672/1705/1692
f 1653/1670/1657 1669/1674/1661 1670/1701/1688 1671/1703/1690
f 1685/1694/1681 1660/1693/1680 1655/1700/1687 1687/1699/1686
f 1660/1693/1680 1659/1696/1683 1656/1702/1689 1655/1700/1687
f 1659/1696/1683 1658/1698/1685 1657/1704/1691 1656/1702/1689
f 1661/1690/1677 1685/1694/1681 1687/1699/1686 1662/1691/1678
f 1662/1691/1678 1687/1699/1686 1686/1684/1671 1663/1683/1670
f 1666/1688/1675 1690/1687/1674 1685/1694/1681 1661/1690/1677
f 1681/1692/1679 1690/1687/1674 1692/1681/1668 1682/1669/1656
f 1675/1666/1653 1689/1680/1667 1691/1677/1664 1676/1675/1662
f 1669/1674/1661 1688/1676/1663 1686/1684/1671 1670/1701/1688
f 1668/1685/1672 1689/1680/1667 1692/1681/1668 1665/1689/1676
f 1664/1682/1669 1688/1676/1663 1691/1677/1664 1667/1686/1673
f 1696/1706/1693 1693/1707/1694 1694/1708/1695 1695/1709/1696
f 1700/1710/1697 1697/1711/1698 1698/1712/1699 1699/1713/1700
f 1708/1714/1701 1705/1715/1702 1706/1716/1703 1707/1717/1704
f 1704/1718/1705 1701/1719/1706 1702/1720/1707 1703/1721/1708
f 1693/1707/1694 1700/1710/1697 1699/1713/1700 1694/1708/1695
f 1701/1719/1706 1696/1706/1693 1695/1709/1696 1702/1720/1707
f 1703/1721/1708 1706/1716/1703 1705/1715/1702 1704/1718/1705
f 1707/1717/1704 1698/1712/1699 1697/1711/1698 1708/1714/1701
f 1657/1704/1691 1694/1708/1695 1699/1713/1700 1672/1705/1692
f 1658/1698/1685 1695/1709/1696 1694/1708/1695 1657/1704/1691
f 1679/1697/1684 1702/1720/1707 1695/1709/1696 1658/1698/1685
f 1698/1712/1699 1654/1671/1658 1672/1705/1692 1699/1713/1700
f 1654/1671/1658 1698/1712/1699 1707/1717/1704 1678/1672/1659
f 1702/1720/1707 1679/1697/1684 1684/1679/1666 1703/1721/1708
f 1673/1678/1665 1706/1716/1703 1703/1721/1708 1684/1679/1666
f 1706/1716/1703 1673/1678/1665 1678/1672/1659 1707/1717/1704
f 1696/1706/1693 1701/1719/1706 1704/1718/1705 1705/1715/1702 1708/1714/1701 1697/1711/1698 1700/1710/1697 1693/1707/1694
f 1712/1722/1709 1716/1723/1710 1717/1724/1711 1713/1725/1712
f 1714/1726/1713 1717/1724/1711 1716/1723/1710 1715/1727/1714
f 1721/1728/1715 1709/1729/1716 1722/1730/1717
f 1723/1731/1718 1715/1727/1714 1716/1723/1710 1722/1730/1717
f 1718/1732/1719 1719/1733/1720 1720/1734/1721
f 1714/1726/1713 1711/1735/1722 1720/1734/1721 1719/1733/1720 1717/1724/1711
f 1710/1736/1723 1713/1725/1712 1717/1724/1711 1719/1733/1720 1718/1732/1719
f 1709/1729/1716 1723/1731/1718 1722/1730/1717
f 1712/1722/1709 1721/1728/1715 1722/1730/1717 1716/1723/1710
f 1727/1737/1724 1731/1738/1725 1732/1739/1726 1728/1740/1727
f 1729/1741/1728 1732/1739/1726 1731/1738/1725 1730/1742/1729
f 1736/1743/1730 1724/1744/1731 1737/1745/1732
f 1738/1746/1733 1730/1747/1729 1731/1748/1725 1737/1745/1732
f 1733/1749/1734 1734/1750/1735 1735/1751/1736
f 1729/1741/1728 1726/1752/1737 1735/1751/1736 1734/1750/1735 1732/1739/1726
f 1725/1753/1738 1728/1740/1727 1732/1739/1726 1734/1750/1735 1733/1749/1734
f 1724/1744/1731 1738/1746/1733 1737/1745/1732
f 1727/1754/1724 1736/1743/1730 1737/1745/1732 1731/1748/1725
f 1741/1755/1739 1740/1756/1740 1739/1757/1741 1742/1758/1742
f 1747/1759/1743 1746/1760/1744 1741/1755/1739 1742/1758/1742
f 1755/1761/1745 1754/1762/1746 1739/1757/1741 1740/1756/1740
f 1754/1762/1746 1747/1759/1743 1742/1758/1742 1739/1757/1741
f 1746/1760/1744 1755/1761/1745 1740/1756/1740 1741/1755/1739
f 1743/1763/1747 1758/1764/1748 1757/1765/1749 1744/1766/1750
f 1744/1766/1750 1757/1765/1749 1756/1767/1751 1745/1768/1752
f 1745/1768/1752 1756/1767/1751 1755/1761/1745 1746/1760/1744
f 1751/1769/1753 1750/1770/1754 1749/1771/1755 1752/1772/1756
f 1752/1772/1756 1749/1771/1755 1748/1773/1757 1753/1774/1758
f 1753/1774/1758 1748/1773/1757 1747/1759/1743 1754/1762/1746
f 1758/1764/1748 1751/1769/1753 1752/1772/1756 1757/1765/1749
f 1757/1765/1749 1752/1772/1756 1753/1774/1758 1756/1767/1751
f 1756/1767/1751 1753/1774/1758 1754/1762/1746 1755/1761/1745
f 1750/1770/1754 1743/1763/1747 1744/1766/1750 1749/1771/1755
f 1749/1771/1755 1744/1766/1750 1745/1768/1752 1748/1773/1757
f 1748/1773/1757 1745/1768/1752 1746/1760/1744 1747/1759/1743
f 1761/1775/1759 1762/1776/1760 1983/1777/1761 1982/1778/1762
f 1764/1779/1763 1765/1780/1764 1766/1781/1765 1763/1782/1766
f 1768/1783/1767 1766/1781/1765 1765/1780/1764 1767/1784/1768
f 1770/1785/1769 1768/1783/1767 1767/1784/1768 1769/1786/1770
f 1769/1786/1770 1764/1779/1763 1763/1782/1766 1770/1785/1769
f 1763/1782/1766 1766/1781/1765 1760/1787/1771 1759/1788/1772
f 1764/1779/1763 1769/1786/1770 1750/1770/1754 1751/1769/1753
f 1765/1780/1764 1764/1779/1763 1751/1769/1753 1758/1764/1748
f 1770/1785/1769 1763/1782/1766 1759/1788/1772 1762/1776/1760
f 1766/1781/1765 1768/1783/1767 1761/1775/1759 1760/1787/1771
f 1767/1784/1768 1765/1780/1764 1758/1764/1748 1743/1763/1747
f 1768/1783/1767 1770/1785/1769 1762/1776/1760 1761/1775/1759
f 1769/1786/1770 1767/1784/1768 1743/1763/1747 1750/1770/1754
f 1778/1789/1773 1774/1790/1774 1776/1791/1775
f 1780/1792/1776 1777/1793/1777 1775/1794/1778
f 1778/1789/1773 1776/1791/1775 1779/1795/1779
f 1780/1792/1776 1781/1796/1780 1777/1793/1777
f 1778/1789/1773 1779/1795/1779 1774/1790/1774
f 1780/1792/1776 1775/1794/1778 1781/1796/1780
f 1774/1790/1774 1771/1797/1781 1772/1798/1782 1776/1791/1775
f 1779/1795/1779 1773/1799/1783 1771/1797/1781 1774/1790/1774
f 1773/1799/1783 1781/1796/1780 1775/1794/1778 1771/1797/1781
f 1771/1797/1781 1775/1794/1778 1777/1793/1777 1772/1798/1782
f 1776/1791/1775 1772/1798/1782 1773/1799/1783 1779/1795/1779
f 1772/1798/1782 1777/1793/1777 1781/1796/1780 1773/1799/1783
f 1789/1800/1784 1785/1801/1785 1787/1802/1786
f 1791/1803/1787 1788/1804/1788 1786/1805/1789
f 1789/1800/1784 1787/1802/1786 1790/1806/1790
f 1791/1803/1787 1792/1807/1791 1788/1804/1788
f 1789/1800/1784 1790/1806/1790 1785/1801/1785
f 1791/1803/1787 1786/1805/1789 1792/1807/1791
f 1785/1801/1785 1782/1808/1792 1783/1809/1793 1787/1802/1786
f 1790/1806/1790 1784/1810/1794 1782/1808/1792 1785/1801/1785
f 1784/1810/1794 1792/1807/1791 1786/1805/1789 1782/1808/1792
f 1782/1808/1792 1786/1805/1789 1788/1804/1788 1783/1809/1793
f 1787/1802/1786 1783/1809/1793 1784/1810/1794 1790/1806/1790
f 1783/1809/1793 1788/1804/1788 1792/1807/1791 1784/1810/1794
f 1800/1811/1795 1796/1812/1796 1798/1813/1797
f 1802/1814/1798 1799/1815/1799 1797/1816/1800
f 1800/1811/1795 1798/1813/1797 1801/1817/1801
f 1802/1814/1798 1803/1818/1802 1799/1815/1799
f 1800/1811/1795 1801/1817/1801 1796/1812/1796
f 1802/1814/1798 1797/1816/1800 1803/1818/1802
f 1796/1812/1796 1793/1819/1803 1794/1820/1804 1798/1813/1797
f 1801/1817/1801 1795/1821/1805 1793/1819/1803 1796/1812/1796
f 1795/1821/1805 1803/1818/1802 1797/1816/1800 1793/1819/1803
f 1793/1819/1803 1797/1816/1800 1799/1815/1799 1794/1820/1804
f 1798/1813/1797 1794/1820/1804 1795/1821/1805 1801/1817/1801
f 1794/1820/1804 1799/1815/1799 1803/1818/1802 1795/1821/1805
f 1811/1822/1806 1807/1823/1807 1809/1824/1808
f 1813/1825/1809 1810/1826/1810 1808/1827/1811
f 1811/1822/1806 1809/1824/1808 1812/1828/1812
f 1813/1825/1809 1814/1829/1813 1810/1826/1810
f 1811/1822/1806 1812/1828/1812 1807/1823/1807
f 1813/1825/1809 1808/1827/1811 1814/1829/1813
f 1807/1823/1807 1804/1830/1814 1805/1831/1815 1809/1824/1808
f 1812/1828/1812 1806/1832/1816 1804/1830/1814 1807/1823/1807
f 1806/1832/1816 1814/1829/1813 1808/1827/1811 1804/1830/1814
f 1804/1830/1814 1808/1827/1811 1810/1826/1810 1805/1831/1815
f 1809/1824/1808 1805/1831/1815 1806/1832/1816 1812/1828/1812
f 1805/1831/1815 1810/1826/1810 1814/1829/1813 1806/1832/1816
f 1822/1833/1817 1818/1834/1818 1820/1835/1819
f 1824/1836/1820 1821/1837/1821 1819/1838/1822
f 1822/1833/1817 1820/1835/1819 1823/1839/1823
f 1824/1836/1820 1825/1840/1824 1821/1837/1821
f 1822/1833/1817 1823/1839/1823 1818/1834/1818
f 1824/1836/1820 1819/1838/1822 1825/1840/1824
f 1818/1834/1818 1815/1841/1825 1816/1842/1826 1820/1835/1819
f 1823/1839/1823 1817/1843/1827 1815/1841/1825 1818/1834/1818
f 1817/1843/1827 1825/1840/1824 1819/1838/1822 1815/1841/1825
f 1815/1841/1825 1819/1838/1822 1821/1837/1821 1816/1842/1826
f 1820/1835/1819 1816/1842/1826 1817/1843/1827 1823/1839/1823
f 1816/1842/1826 1821/1837/1821 1825/1840/1824 1817/1843/1827
f 1833/1844/1828 1829/1845/1829 1831/1846/1830
f 1835/1847/1831 1832/1848/1832 1830/1849/1833
f 1833/1844/1828 1831/1846/1830 1834/1850/1834
f 1835/1847/1831 1836/1851/1835 1832/1848/1832
f 1833/1844/1828 1834/1850/1834 1829/1845/1829
f 1835/1847/1831 1830/1849/1833 1836/1851/1835
f 1829/1845/1829 1826/1852/1836 1827/1853/1837 1831/1846/1830
f 1834/1850/1834 1828/1854/1838 1826/1852/1836 1829/1845/1829
f 1828/1854/1838 1836/1851/1835 1830/1849/1833 1826/1852/1836
f 1826/1852/1836 1830/1849/1833 1832/1848/1832 1827/1853/1837
f 1831/1846/1830 1827/1853/1837 1828/1854/1838 1834/1850/1834
f 1827/1853/1837 1832/1848/1832 1836/1851/1835 1828/1854/1838
f 1844/1855/1839 1840/1856/1840 1842/1857/1841
f 1846/1858/1842 1843/1859/1843 1841/1860/1844
f 1844/1855/1839 1842/1857/1841 1845/1861/1845
f 1846/1858/1842 1847/1862/1846 1843/1859/1843
f 1844/1855/1839 1845/1861/1845 1840/1856/1840
f 1846/1858/1842 1841/1860/1844 1847/1862/1846
f 1840/1856/1840 1837/1863/1847 1838/1864/1848 1842/1857/1841
f 1845/1861/1845 1839/1865/1849 1837/1863/1847 1840/1856/1840
f 1839/1865/1849 1847/1862/1846 1841/1860/1844 1837/1863/1847
f 1837/1863/1847 1841/1860/1844 1843/1859/1843 1838/1864/1848
f 1842/1857/1841 1838/1864/1848 1839/1865/1849 1845/1861/1845
f 1838/1864/1848 1843/1859/1843 1847/1862/1846 1839/1865/1849
f 1855/1866/1850 1851/1867/1851 1853/1868/1852
f 1857/1869/1853 1854/1870/1854 1852/1871/1855
f 1855/1866/1850 1853/1868/1852 1856/1872/1856
f 1857/1869/1853 1858/1873/1857 1854/1870/1854
f 1855/1866/1850 1856/1872/1856 1851/1867/1851
f 1857/1869/1853 1852/1871/1855 1858/1873/1857
f 1851/1867/1851 1848/1874/1858 1849/1875/1859 1853/1868/1852
f 1856/1872/1856 1850/1876/1860 1848/1874/1858 1851/1867/1851
f 1850/1876/1860 1858/1873/1857 1852/1871/1855 1848/1874/1858
f 1848/1874/1858 1852/1871/1855 1854/1870/1854 1849/1875/1859
f 1853/1868/1852 1849/1875/1859 1850/1876/1860 1856/1872/1856
f 1849/1875/1859 1854/1870/1854 1858/1873/1857 1850/1876/1860
f 1866/1877/1861 1862/1878/1862 1864/1879/1863
f 1868/1880/1864 1865/1881/1865 1863/1882/1866
f 1866/1877/1861 1864/1879/1863 1867/1883/1867
f 1868/1880/1864 1869/1884/1868 1865/1881/1865
f 1866/1877/1861 1867/1883/1867 1862/1878/1862
f 1868/1880/1864 1863/1882/1866 1869/1884/1868
f 1862/1878/1862 1859/1885/1869 1860/1886/1870 1864/1879/1863
f 1867/1883/1867 1861/1887/1871 1859/1885/1869 1862/1878/1862
f 1861/1887/1871 1869/1884/1868 1863/1882/1866 1859/1885/1869
f 1859/1885/1869 1863/1882/1866 1865/1881/1865 1860/1886/1870
f 1864/1879/1863 1860/1886/1870 1861/1887/1871 1867/1883/1867
f 1860/1886/1870 1865/1881/1865 1869/1884/1868 1861/1887/1871
f 1877/1888/1872 1873/1889/1873 1875/1890/1874
f 1879/1891/1875 1876/1892/1876 1874/1893/1877
f 1877/1888/1872 1875/1890/1874 1878/1894/1878
f 1879/1891/1875 1880/1895/1879 1876/1892/1876
f 1877/1888/1872 1878/1894/1878 1873/1889/1873
f 1879/1891/1875 1874/1893/1877 1880/1895/1879
f 1873/1889/1873 1870/1896/1880 1871/1897/1881 1875/1890/1874
f 1878/1894/1878 1872/1898/1882 1870/1896/1880 1873/1889/1873
f 1872/1898/1882 1880/1895/1879 1874/1893/1877 1870/1896/1880
f 1870/1896/1880 1874/1893/1877 1876/1892/1876 1871/1897/1881
f 1875/1890/1874 1871/1897/1881 1872/1898/1882 1878/1894/1878
f 1871/1897/1881 1876/1892/1876 1880/1895/1879 1872/1898/1882
f 1888/1899/1883 1884/1900/1884 1886/1901/1885
f 1890/1902/1886 1887/1903/1887 1885/1904/1888
f 1888/1899/1883 1886/1901/1885 1889/1905/1889
f 1890/1902/1886 1891/1906/1890 1887/1903/1887
f 1888/1899/1883 1889/1905/1889 1884/1900/1884
f 1890/1902/1886 1885/1904/1888 1891/1906/1890
f 1884/1900/1884 1881/1907/1891 1882/1908/1892 1886/1901/1885
f 1889/1905/1889 1883/1909/1893 1881/1907/1891 1884/1900/1884
f 1883/1909/1893 1891/1906/1890 1885/1904/1888 1881/1907/1891
f 1881/1907/1891 1885/1904/1888 1887/1903/1887 1882/1908/1892
f 1886/1901/1885 1882/1908/1892 1883/1909/1893 1889/1905/1889
f 1882/1908/1892 1887/1903/1887 1891/1906/1890 1883/1909/1893
f 1899/1910/1894 1895/1911/1895 1897/1912/1896
f 1901/1913/1897 1898/1914/1898 1896/1915/1899
f 1899/1910/1894 1897/1912/1896 1900/1916/1900
f 1901/1913/1897 1902/1917/1901 1898/1914/1898
f 1899/1910/1894 1900/1916/1900 1895/1911/1895
f 1901/1913/1897 1896/1915/1899 1902/1917/1901
f 1895/1911/1895 1892/1918/1902 1893/1919/1903 1897/1912/1896
f 1900/1916/1900 1894/1920/1904 1892/1918/1902 1895/1911/1895
f 1894/1920/1904 1902/1917/1901 1896/1915/1899 1892/1918/1902
f 1892/1918/1902 1896/1915/1899 1898/1914/1898 1893/1919/1903
f 1897/1912/1896 1893/1919/1903 1894/1920/1904 1900/1916/1900
f 1893/1919/1903 1898/1914/1898 1902/1917/1901 1894/1920/1904
f 1910/1921/1905 1906/1922/1906 1908/1923/1907
f 1912/1924/1908 1909/1925/1909 1907/1926/1910
f 1910/1921/1905 1908/1923/1907 1911/1927/1911
f 1912/1924/1908 1913/1928/1912 1909/1925/1909
f 1910/1921/1905 1911/1927/1911 1906/1922/1906
f 1912/1924/1908 1907/1926/1910 1913/1928/1912
f 1906/1922/1906 1903/1929/1913 1904/1930/1914 1908/1923/1907
f 1911/1927/1911 1905/1931/1915 1903/1929/1913 1906/1922/1906
f 1905/1931/1915 1913/1928/1912 1907/1926/1910 1903/1929/1913
f 1903/1929/1913 1907/1926/1910 1909/1925/1909 1904/1930/1914
f 1908/1923/1907 1904/1930/1914 1905/1931/1915 1911/1927/1911
f 1904/1930/1914 1909/1925/1909 1913/1928/1912 1905/1931/1915
f 1921/1932/1916 1917/1933/1917 1919/1934/1918
f 1923/1935/1919 1920/1936/1920 1918/1937/1921
f 1921/1932/1916 1919/1934/1918 1922/1938/1922
f 1923/1935/1919 1924/1939/1923 1920/1936/1920
f 1921/1932/1916 1922/1938/1922 1917/1933/1917
f 1923/1935/1919 1918/1937/1921 1924/1939/1923
f 1917/1933/1917 1914/1940/1924 1915/1941/1925 1919/1934/1918
f 1922/1938/1922 1916/1942/1926 1914/1940/1924 1917/1933/1917
f 1916/1942/1926 1924/1939/1923 1918/1937/1921 1914/1940/1924
f 1914/1940/1924 1918/1937/1921 1920/1936/1920 1915/1941/1925
f 1919/1934/1918 1915/1941/1925 1916/1942/1926 1922/1938/1922
f 1915/1941/1925 1920/1936/1920 1924/1939/1923 1916/1942/1926
f 1932/1943/1927 1928/1944/1928 1930/1945/1929
f 1934/1946/1930 1931/1947/1931 1929/1948/1932
f 1932/1943/1927 1930/1945/1929 1933/1949/1933
f 1934/1946/1930 1935/1950/1934 1931/1947/1931
f 1932/1943/1927 1933/1949/1933 1928/1944/1928
f 1934/1946/1930 1929/1948/1932 1935/1950/1934
f 1928/1944/1928 1925/1951/1935 1926/1952/1936 1930/1945/1929
f 1933/1949/1933 1927/1953/1937 1925/1951/1935 1928/1944/1928
f 1927/1953/1937 1935/1950/1934 1929/1948/1932 1925/1951/1935
f 1925/1951/1935 1929/1948/1932 1931/1947/1931 1926/1952/1936
f 1930/1945/1929 1926/1952/1936 1927/1953/1937 1933/1949/1933
f 1926/1952/1936 1931/1947/1931 1935/1950/1934 1927/1953/1937
f 1943/1954/1938 1939/1955/1939 1941/1956/1940
f 1945/1957/1941 1942/1958/1942 1940/1959/1943
f 1943/1954/1938 1941/1956/1940 1944/1960/1944
f 1945/1957/1941 1946/1961/1945 1942/1958/1942
f 1943/1954/1938 1944/1960/1944 1939/1955/1939
f 1945/1957/1941 1940/1959/1943 1946/1961/1945
f 1939/1955/1939 1936/1962/1946 1937/1963/1947 1941/1956/1940
f 1944/1960/1944 1938/1964/1948 1936/1962/1946 1939/1955/1939
f 1938/1964/1948 1946/1961/1945 1940/1959/1943 1936/1962/1946
f 1936/1962/1946 1940/1959/1943 1942/1958/1942 1937/1963/1947
f 1941/1956/1940 1937/1963/1947 1938/1964/1948 1944/1960/1944
f 1937/1963/1947 1942/1958/1942 1946/1961/1945 1938/1964/1948
f 1954/1965/1949 1950/1966/1950 1952/1967/1951
f 1956/1968/1952 1953/1969/1953 1951/1970/1954
f 1954/1965/1949 1952/1967/1951 1955/1971/1955
f 1956/1968/1952 1957/1972/1956 1953/1969/1953
f 1954/1965/1949 1955/1971/1955 1950/1966/1950
f 1956/1968/1952 1951/1970/1954 1957/1972/1956
f 1950/1966/1950 1947/1973/1957 1948/1974/1958 1952/1967/1951
f 1955/1971/1955 1949/1975/1959 1947/1973/1957 1950/1966/1950
f 1949/1975/1959 1957/1972/1956 1951/1970/1954 1947/1973/1957
f 1947/1973/1957 1951/1970/1954 1953/1969/1953 1948/1974/1958
f 1952/1967/1951 1948/1974/1958 1949/1975/1959 1955/1971/1955
f 1948/1974/1958 1953/1969/1953 1957/1972/1956 1949/1975/1959
f 1965/1976/1960 1961/1977/1961 1963/1978/1962
f 1967/1979/1963 1964/1980/1964 1962/1981/1965
f 1965/1976/1960 1963/1978/1962 1966/1982/1966
f 1967/1979/1963 1968/1983/1967 1964/1980/1964
f 1965/1976/1960 1966/1982/1966 1961/1977/1961
f 1967/1979/1963 1962/1981/1965 1968/1983/1967
f 1961/1977/1961 1958/1984/1968 1959/1985/1969 1963/1978/1962
f 1966/1982/1966 1960/1986/1970 1958/1984/1968 1961/1977/1961
f 1960/1986/1970 1968/1983/1967 1962/1981/1965 1958/1984/1968
f 1958/1984/1968 1962/1981/1965 1964/1980/1964 1959/1985/1969
f 1963/1978/1962 1959/1985/1969 1960/1986/1970 1966/1982/1966
f 1959/1985/1969 1964/1980/1964 1968/1983/1967 1960/1986/1970
f 1976/1987/1971 1972/1988/1972 1974/1989/1973
f 1978/1990/1974 1975/1991/1975 1973/1992/1976
f 1976/1987/1971 1974/1989/1973 1977/1993/1977
f 1978/1990/1974 1979/1994/1978 1975/1991/1975
f 1976/1987/1971 1977/1993/1977 1972/1988/1972
f 1978/1990/1974 1973/1992/1976 1979/1994/1978
f 1972/1988/1972 1969/1995/1979 1970/1996/1980 1974/1989/1973
f 1977/1993/1977 1971/1997/1981 1969/1995/1979 1972/1988/1972
f 1971/1997/1981 1979/1994/1978 1973/1992/1976 1969/1995/1979
f 1969/1995/1979 1973/1992/1976 1975/1991/1975 1970/1996/1980
f 1974/1989/1973 1970/1996/1980 1971/1997/1981 1977/1993/1977
f 1970/1996/1980 1975/1991/1975 1979/1994/1978 1971/1997/1981
f 1982/1778/1762 1983/1777/1761 1980/1998/1982 1981/1999/1983
f 1759/1788/1772 1760/1787/1771 1981/1999/1983 1980/1998/1982
f 1762/1776/1760 1759/1788/1772 1980/1998/1982 1983/1777/1761
f 1760/1787/1771 1761/1775/1759 1982/1778/1762 1981/1999/1983
f 1986/2000/1984 1985/2001/1985 1984/2002/1986 1987/2003/1987
f 1992/2004/1988 1991/2005/1989 1986/2000/1984 1987/2003/1987
f 2000/2006/1990 1999/2007/1991 1984/2002/1986 1985/2001/1985
f 1999/2007/1991 1992/2004/1988 1987/2003/1987 1984/2002/1986
f 1991/2005/1989 2000/2006/1990 1985/2001/1985 1986/2000/1984
f 1988/2008/1992 2003/2009/1993 2002/2010/1994 1989/2011/1995
f 1989/2011/1995 2002/2010/1994 2001/2012/1996 1990/2013/1997
f 1990/2013/1997 2001/2012/1996 2000/2006/1990 1991/2005/1989
f 1996/2014/1998 1995/2015/1999 1994/2016/2000 1997/2017/2001
f 1997/2017/2001 1994/2016/2000 1993/2018/2002 1998/2019/2003
f 1998/2019/2003 1993/2018/2002 1992/2004/1988 1999/2007/1991
f 2003/2009/1993 1996/2014/1998 1997/2017/2001 2002/2010/1994
f 2002/2010/1994 1997/2017/2001 1998/2019/2003 2001/2012/1996
f 2001/2012/1996 1998/2019/2003 1999/2007/1991 2000/2006/1990
f 1995/2015/1999 1988/2008/1992 1989/2011/1995 1994/2016/2000
f 1994/2016/2000 1989/2011/1995 1990/2013/1997 1993/2018/2002
f 1993/2018/2002 1990/2013/1997 1991/2005/1989 1992/2004/1988
f 2006/2020/2004 2007/2021/2005 2239/2022/2006 2238/2023/2007
f 2009/2024/2008 2010/2025/2009 2011/2026/2010 2008/2027/2011
f 2013/2028/2012 2011/2026/2010 2010/2025/2009 2012/2029/2013
f 2015/2030/2014 2013/2028/2012 2012/2029/2013 2014/2031/2015
f 2014/2031/2015 2009/2024/2008 2008/2027/2011 2015/2030/2014
f 2008/2027/2011 2011/2026/2010 2005/2032/2016 2004/2033/2017
f 2009/2024/2008 2014/2031/2015 1995/2015/1999 1996/2014/1998
f 2010/2025/2009 2009/2024/2008 1996/2014/1998 2003/2009/1993
f 2015/2030/2014 2008/2027/2011 2004/2033/2017 2007/2021/2005
f 2011/2026/2010 2013/2028/2012 2006/2020/2004 2005/2032/2016
f 2012/2029/2013 2010/2025/2009 2003/2009/1993 1988/2008/1992
f 2013/2028/2012 2015/2030/2014 2007/2021/2005 2006/2020/2004
f 2014/2031/2015 2012/2029/2013 1988/2008/1992 1995/2015/1999
f 2023/2034/2018 2019/2035/2019 2021/2036/2020
f 2025/2037/2021 2022/2038/2022 2020/2039/2023
f 2023/2034/2018 2021/2036/2020 2024/2040/2024
f 2025/2037/2021 2026/2041/2025 2022/2038/2022
f 2023/2034/2018 2024/2040/2024 2019/2035/2019
f 2025/2037/2021 2020/2039/2023 2026/2041/2025
f 2019/2035/2019 2016/2042/2026 2017/2043/2027 2021/2036/2020
f 2024/2040/2024 2018/2044/2028 2016/2042/2026 2019/2035/2019
f 2018/2044/2028 2026/2041/2025 2020/2039/2023 2016/2042/2026
f 2016/2042/2026 2020/2039/2023 2022/2038/2022 2017/2043/2027
f 2021/2036/2020 2017/2043/2027 2018/2044/2028 2024/2040/2024
f 2017/2043/2027 2022/2038/2022 2026/2041/2025 2018/2044/2028
f 2034/2045/2029 2030/2046/2030 2032/2047/2031
f 2036/2048/2032 2033/2049/2033 2031/2050/2034
f 2034/2045/2029 2032/2047/2031 2035/2051/2035
f 2036/2048/2032 2037/2052/2036 2033/2049/2033
f 2034/2045/2029 2035/2051/2035 2030/2046/2030
f 2036/2048/2032 2031/2050/2034 2037/2052/2036
f 2030/2046/2030 2027/2053/2037 2028/2054/2038 2032/2047/2031
f 2035/2051/2035 2029/2055/2039 2027/2053/2037 2030/2046/2030
f 2029/2055/2039 2037/2052/2036 2031/2050/2034 2027/2053/2037
f 2027/2053/2037 2031/2050/2034 2033/2049/2033 2028/2054/2038
f 2032/2047/2031 2028/2054/2038 2029/2055/2039 2035/2051/2035
f 2028/2054/2038 2033/2049/2033 2037/2052/2036 2029/2055/2039
f 2045/2056/2040 2041/2057/2041 2043/2058/2042
f 2047/2059/2043 2044/2060/2044 2042/2061/2045
f 2045/2056/2040 2043/2058/2042 2046/2062/2046
f 2047/2059/2043 2048/2063/2047 2044/2060/2044
f 2045/2056/2040 2046/2062/2046 2041/2057/2041
f 2047/2059/2043 2042/2061/2045 2048/2063/2047
f 2041/2057/2041 2038/2064/2048 2039/2065/2049 2043/2058/2042
f 2046/2062/2046 2040/2066/2050 2038/2064/2048 2041/2057/2041
f 2040/2066/2050 2048/2063/2047 2042/2061/2045 2038/2064/2048
f 2038/2064/2048 2042/2061/2045 2044/2060/2044 2039/2065/2049
f 2043/2058/2042 2039/2065/2049 2040/2066/2050 2046/2062/2046
f 2039/2065/2049 2044/2060/2044 2048/2063/2047 2040/2066/2050
f 2056/2067/2051 2052/2068/2052 2054/2069/2053
f 2058/2070/2054 2055/2071/2055 2053/2072/2056
f 2056/2067/2051 2054/2069/2053 2057/2073/2057
f 2058/2070/2054 2059/2074/2058 2055/2071/2055
f 2056/2067/2051 2057/2073/2057 2052/2068/2052
f 2058/2070/2054 2053/2072/2056 2059/2074/2058
f 2052/2068/2052 2049/2075/2059 2050/2076/2060 2054/2069/2053
f 2057/2073/2057 2051/2077/2061 2049/2075/2059 2052/2068/2052
f 2051/2077/2061 2059/2074/2058 2053/2072/2056 2049/2075/2059
f 2049/2075/2059 2053/2072/2056 2055/2071/2055 2050/2076/2060
f 2054/2069/2053 2050/2076/2060 2051/2077/2061 2057/2073/2057
f 2050/2076/2060 2055/2071/2055 2059/2074/2058 2051/2077/2061
f 2067/2078/2062 2063/2079/2063 2065/2080/2064
f 2069/2081/2065 2066/2082/2066 2064/2083/2067
f 2067/2078/2062 2065/2080/2064 2068/2084/2068
f 2069/2081/2065 2070/2085/2069 2066/2082/2066
f 2067/2078/2062 2068/2084/2068 2063/2079/2063
f 2069/2081/2065 2064/2083/2067 2070/2085/2069
f 2063/2079/2063 2060/2086/2070 2061/2087/2071 2065/2080/2064
f 2068/2084/2068 2062/2088/2072 2060/2086/2070 2063/2079/2063
f 2062/2088/2072 2070/2085/2069 2064/2083/2067 2060/2086/2070
f 2060/2086/2070 2064/2083/2067 2066/2082/2066 2061/2087/2071
f 2065/2080/2064 2061/2087/2071 2062/2088/2072 2068/2084/2068
f 2061/2087/2071 2066/2082/2066 2070/2085/2069 2062/2088/2072
f 2078/2089/2073 2074/2090/2074 2076/2091/2075
f 2080/2092/2076 2077/2093/2077 2075/2094/2078
f 2078/2089/2073 2076/2091/2075 2079/2095/2079
f 2080/2092/2076 2081/2096/2080 2077/2093/2077
f 2078/2089/2073 2079/2095/2079 2074/2090/2074
f 2080/2092/2076 2075/2094/2078 2081/2096/2080
f 2074/2090/2074 2071/2097/2081 2072/2098/2082 2076/2091/2075
f 2079/2095/2079 2073/2099/2083 2071/2097/2081 2074/2090/2074
f 2073/2099/2083 2081/2096/2080 2075/2094/2078 2071/2097/2081
f 2071/2097/2081 2075/2094/2078 2077/2093/2077 2072/2098/2082
f 2076/2091/2075 2072/2098/2082 2073/2099/2083 2079/2095/2079
f 2072/2098/2082 2077/2093/2077 2081/2096/2080 2073/2099/2083
f 2089/2100/2084 2085/2101/2085 2087/2102/2086
f 2091/2103/2087 2088/2104/2088 2086/2105/2089
f 2089/2100/2084 2087/2102/2086 2090/2106/2090
f 2091/2103/2087 2092/2107/2091 2088/2104/2088
f 2089/2100/2084 2090/2106/2090 2085/2101/2085
f 2091/2103/2087 2086/2105/2089 2092/2107/2091
f 2085/2101/2085 2082/2108/2092 2083/2109/2093 2087/2102/2086
f 2090/2106/2090 2084/2110/2094 2082/2108/2092 2085/2101/2085
f 2084/2110/2094 2092/2107/2091 2086/2105/2089 2082/2108/2092
f 2082/2108/2092 2086/2105/2089 2088/2104/2088 2083/2109/2093
f 2087/2102/2086 2083/2109/2093 2084/2110/2094 2090/2106/2090
f 2083/2109/2093 2088/2104/2088 2092/2107/2091 2084/2110/2094
f 2100/2111/2095 2096/2112/2096 2098/2113/2097
f 2102/2114/2098 2099/2115/2099 2097/2116/2100
f 2100/2111/2095 2098/2113/2097 2101/2117/2101
f 2102/2114/2098 2103/2118/2102 2099/2115/2099
f 2100/2111/2095 2101/2117/2101 2096/2112/2096
f 2102/2114/2098 2097/2116/2100 2103/2118/2102
f 2096/2112/2096 2093/2119/2103 2094/2120/2104 2098/2113/2097
f 2101/2117/2101 2095/2121/2105 2093/2119/2103 2096/2112/2096
f 2095/2121/2105 2103/2118/2102 2097/2116/2100 2093/2119/2103
f 2093/2119/2103 2097/2116/2100 2099/2115/2099 2094/2120/2104
f 2098/2113/2097 2094/2120/2104 2095/2121/2105 2101/2117/2101
f 2094/2120/2104 2099/2115/2099 2103/2118/2102 2095/2121/2105
f 2111/2122/2106 2107/2123/2107 2109/2124/2108
f 2113/2125/2109 2110/2126/2110 2108/2127/2111
f 2111/2122/2106 2109/2124/2108 2112/2128/2112
f 2113/2125/2109 2114/2129/2113 2110/2126/2110
f 2111/2122/2106 2112/2128/2112 2107/2123/2107
f 2113/2125/2109 2108/2127/2111 2114/2129/2113
f 2107/2123/2107 2104/2130/2114 2105/2131/2115 2109/2124/2108
f 2112/2128/2112 2106/2132/2116 2104/2130/2114 2107/2123/2107
f 2106/2132/2116 2114/2129/2113 2108/2127/2111 2104/2130/2114
f 2104/2130/2114 2108/2127/2111 2110/2126/2110 2105/2131/2115
f 2109/2124/2108 2105/2131/2115 2106/2132/2116 2112/2128/2112
f 2105/2131/2115 2110/2126/2110 2114/2129/2113 2106/2132/2116
f 2122/2133/2117 2118/2134/2118 2120/2135/2119
f 2124/2136/2120 2121/2137/2121 2119/2138/2122
f 2122/2133/2117 2120/2135/2119 2123/2139/2123
f 2124/2136/2120 2125/2140/2124 2121/2137/2121
f 2122/2133/2117 2123/2139/2123 2118/2134/2118
f 2124/2136/2120 2119/2138/2122 2125/2140/2124
f 2118/2134/2118 2115/2141/2125 2116/2142/2126 2120/2135/2119
f 2123/2139/2123 2117/2143/2127 2115/2141/2125 2118/2134/2118
f 2117/2143/2127 2125/2140/2124 2119/2138/2122 2115/2141/2125
f 2115/2141/2125 2119/2138/2122 2121/2137/2121 2116/2142/2126
f 2120/2135/2119 2116/2142/2126 2117/2143/2127 2123/2139/2123
f 2116/2142/2126 2121/2137/2121 2125/2140/2124 2117/2143/2127
f 2133/2144/2128 2129/2145/2129 2131/2146/2130
f 2135/2147/2131 2132/2148/2132 2130/2149/2133
f 2133/2144/2128 2131/2146/2130 2134/2150/2134
f 2135/2147/2131 2136/2151/2135 2132/2148/2132
f 2133/2144/2128 2134/2150/2134 2129/2145/2129
f 2135/2147/2131 2130/2149/2133 2136/2151/2135
f 2129/2145/2129 2126/2152/2136 2127/2153/2137 2131/2146/2130
f 2134/2150/2134 2128/2154/2138 2126/2152/2136 2129/2145/2129
f 2128/2154/2138 2136/2151/2135 2130/2149/2133 2126/2152/2136
f 2126/2152/2136 2130/2149/2133 2132/2148/2132 2127/2153/2137
f 2131/2146/2130 2127/2153/2137 2128/2154/2138 2134/2150/2134
f 2127/2153/2137 2132/2148/2132 2136/2151/2135 2128/2154/2138
f 2144/2155/2139 2140/2156/2140 2142/2157/2141
f 2146/2158/2142 2143/2159/2143 2141/2160/2144
f 2144/2155/2139 2142/2157/2141 2145/2161/2145
f 2146/2158/2142 2147/2162/2146 2143/2159/2143
f 2144/2155/2139 2145/2161/2145 2140/2156/2140
f 2146/2158/2142 2141/2160/2144 2147/2162/2146
f 2140/2156/2140 2137/2163/2147 2138/2164/2148 2142/2157/2141
f 2145/2161/2145 2139/2165/2149 2137/2163/2147 2140/2156/2140
f 2139/2165/2149 2147/2162/2146 2141/2160/2144 2137/2163/2147
f 2137/2163/2147 2141/2160/2144 2143/2159/2143 2138/2164/2148
f 2142/2157/2141 2138/2164/2148 2139/2165/2149 2145/2161/2145
f 2138/2164/2148 2143/2159/2143 2147/2162/2146 2139/2165/2149
f 2155/2166/2150 2151/2167/2151 2153/2168/2152
f 2157/2169/2153 2154/2170/2154 2152/2171/2155
f 2155/2166/2150 2153/2168/2152 2156/2172/2156
f 2157/2169/2153 2158/2173/2157 2154/2170/2154
f 2155/2166/2150 2156/2172/2156 2151/2167/2151
f 2157/2169/2153 2152/2171/2155 2158/2173/2157
f 2151/2167/2151 2148/2174/2158 2149/2175/2159 2153/2168/2152
f 2156/2172/2156 2150/2176/2160 2148/2174/2158 2151/2167/2151
f 2150/2176/2160 2158/2173/2157 2152/2171/2155 2148/2174/2158
f 2148/2174/2158 2152/2171/2155 2154/2170/2154 2149/2175/2159
f 2153/2168/2152 2149/2175/2159 2150/2176/2160 2156/2172/2156
f 2149/2175/2159 2154/2170/2154 2158/2173/2157 2150/2176/2160
f 2166/2177/2161 2162/2178/2162 2164/2179/2163
f 2168/2180/2164 2165/2181/2165 2163/2182/2166
f 2166/2177/2161 2164/2179/2163 2167/2183/2167
f 2168/2180/2164 2169/2184/2168 2165/2181/2165
f 2166/2177/2161 2167/2183/2167 2162/2178/2162
f 2168/2180/2164 2163/2182/2166 2169/2184/2168
f 2162/2178/2162 2159/2185/2169 2160/2186/2170 2164/2179/2163
f 2167/2183/2167 2161/2187/2171 2159/2185/2169 2162/2178/2162
f 2161/2187/2171 2169/2184/2168 2163/2182/2166 2159/2185/2169
f 2159/2185/2169 2163/2182/2166 2165/2181/2165 2160/2186/2170
f 2164/2179/2163 2160/2186/2170 2161/2187/2171 2167/2183/2167
f 2160/2186/2170 2165/2181/2165 2169/2184/2168 2161/2187/2171
f 2177/2188/2172 2173/2189/2173 2175/2190/2174
f 2179/2191/2175 2176/2192/2176 2174/2193/2177
f 2177/2188/2172 2175/2190/2174 2178/2194/2178
f 2179/2191/2175 2180/2195/2179 2176/2192/2176
f 2177/2188/2172 2178/2194/2178 2173/2189/2173
f 2179/2191/2175 2174/2193/2177 2180/2195/2179
f 2173/2189/2173 2170/2196/2180 2171/2197/2181 2175/2190/2174
f 2178/2194/2178 2172/2198/2182 2170/2196/2180 2173/2189/2173
f 2172/2198/2182 2180/2195/2179 2174/2193/2177 2170/2196/2180
f 2170/2196/2180 2174/2193/2177 2176/2192/2176 2171/2197/2181
f 2175/2190/2174 2171/2197/2181 2172/2198/2182 2178/2194/2178
f 2171/2197/2181 2176/2192/2176 2180/2195/2179 2172/2198/2182
f 2188/2199/2183 2184/2200/2184 2186/2201/2185
f 2190/2202/2186 2187/2203/2187 2185/2204/2188
f 2188/2199/2183 2186/2201/2185 2189/2205/2189
f 2190/2202/2186 2191/2206/2190 2187/2203/2187
f 2188/2199/2183 2189/2205/2189 2184/2200/2184
f 2190/2202/2186 2185/2204/2188 2191/2206/2190
f 2184/2200/2184 2181/2207/2191 2182/2208/2192 2186/2201/2185
f 2189/2205/2189 2183/2209/2193 2181/2207/2191 2184/2200/2184
f 2183/2209/2193 2191/2206/2190 2185/2204/2188 2181/2207/2191
f 2181/2207/2191 2185/2204/2188 2187/2203/2187 2182/2208/2192
f 2186/2201/2185 2182/2208/2192 2183/2209/2193 2189/2205/2189
f 2182/2208/2192 2187/2203/2187 2191/2206/2190 2183/2209/2193
f 2199/2210/2194 2195/2211/2195 2197/2212/2196
f 2201/2213/2197 2198/2214/2198 2196/2215/2199
f 2199/2210/2194 2197/2212/2196 2200/2216/2200
f 2201/2213/2197 2202/2217/2201 2198/2214/2198
f 2199/2218/2194 2200/2219/2200 2195/2220/2195
f 2201/2213/2197 2196/2215/2199 2202/2217/2201
f 2195/2220/2195 2192/2221/2202 2193/2222/2203 2197/2223/2196
f 2200/2219/2200 2194/2224/2204 2192/2221/2202 2195/2220/2195
f 2194/2224/2204 2202/2217/2201 2196/2215/2199 2192/2221/2202
f 2192/2221/2202 2196/2215/2199 2198/2214/2198 2193/2222/2203
f 2197/2223/2196 2193/2222/2203 2194/2224/2204 2200/2219/2200
f 2193/2222/2203 2198/2214/2198 2202/2217/2201 2194/2224/2204
f 2210/2225/2205 2206/2226/2206 2208/2227/2207
f 2212/2228/2208 2209/2229/2209 2207/2230/2210
f 2210/2225/2205 2208/2227/2207 2211/2231/2211
f 2212/2228/2208 2213/2232/2212 2209/2229/2209
f 2210/2225/2205 2211/2231/2211 2206/2226/2206
f 2212/2228/2208 2207/2230/2210 2213/2232/2212
f 2206/2226/2206 2203/2233/2213 2204/2234/2214 2208/2227/2207
f 2211/2231/2211 2205/2235/2215 2203/2233/2213 2206/2226/2206
f 2205/2235/2215 2213/2232/2212 2207/2230/2210 2203/2233/2213
f 2203/2233/2213 2207/2230/2210 2209/2229/2209 2204/2234/2214
f 2208/2227/2207 2204/2234/2214 2205/2235/2215 2211/2231/2211
f 2204/2234/2214 2209/2229/2209 2213/2232/2212 2205/2235/2215
f 2221/2236/2216 2217/2237/2217 2219/2238/2218
f 2223/2239/2219 2220/2240/2220 2218/2241/2221
f 2221/2236/2216 2219/2238/2218 2222/2242/2222
f 2223/2239/2219 2224/2243/2223 2220/2240/2220
f 2221/2236/2216 2222/2242/2222 2217/2237/2217
f 2223/2239/2219 2218/2241/2221 2224/2243/2223
f 2217/2237/2217 2214/2244/2224 2215/2245/2225 2219/2238/2218
f 2222/2242/2222 2216/2246/2226 2214/2244/2224 2217/2237/2217
f 2216/2246/2226 2224/2243/2223 2218/2241/2221 2214/2244/2224
f 2214/2244/2224 2218/2241/2221 2220/2240/2220 2215/2245/2225
f 2219/2238/2218 2215/2245/2225 2216/2246/2226 2222/2242/2222
f 2215/2245/2225 2220/2240/2220 2224/2243/2223 2216/2246/2226
f 2232/2247/2227 2228/2248/2228 2230/2249/2229
f 2234/2250/2230 2231/2251/2231 2229/2252/2232
f 2232/2247/2227 2230/2249/2229 2233/2253/2233
f 2234/2250/2230 2235/2254/2234 2231/2251/2231
f 2232/2247/2227 2233/2253/2233 2228/2248/2228
f 2234/2250/2230 2229/2252/2232 2235/2254/2234
f 2228/2248/2228 2225/2255/2235 2226/2256/2236 2230/2249/2229
f 2233/2253/2233 2227/2257/2237 2225/2255/2235 2228/2248/2228
f 2227/2257/2237 2235/2254/2234 2229/2252/2232 2225/2255/2235
f 2225/2255/2235 2229/2252/2232 2231/2251/2231 2226/2256/2236
f 2230/2249/2229 2226/2256/2236 2227/2257/2237 2233/2253/2233
f 2226/2256/2236 2231/2251/2231 2235/2254/2234 2227/2257/2237
f 2238/2023/2007 2239/2022/2006 2236/2258/2238 2237/2259/2239
f 2004/2033/2017 2005/2032/2016 2237/2259/2239 2236/2258/2238
f 2007/2021/2005 2004/2033/2017 2236/2258/2238 2239/2022/2006
f 2005/2032/2016 2006/2020/2004 2238/2023/2007 2237/2259/2239
f 2242/2260/2240 2241/2261/2241 2240/2262/2242 2243/2263/2243
f 2248/2264/2244 2247/2265/2245 2242/2260/2240 2243/2263/2243
f 2256/2266/2246 2255/2267/2247 2240/2262/2242 2241/2261/2241
f 2255/2267/2247 2248/2264/2244 2243/2263/2243 2240/2262/2242
f 2247/2265/2245 2256/2266/2246 2241/2261/2241 2242/2260/2240
f 2244/2268/2248 2259/2269/2249 2258/2270/2250 2245/2271/2251
f 2245/2271/2251 2258/2270/2250 2257/2272/2252 2246/2273/2253
f 2246/2273/2253 2257/2272/2252 2256/2266/2246 2247/2265/2245
f 2252/2274/2254 2251/2275/2255 2250/2276/2256 2253/2277/2257
f 2253/2277/2257 2250/2276/2256 2249/2278/2258 2254/2279/2259
f 2254/2279/2259 2249/2278/2258 2248/2264/2244 2255/2267/2247
f 2259/2269/2249 2252/2274/2254 2253/2277/2257 2258/2270/2250
f 2258/2270/2250 2253/2277/2257 2254/2279/2259 2257/2272/2252
f 2257/2272/2252 2254/2279/2259 2255/2267/2247 2256/2266/2246
f 2251/2275/2255 2244/2268/2248 2245/2271/2251 2250/2276/2256
f 2250/2276/2256 2245/2271/2251 2246/2273/2253 2249/2278/2258
f 2249/2278/2258 2246/2273/2253 2247/2265/2245 2248/2264/2244
f 2262/2280/2260 2263/2281/2261 2506/2282/2262 2505/2283/2263
f 2265/2284/2264 2266/2285/2265 2267/2286/2266 2264/2287/2267
f 2269/2288/2268 2267/2286/2266 2266/2285/2265 2268/2289/2269
f 2271/2290/2270 2269/2288/2268 2268/2289/2269 2270/2291/2271
f 2270/2291/2271 2265/2284/2264 2264/2287/2267 2271/2290/2270
f 2264/2287/2267 2267/2286/2266 2261/2292/2272 2260/2293/2273
f 2265/2284/2264 2270/2291/2271 2251/2275/2255 2252/2274/2254
f 2266/2285/2265 2265/2284/2264 2252/2274/2254 2259/2269/2249
f 2271/2290/2270 2264/2287/2267 2260/2293/2273 2263/2281/2261
f 2267/2286/2266 2269/2288/2268 2262/2280/2260 2261/2292/2272
f 2268/2289/2269 2266/2285/2265 2259/2269/2249 2244/2268/2248
f 2269/2288/2268 2271/2290/2270 2263/2281/2261 2262/2280/2260
f 2270/2291/2271 2268/2289/2269 2244/2268/2248 2251/2275/2255
f 2279/2294/2274 2275/2295/2275 2277/2296/2276
f 2281/2297/2277 2278/2298/2278 2276/2299/2279
f 2279/2294/2274 2277/2296/2276 2280/2300/2280
f 2281/2297/2277 2282/2301/2281 2278/2298/2278
f 2279/2294/2274 2280/2300/2280 2275/2295/2275
f 2281/2297/2277 2276/2299/2279 2282/2301/2281
f 2275/2295/2275 2272/2302/2282 2273/2303/2283 2277/2296/2276
f 2280/2300/2280 2274/2304/2284 2272/2302/2282 2275/2295/2275
f 2274/2304/2284 2282/2301/2281 2276/2299/2279 2272/2302/2282
f 2272/2302/2282 2276/2299/2279 2278/2298/2278 2273/2303/2283
f 2277/2296/2276 2273/2303/2283 2274/2304/2284 2280/2300/2280
f 2273/2303/2283 2278/2298/2278 2282/2301/2281 2274/2304/2284
f 2290/2305/2285 2286/2306/2286 2288/2307/2287
f 2292/2308/2288 2289/2309/2289 2287/2310/2290
f 2290/2305/2285 2288/2307/2287 2291/2311/2291
f 2292/2308/2288 2293/2312/2292 2289/2309/2289
f 2290/2305/2285 2291/2311/2291 2286/2306/2286
f 2292/2308/2288 2287/2310/2290 2293/2312/2292
f 2286/2306/2286 2283/2313/2293 2284/2314/2294 2288/2307/2287
f 2291/2311/2291 2285/2315/2295 2283/2313/2293 2286/2306/2286
f 2285/2315/2295 2293/2312/2292 2287/2310/2290 2283/2313/2293
f 2283/2313/2293 2287/2310/2290 2289/2309/2289 2284/2314/2294
f 2288/2307/2287 2284/2314/2294 2285/2315/2295 2291/2311/2291
f 2284/2314/2294 2289/2309/2289 2293/2312/2292 2285/2315/2295
f 2301/2316/2296 2297/2317/2297 2299/2318/2298
f 2303/2319/2299 2300/2320/2300 2298/2321/2301
f 2301/2316/2296 2299/2318/2298 2302/2322/2302
f 2303/2319/2299 2304/2323/2303 2300/2320/2300
f 2301/2316/2296 2302/2322/2302 2297/2317/2297
f 2303/2319/2299 2298/2321/2301 2304/2323/2303
f 2297/2317/2297 2294/2324/2304 2295/2325/2305 2299/2318/2298
f 2302/2322/2302 2296/2326/2306 2294/2324/2304 2297/2317/2297
f 2296/2326/2306 2304/2323/2303 2298/2321/2301 2294/2324/2304
f 2294/2324/2304 2298/2321/2301 2300/2320/2300 2295/2325/2305
f 2299/2318/2298 2295/2325/2305 2296/2326/2306 2302/2322/2302
f 2295/2325/2305 2300/2320/2300 2304/2323/2303 2296/2326/2306
f 2312/2327/2307 2308/2328/2308 2310/2329/2309
f 2314/2330/2310 2311/2331/2311 2309/2332/2312
f 2312/2327/2307 2310/2329/2309 2313/2333/2313
f 2314/2330/2310 2315/2334/2314 2311/2331/2311
f 2312/2327/2307 2313/2333/2313 2308/2328/2308
f 2314/2330/2310 2309/2332/2312 2315/2334/2314
f 2308/2328/2308 2305/2335/2315 2306/2336/2316 2310/2329/2309
f 2313/2333/2313 2307/2337/2317 2305/2335/2315 2308/2328/2308
f 2307/2337/2317 2315/2334/2314 2309/2332/2312 2305/2335/2315
f 2305/2335/2315 2309/2332/2312 2311/2331/2311 2306/2336/2316
f 2310/2329/2309 2306/2336/2316 2307/2337/2317 2313/2333/2313
f 2306/2336/2316 2311/2331/2311 2315/2334/2314 2307/2337/2317
f 2323/2338/2318 2319/2339/2319 2321/2340/2320
f 2325/2341/2321 2322/2342/2322 2320/2343/2323
f 2323/2338/2318 2321/2340/2320 2324/2344/2324
f 2325/2341/2321 2326/2345/2325 2322/2342/2322
f 2323/2338/2318 2324/2344/2324 2319/2339/2319
f 2325/2341/2321 2320/2343/2323 2326/2345/2325
f 2319/2339/2319 2316/2346/2326 2317/2347/2327 2321/2340/2320
f 2324/2344/2324 2318/2348/2328 2316/2346/2326 2319/2339/2319
f 2318/2348/2328 2326/2345/2325 2320/2343/2323 2316/2346/2326
f 2316/2346/2326 2320/2343/2323 2322/2342/2322 2317/2347/2327
f 2321/2340/2320 2317/2347/2327 2318/2348/2328 2324/2344/2324
f 2317/2347/2327 2322/2342/2322 2326/2345/2325 2318/2348/2328
f 2334/2349/2329 2330/2350/2330 2332/2351/2331
f 2336/2352/2332 2333/2353/2333 2331/2354/2334
f 2334/2349/2329 2332/2351/2331 2335/2355/2335
f 2336/2352/2332 2337/2356/2336 2333/2353/2333
f 2334/2349/2329 2335/2355/2335 2330/2350/2330
f 2336/2352/2332 2331/2354/2334 2337/2356/2336
f 2330/2350/2330 2327/2357/2337 2328/2358/2338 2332/2351/2331
f 2335/2355/2335 2329/2359/2339 2327/2357/2337 2330/2350/2330
f 2329/2359/2339 2337/2356/2336 2331/2354/2334 2327/2357/2337
f 2327/2357/2337 2331/2354/2334 2333/2353/2333 2328/2358/2338
f 2332/2351/2331 2328/2358/2338 2329/2359/2339 2335/2355/2335
f 2328/2358/2338 2333/2353/2333 2337/2356/2336 2329/2359/2339
f 2345/2360/2340 2341/2361/2341 2343/2362/2342
f 2347/2363/2343 2344/2364/2344 2342/2365/2345
f 2345/2360/2340 2343/2362/2342 2346/2366/2346
f 2347/2363/2343 2348/2367/2347 2344/2364/2344
f 2345/2360/2340 2346/2366/2346 2341/2361/2341
f 2347/2363/2343 2342/2365/2345 2348/2367/2347
f 2341/2361/2341 2338/2368/2348 2339/2369/2349 2343/2362/2342
f 2346/2366/2346 2340/2370/2350 2338/2368/2348 2341/2361/2341
f 2340/2370/2350 2348/2367/2347 2342/2365/2345 2338/2368/2348
f 2338/2368/2348 2342/2365/2345 2344/2364/2344 2339/2369/2349
f 2343/2362/2342 2339/2369/2349 2340/2370/2350 2346/2366/2346
f 2339/2369/2349 2344/2364/2344 2348/2367/2347 2340/2370/2350
f 2356/2371/2351 2352/2372/2352 2354/2373/2353
f 2358/2374/2354 2355/2375/2355 2353/2376/2356
f 2356/2371/2351 2354/2373/2353 2357/2377/2357
f 2358/2374/2354 2359/2378/2358 2355/2375/2355
f 2356/2371/2351 2357/2377/2357 2352/2372/2352
f 2358/2374/2354 2353/2376/2356 2359/2378/2358
f 2352/2372/2352 2349/2379/2359 2350/2380/2360 2354/2373/2353
f 2357/2377/2357 2351/2381/2361 2349/2379/2359 2352/2372/2352
f 2351/2381/2361 2359/2378/2358 2353/2376/2356 2349/2379/2359
f 2349/2379/2359 2353/2376/2356 2355/2375/2355 2350/2380/2360
f 2354/2373/2353 2350/2380/2360 2351/2381/2361 2357/2377/2357
f 2350/2380/2360 2355/2375/2355 2359/2378/2358 2351/2381/2361
f 2367/2382/2362 2363/2383/2363 2365/2384/2364
f 2369/2385/2365 2366/2386/2366 2364/2387/2367
f 2367/2382/2362 2365/2384/2364 2368/2388/2368
f 2369/2385/2365 2370/2389/2369 2366/2386/2366
f 2367/2382/2362 2368/2388/2368 2363/2383/2363
f 2369/2385/2365 2364/2387/2367 2370/2389/2369
f 2363/2383/2363 2360/2390/2370 2361/2391/2371 2365/2384/2364
f 2368/2388/2368 2362/2392/2372 2360/2390/2370 2363/2383/2363
f 2362/2392/2372 2370/2389/2369 2364/2387/2367 2360/2390/2370
f 2360/2390/2370 2364/2387/2367 2366/2386/2366 2361/2391/2371
f 2365/2384/2364 2361/2391/2371 2362/2392/2372 2368/2388/2368
f 2361/2391/2371 2366/2386/2366 2370/2389/2369 2362/2392/2372
f 2378/2393/2373 2374/2394/2374 2376/2395/2375
f 2380/2396/2376 2377/2397/2377 2375/2398/2378
f 2378/2393/2373 2376/2395/2375 2379/2399/2379
f 2380/2396/2376 2381/2400/2380 2377/2397/2377
f 2378/2393/2373 2379/2399/2379 2374/2394/2374
f 2380/2396/2376 2375/2398/2378 2381/2400/2380
f 2374/2394/2374 2371/2401/2381 2372/2402/2382 2376/2395/2375
f 2379/2399/2379 2373/2403/2383 2371/2401/2381 2374/2394/2374
f 2373/2403/2383 2381/2400/2380 2375/2398/2378 2371/2401/2381
f 2371/2401/2381 2375/2398/2378 2377/2397/2377 2372/2402/2382
f 2376/2395/2375 2372/2402/2382 2373/2403/2383 2379/2399/2379
f 2372/2402/2382 2377/2397/2377 2381/2400/2380 2373/2403/2383
f 2389/2404/2384 2385/2405/2385 2387/2406/2386
f 2391/2407/2387 2388/2408/2388 2386/2409/2389
f 2389/2404/2384 2387/2406/2386 2390/2410/2390
f 2391/2407/2387 2392/2411/2391 2388/2408/2388
f 2389/2404/2384 2390/2410/2390 2385/2405/2385
f 2391/2407/2387 2386/2409/2389 2392/2411/2391
f 2385/2405/2385 2382/2412/2392 2383/2413/2393 2387/2406/2386
f 2390/2410/2390 2384/2414/2394 2382/2412/2392 2385/2405/2385
f 2384/2414/2394 2392/2411/2391 2386/2409/2389 2382/2412/2392
f 2382/2412/2392 2386/2409/2389 2388/2408/2388 2383/2413/2393
f 2387/2406/2386 2383/2413/2393 2384/2414/2394 2390/2410/2390
f 2383/2413/2393 2388/2408/2388 2392/2411/2391 2384/2414/2394
f 2400/2415/2395 2396/2416/2396 2398/2417/2397
f 2402/2418/2398 2399/2419/2399 2397/2420/2400
f 2400/2415/2395 2398/2417/2397 2401/2421/2401
f 2402/2418/2398 2403/2422/2402 2399/2419/2399
f 2400/2415/2395 2401/2421/2401 2396/2416/2396
f 2402/2418/2398 2397/2420/2400 2403/2422/2402
f 2396/2416/2396 2393/2423/2403 2394/2424/2404 2398/2417/2397
f 2401/2421/2401 2395/2425/2405 2393/2423/2403 2396/2416/2396
f 2395/2425/2405 2403/2422/2402 2397/2420/2400 2393/2423/2403
f 2393/2423/2403 2397/2420/2400 2399/2419/2399 2394/2424/2404
f 2398/2417/2397 2394/2424/2404 2395/2425/2405 2401/2421/2401
f 2394/2424/2404 2399/2419/2399 2403/2422/2402 2395/2425/2405
f 2411/2426/2406 2407/2427/2407 2409/2428/2408
f 2413/2429/2409 2410/2430/2410 2408/2431/2411
f 2411/2426/2406 2409/2428/2408 2412/2432/2412
f 2413/2429/2409 2414/2433/2413 2410/2430/2410
f 2411/2426/2406 2412/2432/2412 2407/2427/2407
f 2413/2429/2409 2408/2431/2411 2414/2433/2413
f 2407/2427/2407 2404/2434/2414 2405/2435/2415 2409/2428/2408
f 2412/2432/2412 2406/2436/2416 2404/2434/2414 2407/2427/2407
f 2406/2436/2416 2414/2433/2413 2408/2431/2411 2404/2434/2414
f 2404/2434/2414 2408/2431/2411 2410/2430/2410 2405/2435/2415
f 2409/2428/2408 2405/2435/2415 2406/2436/2416 2412/2432/2412
f 2405/2435/2415 2410/2430/2410 2414/2433/2413 2406/2436/2416
f 2422/2437/2417 2418/2438/2418 2420/2439/2419
f 2424/2440/2420 2421/2441/2421 2419/2442/2422
f 2422/2437/2417 2420/2439/2419 2423/2443/2423
f 2424/2440/2420 2425/2444/2424 2421/2441/2421
f 2422/2437/2417 2423/2443/2423 2418/2438/2418
f 2424/2440/2420 2419/2442/2422 2425/2444/2424
f 2418/2438/2418 2415/2445/2425 2416/2446/2426 2420/2439/2419
f 2423/2443/2423 2417/2447/2427 2415/2445/2425 2418/2438/2418
f 2417/2447/2427 2425/2444/2424 2419/2442/2422 2415/2445/2425
f 2415/2445/2425 2419/2442/2422 2421/2441/2421 2416/2446/2426
f 2420/2439/2419 2416/2446/2426 2417/2447/2427 2423/2443/2423
f 2416/2446/2426 2421/2441/2421 2425/2444/2424 2417/2447/2427
f 2433/2448/2428 2429/2449/2429 2431/2450/2430
f 2435/2451/2431 2432/2452/2432 2430/2453/2433
f 2433/2448/2428 2431/2450/2430 2434/2454/2434
f 2435/2451/2431 2436/2455/2435 2432/2452/2432
f 2433/2448/2428 2434/2454/2434 2429/2449/2429
f 2435/2451/2431 2430/2453/2433 2436/2455/2435
f 2429/2449/2429 2426/2456/2436 2427/2457/2437 2431/2450/2430
f 2434/2454/2434 2428/2458/2438 2426/2456/2436 2429/2449/2429
f 2428/2458/2438 2436/2455/2435 2430/2453/2433 2426/2456/2436
f 2426/2456/2436 2430/2453/2433 2432/2452/2432 2427/2457/2437
f 2431/2450/2430 2427/2457/2437 2428/2458/2438 2434/2454/2434
f 2427/2457/2437 2432/2452/2432 2436/2455/2435 2428/2458/2438
f 2444/2459/2439 2440/2460/2440 2442/2461/2441
f 2446/2462/2442 2443/2463/2443 2441/2464/2444
f 2444/2459/2439 2442/2461/2441 2445/2465/2445
f 2446/2462/2442 2447/2466/2446 2443/2463/2443
f 2444/2459/2439 2445/2465/2445 2440/2460/2440
f 2446/2462/2442 2441/2464/2444 2447/2466/2446
f 2440/2460/2440 2437/2467/2447 2438/2468/2448 2442/2461/2441
f 2445/2465/2445 2439/2469/2449 2437/2467/2447 2440/2460/2440
f 2439/2469/2449 2447/2466/2446 2441/2464/2444 2437/2467/2447
f 2437/2467/2447 2441/2464/2444 2443/2463/2443 2438/2468/2448
f 2442/2461/2441 2438/2468/2448 2439/2469/2449 2445/2465/2445
f 2438/2468/2448 2443/2463/2443 2447/2466/2446 2439/2469/2449
f 2455/2470/2450 2451/2471/2451 2453/2472/2452
f 2457/2473/2453 2454/2474/2454 2452/2475/2455
f 2455/2470/2450 2453/2472/2452 2456/2476/2456
f 2457/2473/2453 2458/2477/2457 2454/2474/2454
f 2455/2470/2450 2456/2476/2456 2451/2471/2451
f 2457/2473/2453 2452/2475/2455 2458/2477/2457
f 2451/2471/2451 2448/2478/2458 2449/2479/2459 2453/2472/2452
f 2456/2476/2456 2450/2480/2460 2448/2478/2458 2451/2471/2451
f 2450/2480/2460 2458/2477/2457 2452/2475/2455 2448/2478/2458
f 2448/2478/2458 2452/2475/2455 2454/2474/2454 2449/2479/2459
f 2453/2472/2452 2449/2479/2459 2450/2480/2460 2456/2476/2456
f 2449/2479/2459 2454/2474/2454 2458/2477/2457 2450/2480/2460
f 2466/2481/2461 2462/2482/2462 2464/2483/2463
f 2468/2484/2464 2465/2485/2465 2463/2486/2466
f 2466/2481/2461 2464/2483/2463 2467/2487/2467
f 2468/2484/2464 2469/2488/2468 2465/2485/2465
f 2466/2481/2461 2467/2487/2467 2462/2482/2462
f 2468/2484/2464 2463/2486/2466 2469/2488/2468
f 2462/2482/2462 2459/2489/2469 2460/2490/2470 2464/2483/2463
f 2467/2487/2467 2461/2491/2471 2459/2489/2469 2462/2482/2462
f 2461/2491/2471 2469/2488/2468 2463/2486/2466 2459/2489/2469
f 2459/2489/2469 2463/2486/2466 2465/2485/2465 2460/2490/2470
f 2464/2483/2463 2460/2490/2470 2461/2491/2471 2467/2487/2467
f 2460/2490/2470 2465/2485/2465 2469/2488/2468 2461/2491/2471
f 2477/2492/2472 2473/2493/2473 2475/2494/2474
f 2479/2495/2475 2476/2496/2476 2474/2497/2477
f 2477/2492/2472 2475/2494/2474 2478/2498/2478
f 2479/2495/2475 2480/2499/2479 2476/2496/2476
f 2477/2492/2472 2478/2498/2478 2473/2493/2473
f 2479/2495/2475 2474/2497/2477 2480/2499/2479
f 2473/2493/2473 2470/2500/2480 2471/2501/2481 2475/2494/2474
f 2478/2498/2478 2472/2502/2482 2470/2500/2480 2473/2493/2473
f 2472/2502/2482 2480/2499/2479 2474/2497/2477 2470/2500/2480
f 2470/2500/2480 2474/2497/2477 2476/2496/2476 2471/2501/2481
f 2475/2494/2474 2471/2501/2481 2472/2502/2482 2478/2498/2478
f 2471/2501/2481 2476/2496/2476 2480/2499/2479 2472/2502/2482
f 2488/2503/2483 2484/2504/2484 2486/2505/2485
f 2490/2506/2486 2487/2507/2487 2485/2508/2488
f 2488/2503/2483 2486/2505/2485 2489/2509/2489
f 2490/2506/2486 2491/2510/2490 2487/2507/2487
f 2488/2503/2483 2489/2509/2489 2484/2504/2484
f 2490/2506/2486 2485/2508/2488 2491/2510/2490
f 2484/2504/2484 2481/2511/2491 2482/2512/2492 2486/2505/2485
f 2489/2509/2489 2483/2513/2493 2481/2511/2491 2484/2504/2484
f 2483/2513/2493 2491/2510/2490 2485/2508/2488 2481/2511/2491
f 2481/2511/2491 2485/2508/2488 2487/2507/2487 2482/2512/2492
f 2486/2505/2485 2482/2512/2492 2483/2513/2493 2489/2509/2489
f 2482/2512/2492 2487/2507/2487 2491/2510/2490 2483/2513/2493
f 2499/2514/2494 2495/2515/2495 2497/2516/2496
f 2501/2517/2497 2498/2518/2498 2496/2519/2499
f 2499/2514/2494 2497/2516/2496 2500/2520/2500
f 2501/2517/2497 2502/2521/2501 2498/2518/2498
f 2499/2514/2494 2500/2520/2500 2495/2515/2495
f 2501/2517/2497 2496/2519/2499 2502/2521/2501
f 2495/2515/2495 2492/2522/2502 2493/2523/2503 2497/2516/2496
f 2500/2520/2500 2494/2524/2504 2492/2522/2502 2495/2515/2495
f 2494/2524/2504 2502/2521/2501 2496/2519/2499 2492/2522/2502
f 2492/2522/2502 2496/2519/2499 2498/2518/2498 2493/2523/2503
f 2497/2516/2496 2493/2523/2503 2494/2524/2504 2500/2520/2500
f 2493/2523/2503 2498/2518/2498 2502/2521/2501 2494/2524/2504
f 2505/2283/2263 2506/2282/2262 2503/2525/2505 2504/2526/2506
f 2260/2293/2273 2261/2292/2272 2504/2526/2506 2503/2525/2505
f 2263/2281/2261 2260/2293/2273 2503/2525/2505 2506/2282/2262
f 2261/2292/2272 2262/2280/2260 2505/2283/2263 2504/2526/2506
f 2509/1432/2507 2508/1433/2508 2507/1434/2509 2510/1435/2510
f 2515/1436/2511 2514/1437/2512 2509/1432/2507 2510/1435/2510
f 2523/1438/2513 2522/1439/2514 2507/1434/2509 2508/1433/2508
f 2522/1439/2514 2515/1436/2511 2510/1435/2510 2507/1434/2509
f 2514/1437/2512 2523/1438/2513 2508/1433/2508 2509/1432/2507
f 2511/1440/2515 2526/1441/2516 2525/1442/2517 2512/1443/2518
f 2512/1443/2518 2525/1442/2517 2524/1444/2519 2513/1445/2520
f 2513/1445/2520 2524/1444/2519 2523/1438/2513 2514/1437/2512
f 2519/1446/2521 2518/1447/2522 2517/1448/2523 2520/1449/2524
f 2520/1449/2524 2517/1448/2523 2516/1450/2525 2521/1451/2526
f 2521/1451/2526 2516/1450/2525 2515/1436/2511 2522/1439/2514
f 2526/1441/2516 2519/1446/2521 2520/1449/2524 2525/1442/2517
f 2525/1442/2517 2520/1449/2524 2521/1451/2526 2524/1444/2519
f 2524/1444/2519 2521/1451/2526 2522/1439/2514 2523/1438/2513
f 2518/1447/2522 2511/1440/2515 2512/1443/2518 2517/1448/2523
f 2517/1448/2523 2512/1443/2518 2513/1445/2520 2516/1450/2525
f 2516/1450/2525 2513/1445/2520 2514/1437/2512 2515/1436/2511
f 2529/1452/2527 2530/1453/2528 2751/1454/2529 2750/1455/2530
f 2532/1456/2531 2533/1457/2532 2534/1458/2533 2531/1459/2534
f 2536/1460/2535 2534/1458/2533 2533/1457/2532 2535/1461/2536
f 2538/1462/2537 2536/1460/2535 2535/1461/2536 2537/1463/2538
f 2537/1463/2538 2532/1456/2531 2531/1459/2534 2538/1462/2537
f 2531/1459/2534 2534/1458/2533 2528/1464/2539 2527/1465/2540
f 2532/1456/2531 2537/1463/2538 2518/1447/2522 2519/1446/2521
f 2533/1457/2532 2532/1456/2531 2519/1446/2521 2526/1441/2516
f 2538/1462/2537 2531/1459/2534 2527/1465/2540 2530/1453/2528
f 2534/1458/2533 2536/1460/2535 2529/1452/2527 2528/1464/2539
f 2535/1461/2536 2533/1457/2532 2526/1441/2516 2511/1440/2515
f 2536/1460/2535 2538/1462/2537 2530/1453/2528 2529/1452/2527
f 2537/1463/2538 2535/1461/2536 2511/1440/2515 2518/1447/2522
f 2546/1477/2541 2542/1478/2542 2544/1479/2543
f 2548/1480/2544 2545/1481/2545 2543/1482/2546
f 2546/1477/2541 2544/1479/2543 2547/1483/2547
f 2548/1480/2544 2549/1484/2548 2545/1481/2545
f 2546/1477/2541 2547/1483/2547 2542/1478/2542
f 2548/1480/2544 2543/1482/2546 2549/1484/2548
f 2542/1478/2542 2539/1485/2549 2540/1486/2550 2544/1479/2543
f 2547/1483/2547 2541/1487/2551 2539/1485/2549 2542/1478/2542
f 2541/1487/2551 2549/1484/2548 2543/1482/2546 2539/1485/2549
f 2539/1485/2549 2543/1482/2546 2545/1481/2545 2540/1486/2550
f 2544/1479/2543 2540/1486/2550 2541/1487/2551 2547/1483/2547
f 2540/1486/2550 2545/1481/2545 2549/1484/2548 2541/1487/2551
f 2557/2527/2552 2553/2528/2553 2555/2529/2554
f 2559/2530/2555 2556/2531/2556 2554/2532/2557
f 2557/2527/2552 2555/2529/2554 2558/2533/2558
f 2559/2530/2555 2560/2534/2559 2556/2531/2556
f 2557/2527/2552 2558/2533/2558 2553/2528/2553
f 2559/2530/2555 2554/2532/2557 2560/2534/2559
f 2553/2528/2553 2550/2535/2560 2551/2536/2561 2555/2529/2554
f 2558/2533/2558 2552/2537/2562 2550/2535/2560 2553/2528/2553
f 2552/2537/2562 2560/2534/2559 2554/2532/2557 2550/2535/2560
f 2550/2535/2560 2554/2532/2557 2556/2531/2556 2551/2536/2561
f 2555/2529/2554 2551/2536/2561 2552/2537/2562 2558/2533/2558
f 2551/2536/2561 2556/2531/2556 2560/2534/2559 2552/2537/2562
f 2568/1488/2563 2564/1489/2564 2566/1490/2565
f 2570/1491/2566 2567/1492/2567 2565/1493/2568
f 2568/1488/2563 2566/1490/2565 2569/1494/2569
f 2570/1491/2566 2571/1495/2570 2567/1492/2567
f 2568/1488/2563 2569/1494/2569 2564/1489/2564
f 2570/1491/2566 2565/1493/2568 2571/1495/2570
f 2564/1489/2564 2561/1496/2571 2562/1497/2572 2566/1490/2565
f 2569/1494/2569 2563/1498/2573 2561/1496/2571 2564/1489/2564
f 2563/1498/2573 2571/1495/2570 2565/1493/2568 2561/1496/2571
f 2561/1496/2571 2565/1493/2568 2567/1492/2567 2562/1497/2572
f 2566/1490/2565 2562/1497/2572 2563/1498/2573 2569/1494/2569
f 2562/1497/2572 2567/1492/2567 2571/1495/2570 2563/1498/2573
f 2579/1499/2574 2575/1500/2575 2577/1501/2576
f 2581/1502/2577 2578/1503/2578 2576/1504/2579
f 2579/1499/2574 2577/1501/2576 2580/1505/2580
f 2581/1502/2577 2582/1506/2581 2578/1503/2578
f 2579/1499/2574 2580/1505/2580 2575/1500/2575
f 2581/1502/2577 2576/1504/2579 2582/1506/2581
f 2575/1500/2575 2572/1507/2582 2573/1508/2583 2577/1501/2576
f 2580/1505/2580 2574/1509/2584 2572/1507/2582 2575/1500/2575
f 2574/1509/2584 2582/1506/2581 2576/1504/2579 2572/1507/2582
f 2572/1507/2582 2576/1504/2579 2578/1503/2578 2573/1508/2583
f 2577/1501/2576 2573/1508/2583 2574/1509/2584 2580/1505/2580
f 2573/1508/2583 2578/1503/2578 2582/1506/2581 2574/1509/2584
f 2590/2538/2585 2586/2539/2586 2588/2540/2587
f 2592/2541/2588 2589/2542/2589 2587/2543/2590
f 2590/2538/2585 2588/2540/2587 2591/2544/2591
f 2592/2541/2588 2593/2545/2592 2589/2542/2589
f 2590/2538/2585 2591/2544/2591 2586/2539/2586
f 2592/2541/2588 2587/2543/2590 2593/2545/2592
f 2586/2539/2586 2583/2546/2593 2584/2547/2594 2588/2540/2587
f 2591/2544/2591 2585/2548/2595 2583/2546/2593 2586/2539/2586
f 2585/2548/2595 2593/2545/2592 2587/2543/2590 2583/2546/2593
f 2583/2546/2593 2587/2543/2590 2589/2542/2589 2584/2547/2594
f 2588/2540/2587 2584/2547/2594 2585/2548/2595 2591/2544/2591
f 2584/2547/2594 2589/2542/2589 2593/2545/2592 2585/2548/2595
f 2601/2549/2596 2597/2550/2597 2599/2551/2598
f 2603/2552/2599 2600/2553/2600 2598/2554/2601
f 2601/2549/2596 2599/2551/2598 2602/2555/2602
f 2603/2552/2599 2604/2556/2603 2600/2553/2600
f 2601/2549/2596 2602/2555/2602 2597/2550/2597
f 2603/2552/2599 2598/2554/2601 2604/2556/2603
f 2597/2550/2597 2594/2557/2604 2595/2558/2605 2599/2551/2598
f 2602/2555/2602 2596/2559/2606 2594/2557/2604 2597/2550/2597
f 2596/2559/2606 2604/2556/2603 2598/2554/2601 2594/2557/2604
f 2594/2557/2604 2598/2554/2601 2600/2553/2600 2595/2558/2605
f 2599/2551/2598 2595/2558/2605 2596/2559/2606 2602/2555/2602
f 2595/2558/2605 2600/2553/2600 2604/2556/2603 2596/2559/2606
f 2612/1510/2607 2608/1511/2608 2610/1512/2609
f 2614/1513/2610 2611/1514/2611 2609/1515/2612
f 2612/1510/2607 2610/1512/2609 2613/1516/2613
f 2614/1513/2610 2615/1517/2614 2611/1514/2611
f 2612/1510/2607 2613/1516/2613 2608/1511/2608
f 2614/1513/2610 2609/1515/2612 2615/1517/2614
f 2608/1511/2608 2605/1518/2615 2606/1519/2616 2610/1512/2609
f 2613/1516/2613 2607/1520/2617 2605/1518/2615 2608/1511/2608
f 2607/1520/2617 2615/1517/2614 2609/1515/2612 2605/1518/2615
f 2605/1518/2615 2609/1515/2612 2611/1514/2611 2606/1519/2616
f 2610/1512/2609 2606/1519/2616 2607/1520/2617 2613/1516/2613
f 2606/1519/2616 2611/1514/2611 2615/1517/2614 2607/1520/2617
f 2623/1521/2618 2619/1522/2619 2621/1523/2620
f 2625/1524/2621 2622/1525/2622 2620/1526/2623
f 2623/1521/2618 2621/1523/2620 2624/1527/2624
f 2625/1524/2621 2626/1528/2625 2622/1525/2622
f 2623/1521/2618 2624/1527/2624 2619/1522/2619
f 2625/1524/2621 2620/1526/2623 2626/1528/2625
f 2619/1522/2619 2616/1529/2626 2617/1530/2627 2621/1523/2620
f 2624/1527/2624 2618/1531/2628 2616/1529/2626 2619/1522/2619
f 2618/1531/2628 2626/1528/2625 2620/1526/2623 2616/1529/2626
f 2616/1529/2626 2620/1526/2623 2622/1525/2622 2617/1530/2627
f 2621/1523/2620 2617/1530/2627 2618/1531/2628 2624/1527/2624
f 2617/1530/2627 2622/1525/2622 2626/1528/2625 2618/1531/2628
f 2634/1532/2629 2630/1533/2630 2632/1534/2631
f 2636/1535/2632 2633/1536/2633 2631/1537/2634
f 2634/1532/2629 2632/1534/2631 2635/1538/2635
f 2636/1535/2632 2637/1539/2636 2633/1536/2633
f 2634/1532/2629 2635/1538/2635 2630/1533/2630
f 2636/1535/2632 2631/1537/2634 2637/1539/2636
f 2630/1533/2630 2627/1540/2637 2628/1541/2638 2632/1534/2631
f 2635/1538/2635 2629/1542/2639 2627/1540/2637 2630/1533/2630
f 2629/1542/2639 2637/1539/2636 2631/1537/2634 2627/1540/2637
f 2627/1540/2637 2631/1537/2634 2633/1536/2633 2628/1541/2638
f 2632/1534/2631 2628/1541/2638 2629/1542/2639 2635/1538/2635
f 2628/1541/2638 2633/1536/2633 2637/1539/2636 2629/1542/2639
f 2645/1565/2640 2641/1566/2641 2643/1567/2642
f 2647/1568/2643 2644/1569/2644 2642/1570/2645
f 2645/1565/2640 2643/1567/2642 2646/1571/2646
f 2647/1568/2643 2648/1572/2647 2644/1569/2644
f 2645/1565/2640 2646/1571/2646 2641/1566/2641
f 2647/1568/2643 2642/1570/2645 2648/1572/2647
f 2641/1566/2641 2638/1573/2648 2639/1574/2649 2643/1567/2642
f 2646/1571/2646 2640/1575/2650 2638/1573/2648 2641/1566/2641
f 2640/1575/2650 2648/1572/2647 2642/1570/2645 2638/1573/2648
f 2638/1573/2648 2642/1570/2645 2644/1569/2644 2639/1574/2649
f 2643/1567/2642 2639/1574/2649 2640/1575/2650 2646/1571/2646
f 2639/1574/2649 2644/1569/2644 2648/1572/2647 2640/1575/2650
f 2656/2560/2651 2652/2561/2652 2654/2562/2653
f 2658/2563/2654 2655/2564/2655 2653/2565/2656
f 2656/2560/2651 2654/2562/2653 2657/2566/2657
f 2658/2563/2654 2659/2567/2658 2655/2564/2655
f 2656/2560/2651 2657/2566/2657 2652/2561/2652
f 2658/2563/2654 2653/2565/2656 2659/2567/2658
f 2652/2561/2652 2649/2568/2659 2650/2569/2660 2654/2562/2653
f 2657/2566/2657 2651/2570/2661 2649/2568/2659 2652/2561/2652
f 2651/2570/2661 2659/2567/2658 2653/2565/2656 2649/2568/2659
f 2649/2568/2659 2653/2565/2656 2655/2564/2655 2650/2569/2660
f 2654/2562/2653 2650/2569/2660 2651/2570/2661 2657/2566/2657
f 2650/2569/2660 2655/2564/2655 2659/2567/2658 2651/2570/2661
f 2667/1598/2662 2663/1599/2663 2665/1600/2664
f 2669/1601/2665 2666/1602/2666 2664/1603/2667
f 2667/1598/2662 2665/1600/2664 2668/1604/2668
f 2669/1601/2665 2670/1605/2669 2666/1602/2666
f 2667/1598/2662 2668/1604/2668 2663/1599/2663
f 2669/1601/2665 2664/1603/2667 2670/1605/2669
f 2663/1599/2663 2660/1606/2670 2661/1607/2671 2665/1600/2664
f 2668/1604/2668 2662/1608/2672 2660/1606/2670 2663/1599/2663
f 2662/1608/2672 2670/1605/2669 2664/1603/2667 2660/1606/2670
f 2660/1606/2670 2664/1603/2667 2666/1602/2666 2661/1607/2671
f 2665/1600/2664 2661/1607/2671 2662/1608/2672 2668/1604/2668
f 2661/1607/2671 2666/1602/2666 2670/1605/2669 2662/1608/2672
f 2678/2571/2673 2674/2572/2674 2676/2573/2675
f 2680/2574/2676 2677/2575/2677 2675/2576/2678
f 2678/2571/2673 2676/2573/2675 2679/2577/2679
f 2680/2574/2676 2681/2578/2680 2677/2575/2677
f 2678/2571/2673 2679/2577/2679 2674/2572/2674
f 2680/2574/2676 2675/2576/2678 2681/2578/2680
f 2674/2572/2674 2671/2579/2681 2672/2580/2682 2676/2573/2675
f 2679/2577/2679 2673/2581/2683 2671/2579/2681 2674/2572/2674
f 2673/2581/2683 2681/2578/2680 2675/2576/2678 2671/2579/2681
f 2671/2579/2681 2675/2576/2678 2677/2575/2677 2672/2580/2682
f 2676/2573/2675 2672/2580/2682 2673/2581/2683 2679/2577/2679
f 2672/2580/2682 2677/2575/2677 2681/2578/2680 2673/2581/2683
f 2689/2582/2684 2685/2583/2685 2687/2584/2686
f 2691/2585/2687 2688/2586/2688 2686/2587/2689
f 2689/2582/2684 2687/2584/2686 2690/2588/2690
f 2691/2585/2687 2692/2589/2691 2688/2586/2688
f 2689/2582/2684 2690/2588/2690 2685/2583/2685
f 2691/2585/2687 2686/2587/2689 2692/2589/2691
f 2685/2583/2685 2682/2590/2692 2683/2591/2693 2687/2584/2686
f 2690/2588/2690 2684/2592/2694 2682/2590/2692 2685/2583/2685
f 2684/2592/2694 2692/2589/2691 2686/2587/2689 2682/2590/2692
f 2682/2590/2692 2686/2587/2689 2688/2586/2688 2683/2591/2693
f 2687/2584/2686 2683/2591/2693 2684/2592/2694 2690/2588/2690
f 2683/2591/2693 2688/2586/2688 2692/2589/2691 2684/2592/2694
f 2700/2593/2695 2696/2594/2696 2698/2595/2697
f 2702/2596/2698 2699/2597/2699 2697/2598/2700
f 2700/2593/2695 2698/2595/2697 2701/2599/2701
f 2702/2596/2698 2703/2600/2702 2699/2597/2699
f 2700/2593/2695 2701/2599/2701 2696/2594/2696
f 2702/2596/2698 2697/2598/2700 2703/2600/2702
f 2696/2594/2696 2693/2601/2703 2694/2602/2704 2698/2595/2697
f 2701/2599/2701 2695/2603/2705 2693/2601/2703 2696/2594/2696
f 2695/2603/2705 2703/2600/2702 2697/2598/2700 2693/2601/2703
f 2693/2601/2703 2697/2598/2700 2699/2597/2699 2694/2602/2704
f 2698/2595/2697 2694/2602/2704 2695/2603/2705 2701/2599/2701
f 2694/2602/2704 2699/2597/2699 2703/2600/2702 2695/2603/2705
f 2711/2604/2706 2707/2605/2707 2709/2606/2708
f 2713/2607/2709 2710/2608/2710 2708/2609/2711
f 2711/2604/2706 2709/2606/2708 2712/2610/2712
f 2713/2607/2709 2714/2611/2713 2710/2608/2710
f 2711/2604/2706 2712/2610/2712 2707/2605/2707
f 2713/2607/2709 2708/2609/2711 2714/2611/2713
f 2707/2605/2707 2704/2612/2714 2705/2613/2715 2709/2606/2708
f 2712/2610/2712 2706/2614/2716 2704/2612/2714 2707/2605/2707
f 2706/2614/2716 2714/2611/2713 2708/2609/2711 2704/2612/2714
f 2704/2612/2714 2708/2609/2711 2710/2608/2710 2705/2613/2715
f 2709/2606/2708 2705/2613/2715 2706/2614/2716 2712/2610/2712
f 2705/2613/2715 2710/2608/2710 2714/2611/2713 2706/2614/2716
f 2722/2615/2717 2718/2616/2718 2720/2617/2719
f 2724/2618/2720 2721/2619/2721 2719/2620/2722
f 2722/2615/2717 2720/2617/2719 2723/2621/2723
f 2724/2618/2720 2725/2622/2724 2721/2619/2721
f 2722/2615/2717 2723/2621/2723 2718/2616/2718
f 2724/2618/2720 2719/2620/2722 2725/2622/2724
f 2718/2616/2718 2715/2623/2725 2716/2624/2726 2720/2617/2719
f 2723/2621/2723 2717/2625/2727 2715/2623/2725 2718/2616/2718
f 2717/2625/2727 2725/2622/2724 2719/2620/2722 2715/2623/2725
f 2715/2623/2725 2719/2620/2722 2721/2619/2721 2716/2624/2726
f 2720/2617/2719 2716/2624/2726 2717/2625/2727 2723/2621/2723
f 2716/2624/2726 2721/2619/2721 2725/2622/2724 2717/2625/2727
f 2733/1642/2728 2729/1643/2729 2731/1644/2730
f 2735/1645/2731 2732/1646/2732 2730/1647/2733
f 2733/1642/2728 2731/1644/2730 2734/1648/2734
f 2735/1645/2731 2736/1649/2735 2732/1646/2732
f 2733/1642/2728 2734/1648/2734 2729/1643/2729
f 2735/1645/2731 2730/1647/2733 2736/1649/2735
f 2729/1643/2729 2726/1650/2736 2727/1651/2737 2731/1644/2730
f 2734/1648/2734 2728/1652/2738 2726/1650/2736 2729/1643/2729
f 2728/1652/2738 2736/1649/2735 2730/1647/2733 2726/1650/2736
f 2726/1650/2736 2730/1647/2733 2732/1646/2732 2727/1651/2737
f 2731/1644/2730 2727/1651/2737 2728/1652/2738 2734/1648/2734
f 2727/1651/2737 2732/1646/2732 2736/1649/2735 2728/1652/2738
f 2744/2626/2739 2740/2627/2740 2742/2628/2741
f 2746/2629/2742 2743/2630/2743 2741/2631/2744
f 2744/2626/2739 2742/2628/2741 2745/2632/2745
f 2746/2629/2742 2747/2633/2746 2743/2630/2743
f 2744/2626/2739 2745/2632/2745 2740/2627/2740
f 2746/2629/2742 2741/2631/2744 2747/2633/2746
f 2740/2627/2740 2737/2634/2747 2738/2635/2748 2742/2628/2741
f 2745/2632/2745 2739/2636/2749 2737/2634/2747 2740/2627/2740
f 2739/2636/2749 2747/2633/2746 2741/2631/2744 2737/2634/2747
f 2737/2634/2747 2741/2631/2744 2743/2630/2743 2738/2635/2748
f 2742/2628/2741 2738/2635/2748 2739/2636/2749 2745/2632/2745
f 2738/2635/2748 2743/2630/2743 2747/2633/2746 2739/2636/2749
f 2750/1455/2530 2751/1454/2529 2748/1664/2750 2749/1665/2751
f 2527/1465/2540 2528/1464/2539 2749/1665/2751 2748/1664/2750
f 2530/1453/2528 2527/1465/2540 2748/1664/2750 2751/1454/2529
f 2528/1464/2539 2529/1452/2527 2750/1455/2530 2749/1665/2751
f 2774/1666/2752 2773/1667/2753 2782/1668/2754 2781/1669/2755
f 2752/1670/2756 2753/1671/2757 2777/1672/2758 2776/1673/2759
f 2768/1674/2760 2752/1670/2756 2776/1673/2759 2775/1675/2761
f 2787/1676/2762 2768/1674/2760 2775/1675/2761 2790/1677/2763
f 2773/1667/2753 2772/1678/2764 2783/1679/2765 2782/1668/2754
f 2788/1680/2766 2774/1666/2752 2781/1669/2755 2791/1681/2767
f 2787/1676/2762 2763/1682/2768 2762/1683/2769 2785/1684/2770
f 2788/1680/2766 2767/1685/2771 2766/1686/2772 2790/1677/2763
f 2789/1687/2773 2765/1688/2774 2764/1689/2775 2791/1681/2767
f 2762/1683/2769 2763/1682/2768 2766/1686/2772 2767/1685/2771 2764/1689/2775 2765/1688/2774 2760/1690/2776 2761/1691/2777
f 2789/1687/2773 2780/1692/2778 2759/1693/2779 2784/1694/2780
f 2780/1692/2778 2779/1695/2781 2758/1696/2782 2759/1693/2779
f 2779/1695/2781 2778/1697/2783 2757/1698/2784 2758/1696/2782
f 2786/1699/2785 2754/1700/2786 2769/1701/2787 2785/1684/2770
f 2754/1700/2786 2755/1702/2788 2770/1703/2789 2769/1701/2787
f 2755/1702/2788 2756/1704/2790 2771/1705/2791 2770/1703/2789
f 2778/1697/2783 2779/1695/2781 2782/1668/2754 2783/1679/2765
f 2779/1695/2781 2780/1692/2778 2781/1669/2755 2782/1668/2754
f 2772/1678/2764 2773/1667/2753 2776/1673/2759 2777/1672/2758
f 2773/1667/2753 2774/1666/2752 2775/1675/2761 2776/1673/2759
f 2753/1671/2757 2752/1670/2756 2770/1703/2789 2771/1705/2791
f 2752/1670/2756 2768/1674/2760 2769/1701/2787 2770/1703/2789
f 2784/1694/2780 2759/1693/2779 2754/1700/2786 2786/1699/2785
f 2759/1693/2779 2758/1696/2782 2755/1702/2788 2754/1700/2786
f 2758/1696/2782 2757/1698/2784 2756/1704/2790 2755/1702/2788
f 2760/1690/2776 2784/1694/2780 2786/1699/2785 2761/1691/2777
f 2761/1691/2777 2786/1699/2785 2785/1684/2770 2762/1683/2769
f 2765/1688/2774 2789/1687/2773 2784/1694/2780 2760/1690/2776
f 2780/1692/2778 2789/1687/2773 2791/1681/2767 2781/1669/2755
f 2774/1666/2752 2788/1680/2766 2790/1677/2763 2775/1675/2761
f 2768/1674/2760 2787/1676/2762 2785/1684/2770 2769/1701/2787
f 2767/1685/2771 2788/1680/2766 2791/1681/2767 2764/1689/2775
f 2763/1682/2768 2787/1676/2762 2790/1677/2763 2766/1686/2772
f 2795/1706/2792 2792/1707/2793 2793/1708/2794 2794/1709/2795
f 2799/1710/2796 2796/1711/2797 2797/1712/2798 2798/1713/2799
f 2807/1714/2800 2804/1715/2801 2805/1716/2802 2806/1717/2803
f 2803/1718/2804 2800/1719/2805 2801/1720/2806 2802/1721/2807
f 2792/1707/2793 2799/1710/2796 2798/1713/2799 2793/1708/2794
f 2800/1719/2805 2795/1706/2792 2794/1709/2795 2801/1720/2806
f 2802/1721/2807 2805/1716/2802 2804/1715/2801 2803/1718/2804
f 2806/1717/2803 2797/1712/2798 2796/1711/2797 2807/1714/2800
f 2756/1704/2790 2793/1708/2794 2798/1713/2799 2771/1705/2791
f 2757/1698/2784 2794/1709/2795 2793/1708/2794 2756/1704/2790
f 2778/1697/2783 2801/1720/2806 2794/1709/2795 2757/1698/2784
f 2797/1712/2798 2753/1671/2757 2771/1705/2791 2798/1713/2799
f 2753/1671/2757 2797/1712/2798 2806/1717/2803 2777/1672/2758
f 2801/1720/2806 2778/1697/2783 2783/1679/2765 2802/1721/2807
f 2772/1678/2764 2805/1716/2802 2802/1721/2807 2783/1679/2765
f 2805/1716/2802 2772/1678/2764 2777/1672/2758 2806/1717/2803
f 2795/1706/2792 2800/1719/2805 2803/1718/2804 2804/1715/2801 2807/1714/2800 2796/1711/2797 2799/1710/2796 2792/1707/2793
f 2830/1666/2808 2829/1667/2809 2838/1668/2810 2837/1669/2811
f 2808/1670/2812 2809/1671/2813 2833/1672/2814 2832/1673/2815
f 2824/1674/2816 2808/1670/2812 2832/1673/2815 2831/1675/2817
f 2843/1676/2818 2824/1674/2816 2831/1675/2817 2846/1677/2819
f 2829/1667/2809 2828/1678/2820 2839/1679/2821 2838/1668/2810
f 2844/1680/2822 2830/1666/2808 2837/1669/2811 2847/1681/2823
f 2843/1676/2818 2819/1682/2824 2818/1683/2825 2841/1684/2826
f 2844/1680/2822 2823/1685/2827 2822/1686/2828 2846/1677/2819
f 2845/1687/2829 2821/1688/2830 2820/1689/2831 2847/1681/2823
f 2818/1683/2825 2819/1682/2824 2822/1686/2828 2823/1685/2827 2820/1689/2831 2821/1688/2830 2816/1690/2832 2817/1691/2833
f 2845/1687/2829 2836/1692/2834 2815/1693/2835 2840/1694/2836
f 2836/1692/2834 2835/1695/2837 2814/1696/2838 2815/1693/2835
f 2835/1695/2837 2834/1697/2839 2813/1698/2840 2814/1696/2838
f 2842/1699/2841 2810/1700/2842 2825/1701/2843 2841/1684/2826
f 2810/1700/2842 2811/1702/2844 2826/1703/2845 2825/1701/2843
f 2811/1702/2844 2812/1704/2846 2827/1705/2847 2826/1703/2845
f 2834/1697/2839 2835/1695/2837 2838/1668/2810 2839/1679/2821
f 2835/1695/2837 2836/1692/2834 2837/1669/2811 2838/1668/2810
f 2828/1678/2820 2829/1667/2809 2832/1673/2815 2833/1672/2814
f 2829/1667/2809 2830/1666/2808 2831/1675/2817 2832/1673/2815
f 2809/1671/2813 2808/1670/2812 2826/1703/2845 2827/1705/2847
f 2808/1670/2812 2824/1674/2816 2825/1701/2843 2826/1703/2845
f 2840/1694/2836 2815/1693/2835 2810/1700/2842 2842/1699/2841
f 2815/1693/2835 2814/1696/2838 2811/1702/2844 2810/1700/2842
f 2814/1696/2838 2813/1698/2840 2812/1704/2846 2811/1702/2844
f 2816/1690/2832 2840/1694/2836 2842/1699/2841 2817/1691/2833
f 2817/1691/2833 2842/1699/2841 2841/1684/2826 2818/1683/2825
f 2821/1688/2830 2845/1687/2829 2840/1694/2836 2816/1690/2832
f 2836/1692/2834 2845/1687/2829 2847/1681/2823 2837/1669/2811
f 2830/1666/2808 2844/1680/2822 2846/1677/2819 2831/1675/2817
f 2824/1674/2816 2843/1676/2818 2841/1684/2826 2825/1701/2843
f 2823/1685/2827 2844/1680/2822 2847/1681/2823 2820/1689/2831
f 2819/1682/2824 2843/1676/2818 2846/1677/2819 2822/1686/2828
f 2851/1706/2848 2848/1707/2849 2849/1708/2850 2850/1709/2851
f 2855/1710/2852 2852/1711/2853 2853/1712/2854 2854/1713/2855
f 2863/1714/2856 2860/1715/2857 2861/1716/2858 2862/1717/2859
f 2859/1718/2860 2856/1719/2861 2857/1720/2862 2858/1721/2863
f 2848/1707/2849 2855/1710/2852 2854/1713/2855 2849/1708/2850
f 2856/1719/2861 2851/1706/2848 2850/1709/2851 2857/1720/2862
f 2858/1721/2863 2861/1716/2858 2860/1715/2857 2859/1718/2860
f 2862/1717/2859 2853/1712/2854 2852/1711/2853 2863/1714/2856
f 2812/1704/2846 2849/1708/2850 2854/1713/2855 2827/1705/2847
f 2813/1698/2840 2850/1709/2851 2849/1708/2850 2812/1704/2846
f 2834/1697/2839 2857/1720/2862 2850/1709/2851 2813/1698/2840
f 2853/1712/2854 2809/1671/2813 2827/1705/2847 2854/1713/2855
f 2809/1671/2813 2853/1712/2854 2862/1717/2859 2833/1672/2814
f 2857/1720/2862 2834/1697/2839 2839/1679/2821 2858/1721/2863
f 2828/1678/2820 2861/1716/2858 2858/1721/2863 2839/1679/2821
f 2861/1716/2858 2828/1678/2820 2833/1672/2814 2862/1717/2859
f 2851/1706/2848 2856/1719/2861 2859/1718/2860 2860/1715/2857 2863/1714/2856 2852/1711/2853 2855/1710/2852 2848/1707/2849
f 2867/77/2864 2871/78/2865 2872/79/2866 2868/80/2867
f 2869/81/2868 2872/79/2866 2871/78/2865 2870/82/2869
f 2876/83/2870 2864/84/2871 2877/85/2872
f 2878/86/2873 2870/82/2869 2871/78/2865 2877/85/2872
f 2873/87/2874 2874/88/2875 2875/89/2876
f 2869/81/2868 2866/90/2877 2875/89/2876 2874/88/2875 2872/79/2866
f 2865/91/2878 2868/80/2867 2872/79/2866 2874/88/2875 2873/87/2874
f 2864/84/2871 2878/86/2873 2877/85/2872
f 2867/77/2864 2876/83/2870 2877/85/2872 2871/78/2865
