# Blender 4.5.5 LTS
# www.blender.org
mtllib Damage_Ripening_Panicle_and_grain_feeding_damage.mtl
o SM_Panicle_and_grain_feeding_damage
v -0.213645 1.418327 0.013016
v -0.137086 1.839708 -0.027059
v -0.151590 0.563480 0.080661
v -0.165688 1.414063 0.025944
v -0.093152 1.831104 -0.016754
v -0.080270 1.827178 -0.034821
v -0.150331 1.411986 0.006689
v -0.125493 0.563382 0.052656
v -0.075161 -0.082671 0.050441
v -0.103336 -0.082671 0.080312
v -0.151114 -0.082671 0.081708
v -0.180985 -0.082671 0.053532
v -0.106428 -0.082671 -0.025512
v -0.076557 -0.082671 0.002663
v -0.182381 -0.082671 0.005755
v -0.154206 -0.082671 -0.024117
v -0.224145 0.563737 0.055603
v -0.196134 0.563639 0.081992
v -0.194277 1.416928 0.028803
v -0.118800 1.836762 -0.013250
v -0.128689 1.834988 -0.071326
v -0.201593 1.415745 -0.035050
v -0.199617 0.563663 -0.017159
v -0.225714 0.563748 0.010837
v -0.216946 1.417793 -0.015813
v -0.141571 1.838911 -0.053267
v -0.084715 1.826372 -0.061050
v -0.153644 1.411455 -0.022134
v -0.127072 0.563390 0.007890
v -0.155087 0.563501 -0.018489
v -0.173018 1.412885 -0.037901
v -0.103002 1.829323 -0.074849
v -0.115466 0.246179 0.050892
v -0.188648 0.238084 0.081187
v -0.142605 0.243119 0.079842
v -0.217441 0.235026 0.053867
v -0.191646 0.238084 -0.021405
v -0.116824 0.246180 0.004577
v -0.218794 0.235026 0.007549
v -0.145608 0.243120 -0.022747
v 0.278243 2.844236 -0.131531
v 0.272790 2.852505 -0.118650
v 0.259590 2.865474 -0.116733
v 0.249016 2.872927 -0.127298
v 0.244664 2.872070 -0.146572
v 0.249966 2.863625 -0.159442
v 0.263169 2.850655 -0.161337
v 0.273894 2.843377 -0.150783
v 0.525783 3.060652 -0.207018
v 0.525301 3.071371 -0.195386
v 0.518996 3.086213 -0.194137
v 0.511796 3.093585 -0.204278
v 0.507368 3.092244 -0.222963
v 0.508833 3.082683 -0.235251
v 0.515175 3.067810 -0.236477
v 0.521367 3.059271 -0.225671
v 0.738431 3.156775 -0.259756
v 0.738342 3.171485 -0.260390
v 0.735413 3.170846 -0.274805
v 0.735502 3.156136 -0.274171
v 0.196741 2.704274 -0.104484
v 0.137284 2.565698 -0.094123
v 0.146088 2.560068 -0.108078
v 0.205053 2.699614 -0.117994
v 0.164999 2.714857 -0.111511
v 0.104250 2.578904 -0.101332
v 0.118403 2.574200 -0.091087
v 0.178665 2.711166 -0.101558
v 0.200681 2.698741 -0.137269
v 0.141612 2.559164 -0.127945
v 0.127405 2.563727 -0.138155
v 0.187086 2.702386 -0.147208
v 0.169007 2.709276 -0.144281
v 0.108516 2.572233 -0.135102
v 0.099769 2.578002 -0.121186
v 0.160623 2.713983 -0.130786
v -0.655368 0.509514 -0.087341
v -0.193959 0.323621 0.055048
v -0.168499 0.328225 -0.010438
v -0.412821 0.877616 0.020220
v -0.299300 0.724297 0.055662
v -0.266171 0.729404 -0.072250
v -0.390064 0.896608 -0.097890
v -0.413092 0.832142 -0.045032
v -0.322716 0.684128 -0.015497
v -0.183561 0.289833 0.037180
v -0.226316 0.298075 0.019046
v -0.171096 0.292784 0.004946
v -0.524040 0.739204 -0.038167
v -0.484091 0.721111 -0.066151
v -0.527510 0.752523 -0.093216
v 0.375606 1.211887 -0.442813
v -0.056877 0.778125 -0.047562
v -0.017736 0.786307 0.010577
v 0.104040 1.305217 -0.215098
v 0.024645 1.157605 -0.148073
v 0.109459 1.164876 -0.048848
v 0.185867 1.307276 -0.123988
v 0.133670 1.247430 -0.162467
v 0.074893 1.098529 -0.105041
v -0.053269 0.743841 -0.023871
v -0.020965 0.735714 -0.039261
v -0.033864 0.748582 0.004594
v 0.259349 1.338412 -0.319774
v 0.253463 1.295705 -0.283063
v 0.296621 1.339669 -0.276464
v 0.048173 1.572949 -0.696862
v -0.209845 1.254225 -0.032740
v -0.156439 1.266851 0.019600
v -0.154985 1.896427 -0.324030
v -0.222479 1.658001 -0.124089
v -0.114113 1.679647 -0.037927
v -0.050137 1.925334 -0.261697
v -0.108082 1.868246 -0.254933
v -0.149035 1.629404 -0.117526
v -0.192931 1.222641 -0.016037
v -0.167646 1.235609 -0.049290
v -0.166688 1.229541 0.009679
v -0.027728 1.761296 -0.539312
v -0.012851 1.732384 -0.493125
v 0.020824 1.774740 -0.509242
v -0.498715 0.922045 0.493682
v -0.178760 0.519748 0.070503
v -0.229472 0.529436 0.047180
v -0.279259 1.136801 0.338697
v -0.206294 0.943094 0.197908
v -0.306648 0.954584 0.160922
v -0.368925 1.153364 0.299556
v -0.309701 1.103849 0.289916
v -0.256425 0.895005 0.186128
v -0.187887 0.481042 0.057928
v -0.208234 0.490937 0.082285
v -0.212941 0.486619 0.046569
v -0.415353 1.043938 0.444134
v -0.405685 1.031188 0.399692
v -0.452245 1.055892 0.419360
v -0.623714 2.515866 -0.333102
v -0.214410 0.348250 0.020201
v -0.140484 0.374780 -0.010851
v -0.437028 1.704934 -0.083675
v -0.324249 1.067342 0.011307
v -0.189144 1.113920 -0.061447
v -0.313093 1.748376 -0.151765
v -0.386746 1.658852 -0.155156
v -0.268589 1.021273 -0.064935
v -0.188068 0.293145 0.008561
v -0.197683 0.317719 -0.033390
v -0.151799 0.307422 -0.006663
v -0.508222 2.189567 -0.198242
v -0.492936 2.136649 -0.242113
v -0.450276 2.207851 -0.230092
v 0.188467 1.328885 0.139255
v 0.309397 1.732192 0.227283
v 0.103341 0.474091 0.103608
v 0.212004 1.316021 0.181275
v 0.331624 1.715838 0.264011
v 0.353105 1.710439 0.259866
v 0.236221 1.312063 0.178312
v 0.141439 0.470573 0.102369
v 0.117661 -0.174057 0.040644
v 0.076780 -0.170349 0.041712
v 0.042716 -0.162241 0.009176
v 0.042212 -0.156100 -0.031422
v 0.150391 -0.165912 -0.034249
v 0.150895 -0.172054 0.006349
v 0.075446 -0.154097 -0.065717
v 0.116327 -0.157805 -0.066785
v 0.071090 0.487660 0.035285
v 0.071577 0.481805 0.073319
v 0.190439 1.323617 0.163641
v 0.311893 1.725659 0.249302
v 0.346455 1.727745 0.201606
v 0.230973 1.326060 0.113810
v 0.140142 0.486085 0.001739
v 0.102050 0.489592 0.002971
v 0.206769 1.329987 0.116758
v 0.324978 1.733141 0.205744
v 0.368729 1.711374 0.238341
v 0.254510 1.313171 0.155811
v 0.172390 0.472503 0.070047
v 0.171895 0.478370 0.032020
v 0.252523 1.318469 0.131440
v 0.366226 1.717911 0.216329
v 0.120085 0.156601 0.061292
v 0.047000 0.160009 0.029893
v 0.080296 0.157153 0.061992
v 0.046345 0.162924 -0.009804
v 0.118362 0.164310 -0.043748
v 0.152299 0.158544 0.028043
v 0.078564 0.164866 -0.043051
v 0.151653 0.161456 -0.011651
v 0.678016 2.531168 0.527487
v 0.550478 2.240824 0.427361
v 0.564598 2.235827 0.423883
v 0.688028 2.527488 0.524628
v 0.667360 2.541923 0.510386
v 0.535735 2.255459 0.403436
v 0.537476 2.249713 0.418132
v 0.668689 2.537691 0.521061
v 0.695171 2.527887 0.513514
v 0.574745 2.236430 0.408902
v 0.572951 2.242115 0.394173
v 0.693865 2.532081 0.502875
v 0.684536 2.538604 0.496447
v 0.559896 2.250982 0.384957
v 0.545841 2.256040 0.388468
v 0.674499 2.542323 0.499271
v 0.496742 0.600416 0.145331
v 0.122609 0.328525 0.035552
v 0.076063 0.331128 0.081536
v 0.337247 0.892503 0.044515
v 0.275008 0.670579 0.022828
v 0.196312 0.662827 0.109408
v 0.270401 0.880501 0.125815
v 0.326172 0.828542 0.082821
v 0.247317 0.619597 0.074920
v 0.103619 0.290028 0.046646
v 0.143453 0.294551 0.056713
v 0.080830 0.292075 0.069309
v 0.416595 0.800260 0.095494
v 0.399166 0.747587 0.106387
v 0.389639 0.796774 0.134881
v 0.106126 0.584387 0.734213
v 0.135871 0.123705 0.003866
v 0.078415 0.152408 -0.022657
v 0.175692 0.939749 0.381139
v 0.195499 0.686906 0.197505
v 0.080152 0.736326 0.156758
v 0.066686 0.993350 0.388746
v 0.102868 0.909293 0.361726
v 0.117312 0.650356 0.193078
v 0.114198 0.081874 -0.016070
v 0.092382 0.096401 0.015167
v 0.086033 0.096974 -0.028877
v 0.145108 0.815039 0.534472
v 0.108000 0.812225 0.490068
v 0.093652 0.820196 0.557090
v 1.203572 2.007360 -0.313574
v 1.192638 2.014779 -0.307470
v 1.198151 2.012739 -0.292790
v 1.208921 2.004622 -0.298658
v 0.799557 2.949912 -0.340698
v 0.971442 2.876075 -0.386880
v 1.156781 2.594468 -0.377517
v 1.241635 2.242678 -0.325419
v 1.255092 2.245556 -0.335063
v 1.166895 2.605164 -0.390396
v 0.979427 2.882245 -0.395716
v 0.807233 2.961888 -0.350762
v 0.798378 2.955150 -0.362883
v 0.971053 2.878007 -0.408559
v 1.156908 2.597939 -0.400979
v 1.246198 2.244784 -0.348342
v 1.232279 2.244030 -0.339118
v 1.147985 2.589924 -0.389242
v 0.963159 2.871080 -0.399613
v 0.791153 2.943646 -0.353018
v 0.418835 2.939081 -0.232458
v 0.424663 2.922292 -0.221874
v 0.425814 2.934233 -0.204728
v 0.420006 2.951016 -0.215121
v 0.510030 2.970948 -0.269509
v 0.639035 2.984777 -0.313474
v 0.638699 2.972739 -0.302901
v 0.508371 2.958163 -0.259909
v 0.641578 2.981996 -0.289075
v 0.510848 2.967731 -0.248790
v 0.642014 2.994114 -0.300160
v 0.512540 2.980521 -0.258105
v 1.137439 2.442300 -0.312621
v 1.180324 2.415608 -0.359709
v 1.115368 2.446367 -0.374792
v 1.146992 2.494802 -0.326930
v 1.124054 2.381966 -0.314478
v 1.182148 2.472252 -0.365359
v 1.159391 2.359891 -0.353208
v 1.165327 2.550511 -0.371078
v 1.133882 2.495169 -0.380081
v 1.116370 2.317585 -0.345865
v 1.110951 2.382328 -0.367634
v 1.075162 2.565919 -0.324319
v 1.129192 2.534680 -0.359602
v 1.066678 2.564521 -0.388507
v 1.085448 2.618065 -0.338122
v 1.066649 2.502832 -0.326891
v 1.130192 2.592349 -0.367363
v 1.110829 2.477247 -0.355752
v 1.110323 2.670625 -0.378539
v 1.083937 2.613138 -0.391412
v 1.069899 2.432768 -0.355612
v 1.064673 2.498605 -0.380070
v 1.012588 2.663302 -0.333889
v 1.064070 2.664857 -0.391464
v 0.984882 2.686308 -0.406107
v 1.012429 2.730258 -0.339074
v 1.010069 2.590526 -0.348759
v 1.054481 2.731645 -0.386240
v 1.052908 2.592986 -0.396887
v 1.018750 2.811475 -0.375182
v 0.995875 2.746914 -0.400763
v 1.015542 2.527290 -0.399825
v 0.993369 2.610283 -0.411402
v 0.879920 2.839044 -0.318646
v 0.901491 2.836942 -0.374329
v 0.843750 2.835144 -0.361927
v 0.871193 2.880240 -0.327540
v 0.883194 2.789026 -0.322662
v 0.888852 2.879004 -0.373432
v 0.901067 2.786391 -0.368236
v 0.857941 2.927351 -0.362486
v 0.844941 2.876914 -0.366777
v 0.882813 2.736326 -0.353026
v 0.856945 2.786473 -0.362166
v 0.797146 2.860626 -0.327168
v 0.839647 2.866383 -0.370933
v 0.778073 2.873709 -0.381019
v 0.795149 2.903565 -0.327712
v 0.798279 2.814796 -0.342572
v 0.830063 2.908682 -0.363804
v 0.833237 2.819163 -0.378440
v 0.799448 2.958766 -0.352075
v 0.784315 2.914294 -0.374052
v 0.806124 2.774302 -0.383897
v 0.787560 2.825789 -0.389089
v 0.663916 2.887871 -0.297208
v 0.726026 2.874014 -0.297124
v 0.692369 2.880595 -0.346435
v 0.673605 2.925601 -0.303094
v 0.664469 2.841624 -0.301675
v 0.724618 2.914342 -0.303032
v 0.715457 2.829580 -0.301325
v 0.707763 2.964566 -0.320789
v 0.701864 2.918582 -0.341561
v 0.689676 2.789470 -0.318324
v 0.692766 2.834098 -0.339997
v 1.294089 -0.077486 -0.245081
v 1.325907 -0.025641 -0.287835
v 1.325785 -0.094476 -0.300976
v 1.257769 -0.077330 -0.272622
v 1.346260 -0.077747 -0.229666
v 1.283240 -0.034587 -0.308065
v 1.372589 -0.035129 -0.264763
v 1.229757 -0.067368 -0.329376
v 1.285195 -0.085467 -0.320746
v 1.415609 -0.068567 -0.240534
v 1.374663 -0.086135 -0.277312
v 1.192323 1.972294 -0.261760
v 1.202649 1.966003 -0.320252
v 1.153735 1.988728 -0.298649
v 1.204603 2.008927 -0.269279
v 1.170027 1.933140 -0.266572
v 1.212989 2.003590 -0.317235
v 1.178764 1.928929 -0.315179
v 1.213006 2.055152 -0.302606
v 1.175569 2.021194 -0.303978
v 1.141336 1.898164 -0.298330
v 1.140902 1.946034 -0.301417
v 2.183427 -0.089192 -0.246084
v 2.203475 -0.035931 -0.274766
v 2.204622 -0.094327 -0.297282
v 2.151686 -0.086940 -0.266590
v 2.226982 -0.087547 -0.236762
v 2.168646 -0.043069 -0.289801
v 2.243453 -0.043591 -0.260384
v 2.124412 -0.072639 -0.309943
v 2.169876 -0.086647 -0.309573
v 2.280358 -0.073576 -0.249553
v 2.245596 -0.086320 -0.279573
v 1.174523 2.206418 -0.263721
v 1.198911 2.164228 -0.315963
v 1.149846 2.223070 -0.324822
v 1.201901 2.241803 -0.279302
v 1.139055 2.166528 -0.264466
v 1.221858 2.207374 -0.322272
v 1.159155 2.132199 -0.307579
v 1.234342 2.278229 -0.325859
v 1.185006 2.250813 -0.332272
v 1.104257 2.119134 -0.295670
v 1.122085 2.174722 -0.317099
v 1.259171 2.046210 -0.337329
v 1.208462 2.028991 -0.309891
v 1.255664 2.055256 -0.282571
v 1.244512 2.082579 -0.338032
v 1.270816 2.006370 -0.321810
v 1.202855 2.069043 -0.315712
v 1.229094 1.992337 -0.299271
v 1.212655 2.124536 -0.319498
v 1.236589 2.087285 -0.292099
v 1.266995 1.964818 -0.284455
v 1.263073 2.011836 -0.276273
v 2.008232 -0.087910 -0.433229
v 1.983320 -0.040215 -0.405709
v 1.962697 -0.094259 -0.385249
v 2.037515 -0.087562 -0.406626
v 1.962523 -0.085244 -0.450053
v 2.017531 -0.048524 -0.384298
v 1.941883 -0.045906 -0.427281
v 2.057844 -0.075476 -0.357673
v 1.999792 -0.087857 -0.366497
v 1.899065 -0.070056 -0.445816
v 1.923701 -0.085409 -0.409462
v 1.251081 2.234873 -0.400122
v 1.194574 2.248059 -0.393517
v 1.226903 2.202367 -0.354313
v 1.255183 2.265355 -0.375390
v 1.235538 2.194526 -0.417349
v 1.208821 2.276084 -0.369995
v 1.188921 2.205524 -0.411853
v 1.238819 2.298893 -0.334173
v 1.230735 2.241438 -0.338972
v 1.197276 2.151699 -0.420510
v 1.211058 2.170317 -0.380806
v 1.796167 -0.043397 -0.328740
v 1.827894 -0.095295 -0.346763
v 1.766402 -0.090956 -0.311285
v 1.761273 -0.051967 -0.356499
v 1.830550 -0.049346 -0.294592
v 1.787029 -0.094634 -0.371407
v 1.858305 -0.091085 -0.309690
v 1.720228 -0.087412 -0.390183
v 1.741318 -0.094374 -0.344439
v 1.867036 -0.081428 -0.261995
v 1.811121 -0.090959 -0.283013
v 0.212474 2.776317 -0.160715
v 0.225678 2.760035 -0.152681
v 0.222962 2.768943 -0.131967
v 0.209792 2.785190 -0.139798
v 1.423476 2.407651 -0.078378
v 1.409413 2.409783 -0.075289
v 1.411070 2.405464 -0.060167
v 1.425167 2.402579 -0.063212
v 0.737854 3.170691 -0.086065
v 0.930341 3.163119 -0.081536
v 1.192739 2.952831 -0.055711
v 1.378138 2.638276 -0.036905
v 1.391808 2.647294 -0.040673
v 1.201548 2.968994 -0.062319
v 0.937733 3.173424 -0.085902
v 0.743264 3.186592 -0.090704
v 0.740998 3.181199 -0.106082
v 0.935217 3.170664 -0.101364
v 1.198021 2.962420 -0.076751
v 1.387727 2.647700 -0.056140
v 1.373012 2.640623 -0.052566
v 1.189648 2.949367 -0.070339
v 0.928142 3.159656 -0.096991
v 0.735882 3.165912 -0.101393
v 0.371133 3.025198 -0.119681
v 0.379369 3.008489 -0.110692
v 0.371537 3.015166 -0.092472
v 0.363268 3.031824 -0.101278
v 0.451721 3.090031 -0.117019
v 0.574398 3.150665 -0.110663
v 0.575447 3.136616 -0.103025
v 0.452112 3.075188 -0.110861
v 0.571009 3.142202 -0.087720
v 0.447942 3.081682 -0.098142
v 0.570161 3.156491 -0.095783
v 0.447501 3.096461 -0.104024
v 1.115166 2.889350 -0.039598
v 1.184147 2.885198 -0.058687
v 1.125536 2.903086 -0.102031
v 1.109822 2.944001 -0.040089
v 1.130402 2.829550 -0.055439
v 1.166900 2.940711 -0.055891
v 1.186825 2.826120 -0.071064
v 1.124648 3.010313 -0.060033
v 1.124710 2.953478 -0.090635
v 1.165745 2.773687 -0.092514
v 1.144597 2.839512 -0.105927
v 1.184070 -0.098720 -0.020526
v 1.214978 -0.010596 -0.027575
v 1.233060 -0.068260 -0.080867
v 1.144859 -0.090245 -0.052753
v 1.243093 -0.093579 0.001696
v 1.168978 -0.018827 -0.058607
v 1.270489 -0.020158 -0.003876
v 1.115756 -0.051568 -0.106465
v 1.183935 -0.058414 -0.101021
v 1.325161 -0.055578 0.006210
v 1.286847 -0.061100 -0.045691
v 1.027510 2.964209 -0.053850
v 1.088759 2.995600 -0.088934
v 1.014275 2.997242 -0.126279
v 1.005260 3.027257 -0.047528
v 1.054868 2.900486 -0.080586
v 1.055287 3.053042 -0.076292
v 1.105484 2.927741 -0.109787
v 0.992226 3.113628 -0.065137
v 1.001379 3.054698 -0.107436
v 1.095889 2.857588 -0.136385
v 1.050025 2.931002 -0.140908
v 0.890063 3.068970 -0.122844
v 0.957653 3.068063 -0.109622
v 0.920920 3.103385 -0.162045
v 0.884054 3.111174 -0.105780
v 0.909876 3.027585 -0.150220
v 0.938939 3.111266 -0.094925
v 0.966039 3.025167 -0.139141
v 0.901636 3.166835 -0.090526
v 0.914669 3.137150 -0.134955
v 0.956599 2.994038 -0.183311
v 0.940666 3.054800 -0.179690
v 1.089433 -0.097802 -0.062706
v 1.090328 -0.043601 -0.054784
v 1.097599 -0.066873 -0.103461
v 1.052565 -0.092887 -0.071531
v 1.133934 -0.092010 -0.061272
v 1.053011 -0.048226 -0.065057
v 1.135034 -0.047569 -0.054709
v 1.010930 -0.065755 -0.088981
v 1.058722 -0.063298 -0.102685
v 1.180766 -0.063497 -0.068074
v 1.140796 -0.062649 -0.092334
v 0.842783 3.084988 -0.056382
v 0.878007 3.104154 -0.100679
v 0.823537 3.083033 -0.109510
v 0.822916 3.122918 -0.060744
v 0.864379 3.040908 -0.067297
v 0.851665 3.139137 -0.097211
v 0.893725 3.055812 -0.103629
v 0.804012 3.172093 -0.089740
v 0.811252 3.123162 -0.106610
v 0.890818 3.000475 -0.104251
v 0.852519 3.041937 -0.113280
v 1.126188 -0.082221 -0.089295
v 1.131106 -0.026377 -0.114035
v 1.104836 -0.075289 -0.143433
v 1.084718 -0.072593 -0.083329
v 1.169222 -0.087314 -0.110767
v 1.088381 -0.026563 -0.103717
v 1.173625 -0.041527 -0.131058
v 1.032126 -0.045133 -0.095130
v 1.068545 -0.061814 -0.128074
v 1.207726 -0.075214 -0.152959
v 1.152822 -0.076297 -0.155592
v 0.626297 3.063918 -0.103194
v 0.686780 3.068452 -0.083934
v 0.667746 3.078487 -0.140011
v 0.623326 3.102975 -0.098985
v 0.644254 3.022675 -0.114839
v 0.672961 3.106814 -0.083152
v 0.694064 3.025705 -0.098879
v 0.645056 3.153196 -0.097004
v 0.661581 3.114812 -0.125892
v 0.689688 2.986166 -0.130183
v 0.682681 3.034015 -0.141683
v 0.562981 3.020322 -0.111827
v 0.620828 3.053333 -0.110354
v 0.582677 3.046865 -0.162511
v 0.543763 3.058620 -0.108263
v 0.594377 2.984685 -0.127421
v 0.591096 3.086449 -0.107141
v 0.642155 3.011074 -0.126104
v 0.540702 3.118556 -0.115047
v 0.564711 3.082833 -0.147797
v 0.646724 2.964702 -0.155350
v 0.615535 3.008470 -0.166915
v 1.411608 2.358170 -0.040279
v 1.438995 2.371100 -0.091759
v 1.381313 2.372541 -0.084950
v 1.411787 2.397382 -0.036863
v 1.406699 2.317181 -0.058966
v 1.434233 2.407796 -0.079128
v 1.429241 2.328907 -0.101523
v 1.412152 2.451342 -0.057018
v 1.390918 2.409986 -0.076901
v 1.401931 2.285559 -0.104047
v 1.385568 2.330377 -0.099066
v 1.921628 -0.099017 -0.006141
v 1.927957 -0.043130 -0.036107
v 1.921946 -0.099902 -0.061783
v 1.884436 -0.097173 -0.012953
v 1.965408 -0.095676 -0.013806
v 1.890219 -0.051142 -0.037422
v 1.970581 -0.049560 -0.038464
v 1.842409 -0.081691 -0.041622
v 1.884953 -0.093306 -0.059464
v 2.009578 -0.078187 -0.044644
v 1.966360 -0.090867 -0.060247
v 1.672236 -0.096002 0.026940
v 1.709690 -0.017030 0.010865
v 1.721251 -0.084574 -0.020169
v 1.648283 -0.089330 -0.008065
v 1.715537 -0.094643 0.055086
v 1.678468 -0.024770 -0.021440
v 1.745833 -0.030207 0.041752
v 1.639695 -0.059900 -0.064732
v 1.690315 -0.072695 -0.046487
v 1.779437 -0.071102 0.065330
v 1.756808 -0.078658 0.016477
v 1.313955 2.569436 -0.009211
v 1.364848 2.551521 -0.056041
v 1.302639 2.594448 -0.071387
v 1.330293 2.613894 -0.008222
v 1.296398 2.522994 -0.028823
v 1.371966 2.599382 -0.046731
v 1.338202 2.508653 -0.067397
v 1.359236 2.669115 -0.033908
v 1.326418 2.631833 -0.061472
v 1.290371 2.478077 -0.077577
v 1.292651 2.540070 -0.081925
v 1.249686 2.709286 -0.054847
v 1.300845 2.664983 -0.056302
v 1.278580 2.708658 -0.098526
v 1.270592 2.736920 -0.046244
v 1.235962 2.673758 -0.074866
v 1.312661 2.700915 -0.047528
v 1.278094 2.637419 -0.076096
v 1.314623 2.759331 -0.046598
v 1.298194 2.732495 -0.080643
v 1.244286 2.626216 -0.106403
v 1.263670 2.669261 -0.109274
v 1.035933 -0.045579 -0.132698
v 1.022243 -0.080383 -0.092111
v 1.042840 -0.097201 -0.140857
v 1.070896 -0.052818 -0.120385
v 0.996114 -0.051752 -0.145120
v 1.059718 -0.081526 -0.087024
v 0.984751 -0.080179 -0.111723
v 1.109811 -0.081575 -0.096572
v 1.074887 -0.096378 -0.122762
v 0.954840 -0.080708 -0.147779
v 1.000267 -0.095718 -0.147568
v 1.466103 2.465387 -0.074593
v 1.419255 2.427946 -0.069679
v 1.444874 2.457908 -0.023741
v 1.440387 2.494995 -0.074250
v 1.486304 2.427726 -0.062878
v 1.401748 2.464859 -0.070315
v 1.447721 2.397054 -0.058846
v 1.392065 2.519745 -0.061166
v 1.419129 2.484677 -0.033798
v 1.487305 2.378258 -0.036639
v 1.465047 2.418265 -0.022603
v 1.778166 -0.033029 -0.103910
v 1.760864 -0.087659 -0.115167
v 1.814502 -0.073113 -0.075403
v 1.752052 -0.036907 -0.074574
v 1.814010 -0.042866 -0.131921
v 1.737940 -0.081724 -0.083846
v 1.799625 -0.087946 -0.141145
v 1.723382 -0.065658 -0.036589
v 1.778556 -0.073583 -0.053398
v 1.852199 -0.079017 -0.155222
v 1.840817 -0.079627 -0.110690
v 0.223913 2.798248 -0.151991
v 0.239273 2.784753 -0.142720
v 0.228071 2.786592 -0.123049
v 0.212697 2.800008 -0.132128
v 0.900888 1.990068 -0.317352
v 0.892155 1.994878 -0.311952
v 0.895789 1.990850 -0.300892
v 0.904380 1.985472 -0.306234
v 0.592732 2.718058 -0.200523
v 0.728054 2.666914 -0.240551
v 0.870332 2.448286 -0.271799
v 0.932225 2.170666 -0.286239
v 0.943128 2.174240 -0.292539
v 0.878817 2.458388 -0.279419
v 0.734683 2.672941 -0.245926
v 0.599205 2.728711 -0.205894
v 0.592814 2.725685 -0.216584
v 0.728711 2.671929 -0.256736
v 0.871477 2.454756 -0.289067
v 0.936789 2.175946 -0.303135
v 0.925555 2.174065 -0.296826
v 0.863981 2.446864 -0.281827
v 0.722144 2.665306 -0.251397
v 0.586704 2.715416 -0.211268
v 0.291835 2.697573 -0.135889
v 0.295817 2.682976 -0.130347
v 0.296023 2.689255 -0.115305
v 0.292048 2.703816 -0.120702
v 0.364549 2.726588 -0.155037
v 0.466877 2.742455 -0.180817
v 0.466090 2.731567 -0.174762
v 0.362771 2.715308 -0.149900
v 0.467771 2.736319 -0.162612
v 0.364260 2.720744 -0.139774
v 0.468658 2.747350 -0.169039
v 0.366050 2.731981 -0.144692
v 0.851659 2.322086 -0.248174
v 0.886938 2.308832 -0.286560
v 0.837240 2.335644 -0.295706
v 0.859987 2.364268 -0.250059
v 0.841019 2.276632 -0.260024
v 0.888896 2.352865 -0.281506
v 0.870085 2.265638 -0.291614
v 0.876469 2.413637 -0.273744
v 0.852122 2.373409 -0.290965
v 0.836086 2.232835 -0.294754
v 0.833160 2.285769 -0.300933
v 1.765250 -0.092825 -0.239429
v 1.776257 -0.046821 -0.269118
v 1.756519 -0.098210 -0.288823
v 1.722528 -0.091322 -0.240958
v 1.813220 -0.091335 -0.252071
v 1.731523 -0.053243 -0.265536
v 1.822248 -0.053712 -0.276361
v 1.673256 -0.078264 -0.262047
v 1.717440 -0.091064 -0.282351
v 1.860608 -0.079531 -0.285247
v 1.807681 -0.091524 -0.293284
v 1.531042 -0.099106 -0.181766
v 1.571805 -0.043261 -0.205048
v 1.573807 -0.100495 -0.230735
v 1.503092 -0.092993 -0.209841
v 1.576588 -0.101516 -0.163077
v 1.535427 -0.047592 -0.228866
v 1.611791 -0.055234 -0.182157
v 1.488689 -0.072060 -0.260107
v 1.538699 -0.088715 -0.250694
v 1.645965 -0.088787 -0.163639
v 1.615851 -0.097460 -0.203157
v 0.756632 2.495641 -0.233376
v 0.799203 2.505488 -0.274752
v 0.738369 2.525342 -0.285682
v 0.757082 2.547481 -0.226362
v 0.754950 2.442681 -0.256704
v 0.791861 2.555634 -0.260245
v 0.790389 2.451798 -0.291110
v 0.764000 2.615135 -0.240258
v 0.746997 2.570469 -0.271236
v 0.761118 2.402779 -0.305662
v 0.744809 2.468188 -0.301802
v 0.668116 2.607751 -0.258031
v 0.718711 2.590759 -0.263511
v 0.688965 2.627126 -0.295698
v 0.677642 2.639988 -0.245810
v 0.666171 2.573159 -0.281095
v 0.718948 2.626802 -0.250208
v 0.707845 2.557803 -0.285506
v 0.706569 2.676698 -0.240879
v 0.698651 2.652874 -0.275597
v 0.683765 2.538200 -0.314863
v 0.687525 2.586931 -0.311195
v 0.653693 2.628881 -0.198550
v 0.672899 2.636061 -0.240336
v 0.627439 2.633491 -0.233612
v 0.647509 2.661831 -0.198933
v 0.656157 2.591400 -0.209657
v 0.663247 2.668127 -0.233295
v 0.672041 2.596575 -0.243998
v 0.638977 2.703600 -0.218347
v 0.628794 2.666075 -0.230410
v 0.656919 2.556226 -0.241392
v 0.637461 2.596276 -0.241212
v 1.419076 -0.096620 -0.183275
v 1.424509 -0.047349 -0.182886
v 1.414023 -0.072812 -0.220712
v 1.388763 -0.092328 -0.181169
v 1.453265 -0.091993 -0.194222
v 1.393130 -0.051870 -0.180835
v 1.458278 -0.051492 -0.193797
v 1.353543 -0.068940 -0.186818
v 1.385330 -0.068945 -0.210389
v 1.487874 -0.067485 -0.214368
v 1.450238 -0.068539 -0.223413
v 0.542531 2.664143 -0.138687
v 0.586178 2.648877 -0.173564
v 0.533314 2.648510 -0.187176
v 0.542115 2.696274 -0.153793
v 0.544157 2.621928 -0.135352
v 0.578071 2.684298 -0.182573
v 0.580042 2.609239 -0.164013
v 0.550991 2.727223 -0.191927
v 0.539225 2.682956 -0.195219
v 0.555090 2.571293 -0.154261
v 0.541098 2.607779 -0.176585
v 0.428099 2.648484 -0.173416
v 0.477033 2.659289 -0.186898
v 0.436586 2.664982 -0.216747
v 0.424278 2.681327 -0.168066
v 0.438387 2.615088 -0.190597
v 0.464490 2.690777 -0.179195
v 0.478622 2.623359 -0.201620
v 0.434556 2.726706 -0.175026
v 0.435665 2.695481 -0.203286
v 0.464309 2.588718 -0.222394
v 0.449833 2.628875 -0.225816
v 0.878893 2.064600 -0.248768
v 0.892479 2.027507 -0.278834
v 0.865545 2.066602 -0.289964
v 0.900607 2.080809 -0.260402
v 0.852127 2.042515 -0.247613
v 0.911503 2.049987 -0.284910
v 0.863384 2.011928 -0.272378
v 0.926155 2.091327 -0.291267
v 0.891300 2.079478 -0.295524
v 0.825956 2.012045 -0.265866
v 0.842983 2.040391 -0.282758
v 1.938698 -0.087402 -0.220889
v 1.984671 -0.038962 -0.239122
v 1.983186 -0.096612 -0.249520
v 1.926633 -0.085254 -0.252011
v 1.967599 -0.088304 -0.192899
v 1.963924 -0.045626 -0.267163
v 2.004941 -0.048777 -0.207982
v 1.933306 -0.073261 -0.300287
v 1.965944 -0.087747 -0.276180
v 2.018535 -0.079943 -0.178295
v 2.006236 -0.091179 -0.217232
v 2.048121 -0.066937 -0.248063
v 2.053311 -0.035482 -0.293679
v 2.040741 -0.094224 -0.292830
v 2.011568 -0.068244 -0.252974
v 2.088727 -0.069547 -0.256642
v 2.015725 -0.042565 -0.290453
v 2.092733 -0.043838 -0.294207
v 1.967188 -0.069114 -0.281058
v 2.006217 -0.086556 -0.292484
v 2.128763 -0.070274 -0.289583
v 2.083946 -0.087491 -0.296033
v 0.871008 1.983913 -0.330472
v 0.866829 2.030635 -0.352447
v 0.844311 2.015776 -0.314104
v 0.889340 2.000324 -0.313381
v 0.843143 1.977585 -0.348098
v 0.886011 2.038749 -0.331518
v 0.839611 2.016095 -0.366114
v 0.903719 2.040243 -0.295484
v 0.868153 2.029870 -0.302796
v 0.807165 1.993967 -0.367232
v 0.821760 2.007206 -0.337395
v 0.931410 2.131340 -0.255411
v 0.922776 2.103455 -0.287377
v 0.958371 2.115443 -0.274992
v 0.934656 2.105488 -0.244704
v 0.933024 2.155285 -0.274921
v 0.927671 2.082583 -0.271060
v 0.926046 2.132721 -0.301318
v 0.942334 2.064842 -0.245292
v 0.954953 2.090067 -0.263148
v 0.939466 2.168870 -0.308720
v 0.953512 2.141305 -0.293637
v 0.917763 2.287489 -0.348031
v 0.879667 2.264081 -0.333290
v 0.920968 2.244968 -0.318685
v 0.916088 2.305452 -0.323044
v 0.916799 2.255421 -0.368394
v 0.884912 2.286635 -0.311062
v 0.885377 2.236032 -0.356195
v 0.904378 2.312962 -0.283044
v 0.914866 2.270170 -0.298665
v 0.905319 2.206414 -0.376193
v 0.915464 2.219227 -0.343848
v 0.942805 2.176779 -0.343929
v 0.898636 2.186548 -0.339107
v 0.921826 2.144892 -0.315427
v 0.945068 2.195898 -0.319960
v 0.931263 2.149086 -0.364284
v 0.908830 2.203850 -0.316037
v 0.894824 2.157229 -0.360251
v 0.930708 2.214946 -0.283809
v 0.924335 2.172089 -0.297204
v 0.901424 2.117531 -0.375298
v 0.910498 2.125034 -0.341482
v 0.906079 2.395271 -0.242194
v 0.868852 2.371088 -0.263911
v 0.866418 2.412251 -0.226907
v 0.898250 2.425801 -0.258244
v 0.902344 2.363239 -0.222034
v 0.867626 2.406183 -0.276116
v 0.872585 2.342188 -0.240315
v 0.869437 2.460401 -0.279358
v 0.863493 2.436512 -0.248325
v 0.878579 2.328337 -0.204882
v 0.868260 2.373675 -0.212519
v 0.127359 2.564851 -0.116603
v 0.137191 2.550952 -0.112609
v 0.134218 2.554395 -0.095512
v 0.124402 2.568234 -0.099357
v 1.357219 1.838776 0.874403
v 1.346544 1.842613 0.871913
v 1.342301 1.840780 0.883654
v 1.352862 1.836357 0.886226
v 0.995001 2.520934 0.603354
v 1.130086 2.490639 0.670236
v 1.275077 2.295869 0.786243
v 1.349932 2.029051 0.877396
v 1.362379 2.033870 0.878674
v 1.286111 2.306555 0.783487
v 1.138440 2.497204 0.668951
v 1.002946 2.532082 0.600924
v 1.005230 2.526400 0.589312
v 1.141006 2.493595 0.657057
v 1.287003 2.300225 0.772209
v 1.364350 2.032929 0.866094
v 1.351536 2.029735 0.864230
v 1.276855 2.291883 0.774802
v 1.132761 2.486443 0.658488
v 0.997581 2.515697 0.591842
v 0.719019 2.451214 0.466271
v 0.719350 2.438171 0.476379
v 0.709166 2.446489 0.486669
v 0.708746 2.459517 0.476686
v 0.786569 2.491583 0.491230
v 0.882392 2.523659 0.532908
v 0.878440 2.513462 0.539535
v 0.782476 2.480683 0.496609
v 0.871414 2.520154 0.548884
v 0.776598 2.487748 0.504122
v 0.875681 2.530462 0.542001
v 0.780558 2.498637 0.498929
v 1.246143 2.319533 0.684162
v 1.271033 2.305292 0.728481
v 1.227741 2.293597 0.722937
v 1.255769 2.282204 0.684785
v 1.232755 2.355296 0.696220
v 1.276288 2.269624 0.721503
v 1.253228 2.344614 0.732339
v 1.269192 2.226954 0.706704
v 1.243853 2.259823 0.719678
v 1.222301 2.381320 0.730416
v 1.221146 2.334465 0.730674
v 0.833718 -0.095700 0.821136
v 0.843563 -0.041640 0.817032
v 0.828734 -0.076448 0.772288
v 0.790166 -0.091946 0.815429
v 0.882577 -0.091787 0.815535
v 0.798772 -0.047602 0.812196
v 0.890758 -0.047265 0.812199
v 0.740155 -0.068045 0.796499
v 0.787403 -0.071632 0.776857
v 0.931130 -0.068381 0.795574
v 0.879816 -0.071465 0.776964
v 1.204053 2.258330 0.775820
v 1.258686 2.243963 0.784842
v 1.233215 2.260480 0.733214
v 1.209409 2.301530 0.770818
v 1.210020 2.207955 0.772497
v 1.254640 2.289754 0.778270
v 1.254703 2.196176 0.779870
v 1.237191 2.348955 0.757711
v 1.237393 2.301150 0.738544
v 1.237648 2.155592 0.760166
v 1.237569 2.208050 0.740011
v 1.066870 2.449068 0.703223
v 1.124888 2.409217 0.728324
v 1.097135 2.399099 0.671221
v 1.090933 2.474091 0.681299
v 1.051473 2.405274 0.723076
v 1.138186 2.442495 0.701507
v 1.099379 2.370839 0.744265
v 1.140926 2.483630 0.654130
v 1.120430 2.432917 0.658166
v 1.060050 2.336005 0.741749
v 1.080193 2.360485 0.700957
v 0.433611 -0.095824 0.620920
v 0.429031 -0.056542 0.639543
v 0.447154 -0.062517 0.600519
v 0.407217 -0.089625 0.606944
v 0.466823 -0.092161 0.633843
v 0.403233 -0.057241 0.622181
v 0.463331 -0.059972 0.649248
v 0.377742 -0.064406 0.590776
v 0.417127 -0.059643 0.592718
v 0.502241 -0.069251 0.646653
v 0.477263 -0.062380 0.619798
v 1.046677 2.444026 0.663868
v 1.088866 2.449281 0.642290
v 1.049151 2.438863 0.619119
v 1.040086 2.475636 0.652175
v 1.058256 2.405640 0.665374
v 1.074712 2.480338 0.634306
v 1.093050 2.409255 0.647868
v 1.043723 2.513036 0.622335
v 1.046084 2.472042 0.615065
v 1.082023 2.366461 0.649391
v 1.064279 2.402669 0.628074
v 0.918262 2.465799 0.631232
v 0.976300 2.454308 0.635611
v 0.944144 2.441933 0.591571
v 0.925963 2.495730 0.612058
v 0.919917 2.424469 0.644397
v 0.973770 2.486856 0.615493
v 0.967633 2.414885 0.648039
v 0.956223 2.523184 0.581333
v 0.951957 2.476339 0.581337
v 0.944068 2.373552 0.648264
v 0.945702 2.404243 0.613906
v 0.853056 2.423486 0.535212
v 0.899446 2.441878 0.553526
v 0.887342 2.435759 0.503512
v 0.844517 2.456214 0.529461
v 0.874501 2.389867 0.536095
v 0.882636 2.471889 0.544342
v 0.912640 2.404385 0.551340
v 0.854342 2.502507 0.520364
v 0.875837 2.467797 0.506383
v 0.917372 2.364303 0.534081
v 0.905888 2.401094 0.513137
v 1.337351 1.946495 0.820184
v 1.353596 1.915375 0.849860
v 1.317411 1.934151 0.852840
v 1.326178 1.921157 0.813749
v 1.346805 1.968586 0.838173
v 1.339599 1.896210 0.837957
v 1.360054 1.943027 0.862548
v 1.312716 1.881092 0.821263
v 1.312171 1.908567 0.842166
v 1.355068 1.979210 0.872521
v 1.332760 1.955947 0.866600
v 1.199687 -0.090667 0.900758
v 1.192782 -0.053508 0.871726
v 1.190769 -0.097634 0.857650
v 1.168285 -0.090383 0.901219
v 1.233405 -0.089457 0.887761
v 1.162776 -0.059911 0.877382
v 1.226871 -0.058777 0.863675
v 1.126603 -0.081784 0.883866
v 1.160560 -0.092066 0.864661
v 1.261298 -0.079215 0.855171
v 1.225212 -0.091291 0.851040
v 1.276236 2.117392 0.887692
v 1.298868 2.050484 0.893960
v 1.269426 2.078263 0.849638
v 1.303604 2.122959 0.867847
v 1.244226 2.095764 0.902075
v 1.322417 2.068476 0.872866
v 1.262907 2.041293 0.907071
v 1.340282 2.104732 0.836777
v 1.300460 2.085806 0.838681
v 1.217188 2.048185 0.907012
v 1.241247 2.059378 0.872694
v 1.058600 -0.094548 0.880053
v 1.061236 -0.039990 0.863743
v 1.039519 -0.086586 0.829917
v 1.021087 -0.091753 0.883782
v 1.097312 -0.091660 0.862521
v 1.023119 -0.047054 0.870301
v 1.099184 -0.046879 0.849027
v 0.972003 -0.073302 0.871732
v 1.006320 -0.080201 0.842938
v 1.131733 -0.071321 0.827557
v 1.083194 -0.079906 0.821872
v 1.137586 -0.092425 0.846678
v 1.181237 -0.092074 0.816515
v 1.159074 -0.053725 0.835075
v 1.159713 -0.089890 0.867788
v 1.121893 -0.085789 0.816806
v 1.195649 -0.089723 0.843000
v 1.157841 -0.085370 0.791963
v 1.203145 -0.077823 0.881678
v 1.180878 -0.059693 0.855762
v 1.125304 -0.068377 0.775466
v 1.143062 -0.055350 0.804730
v 0.388581 -0.053643 0.534051
v 0.391369 -0.080880 0.568543
v 0.389714 -0.095024 0.526587
v 0.417860 -0.060295 0.531471
v 0.355444 -0.057559 0.538360
v 0.420204 -0.082765 0.559798
v 0.357672 -0.079799 0.566771
v 0.453344 -0.084168 0.536231
v 0.418983 -0.095147 0.529053
v 0.323986 -0.079566 0.550564
v 0.356652 -0.092739 0.535843
v 1.331305 1.993817 0.909522
v 1.347456 1.960065 0.885730
v 1.366253 1.980535 0.915204
v 1.328335 1.970103 0.925688
v 1.344007 2.015387 0.890102
v 1.341751 1.942385 0.906137
v 1.357434 1.988006 0.870448
v 1.337207 1.930976 0.939328
v 1.357310 1.956163 0.927896
v 1.370569 2.025641 0.865101
v 1.373222 2.002885 0.891897
v 1.396080 1.878661 0.888088
v 1.354838 1.856132 0.878253
v 1.363793 1.881453 0.918397
v 1.382461 1.905089 0.878327
v 1.400662 1.848066 0.905210
v 1.348605 1.887075 0.870090
v 1.366728 1.829638 0.897090
v 1.347888 1.932131 0.870643
v 1.352928 1.904474 0.901234
v 1.385024 1.812437 0.927187
v 1.371327 1.848097 0.927944
v 1.372391 2.134459 0.794151
v 1.334388 2.105758 0.786559
v 1.358074 2.096616 0.828418
v 1.353438 2.155398 0.808256
v 1.387094 2.099570 0.785121
v 1.322371 2.132237 0.801904
v 1.355726 2.075821 0.778909
v 1.317370 2.165994 0.829903
v 1.338515 2.123253 0.834242
v 1.386325 2.047449 0.782911
v 1.372028 2.066516 0.811370
v 0.586257 2.289787 0.406510
v 0.592128 2.278358 0.418991
v 0.578280 2.283510 0.429483
v 0.572326 2.294902 0.417141
v 1.464751 1.977973 0.213282
v 1.454036 1.976583 0.217543
v 1.458177 1.973241 0.228984
v 1.469075 1.974058 0.224710
v 0.787396 2.421181 0.334798
v 0.935848 2.455684 0.314543
v 1.181488 2.348393 0.290778
v 1.388875 2.144876 0.264793
v 1.396933 2.154777 0.260693
v 1.184022 2.362840 0.285450
v 0.938793 2.465272 0.310810
v 0.787660 2.434664 0.331416
v 0.784999 2.430413 0.319283
v 0.935395 2.462996 0.298794
v 1.180767 2.357393 0.274146
v 1.391701 2.154609 0.249047
v 1.382428 2.145986 0.253235
v 1.177906 2.345435 0.279448
v 0.932835 2.452934 0.302454
v 0.784839 2.417463 0.322705
v 0.533783 2.233015 0.344453
v 0.544633 2.221671 0.349552
v 0.539733 2.224719 0.365221
v 0.528894 2.236012 0.360266
v 0.582207 2.299762 0.340523
v 0.663966 2.372031 0.334142
v 0.668631 2.361257 0.339206
v 0.586338 2.288274 0.344456
v 0.666149 2.364249 0.352106
v 0.583531 2.292085 0.355343
v 0.661531 2.375261 0.346697
v 0.579412 2.303506 0.351628
v 0.587099 -0.092385 0.226501
v 0.617730 -0.054712 0.247215
v 0.622416 -0.097231 0.261772
v 0.623291 -0.093319 0.213245
v 0.556203 -0.089351 0.251797
v 0.649390 -0.062393 0.230272
v 0.580320 -0.058254 0.268803
v 0.683752 -0.085945 0.211439
v 0.654650 -0.093463 0.242860
v 0.542096 -0.076297 0.291628
v 0.585994 -0.089038 0.281262
v 1.137567 2.282863 0.309187
v 1.188318 2.294626 0.285555
v 1.134390 2.297129 0.259623
v 1.122325 2.323799 0.312623
v 1.159213 2.240441 0.291407
v 1.164288 2.333644 0.293071
v 1.200730 2.250036 0.272067
v 1.117468 2.378418 0.298986
v 1.125023 2.335448 0.271612
v 1.192531 2.205789 0.254713
v 1.161292 2.252317 0.250554
v 0.923505 2.390768 0.364000
v 0.995418 2.381531 0.345903
v 0.946847 2.359109 0.310244
v 0.919470 2.423547 0.339605
v 0.939886 2.345052 0.377817
v 0.977582 2.416789 0.324876
v 1.000104 2.336066 0.362892
v 0.937478 2.454002 0.294036
v 0.943875 2.399554 0.295681
v 0.982934 2.287274 0.372436
v 0.965657 2.317497 0.334265
v 1.053827 2.322389 0.312970
v 1.089355 2.360262 0.279760
v 1.027460 2.346786 0.259531
v 1.024929 2.366068 0.324304
v 1.084042 2.279761 0.284921
v 1.053903 2.397116 0.297102
v 1.113107 2.312074 0.257389
v 0.995124 2.430210 0.317052
v 1.008466 2.387823 0.279252
v 1.116560 2.256732 0.233564
v 1.066169 2.303689 0.239839
v 0.450912 -0.098262 0.350394
v 0.453690 -0.054719 0.353065
v 0.453075 -0.076356 0.315403
v 0.420879 -0.093780 0.347512
v 0.486293 -0.094904 0.345877
v 0.422932 -0.057894 0.349705
v 0.488866 -0.059209 0.348076
v 0.386506 -0.072005 0.336996
v 0.422588 -0.072304 0.320394
v 0.522987 -0.074043 0.333156
v 0.488564 -0.073625 0.318763
v 0.823977 2.359995 0.324132
v 0.851262 2.392998 0.300533
v 0.807139 2.376244 0.283643
v 0.804093 2.386457 0.333128
v 0.845006 2.335963 0.302466
v 0.826343 2.413854 0.313726
v 0.867603 2.362838 0.283068
v 0.783832 2.430003 0.328333
v 0.793570 2.402306 0.299168
v 0.868993 2.325412 0.263947
v 0.834451 2.352074 0.268455
v 0.767375 2.337999 0.383644
v 0.816946 2.353781 0.355125
v 0.773299 2.327588 0.331981
v 0.750963 2.367887 0.370987
v 0.791641 2.302008 0.383864
v 0.791474 2.381411 0.347494
v 0.832471 2.314862 0.360420
v 0.745646 2.405466 0.336739
v 0.760276 2.361674 0.327742
v 0.830915 2.267362 0.362698
v 0.801246 2.294960 0.340716
v 0.498838 -0.099090 0.327047
v 0.499432 -0.046083 0.323096
v 0.482869 -0.078633 0.286334
v 0.465447 -0.096271 0.334407
v 0.533904 -0.093426 0.308901
v 0.465365 -0.052572 0.331156
v 0.535004 -0.049997 0.305665
v 0.422540 -0.074384 0.332922
v 0.452813 -0.075077 0.302176
v 0.565221 -0.068021 0.279417
v 0.521650 -0.072260 0.276650
v 1.397494 2.019162 0.284355
v 1.432792 1.999400 0.253543
v 1.389388 2.020529 0.240719
v 1.408441 2.046551 0.277846
v 1.386580 1.985747 0.278953
v 1.437381 2.029845 0.252649
v 1.415730 1.969476 0.253582
v 1.427875 2.074231 0.252223
v 1.404977 2.046206 0.240766
v 1.382881 1.948614 0.253462
v 1.383696 1.984810 0.241815
v 1.306828 2.191037 0.331717
v 1.352393 2.141454 0.309499
v 1.295357 2.152370 0.294315
v 1.313774 2.207934 0.302734
v 1.299500 2.157610 0.354700
v 1.351112 2.167730 0.284376
v 1.336723 2.117357 0.336395
v 1.330321 2.207541 0.254062
v 1.309227 2.172825 0.271309
v 1.300391 2.103050 0.361155
v 1.294663 2.123255 0.323197
v 1.274419 2.172959 0.270404
v 1.322124 2.149657 0.260476
v 1.290728 2.179609 0.232507
v 1.285829 2.198402 0.276236
v 1.268563 2.143229 0.254264
v 1.324960 2.179571 0.268027
v 1.307816 2.124152 0.246071
v 1.314693 2.224904 0.271910
v 1.303157 2.201634 0.245573
v 1.280384 2.109168 0.225691
v 1.285984 2.146428 0.223577
v 1.014758 -0.049791 0.194262
v 0.988907 -0.092030 0.175211
v 1.023480 -0.092384 0.208541
v 0.993669 -0.054523 0.216046
v 1.038419 -0.058975 0.171058
v 0.972305 -0.089201 0.200332
v 1.017206 -0.093840 0.155437
v 0.963449 -0.081827 0.239841
v 0.997832 -0.091958 0.225304
v 1.056465 -0.092239 0.146732
v 1.042732 -0.096585 0.180406
v 0.704500 2.345770 0.308668
v 0.719040 2.373173 0.339924
v 0.695640 2.386710 0.304822
v 0.678336 2.349473 0.323155
v 0.733853 2.352990 0.293895
v 0.690223 2.372074 0.348859
v 0.745904 2.375375 0.319594
v 0.649608 2.369825 0.347897
v 0.672899 2.384001 0.323214
v 0.764602 2.378178 0.287345
v 0.728261 2.387835 0.293932
v 0.942337 -0.096785 0.292454
v 0.968273 -0.095417 0.256515
v 0.952042 -0.064005 0.276287
v 0.969024 -0.090880 0.301702
v 0.915862 -0.096085 0.275067
v 0.990301 -0.089634 0.272101
v 0.936790 -0.094882 0.245455
v 1.008691 -0.076189 0.299185
v 0.979404 -0.065008 0.285528
v 0.897517 -0.086472 0.243337
v 0.924734 -0.070224 0.258772
v 1.485911 2.031257 0.214433
v 1.458567 1.992489 0.221814
v 1.478028 2.019805 0.256571
v 1.460388 2.048626 0.219544
v 1.510476 2.006240 0.219007
v 1.437667 2.017227 0.225583
v 1.487921 1.974438 0.225084
v 1.420356 2.057197 0.237140
v 1.451683 2.035237 0.253342
v 1.524772 1.967753 0.236650
v 1.501575 1.993516 0.252715
v 0.832525 -0.095279 0.209558
v 0.807085 -0.054771 0.215687
v 0.786685 -0.094272 0.236188
v 0.848756 -0.088759 0.235838
v 0.801486 -0.098636 0.186314
v 0.828290 -0.055616 0.240799
v 0.780416 -0.065218 0.191403
v 0.852978 -0.069694 0.274574
v 0.810686 -0.084003 0.257271
v 0.752017 -0.089542 0.172453
v 0.762470 -0.093757 0.207820
v 1.400793 2.165200 0.209174
v 1.357037 2.149332 0.206936
v 1.397288 2.121956 0.231503
v 1.389631 2.178925 0.235226
v 1.408332 2.138576 0.184405
v 1.353770 2.165857 0.233352
v 1.372181 2.125548 0.182621
v 1.362946 2.181758 0.270555
v 1.382511 2.143699 0.252477
v 1.401305 2.097375 0.165451
v 1.401313 2.103118 0.201677
v 0.685983 -0.054154 0.322622
v 0.709157 -0.087308 0.292187
v 0.670255 -0.097249 0.332294
v 0.653536 -0.059900 0.307563
v 0.720403 -0.060765 0.339627
v 0.672318 -0.087178 0.282542
v 0.740606 -0.087066 0.314233
v 0.616683 -0.086005 0.284001
v 0.643718 -0.096955 0.312205
v 0.757664 -0.086982 0.349803
v 0.710826 -0.097064 0.343960
v 0.463758 2.028262 0.323748
v 0.479405 2.020881 0.328391
v 0.473120 2.019463 0.345329
v 0.457504 2.026777 0.340834
v 1.282737 1.702183 0.775378
v 1.271652 1.700689 0.772250
v 1.268188 1.696503 0.783637
v 1.279443 1.697423 0.786829
v 0.656186 2.147577 0.494189
v 0.786073 2.180839 0.569436
v 0.999640 2.071236 0.691054
v 1.186597 1.866452 0.781690
v 1.195228 1.876471 0.783904
v 1.004468 2.085968 0.689267
v 0.790405 2.190608 0.568851
v 0.658058 2.161253 0.492527
v 0.663329 2.157887 0.480984
v 0.794962 2.189216 0.557087
v 1.008800 2.081362 0.677951
v 1.198039 1.877187 0.771470
v 1.188349 1.868458 0.768679
v 1.003658 2.069120 0.679682
v 0.790995 2.178973 0.557814
v 0.661502 2.144738 0.482775
v 0.452804 1.963557 0.337375
v 0.458727 1.951707 0.347218
v 0.445324 1.953761 0.356961
v 0.439323 1.965551 0.347235
v 0.492046 2.029579 0.367652
v 0.559255 2.100705 0.416354
v 0.560241 2.089532 0.422493
v 0.493302 2.017780 0.372523
v 0.550432 2.091679 0.431477
v 0.484420 2.020885 0.379761
v 0.549685 2.103111 0.425107
v 0.483043 2.032603 0.375067
v 0.943680 -0.095585 0.721809
v 0.950396 -0.040899 0.721117
v 0.936367 -0.073486 0.674483
v 0.899853 -0.093961 0.717336
v 0.992084 -0.088527 0.715399
v 0.905894 -0.049081 0.716890
v 0.997689 -0.043487 0.714872
v 0.848116 -0.071767 0.701165
v 0.894965 -0.071351 0.680282
v 1.038727 -0.061124 0.695976
v 0.987197 -0.065909 0.678346
v 0.884980 2.045964 0.630388
v 0.932275 2.085403 0.627714
v 0.895306 2.074402 0.573547
v 0.853880 2.089255 0.624900
v 0.927136 2.004840 0.623415
v 0.892518 2.121589 0.622635
v 0.966009 2.038457 0.621024
v 0.832650 2.154243 0.605381
v 0.867163 2.114315 0.580520
v 0.984584 1.984821 0.600520
v 0.939249 2.032094 0.578305
v 0.677888 -0.101033 0.556505
v 0.684989 -0.057697 0.537940
v 0.683554 -0.096992 0.511931
v 0.645720 -0.097440 0.545029
v 0.717982 -0.101087 0.558020
v 0.651176 -0.061749 0.529642
v 0.724526 -0.065572 0.542985
v 0.610951 -0.081133 0.516261
v 0.650895 -0.090122 0.508346
v 0.762343 -0.088488 0.542898
v 0.722568 -0.093551 0.521161
v 0.693507 2.086646 0.503689
v 0.728578 2.120712 0.503407
v 0.703901 2.105907 0.462363
v 0.671488 2.112768 0.500633
v 0.723979 2.063793 0.497492
v 0.700169 2.141042 0.500310
v 0.752949 2.091541 0.497346
v 0.656977 2.156880 0.487469
v 0.683023 2.131076 0.468277
v 0.766561 2.055490 0.480515
v 0.735512 2.082368 0.465093
v 0.688018 -0.097808 0.443245
v 0.687633 -0.062036 0.479280
v 0.682126 -0.053769 0.432394
v 0.656595 -0.097599 0.444088
v 0.722804 -0.084989 0.442814
v 0.656184 -0.068241 0.473676
v 0.723037 -0.055634 0.472577
v 0.618342 -0.078151 0.452291
v 0.651944 -0.059713 0.439100
v 0.756156 -0.051077 0.449909
v 0.718554 -0.047054 0.437947
v 1.158584 -0.077985 0.722113
v 1.182703 -0.052952 0.752189
v 1.178877 -0.093637 0.753090
v 1.185951 -0.078501 0.714429
v 1.135373 -0.078485 0.741140
v 1.205156 -0.058088 0.738985
v 1.155217 -0.058010 0.765838
v 1.228436 -0.076402 0.720210
v 1.204080 -0.088334 0.741575
v 1.123957 -0.076705 0.776175
v 1.153562 -0.088335 0.768292
v 1.185189 1.739566 0.794302
v 1.232439 1.721354 0.789662
v 1.204859 1.744048 0.754746
v 1.197096 1.767144 0.797465
v 1.180621 1.706789 0.781275
v 1.235811 1.751705 0.793680
v 1.219596 1.691793 0.777506
v 1.227252 1.796173 0.790511
v 1.216590 1.769392 0.765812
v 1.193979 1.671553 0.756330
v 1.200629 1.708441 0.749884
v 1.148205 1.798281 0.779034
v 1.203578 1.798725 0.765496
v 1.157830 1.820136 0.730343
v 1.149155 1.835647 0.784675
v 1.153673 1.760638 0.759864
v 1.194521 1.836144 0.773472
v 1.199115 1.761299 0.748659
v 1.166008 1.885991 0.775945
v 1.162084 1.852886 0.745237
v 1.177240 1.728866 0.724423
v 1.166823 1.777229 0.720600
v 1.231043 -0.049933 0.792460
v 1.243762 -0.094352 0.779406
v 1.221256 -0.082846 0.820565
v 1.202199 -0.056619 0.782332
v 1.261966 -0.053480 0.809235
v 1.212172 -0.092964 0.771463
v 1.272325 -0.090002 0.798469
v 1.168094 -0.083692 0.772870
v 1.196315 -0.087089 0.803171
v 1.293308 -0.078150 0.829384
v 1.255494 -0.083602 0.829928
v 1.228947 1.890320 0.745839
v 1.195746 1.875392 0.716749
v 1.213929 1.845718 0.758725
v 1.204013 1.902422 0.760788
v 1.250568 1.865325 0.728900
v 1.176827 1.890128 0.736911
v 1.223097 1.853069 0.704923
v 1.161400 1.903291 0.773103
v 1.188932 1.866228 0.767976
v 1.257454 1.825640 0.706902
v 1.235562 1.828895 0.736149
v 1.026659 2.036730 0.748401
v 1.032938 2.002142 0.711976
v 0.985137 2.027880 0.728509
v 1.017605 2.062794 0.724922
v 1.027150 2.002604 0.767183
v 1.022634 2.034580 0.694895
v 1.033680 1.973685 0.737759
v 0.998109 2.082966 0.682403
v 0.985735 2.052244 0.705842
v 1.019880 1.956613 0.770536
v 0.996076 1.992250 0.748333
v 0.414858 1.761924 0.265540
v 0.424782 1.753976 0.278158
v 0.409632 1.751512 0.287791
v 0.399645 1.759382 0.275305
v -0.030832 1.506919 -0.070080
v -0.090460 1.929131 -0.013417
v -0.077070 0.648754 -0.045477
v -0.076898 1.501188 -0.051909
v -0.131515 1.919303 0.004702
v -0.131051 1.916501 0.027055
v -0.077825 1.500283 -0.027226
v -0.081600 0.650310 -0.007498
v -0.087877 0.005450 0.056055
v -0.082767 0.003691 0.015349
v -0.045069 0.004162 -0.014033
v -0.004379 0.006494 -0.009025
v -0.017903 0.011150 0.098689
v -0.058593 0.008818 0.093681
v 0.024905 0.009862 0.028601
v 0.019794 0.011622 0.069307
v -0.003817 0.651633 -0.068236
v -0.041950 0.649350 -0.072902
v -0.055680 1.504185 -0.071261
v -0.113191 1.925006 -0.013569
v -0.070898 1.927428 0.027409
v -0.012088 1.507571 -0.024140
v 0.019295 0.656370 0.004834
v 0.023831 0.654803 -0.033136
v -0.011152 1.508447 -0.048804
v -0.071356 1.930228 0.005061
v -0.111969 1.917589 0.045575
v -0.058139 1.501815 -0.005963
v -0.053943 0.653477 0.027596
v -0.015815 0.655771 0.032250
v -0.033300 1.504578 -0.004803
v -0.089243 1.921719 0.045719
v -0.072444 0.333915 0.015564
v -0.030883 0.324588 -0.051701
v -0.067469 0.329155 -0.023635
v 0.008589 0.323797 -0.046593
v 0.031999 0.331820 0.029093
v -0.044052 0.337181 0.052036
v 0.036979 0.327062 -0.010116
v -0.004585 0.336388 0.057153
v -0.350563 2.794311 0.206069
v -0.265769 2.481583 0.131224
v -0.264881 2.478244 0.146208
v -0.349561 2.791772 0.216771
v -0.331061 2.801945 0.196955
v -0.238554 2.491878 0.118685
v -0.253887 2.487769 0.118824
v -0.342214 2.798911 0.197126
v -0.339588 2.792129 0.225436
v -0.251503 2.478857 0.158390
v -0.236137 2.482897 0.158212
v -0.328477 2.795132 0.225287
v -0.320126 2.799730 0.216342
v -0.224262 2.489054 0.145759
v -0.225185 2.492466 0.130827
v -0.321085 2.802300 0.205618
v -0.247570 -0.089781 2.085613
v -0.014427 -0.067532 0.742123
v -0.115146 -0.042299 0.734503
v -0.092095 -0.060384 1.550112
v -0.030622 -0.053155 1.257718
v -0.223259 -0.028602 1.236738
v -0.272982 -0.046901 1.524605
v -0.187538 -0.117043 1.538700
v -0.133171 -0.104295 1.225637
v -0.039527 -0.066547 0.700733
v -0.066205 -0.112974 0.719659
v -0.089151 -0.054010 0.697750
v -0.186017 -0.058568 1.773366
v -0.223522 -0.110446 1.771997
v -0.270122 -0.056921 1.758821
v -0.633660 -0.100156 -2.016656
v -0.126303 -0.052123 -0.246802
v -0.065816 -0.043807 -0.279978
v -0.461844 -0.046826 -1.325353
v -0.314891 -0.046835 -0.812325
v -0.198282 -0.041596 -0.873826
v -0.354500 -0.037510 -1.381954
v -0.392532 -0.086084 -1.309159
v -0.239977 -0.085738 -0.793803
v -0.094451 -0.055840 -0.206944
v -0.090126 -0.087436 -0.232354
v -0.064977 -0.051630 -0.224231
v -0.547770 -0.047361 -1.728130
v -0.512639 -0.084597 -1.701003
v -0.497259 -0.041462 -1.752619
v -0.863158 2.233995 0.902035
v -0.858786 2.236117 0.891486
v -0.869942 2.234794 0.885740
v -0.874443 2.232086 0.896234
v -0.470975 2.833814 0.506537
v -0.559118 2.828174 0.632386
v -0.714947 2.666002 0.780145
v -0.844308 2.421036 0.871585
v -0.846792 2.427585 0.883018
v -0.712623 2.677787 0.790109
v -0.558313 2.835663 0.639988
v -0.468486 2.845668 0.513364
v -0.458001 2.839322 0.518072
v -0.547364 2.831376 0.644767
v -0.702342 2.670645 0.793476
v -0.834794 2.425789 0.886998
v -0.831504 2.420740 0.875099
v -0.704375 2.661278 0.784126
v -0.548392 2.823335 0.637319
v -0.460582 2.827958 0.511465
v -0.304828 2.715430 0.265293
v -0.316244 2.703516 0.265630
v -0.324028 2.711276 0.253061
v -0.312723 2.723175 0.252620
v -0.334494 2.766626 0.322863
v -0.385499 2.814961 0.406590
v -0.392577 2.804964 0.402919
v -0.340401 2.755803 0.319331
v -0.400056 2.811462 0.393788
v -0.346195 2.762659 0.311563
v -0.392759 2.821589 0.397794
v -0.340454 2.773470 0.314937
v -0.759905 2.541538 0.767939
v -0.764694 2.537000 0.822645
v -0.714094 2.544060 0.793951
v -0.750275 2.584552 0.768649
v -0.760068 2.493039 0.776982
v -0.754390 2.580317 0.813549
v -0.764064 2.489235 0.822036
v -0.729864 2.634853 0.790647
v -0.714961 2.585910 0.794325
v -0.748882 2.445563 0.807389
v -0.724757 2.494397 0.802664
v -1.167873 -0.086755 0.716594
v -1.160306 -0.104298 0.770516
v -1.173427 -0.049046 0.751485
v -1.211386 -0.081682 0.717429
v -1.118591 -0.085483 0.729004
v -1.205240 -0.096185 0.762060
v -1.112374 -0.099826 0.773111
v -1.261803 -0.071919 0.741000
v -1.214318 -0.054057 0.749882
v -1.069950 -0.078649 0.764283
v -1.121941 -0.057573 0.761006
v -0.587211 2.781599 0.570305
v -0.624432 2.752367 0.628135
v -0.565438 2.733491 0.610905
v -0.566296 2.807560 0.594271
v -0.609359 2.738098 0.557409
v -0.596284 2.784580 0.641304
v -0.640714 2.712493 0.605272
v -0.545561 2.821268 0.646334
v -0.552181 2.768826 0.631700
v -0.636502 2.672588 0.571267
v -0.596528 2.695784 0.594354
v -0.642509 2.675467 0.670013
v -0.642706 2.695229 0.728398
v -0.585354 2.691516 0.694950
v -0.629743 2.725928 0.657278
v -0.644174 2.621667 0.694905
v -0.629816 2.742169 0.705024
v -0.644050 2.639002 0.743345
v -0.602632 2.791424 0.662797
v -0.585550 2.739284 0.682626
v -0.630352 2.580226 0.743039
v -0.598937 2.637385 0.720026
v -0.525046 2.748568 0.616120
v -0.563441 2.749560 0.655429
v -0.508881 2.770190 0.656242
v -0.528825 2.784092 0.607988
v -0.520443 2.712250 0.637969
v -0.559986 2.785565 0.639921
v -0.552597 2.711779 0.670464
v -0.540215 2.829907 0.617402
v -0.520103 2.800458 0.642979
v -0.522977 2.681265 0.680830
v -0.511463 2.729549 0.673298
v -0.919697 -0.095635 0.557153
v -0.929779 -0.080475 0.601218
v -0.914122 -0.051980 0.567077
v -0.950042 -0.081961 0.548691
v -0.883075 -0.100236 0.572886
v -0.958699 -0.069348 0.584834
v -0.890683 -0.088046 0.609269
v -0.987091 -0.051691 0.552355
v -0.946590 -0.046329 0.560708
v -0.846883 -0.089420 0.603357
v -0.880242 -0.064397 0.584884
v -0.489885 2.765262 0.518314
v -0.491333 2.784597 0.563199
v -0.448806 2.774606 0.538613
v -0.482026 2.796880 0.507587
v -0.489402 2.732621 0.538894
v -0.483084 2.813066 0.544452
v -0.490714 2.748239 0.575821
v -0.463694 2.841382 0.511232
v -0.450036 2.806005 0.527800
v -0.478633 2.707976 0.576934
v -0.457348 2.741990 0.559205
v -0.493618 2.771571 0.433605
v -0.507355 2.768457 0.491236
v -0.460841 2.747938 0.467952
v -0.472568 2.800416 0.440513
v -0.511316 2.732199 0.438167
v -0.483649 2.798418 0.487939
v -0.522666 2.729508 0.485558
v -0.443599 2.828819 0.471618
v -0.448116 2.782019 0.473057
v -0.524080 2.685563 0.467372
v -0.487152 2.712970 0.470572
v -0.873107 -0.072222 0.389489
v -0.897421 -0.096638 0.429965
v -0.889000 -0.045623 0.426515
v -0.904419 -0.064087 0.378069
v -0.842428 -0.077522 0.414422
v -0.924955 -0.083964 0.411287
v -0.861824 -0.097802 0.447743
v -0.951413 -0.054924 0.383546
v -0.919406 -0.045584 0.410944
v -0.822351 -0.082895 0.459848
v -0.857072 -0.059161 0.447388
v -0.795251 2.332719 0.877949
v -0.830137 2.306878 0.893057
v -0.825923 2.320792 0.854854
v -0.790111 2.305629 0.871022
v -0.811872 2.357414 0.881804
v -0.818545 2.285006 0.883458
v -0.840513 2.336179 0.894122
v -0.799983 2.264956 0.861473
v -0.817475 2.293878 0.854428
v -0.845675 2.372109 0.883355
v -0.839246 2.345611 0.865178
v -1.329787 -0.097534 0.873898
v -1.338777 -0.075813 0.915354
v -1.346290 -0.056134 0.874057
v -1.360564 -0.103572 0.875549
v -1.298730 -0.079095 0.875541
v -1.367790 -0.085703 0.909544
v -1.306990 -0.061194 0.909826
v -1.403840 -0.095271 0.888619
v -1.374415 -0.069096 0.879862
v -1.276038 -0.043900 0.889377
v -1.313080 -0.044522 0.879750
v -0.834417 2.499193 0.787116
v -0.851076 2.436789 0.816383
v -0.800285 2.456232 0.790983
v -0.818137 2.506589 0.816340
v -0.846424 2.474830 0.756107
v -0.831672 2.455818 0.840562
v -0.859916 2.424051 0.780200
v -0.794719 2.490750 0.859278
v -0.793050 2.466875 0.822200
v -0.852667 2.424679 0.734541
v -0.821064 2.435875 0.762068
v -1.351366 -0.042912 0.852608
v -1.333914 -0.076184 0.876157
v -1.363329 -0.050792 0.887606
v -1.369444 -0.065256 0.850057
v -1.331692 -0.021666 0.865461
v -1.355120 -0.092560 0.869547
v -1.317231 -0.048645 0.884938
v -1.388386 -0.101438 0.861359
v -1.377219 -0.074903 0.879810
v -1.309712 -0.010218 0.894124
v -1.338937 -0.029899 0.895340
v -0.877744 2.279828 0.933258
v -0.864717 2.251147 0.897023
v -0.902716 2.280960 0.896597
v -0.863336 2.303189 0.918227
v -0.898577 2.251799 0.938793
v -0.852429 2.280103 0.888450
v -0.887819 2.228306 0.908970
v -0.847954 2.324516 0.882253
v -0.881785 2.300663 0.885814
v -0.921889 2.216515 0.924355
v -0.916812 2.249923 0.906523
v -0.812304 2.424119 0.922720
v -0.780535 2.418420 0.889111
v -0.826679 2.389471 0.891515
v -0.822990 2.445873 0.902614
v -0.800252 2.391311 0.935271
v -0.796925 2.441133 0.875073
v -0.774050 2.386695 0.907488
v -0.829731 2.463067 0.862276
v -0.831058 2.418380 0.874898
v -0.782502 2.349414 0.929291
v -0.808409 2.363581 0.907534
v -0.777786 2.631297 0.787632
v -0.745291 2.592633 0.784218
v -0.753585 2.635252 0.747672
v -0.751368 2.655893 0.790743
v -0.799118 2.601652 0.774080
v -0.724538 2.624349 0.787901
v -0.773130 2.568999 0.772322
v -0.705272 2.676409 0.783735
v -0.729319 2.654985 0.759056
v -0.805153 2.561866 0.750416
v -0.777381 2.600673 0.743182
v -0.244946 2.532844 0.163644
v -0.259302 2.523484 0.168856
v -0.267114 2.527646 0.153042
v -0.252888 2.536970 0.147732
v -0.212566 2.326254 1.092399
v -0.215402 2.323821 1.081402
v -0.227608 2.322113 1.084106
v -0.224848 2.324003 1.095355
v -0.188367 2.683166 0.356168
v -0.185576 2.735413 0.500741
v -0.208497 2.660538 0.758196
v -0.234349 2.485353 0.990028
v -0.230369 2.495840 0.997372
v -0.202034 2.674656 0.759766
v -0.181271 2.744934 0.503052
v -0.183604 2.696202 0.355328
v -0.171754 2.690554 0.355093
v -0.169218 2.741147 0.501839
v -0.191048 2.667823 0.758966
v -0.218191 2.493919 0.994051
v -0.221947 2.484536 0.985348
v -0.197167 2.656115 0.756780
v -0.173556 2.731203 0.499974
v -0.176513 2.678062 0.355965
v -0.182689 2.464151 0.128530
v -0.190473 2.454880 0.139749
v -0.204868 2.458640 0.132170
v -0.197233 2.467875 0.120945
v -0.178356 2.536192 0.168615
v -0.175703 2.617957 0.241109
v -0.182519 2.608412 0.246200
v -0.184062 2.525769 0.173441
v -0.194536 2.612193 0.241423
v -0.193963 2.530131 0.168558
v -0.187361 2.621948 0.236403
v -0.188481 2.540511 0.163717
v -0.132226 2.649365 0.681544
v -0.159539 2.656942 0.726077
v -0.172825 2.624599 0.697456
v -0.125396 2.622416 0.708257
v -0.151910 2.675230 0.658152
v -0.148004 2.627977 0.745478
v -0.174163 2.682286 0.694109
v -0.134387 2.585618 0.755988
v -0.159949 2.603247 0.725549
v -0.189233 2.697935 0.651266
v -0.186065 2.657461 0.674690
v -0.239048 2.547605 0.821239
v -0.210585 2.563674 0.865600
v -0.187218 2.552799 0.812976
v -0.235297 2.586209 0.800285
v -0.228922 2.506098 0.845907
v -0.212032 2.598953 0.836990
v -0.205515 2.519277 0.882496
v -0.211204 2.637644 0.785975
v -0.192007 2.591686 0.798237
v -0.197307 2.471586 0.879270
v -0.185631 2.511576 0.843867
v -0.846481 -0.082416 0.488827
v -0.845934 -0.075685 0.563249
v -0.817056 -0.033948 0.523783
v -0.878087 -0.056536 0.484684
v -0.803393 -0.100164 0.508258
v -0.878344 -0.050968 0.544754
v -0.801697 -0.094799 0.570692
v -0.909764 -0.013136 0.505694
v -0.856567 -0.017669 0.518250
v -0.751321 -0.103388 0.558243
v -0.778515 -0.061997 0.543536
v -0.793947 -0.054048 0.632698
v -0.835366 -0.025230 0.668101
v -0.813973 0.003587 0.612121
v -0.833888 -0.059338 0.597369
v -0.754928 -0.032405 0.671761
v -0.867826 -0.035713 0.626240
v -0.790126 -0.008423 0.700621
v -0.893703 -0.045397 0.561551
v -0.852664 -0.011574 0.585535
v -0.735244 0.012619 0.714312
v -0.775685 0.015679 0.658287
v -0.159380 2.651315 0.498801
v -0.167552 2.671704 0.549178
v -0.125204 2.683362 0.510787
v -0.170819 2.681726 0.481871
v -0.139206 2.624964 0.525564
v -0.177503 2.698902 0.522530
v -0.146163 2.640687 0.567925
v -0.179237 2.728990 0.478304
v -0.145093 2.708132 0.496334
v -0.113101 2.612064 0.569786
v -0.113171 2.652316 0.539780
v -0.213014 2.653290 0.459836
v -0.175479 2.675075 0.479574
v -0.171557 2.642657 0.445570
v -0.208143 2.675023 0.433695
v -0.206017 2.626553 0.488922
v -0.177227 2.693208 0.449628
v -0.175260 2.643956 0.505693
v -0.183025 2.703736 0.404591
v -0.172070 2.668746 0.424457
v -0.177940 2.602264 0.520180
v -0.169814 2.620789 0.479301
v -0.189702 2.626764 0.401032
v -0.166720 2.660883 0.427457
v -0.145716 2.636876 0.388789
v -0.192865 2.651004 0.376970
v -0.173967 2.603934 0.427871
v -0.173916 2.679291 0.398486
v -0.155129 2.631754 0.449789
v -0.180540 2.690808 0.352607
v -0.156237 2.662162 0.369965
v -0.140594 2.593287 0.458585
v -0.137255 2.615342 0.420812
v -0.184620 2.570023 0.305640
v -0.197544 2.592690 0.349200
v -0.153068 2.590765 0.331449
v -0.185905 2.598192 0.291747
v -0.177014 2.544241 0.331175
v -0.196525 2.616882 0.327460
v -0.187774 2.562396 0.367261
v -0.183923 2.641826 0.292725
v -0.162497 2.616608 0.316136
v -0.165230 2.529922 0.375546
v -0.153678 2.562347 0.355841
v -0.775086 -0.080220 0.339010
v -0.796411 -0.058937 0.390118
v -0.764616 -0.030442 0.354011
v -0.802488 -0.064178 0.321271
v -0.742395 -0.085374 0.367097
v -0.820534 -0.046579 0.362991
v -0.759816 -0.067895 0.409204
v -0.838530 -0.028199 0.316808
v -0.796746 -0.023076 0.337797
v -0.712536 -0.071608 0.413029
v -0.735862 -0.044441 0.383996
v -0.181994 2.399206 0.999227
v -0.198668 2.385670 1.039868
v -0.218949 2.384245 1.004408
v -0.179095 2.370997 1.001258
v -0.195694 2.425721 1.002435
v -0.192659 2.360413 1.034310
v -0.209431 2.414558 1.035746
v -0.188430 2.331424 1.015032
v -0.209615 2.358060 1.009219
v -0.223562 2.444595 1.017537
v -0.226236 2.412724 1.010397
v -0.461621 -0.101674 1.098964
v -0.479122 -0.060233 1.114701
v -0.462881 -0.066422 1.071723
v -0.490674 -0.104367 1.087344
v -0.429746 -0.086860 1.107441
v -0.504882 -0.070346 1.100296
v -0.444951 -0.052603 1.120067
v -0.530550 -0.088244 1.071145
v -0.493489 -0.072690 1.067655
v -0.404688 -0.050979 1.112892
v -0.432919 -0.055136 1.087381
v -0.268534 2.364231 1.010566
v -0.245344 2.346715 1.052294
v -0.224306 2.360552 1.009158
v -0.260681 2.392147 1.019015
v -0.265329 2.329299 1.004704
v -0.241787 2.377295 1.053278
v -0.246245 2.314889 1.039146
v -0.235184 2.419772 1.038692
v -0.223745 2.387997 1.021358
v -0.243779 2.289861 1.009451
v -0.228481 2.324638 1.007694
v -0.283609 2.525867 0.893729
v -0.273575 2.481085 0.947786
v -0.249411 2.482793 0.892868
v -0.254223 2.540865 0.902967
v -0.308841 2.493967 0.887022
v -0.245806 2.504575 0.947236
v -0.300464 2.457618 0.931176
v -0.208704 2.538321 0.926724
v -0.226493 2.502774 0.907552
v -0.321273 2.440832 0.893454
v -0.280910 2.456574 0.891244
v -0.588571 -0.096044 0.963632
v -0.590370 -0.058027 1.006071
v -0.603303 -0.046570 0.947008
v -0.626346 -0.096585 0.962346
v -0.548857 -0.080662 0.964393
v -0.627935 -0.065326 0.997048
v -0.550612 -0.049349 0.999139
v -0.675717 -0.075673 0.966821
v -0.638139 -0.054140 0.953454
v -0.513574 -0.041878 0.972867
v -0.560051 -0.038334 0.955856
v -0.192997 2.302952 1.077193
v -0.165922 2.338612 1.048722
v -0.199957 2.308943 1.032363
v -0.212815 2.326354 1.076067
v -0.169454 2.281222 1.064696
v -0.190509 2.355757 1.052748
v -0.147213 2.310548 1.041140
v -0.230337 2.365470 1.056374
v -0.215562 2.334644 1.038275
v -0.140403 2.272050 1.031594
v -0.172265 2.289431 1.026681
v -0.719655 -0.102001 0.917476
v -0.735133 -0.059512 0.900721
v -0.707080 -0.056020 0.940692
v -0.694548 -0.100075 0.898437
v -0.746746 -0.089904 0.942670
v -0.707176 -0.065595 0.884523
v -0.759505 -0.054777 0.928894
v -0.665735 -0.077539 0.875118
v -0.686158 -0.060154 0.914784
v -0.774398 -0.053675 0.968064
v -0.738562 -0.049178 0.959491
v -0.179080 2.502001 1.007825
v -0.172448 2.480239 0.967158
v -0.205279 2.460870 1.006147
v -0.201645 2.516387 0.991225
v -0.158676 2.474515 1.022222
v -0.196177 2.498485 0.957909
v -0.153251 2.456621 0.988604
v -0.232342 2.518767 0.959283
v -0.221463 2.482224 0.985819
v -0.143533 2.431202 1.023189
v -0.178553 2.440136 1.016940
v -0.251238 2.640025 0.812618
v -0.223042 2.598541 0.805790
v -0.255400 2.625965 0.768085
v -0.230654 2.660125 0.790598
v -0.273281 2.610810 0.825966
v -0.207428 2.626215 0.784803
v -0.249987 2.576383 0.821857
v -0.199676 2.670068 0.751403
v -0.231234 2.644841 0.755142
v -0.287833 2.566463 0.826906
v -0.273646 2.595788 0.791291
v -0.174803 2.250798 0.087612
v -0.182381 2.246044 0.103131
v -0.198317 2.245324 0.094534
v -0.190897 2.250029 0.079030
v -0.770138 2.080238 0.860599
v -0.765662 2.076986 0.850387
v -0.776836 2.073414 0.845741
v -0.781461 2.076128 0.856180
v -0.356594 2.409857 0.235826
v -0.445298 2.466984 0.347661
v -0.607011 2.398607 0.551594
v -0.744878 2.229928 0.745614
v -0.747179 2.241179 0.752536
v -0.604324 2.413635 0.554835
v -0.444266 2.477154 0.350827
v -0.353728 2.423455 0.236276
v -0.343480 2.419803 0.243624
v -0.433484 2.475336 0.357271
v -0.594302 2.408653 0.561376
v -0.735261 2.241144 0.757119
v -0.732103 2.230972 0.749092
v -0.596618 2.396037 0.557536
v -0.434759 2.464758 0.354499
v -0.346421 2.406743 0.243135
v -0.193732 2.186701 0.082541
v -0.205546 2.176694 0.088261
v -0.213021 2.177792 0.073370
v -0.201319 2.187738 0.067565
v -0.221845 2.259871 0.108451
v -0.271469 2.343513 0.158346
v -0.278868 2.333174 0.159710
v -0.228102 2.248837 0.110350
v -0.286092 2.334779 0.148451
v -0.233635 2.251356 0.100154
v -0.278471 2.345385 0.147325
v -0.227543 2.262309 0.098118
v -0.499570 2.397253 0.535098
v -0.548502 2.401872 0.554352
v -0.538701 2.366801 0.527601
v -0.506855 2.372741 0.563953
v -0.504409 2.418724 0.501643
v -0.547492 2.375877 0.580269
v -0.544183 2.423347 0.516958
v -0.538095 2.336697 0.601874
v -0.542579 2.348840 0.560362
v -0.532742 2.434801 0.471731
v -0.539526 2.396241 0.497499
v -0.656106 2.284531 0.598900
v -0.661229 2.306583 0.649136
v -0.610324 2.297781 0.621483
v -0.645032 2.322459 0.579350
v -0.657938 2.246128 0.629815
v -0.649438 2.340115 0.620820
v -0.662211 2.264231 0.671219
v -0.623007 2.376583 0.575303
v -0.609778 2.334822 0.601988
v -0.648464 2.218424 0.679276
v -0.622688 2.258493 0.652460
v -0.592253 2.326184 0.518441
v -0.610766 2.346959 0.568423
v -0.554266 2.343588 0.548843
v -0.581929 2.364091 0.499041
v -0.597024 2.288837 0.552599
v -0.597222 2.381387 0.540358
v -0.612164 2.305807 0.593497
v -0.566188 2.418308 0.496705
v -0.554262 2.379111 0.527917
v -0.596273 2.262297 0.606935
v -0.569021 2.303980 0.580899
v -0.474741 2.397371 0.314497
v -0.513121 2.400079 0.378558
v -0.454741 2.373641 0.373436
v -0.453040 2.430987 0.323713
v -0.498301 2.353595 0.323308
v -0.483945 2.433880 0.375443
v -0.530663 2.354610 0.376986
v -0.432029 2.467130 0.363470
v -0.440368 2.414222 0.375277
v -0.527688 2.303258 0.366004
v -0.487031 2.333486 0.376116
v -1.014996 -0.061231 0.451493
v -0.972283 -0.046887 0.493556
v -0.973315 -0.107817 0.466943
v -0.974320 -0.062627 0.416637
v -1.049754 -0.069373 0.498847
v -0.939297 -0.050961 0.450999
v -1.013439 -0.057508 0.533307
v -0.908536 -0.071048 0.391013
v -0.938582 -0.097458 0.433477
v -1.059091 -0.085524 0.561114
v -1.011815 -0.104636 0.514389
v -0.874699 -0.067239 0.371658
v -0.901133 -0.101946 0.405080
v -0.909136 -0.044719 0.397066
v -0.902278 -0.065375 0.347611
v -0.852701 -0.067442 0.408176
v -0.924324 -0.093425 0.374447
v -0.873516 -0.096763 0.436409
v -0.948384 -0.067937 0.334002
v -0.931165 -0.051448 0.370847
v -0.846481 -0.072216 0.460541
v -0.882503 -0.053075 0.431274
v -0.377848 2.355624 0.278285
v -0.378792 2.393944 0.308636
v -0.336545 2.372307 0.292518
v -0.368889 2.378154 0.254022
v -0.378536 2.336626 0.311867
v -0.369524 2.409893 0.278808
v -0.379444 2.367901 0.336973
v -0.349076 2.418537 0.236518
v -0.336677 2.394859 0.268111
v -0.368734 2.332646 0.357238
v -0.346252 2.353590 0.325929
v -0.465151 -0.064882 0.211256
v -0.484040 -0.104903 0.236151
v -0.492154 -0.059107 0.247716
v -0.492448 -0.062861 0.195798
v -0.441487 -0.069240 0.239463
v -0.508033 -0.095712 0.216180
v -0.456516 -0.102323 0.260133
v -0.535429 -0.069883 0.192308
v -0.515391 -0.062226 0.226703
v -0.429773 -0.083530 0.283862
v -0.464110 -0.068767 0.270588
v -0.381081 2.321159 0.200625
v -0.395108 2.346102 0.252594
v -0.349237 2.315702 0.242681
v -0.359092 2.349229 0.193455
v -0.400114 2.289160 0.222942
v -0.370393 2.370247 0.235959
v -0.411708 2.309558 0.265738
v -0.329285 2.388149 0.207956
v -0.335385 2.347761 0.231288
v -0.414544 2.262302 0.270494
v -0.376722 2.286903 0.261040
v -0.283942 2.245358 0.191670
v -0.305731 2.288102 0.214558
v -0.255909 2.274332 0.218236
v -0.272442 2.266612 0.167317
v -0.292600 2.230796 0.227780
v -0.290101 2.302184 0.185835
v -0.310784 2.265457 0.246903
v -0.258286 2.309505 0.150521
v -0.252542 2.293581 0.190216
v -0.300257 2.235232 0.276945
v -0.272879 2.257521 0.250912
v -0.698855 2.153819 0.793949
v -0.734644 2.139211 0.818823
v -0.729834 2.133245 0.778673
v -0.694610 2.126547 0.800767
v -0.714645 2.177852 0.785341
v -0.723766 2.115085 0.820941
v -0.744028 2.165800 0.805697
v -0.705817 2.086500 0.811420
v -0.722299 2.109114 0.791195
v -0.747937 2.192473 0.779111
v -0.742346 2.160357 0.775765
v -0.796638 2.038009 0.851261
v -0.773378 2.059680 0.886767
v -0.752226 2.041429 0.849771
v -0.793447 2.066275 0.837947
v -0.788058 2.007902 0.869352
v -0.774363 2.083907 0.867136
v -0.768642 2.026536 0.898333
v -0.772937 2.106825 0.831057
v -0.756446 2.071194 0.840339
v -0.761052 1.986347 0.896758
v -0.750818 2.013168 0.871441
v -0.732071 2.258438 0.634419
v -0.750925 2.217839 0.689413
v -0.699422 2.221492 0.658804
v -0.715648 2.278332 0.656964
v -0.744789 2.222643 0.618412
v -0.730971 2.245495 0.702069
v -0.760069 2.189736 0.663408
v -0.692922 2.284069 0.702719
v -0.691936 2.245443 0.681397
v -0.752650 2.168458 0.623036
v -0.720780 2.190462 0.642580
v -1.217162 -0.093654 0.862508
v -1.182663 -0.055105 0.850709
v -1.196990 -0.090475 0.821556
v -1.234952 -0.073839 0.847258
v -1.188551 -0.111700 0.868700
v -1.206614 -0.042052 0.837645
v -1.160116 -0.080008 0.858868
v -1.241706 -0.038818 0.816390
v -1.215808 -0.067459 0.814133
v -1.144782 -0.117203 0.859875
v -1.169317 -0.105417 0.835367
v -0.757556 -0.096241 0.208487
v -0.788574 -0.069490 0.192314
v -0.746583 -0.056847 0.198633
v -0.749163 -0.097492 0.179571
v -0.767461 -0.083729 0.238107
v -0.774619 -0.075439 0.166212
v -0.793040 -0.061865 0.224899
v -0.745399 -0.083478 0.139060
v -0.743681 -0.064225 0.170351
v -0.783288 -0.053919 0.260101
v -0.761839 -0.050170 0.228745
v -1.253016 -0.048701 0.744552
v -1.236776 -0.067326 0.781370
v -1.265355 -0.038723 0.778878
v -1.271830 -0.069069 0.752538
v -1.232678 -0.024464 0.746189
v -1.258502 -0.084274 0.782897
v -1.219203 -0.039394 0.776386
v -1.292021 -0.095031 0.779258
v -1.280025 -0.063248 0.783160
v -1.210420 -0.001430 0.766431
v -1.240298 -0.017356 0.776263
v -0.783272 2.135782 0.866128
v -0.771100 2.093007 0.848038
v -0.808069 2.120117 0.832832
v -0.768033 2.148821 0.842108
v -0.805058 2.114319 0.883874
v -0.757812 2.114088 0.827016
v -0.795000 2.079210 0.868933
v -0.751819 2.150121 0.800622
v -0.786448 2.131764 0.814407
v -0.829500 2.077077 0.887417
v -0.823238 2.097896 0.855997
v -1.125611 -0.044915 0.719738
v -1.116971 -0.090703 0.707311
v -1.162597 -0.082751 0.723181
v -1.133798 -0.038630 0.689904
v -1.123797 -0.064804 0.753147
v -1.126549 -0.075822 0.679602
v -1.116727 -0.102643 0.742912
v -1.148465 -0.050502 0.650843
v -1.161771 -0.072499 0.691240
v -1.128968 -0.107478 0.782713
v -1.152138 -0.099481 0.754836
v -0.712960 2.255962 0.789796
v -0.681289 2.234131 0.763496
v -0.728393 2.211086 0.778440
v -0.722838 2.265888 0.761590
v -0.702066 2.232688 0.816606
v -0.696856 2.247937 0.740073
v -0.675941 2.214727 0.794818
v -0.728859 2.262107 0.717799
v -0.731737 2.228787 0.750040
v -0.685721 2.192474 0.831505
v -0.711062 2.195369 0.805148
v -0.139712 1.976145 0.080570
v -0.154393 1.970778 0.089318
v -0.162007 1.967172 0.073274
v -0.147456 1.972464 0.064453
v -0.841479 2.768623 0.096577
v -0.832560 2.762893 0.091832
v -0.838561 2.761038 0.080889
v -0.847875 2.766317 0.085696
v -0.055555 2.898430 -0.091792
v -0.176089 2.990247 -0.065714
v -0.441483 2.991292 -0.021222
v -0.709880 2.889015 0.029835
v -0.713005 2.901468 0.033700
v -0.437658 3.005744 -0.016745
v -0.174690 3.000351 -0.062477
v -0.050186 2.911013 -0.089314
v -0.048496 2.906536 -0.077089
v -0.171552 2.997383 -0.050542
v -0.435964 2.999901 -0.005298
v -0.707383 2.899680 0.045023
v -0.702645 2.887907 0.040918
v -0.438501 2.987598 -0.009935
v -0.173485 2.987001 -0.053652
v -0.053752 2.894481 -0.079636
v 0.101050 2.624254 -0.102798
v 0.086231 2.618009 -0.106514
v 0.090705 2.618218 -0.122599
v 0.105483 2.624415 -0.119023
v 0.083533 2.704903 -0.100690
v 0.037905 2.804047 -0.094667
v 0.028971 2.795851 -0.098729
v 0.074893 2.695883 -0.103607
v 0.031428 2.797086 -0.111919
v 0.078127 2.697818 -0.114864
v 0.040439 2.805533 -0.107526
v 0.086713 2.706772 -0.112160
v -1.107541 -0.062413 -0.020329
v -1.108346 -0.105257 0.014311
v -1.127758 -0.051479 0.027140
v -1.151122 -0.062234 -0.026964
v -1.063024 -0.062760 0.000932
v -1.151244 -0.097454 0.001504
v -1.063606 -0.098071 0.029447
v -1.207581 -0.071531 -0.014445
v -1.166836 -0.057868 0.013559
v -1.025691 -0.071433 0.043765
v -1.078737 -0.058401 0.041458
v -1.193202 0.005779 -0.037586
v -1.188258 -0.045159 -0.012025
v -1.211711 0.005066 0.010655
v -1.236451 0.005385 -0.044606
v -1.147498 0.001118 -0.015822
v -1.232475 -0.036774 -0.023467
v -1.143428 -0.040542 0.005098
v -1.290211 -0.009094 -0.034963
v -1.249747 -0.000126 -0.004384
v -1.106491 -0.016681 0.024908
v -1.161209 -0.003901 0.024192
v -0.336747 2.915503 -0.048649
v -0.351647 2.965712 -0.016146
v -0.298805 2.929398 0.001486
v -0.293870 2.943475 -0.064478
v -0.379114 2.889680 -0.016167
v -0.305948 2.984576 -0.037864
v -0.390748 2.931988 0.010696
v -0.240606 2.990555 -0.063218
v -0.266687 2.958585 -0.021972
v -0.414006 2.883646 0.038344
v -0.349776 2.906216 0.026145
v -0.189715 2.911632 -0.028343
v -0.233418 2.944955 -0.028407
v -0.184041 2.948480 0.002457
v -0.168829 2.934806 -0.047554
v -0.216543 2.895891 0.000812
v -0.203936 2.962380 -0.047797
v -0.253685 2.922548 0.000888
v -0.155260 2.978163 -0.063476
v -0.169038 2.966292 -0.023536
v -0.254674 2.898511 0.037455
v -0.216198 2.928233 0.024935
v -1.145547 -0.045947 -0.103196
v -1.147438 -0.089493 -0.106520
v -1.148881 -0.068339 -0.068607
v -1.176029 -0.047032 -0.102959
v -1.111288 -0.053341 -0.095771
v -1.177822 -0.082893 -0.105711
v -1.112544 -0.089071 -0.098480
v -1.213402 -0.064887 -0.095842
v -1.179083 -0.068859 -0.076244
v -1.078396 -0.078360 -0.080423
v -1.113764 -0.075035 -0.069006
v -0.166179 2.897839 -0.088797
v -0.169580 2.927415 -0.051558
v -0.145345 2.886996 -0.050279
v -0.134913 2.911421 -0.092961
v -0.198550 2.881313 -0.071800
v -0.137348 2.935919 -0.062394
v -0.202010 2.905293 -0.041090
v -0.094030 2.932475 -0.079260
v -0.118970 2.905742 -0.059204
v -0.227070 2.869490 -0.034355
v -0.182084 2.876023 -0.038076
v -1.123068 -0.058823 -0.075025
v -1.127867 -0.101807 -0.052225
v -1.149878 -0.059525 -0.036716
v -1.154787 -0.064320 -0.086868
v -1.093274 -0.056016 -0.050661
v -1.159044 -0.099726 -0.068150
v -1.096923 -0.091282 -0.031893
v -1.199641 -0.082133 -0.086141
v -1.176179 -0.068994 -0.054686
v -1.072001 -0.065230 -0.010251
v -1.114874 -0.060861 -0.018447
v -0.037015 2.776227 -0.082240
v -0.074945 2.809361 -0.088696
v -0.047838 2.806068 -0.049310
v -0.017024 2.798977 -0.090662
v -0.065672 2.759637 -0.065562
v -0.048099 2.826243 -0.095995
v -0.097271 2.786488 -0.070870
v -0.006057 2.841043 -0.095027
v -0.029153 2.825517 -0.065554
v -0.107872 2.759766 -0.042499
v -0.078158 2.785956 -0.040418
v -0.727931 2.813820 0.095157
v -0.773518 2.811271 0.089835
v -0.745852 2.797998 0.062832
v -0.736467 2.787739 0.102587
v -0.727409 2.838907 0.078683
v -0.773431 2.786072 0.098193
v -0.764810 2.836747 0.074264
v -0.761962 2.753202 0.102431
v -0.754852 2.775182 0.076771
v -0.743496 2.858973 0.052235
v -0.745817 2.826292 0.052856
v -0.940332 -0.085968 0.071279
v -0.962026 -0.087916 0.113669
v -0.936602 -0.051781 0.099630
v -0.966049 -0.069508 0.063923
v -0.911521 -0.097269 0.089975
v -0.983710 -0.071172 0.098743
v -0.930089 -0.098361 0.124877
v -1.001855 -0.042181 0.073067
v -0.965387 -0.042999 0.090302
v -0.889294 -0.099497 0.128002
v -0.911128 -0.070321 0.116291
v -0.621718 2.895785 -0.044482
v -0.681337 2.869509 -0.016490
v -0.623657 2.857272 -0.005257
v -0.619120 2.915181 -0.016361
v -0.630055 2.861339 -0.065536
v -0.667794 2.894047 0.006698
v -0.678647 2.840111 -0.042531
v -0.630634 2.923371 0.033068
v -0.626446 2.882461 0.017055
v -0.653010 2.811490 -0.068247
v -0.636811 2.829196 -0.032109
v -0.594484 2.868686 0.016019
v -0.646591 2.866841 0.030119
v -0.603823 2.882802 0.054228
v -0.595283 2.896317 0.009130
v -0.599666 2.839761 0.033773
v -0.637907 2.895065 0.020742
v -0.642500 2.838333 0.045391
v -0.610839 2.932305 0.013255
v -0.607470 2.907425 0.040419
v -0.621769 2.814440 0.065183
v -0.611950 2.850877 0.065093
v -0.828512 2.743619 0.115652
v -0.785920 2.771644 0.130345
v -0.786859 2.735813 0.098384
v -0.826279 2.763981 0.092803
v -0.816675 2.721225 0.138912
v -0.791311 2.787132 0.104933
v -0.781522 2.744230 0.150940
v -0.802056 2.794159 0.065832
v -0.789546 2.760747 0.080775
v -0.780972 2.705313 0.161180
v -0.779769 2.717845 0.126786
v -0.615140 -0.095542 -0.065279
v -0.619998 -0.065870 -0.097455
v -0.590500 -0.061456 -0.064691
v -0.590863 -0.103199 -0.081409
v -0.637979 -0.076597 -0.049422
v -0.594768 -0.078765 -0.107877
v -0.642119 -0.052297 -0.075862
v -0.558434 -0.097046 -0.109017
v -0.572200 -0.073766 -0.084091
v -0.655607 -0.040969 -0.042889
v -0.619048 -0.046936 -0.052113
v -0.743735 2.858992 0.005899
v -0.760619 2.843601 0.043902
v -0.772017 2.876768 0.023625
v -0.767786 2.844592 -0.000939
v -0.723744 2.878364 0.021025
v -0.781713 2.832060 0.030358
v -0.737388 2.866041 0.052303
v -0.806337 2.828125 0.005245
v -0.791808 2.856889 0.016680
v -0.714637 2.899192 0.051340
v -0.746659 2.891694 0.038639
v -1.125709 -0.097839 0.084536
v -1.120541 -0.051537 0.085410
v -1.082814 -0.085205 0.065006
v -1.139548 -0.091190 0.057041
v -1.100087 -0.098009 0.111418
v -1.135255 -0.053226 0.057802
v -1.095892 -0.059776 0.112070
v -1.145661 -0.067274 0.020178
v -1.105662 -0.076718 0.041831
v -1.063215 -0.080848 0.132682
v -1.065950 -0.083582 0.096209
v -0.508222 2.983917 -0.047694
v -0.505673 2.944702 -0.015785
v -0.471385 2.957302 -0.059217
v -0.477322 2.998428 -0.035563
v -0.533775 2.958088 -0.061748
v -0.474994 2.966326 -0.009353
v -0.533137 2.925985 -0.035032
v -0.430467 2.999147 -0.015589
v -0.448380 2.973562 -0.041490
v -0.549840 2.914859 -0.068995
v -0.505440 2.933715 -0.067338
v 0.085504 2.409584 -0.072278
v 0.067904 2.408906 -0.075541
v 0.071776 2.404422 -0.092667
v 0.089309 2.405044 -0.089546
v 0.047794 1.437512 0.150418
v 0.050813 1.862943 0.104230
v 0.071730 0.592225 0.148367
v 0.071776 1.434618 0.106810
v 0.070936 1.856103 0.063503
v 0.056354 1.854694 0.046381
v 0.056798 1.435144 0.087155
v 0.051082 0.593781 0.116171
v 0.015525 -0.051079 0.115480
v 0.037458 -0.052838 0.150150
v 0.027039 -0.052367 0.196797
v -0.007554 -0.050035 0.218799
v -0.065593 -0.045379 0.127057
v -0.031001 -0.047711 0.105054
v -0.054079 -0.046667 0.208373
v -0.076012 -0.044907 0.173703
v 0.029656 0.595104 0.212505
v 0.062056 0.592821 0.191864
v 0.067712 1.435688 0.135377
v 0.068434 1.859829 0.089618
v 0.009753 1.862944 0.085088
v 0.004129 1.440023 0.126981
v -0.034639 0.599841 0.170795
v -0.014000 0.598273 0.202988
v 0.019087 1.439469 0.146626
v 0.024326 1.864351 0.102208
v 0.029857 1.856097 0.044314
v 0.028095 1.437103 0.083376
v 0.007423 0.596947 0.106665
v -0.024967 0.599242 0.127312
v 0.008197 1.438955 0.098430
v 0.012245 1.859216 0.058930
v 0.029353 0.277386 0.116770
v 0.040035 0.268059 0.195114
v 0.050434 0.272626 0.150190
v 0.006319 0.267268 0.216265
v -0.059867 0.275291 0.172726
v -0.015750 0.280652 0.106667
v -0.038785 0.270533 0.206157
v -0.049468 0.279859 0.127808
v 0.171897 2.565433 -0.070754
v 0.123572 2.248223 0.016614
v 0.113167 2.246723 0.005392
v 0.164167 2.564218 -0.078549
v 0.163268 2.572408 -0.050790
v 0.111384 2.257624 0.044309
v 0.122756 2.253177 0.034165
v 0.171492 2.569138 -0.058226
v 0.151056 2.565858 -0.078865
v 0.095243 2.249123 0.004547
v 0.083862 2.253498 0.014737
v 0.142848 2.569099 -0.071475
v 0.142443 2.572802 -0.058945
v 0.083083 2.258417 0.032321
v 0.093489 2.259995 0.043487
v 0.150156 2.574048 -0.051104
v -0.157814 1.421051 0.184827
v -0.118154 1.846482 0.208691
v -0.166968 0.575763 0.207039
v -0.130060 1.418157 0.226137
v -0.091189 1.839641 0.245249
v -0.069287 1.838232 0.240143
v -0.105725 1.418682 0.221840
v -0.128888 0.577320 0.203454
v -0.111969 -0.067540 0.172172
v -0.152837 -0.069300 0.175765
v -0.189511 -0.068829 0.145115
v -0.193201 -0.066497 0.104284
v -0.085058 -0.061840 0.094778
v -0.081368 -0.064173 0.135609
v -0.162600 -0.063129 0.067721
v -0.121732 -0.061369 0.064128
v -0.204671 0.578642 0.140237
v -0.201186 0.576359 0.178495
v -0.153582 1.419227 0.209425
v -0.113249 1.843367 0.231051
v -0.082314 1.846482 0.180980
v -0.116964 1.423561 0.156772
v -0.138121 0.583379 0.102228
v -0.176194 0.581812 0.105806
v -0.141280 1.423007 0.161056
v -0.104211 1.847889 0.186080
v -0.055299 1.839635 0.217545
v -0.089204 1.420641 0.198065
v -0.100420 0.580486 0.169016
v -0.103915 0.582780 0.130764
v -0.093457 1.422494 0.173479
v -0.060211 1.842754 0.195191
v -0.119456 0.260924 0.183870
v -0.193976 0.251597 0.157436
v -0.158823 0.256165 0.187277
v -0.197310 0.250806 0.117775
v -0.128268 0.258829 0.078923
v -0.089796 0.264190 0.148422
v -0.167644 0.254071 0.082328
v -0.093120 0.263397 0.108764
v -0.018179 2.548971 0.396536
v -0.073659 2.231761 0.313527
v -0.058915 2.230262 0.309427
v -0.007708 2.547756 0.393241
v -0.031963 2.555946 0.379713
v -0.092681 2.241162 0.289996
v -0.088881 2.236715 0.304754
v -0.029127 2.552676 0.390432
v -0.001414 2.549396 0.381735
v -0.049945 2.232661 0.293886
v -0.053781 2.237036 0.279100
v -0.004218 2.552638 0.371052
v -0.015167 2.556340 0.364946
v -0.069050 2.241955 0.270343
v -0.083745 2.243533 0.274470
v -0.025672 2.557586 0.368205
v -0.250788 1.330249 0.479919
v -0.113256 1.067168 0.196178
v -0.144961 1.077611 0.164118
v -0.149611 1.577256 0.329727
v -0.099990 1.383217 0.240958
v -0.166925 1.400718 0.188690
v -0.215358 1.590199 0.289070
v -0.187895 1.545112 0.317577
v -0.144562 1.359000 0.229343
v -0.123125 1.043776 0.185211
v -0.140852 1.052757 0.201626
v -0.138707 1.049429 0.169474
v -0.212038 1.459394 0.422529
v -0.217223 1.426086 0.402681
v -0.244044 1.450272 0.409621
vn -0.4293 -0.0091 -0.9031
vn -0.4878 -0.0020 -0.8730
vn 0.2730 -0.0710 -0.9594
vn 0.3422 0.0042 -0.9396
vn -0.8781 0.1165 0.4641
vn -0.8251 0.2561 0.5037
vn -0.9463 0.2164 -0.2402
vn -0.9574 0.0758 -0.2787
vn -0.9032 0.0061 0.4291
vn -0.9436 -0.0080 -0.3310
vn -0.9121 -0.0631 0.4052
vn -0.9345 -0.0608 -0.3507
vn -0.5153 0.0547 -0.8553
vn 0.2152 -0.1345 -0.9673
vn -0.4191 -0.0195 -0.9077
vn 0.3444 0.0362 -0.9381
vn -0.6743 -0.6690 0.3127
vn -0.2522 -0.6439 0.7223
vn -0.3650 -0.0257 0.9307
vn -0.2939 -0.6439 -0.7064
vn -0.6914 -0.6690 -0.2728
vn 0.9072 0.0732 -0.4143
vn 0.7417 -0.5871 -0.3244
vn 0.3001 -0.6100 -0.7334
vn 0.7593 -0.5871 0.2806
vn 0.3424 -0.6100 0.7146
vn 0.9069 0.0233 -0.4207
vn 0.9388 0.0365 0.3426
vn 0.9315 0.0702 0.3570
vn 0.8757 -0.0882 -0.4748
vn 0.9525 -0.0430 0.3015
vn 0.8195 -0.2415 -0.5197
vn 0.9481 -0.2009 0.2466
vn 0.4003 0.0294 0.9159
vn 0.4214 0.0368 0.9061
vn -0.3415 0.0244 0.9396
vn 0.4493 0.0364 0.8927
vn -0.3084 0.1009 0.9459
vn 0.4955 -0.0306 0.8681
vn -0.2415 0.1574 0.9575
vn -0.7800 0.5912 -0.2052
vn -0.6314 0.6114 0.4770
vn -0.3753 0.8446 0.3819
vn -0.5240 0.8075 -0.2710
vn -0.4030 0.3529 -0.8444
vn 0.3567 0.6577 -0.6635
vn 0.7884 -0.5600 0.2546
vn 0.6388 -0.5902 -0.4935
vn 0.4120 -0.8067 -0.4237
vn 0.5770 -0.7642 0.2882
vn 0.0890 -0.2608 -0.9613
vn -0.0002 -0.3594 -0.9332
vn -0.1493 0.3082 0.9395
vn 0.0045 0.4423 0.8969
vn -0.5201 0.2513 -0.8163
vn 0.4570 -0.1907 0.8688
vn 0.4173 -0.2670 0.8687
vn 0.5915 0.7010 0.3984
vn 0.7946 -0.4122 0.4457
vn 0.5575 -0.4522 -0.6962
vn 0.8919 -0.3980 0.2148
vn 0.4961 -0.1597 0.8534
vn 0.5019 -0.1090 0.8580
vn 0.9224 -0.3171 0.2207
vn -0.1936 0.1795 0.9645
vn -0.7457 0.4090 0.5259
vn -0.7781 0.3461 0.5242
vn -0.2053 0.1652 0.9647
vn -0.8860 0.4136 -0.2096
vn -0.5044 0.1754 -0.8455
vn -0.5109 0.1286 -0.8500
vn -0.9152 0.3351 -0.2238
vn 0.1844 -0.1630 -0.9692
vn 0.7514 -0.3925 -0.5304
vn 0.7754 -0.3250 -0.5414
vn 0.1870 -0.1428 -0.9719
vn -0.3620 -0.6605 0.6578
vn 0.0015 -0.9675 -0.2528
vn -0.8762 -0.4289 -0.2197
vn -0.8074 -0.3460 0.4779
vn -0.4676 -0.3590 -0.8077
vn -0.0200 -0.5159 -0.8564
vn 0.4658 -0.4978 0.7316
vn 0.7733 -0.6079 -0.1800
vn 0.7535 -0.6541 -0.0654
vn 0.5001 -0.3397 -0.7966
vn -0.5750 -0.7833 0.2365
vn -0.8564 -0.4808 -0.1882
vn -0.4132 -0.5964 -0.6881
vn -0.4813 -0.2289 -0.8461
vn -0.8105 -0.1991 0.5509
vn -0.1406 -0.6395 -0.7558
vn 0.5398 -0.6944 -0.4758
vn 0.7118 -0.4171 -0.5651
vn 0.2688 -0.4234 -0.8651
vn 0.8964 -0.4274 -0.1177
vn 0.7395 -0.6550 0.1556
vn -0.6756 -0.4609 -0.5755
vn -0.3214 -0.9172 0.2355
vn 0.0460 -0.9932 -0.1074
vn 0.5576 -0.6488 0.5178
vn 0.0777 -0.8494 -0.5220
vn 0.6233 -0.6117 -0.4872
vn 0.7627 -0.6399 0.0942
vn 0.9550 -0.2967 -0.0054
vn 0.2199 -0.2787 -0.9349
vn -0.5119 -0.8113 -0.2824
vn 0.5085 -0.7953 -0.3300
vn 0.5667 -0.3910 -0.7252
vn 0.0542 -0.4566 -0.8880
vn 0.8962 -0.3111 -0.3163
vn 0.8082 -0.5401 0.2347
vn -0.8427 -0.5363 0.0468
vn -0.2028 -0.7997 0.5651
vn -0.0584 -0.8654 0.4977
vn 0.7130 -0.4560 0.5326
vn 0.1510 -0.7832 -0.6031
vn 0.5144 -0.3935 -0.7619
vn 0.8740 -0.4345 -0.2176
vn 0.9657 -0.1151 -0.2328
vn -0.1748 -0.2073 -0.9625
vn 0.4524 -0.7385 0.4999
vn -0.2538 -0.8134 0.5235
vn -0.3559 -0.3951 0.8469
vn 0.0118 -0.4606 0.8875
vn -0.6695 -0.4629 0.5809
vn -0.6843 -0.5912 -0.4269
vn 0.7911 -0.5483 0.2712
vn 0.2151 -0.7361 -0.6419
vn 0.1983 -0.8683 -0.4547
vn -0.5067 -0.3530 -0.7866
vn -0.0274 -0.7493 0.6617
vn -0.3295 -0.4755 0.8157
vn -0.6677 -0.6190 0.4136
vn -0.8126 -0.2654 0.5189
vn 0.2477 -0.2470 0.9368
vn -0.8969 -0.2320 -0.3765
vn -0.4256 -0.2097 -0.8803
vn -0.4169 -0.1419 -0.8978
vn -0.8699 -0.1929 -0.4539
vn 0.1873 -0.0893 -0.9782
vn 0.2379 -0.1021 -0.9659
vn -0.9532 -0.2955 -0.0631
vn -0.3633 -0.3340 -0.8698
vn -0.4462 -0.2575 -0.8571
vn 0.3570 -0.0883 -0.9299
vn -0.4858 -0.6358 -0.5999
vn -0.3894 -0.2949 -0.8726
vn 0.2074 -0.4209 -0.8831
vn 0.2341 -0.0399 -0.9714
vn -0.8992 -0.1343 -0.4164
vn 0.3486 0.0977 -0.9322
vn 0.2871 0.1136 -0.9511
vn 0.8691 -0.0811 -0.4880
vn 0.9098 -0.0196 -0.4145
vn -0.9290 0.2475 -0.2750
vn -0.9044 0.3805 -0.1930
vn -0.4582 0.3889 -0.7993
vn -0.4560 0.2484 -0.8546
vn -0.9317 0.1444 -0.3334
vn -0.4168 0.1655 -0.8938
vn -0.9271 0.0786 -0.3665
vn -0.4014 0.1127 -0.9089
vn 0.2642 0.1779 -0.9479
vn 0.8315 -0.1314 -0.5398
vn 0.3579 0.0859 -0.9298
vn 0.9133 0.0115 -0.4072
vn -0.7528 -0.5551 -0.3537
vn -0.7516 -0.6177 0.2316
vn -0.9212 0.0027 0.3892
vn 0.2422 -0.5578 -0.7939
vn -0.3455 -0.5306 -0.7740
vn 0.9312 -0.0675 0.3582
vn 0.6908 -0.6927 0.2072
vn 0.6758 -0.6248 -0.3910
vn 0.2700 -0.7181 0.6414
vn -0.3314 -0.6855 0.6483
vn 0.9309 -0.1164 0.3462
vn 0.4079 -0.1370 0.9027
vn 0.3956 -0.1031 0.9126
vn 0.9376 -0.2188 0.2701
vn 0.4394 -0.2161 0.8719
vn 0.9162 -0.3575 0.1813
vn 0.4585 -0.3670 0.8094
vn -0.3759 -0.0732 0.9238
vn -0.3536 -0.0692 0.9328
vn -0.9066 0.0476 0.4193
vn -0.3247 -0.0738 0.9429
vn -0.8811 0.1171 0.4582
vn -0.2835 -0.1435 0.9482
vn -0.8387 0.1665 0.5186
vn 0.6055 0.1887 0.7732
vn 0.0504 0.3834 0.9222
vn -0.2640 -0.1967 0.9443
vn 0.4598 -0.4427 0.7698
vn -0.3716 0.6817 0.6302
vn -0.4302 0.8974 0.0979
vn -0.8858 0.4434 -0.1370
vn -0.8135 0.1713 0.5558
vn -0.1004 0.9150 -0.3908
vn 0.4504 0.7153 -0.5343
vn 0.2712 0.2306 -0.9345
vn -0.4465 0.4739 -0.7590
vn 0.8708 0.4272 -0.2434
vn 0.9339 0.2154 0.2854
vn 0.9005 -0.4110 0.1421
vn 0.8223 -0.1361 -0.5525
vn 0.5670 -0.4729 -0.6745
vn 0.4240 -0.8967 0.1269
vn 0.8301 -0.3501 0.4339
vn 0.9430 -0.3243 -0.0742
vn 0.4029 -0.2004 0.8930
vn 0.1018 -0.4590 0.8826
vn 0.0191 -0.3500 -0.9366
vn -0.6502 -0.5654 -0.5075
vn -0.6010 -0.6460 -0.4706
vn -0.6810 -0.6205 0.3889
vn 0.4135 -0.9103 -0.0182
vn 0.7886 -0.4891 0.3726
vn 0.3067 -0.4510 0.8382
vn 0.3338 -0.1853 0.9242
vn 0.8703 -0.3480 -0.3484
vn 0.4535 -0.8795 0.1446
vn -0.6008 -0.7404 0.3013
vn -0.4521 -0.3770 0.8084
vn 0.1590 -0.4810 0.8622
vn -0.8742 -0.2822 0.3952
vn -0.9402 -0.3405 0.0039
vn 0.6046 -0.6097 -0.5126
vn -0.3811 -0.6745 -0.6323
vn -0.3133 -0.7625 -0.5660
vn -0.9552 -0.2305 -0.1858
vn -0.1782 -0.7727 0.6092
vn -0.4465 -0.4538 0.7712
vn -0.8273 -0.4779 0.2953
vn -0.9072 -0.1104 0.4060
vn 0.2302 -0.3305 0.9153
vn -0.3588 -0.3378 0.8701
vn -0.9427 -0.2805 -0.1805
vn 0.0218 -0.6914 -0.7222
vn 0.4769 -0.8334 0.2794
vn 0.9847 0.0553 0.1652
vn -0.1033 0.1501 0.9833
vn -0.9762 -0.0738 -0.2038
vn 0.2703 -0.1440 -0.9519
vn 0.2035 -0.2041 0.9576
vn -0.3249 -0.9251 -0.1966
vn -0.6385 -0.7411 -0.2075
vn 0.0839 -0.0529 0.9951
vn -0.9071 -0.4019 -0.1248
vn -0.0522 0.0644 0.9966
vn -0.1888 0.2930 -0.9373
vn 0.3550 0.9228 0.1497
vn 0.6724 0.7396 0.0276
vn 0.0174 0.2389 -0.9709
vn 0.9037 0.4265 0.0387
vn 0.1597 -0.0391 -0.9864
vn 0.4117 -0.0606 0.9093
vn -0.3323 0.8941 0.3004
vn -0.8518 0.3100 0.4223
vn -0.1579 -0.4913 0.8566
vn -0.2856 0.2361 -0.9288
vn -0.0989 -0.9797 -0.1746
vn 0.1661 -0.9582 -0.2328
vn -0.3833 0.1647 -0.9088
vn 0.3964 -0.0761 0.9149
vn 0.2905 -0.1116 0.9503
vn -0.1413 0.9775 0.1567
vn 0.0891 0.9855 0.1442
vn 0.4240 -0.8542 -0.3009
vn -0.4541 0.1809 -0.8724
vn 0.1972 0.9603 -0.1974
vn -0.1304 0.4738 0.8709
vn 0.9516 0.0087 -0.3073
vn -0.2809 -0.9597 0.0018
vn 0.8172 -0.5332 -0.2190
vn -0.2976 -0.1619 0.9409
vn -0.6318 0.2958 -0.7165
vn -0.7365 -0.1143 -0.6667
vn -0.1772 0.1627 0.9706
vn 0.9362 -0.2301 -0.2655
vn -0.7646 0.1001 -0.6367
vn 0.1926 0.9628 -0.1897
vn -0.3363 0.5034 0.7959
vn 0.9923 0.0462 -0.1148
vn -0.2149 -0.9766 -0.0106
vn 0.8718 -0.4893 -0.0212
vn -0.4871 -0.1407 0.8620
vn -0.4837 0.2389 -0.8420
vn -0.5822 -0.1739 -0.7942
vn -0.4002 0.1847 0.8976
vn 0.9813 -0.1850 -0.0539
vn -0.6274 0.0377 -0.7778
vn -0.0061 0.9996 0.0265
vn -0.1937 0.2425 0.9506
vn 0.9293 0.2516 -0.2703
vn -0.0643 -0.9774 -0.2012
vn 0.9122 -0.2685 -0.3095
vn -0.2311 -0.4133 0.8808
vn -0.6751 0.3175 -0.6659
vn -0.7010 -0.1125 -0.7042
vn -0.1813 -0.0652 0.9813
vn 0.9592 0.0129 -0.2824
vn -0.7695 0.0844 -0.6330
vn -0.1895 0.9746 -0.1191
vn 0.0658 0.4200 0.9052
vn 0.6967 0.3401 -0.6316
vn 0.0430 -0.9988 -0.0254
vn 0.7758 -0.2242 -0.5898
vn 0.1454 -0.2786 0.9493
vn -0.9086 0.0966 -0.4063
vn -0.8610 -0.3331 -0.3844
vn 0.1600 0.0885 0.9831
vn 0.7758 0.0752 -0.6265
vn -0.9434 -0.1300 -0.3051
vn -0.0560 0.9950 0.0825
vn -0.2472 0.2047 0.9471
vn 0.9052 0.3567 -0.2310
vn -0.0177 -0.9604 -0.2779
vn 0.9199 -0.2373 -0.3122
vn -0.2414 -0.5181 0.8205
vn -0.6802 0.3438 -0.6474
vn -0.6722 -0.1225 -0.7301
vn -0.2137 -0.1563 0.9643
vn 0.9616 0.0810 -0.2623
vn -0.7719 0.0901 -0.6294
vn 0.1739 0.9803 -0.0934
vn -0.7575 0.5103 0.4072
vn 0.8730 0.2038 0.4430
vn -0.0611 -0.9956 -0.0710
vn 0.7853 -0.4002 0.4724
vn -0.8673 -0.2591 0.4251
vn 0.0919 0.2244 -0.9702
vn 0.0158 -0.2620 -0.9649
vn -0.8579 0.1343 0.4960
vn 0.8652 -0.0859 0.4940
vn -0.0617 -0.0064 -0.9981
vn -0.8477 -0.0124 -0.5303
vn -0.7555 -0.2731 0.5955
vn -0.1318 0.9141 -0.3834
vn 0.9370 -0.0521 0.3453
vn 0.4142 0.9058 -0.0893
vn -0.0704 -0.2893 0.9547
vn 0.0975 -0.6401 -0.7621
vn 0.5155 -0.6654 -0.5400
vn -0.4539 -0.2543 0.8540
vn 0.1253 0.9628 -0.2393
vn 0.2792 -0.7534 -0.5954
vn 0.3390 0.9346 -0.1080
vn 0.4003 0.2765 0.8737
vn 0.6830 -0.0119 -0.7303
vn -0.4857 -0.8711 -0.0724
vn 0.4390 -0.5405 -0.7177
vn 0.0777 -0.4395 0.8949
vn -0.7570 0.5969 -0.2659
vn -0.9560 0.1690 -0.2397
vn 0.3091 -0.0926 0.9465
vn 0.6049 -0.2893 -0.7419
vn -0.8971 0.4176 -0.1442
vn -0.8847 0.0168 -0.4659
vn -0.6876 -0.4215 0.5912
vn -0.2330 0.9515 -0.2008
vn 0.9675 -0.0454 0.2489
vn 0.3626 0.9300 0.0600
vn 0.0498 -0.4541 0.8896
vn 0.0480 -0.5073 -0.8605
vn 0.5202 -0.5237 -0.6746
vn -0.3554 -0.4404 0.8245
vn 0.0335 0.9974 -0.0642
vn 0.2741 -0.6345 -0.7227
vn 0.5883 0.7719 -0.2411
vn 0.2251 0.4865 0.8442
vn 0.8288 -0.3903 -0.4010
vn -0.6950 -0.7182 0.0342
vn 0.4119 -0.8660 -0.2834
vn -0.2850 -0.0629 0.9565
vn -0.4506 0.6020 -0.6592
vn -0.7806 0.2383 -0.5778
vn 0.0158 0.2023 0.9792
vn 0.6834 -0.6469 -0.3384
vn -0.6860 0.4858 -0.5416
vn -0.3292 0.9391 -0.0986
vn 0.4170 0.3940 -0.8191
vn -0.9954 -0.0479 -0.0824
vn 0.3110 -0.8971 0.3137
vn -0.7839 -0.6202 0.0289
vn 0.6704 -0.3124 -0.6731
vn 0.2385 0.5183 0.8212
vn 0.4219 0.0745 0.9036
vn 0.5435 0.0349 -0.8387
vn -0.9395 -0.3390 -0.0499
vn 0.4462 0.3379 0.8287
vn 0.8020 -0.0184 0.5971
vn 0.7743 -0.4121 -0.4804
vn 0.2202 0.9497 0.2229
vn -0.9049 0.0439 -0.4234
vn -0.2416 0.9660 -0.0916
vn 0.1095 -0.3906 -0.9140
vn -0.2308 -0.4661 0.8541
vn -0.6833 -0.4677 0.5607
vn 0.4923 -0.3914 -0.7775
vn 0.0020 0.9984 0.0558
vn -0.4212 -0.5875 0.6909
vn 0.1662 0.7908 0.5890
vn 0.8685 0.4047 -0.2863
vn -0.7225 0.6758 -0.1459
vn -0.3210 -0.8420 -0.4336
vn -0.8704 0.1747 -0.4604
vn 0.6834 -0.2129 -0.6983
vn 0.0498 -0.2823 0.9580
vn -0.0634 -0.7549 0.6527
vn 0.8156 0.1382 -0.5618
vn -0.8242 0.4502 -0.3435
vn 0.1176 -0.5350 0.8366
vn -0.7589 -0.1174 -0.6405
vn -0.2886 0.9246 -0.2486
vn 0.3744 -0.4929 -0.7854
vn 0.6710 -0.0726 0.7379
vn 0.8368 -0.4214 -0.3494
vn 0.1848 0.9437 0.2745
vn -0.7391 -0.5059 0.4447
vn -0.3955 -0.4898 0.7770
vn -0.0262 0.9989 -0.0390
vn 0.6063 -0.4746 -0.6381
vn -0.6111 -0.4088 0.6778
vn -0.7552 -0.1985 -0.6247
vn -0.0178 -0.9858 -0.1672
vn -0.4397 -0.6471 0.6229
vn -0.6968 -0.4725 -0.5397
vn 0.4590 -0.4352 -0.7745
vn 0.6439 -0.7105 0.2840
vn 0.8177 0.2809 0.5025
vn -0.4130 -0.1569 0.8971
vn -0.7931 -0.2851 -0.5383
vn 0.5519 0.2006 -0.8094
vn -0.0068 -0.3907 0.9205
vn 0.0875 -0.8896 -0.4482
vn -0.2551 -0.8047 -0.5361
vn -0.1773 -0.2949 0.9389
vn -0.6375 -0.5895 -0.4961
vn -0.3408 -0.2253 0.9128
vn -0.0168 0.4712 -0.8819
vn -0.0469 0.9086 0.4150
vn 0.3350 0.8615 0.3815
vn 0.1960 0.4880 -0.8505
vn 0.6492 0.6345 0.4195
vn 0.4254 0.2758 -0.8619
vn 0.1424 -0.1873 0.9719
vn -0.6935 0.6496 0.3114
vn -0.9869 -0.0664 0.1468
vn -0.2021 -0.7287 0.6543
vn -0.0859 0.3895 -0.9170
vn 0.3031 -0.8828 -0.3588
vn 0.5488 -0.7734 -0.3172
vn -0.1537 0.2910 -0.9443
vn 0.1327 -0.2075 0.9692
vn 0.0406 -0.2792 0.9594
vn -0.5126 0.8187 0.2588
vn -0.3057 0.8937 0.3283
vn 0.7618 -0.5872 -0.2735
vn -0.2328 0.2764 -0.9324
vn -0.1140 0.9921 0.0521
vn -0.6949 0.1544 0.7024
vn 0.9040 0.3504 0.2451
vn 0.1534 -0.9568 -0.2469
vn 0.9587 -0.2019 0.2005
vn -0.6216 -0.4990 0.6038
vn -0.2879 0.3133 -0.9050
vn -0.2442 -0.1075 -0.9637
vn -0.6678 -0.1846 0.7211
vn 0.9587 0.1179 0.2590
vn -0.3634 0.0705 -0.9290
vn -0.8154 0.0939 -0.5712
vn -0.6949 -0.6772 0.2420
vn -0.3462 0.9328 0.1001
vn 0.9190 -0.0154 0.3939
vn 0.1853 0.8892 0.4184
vn 0.0187 -0.7453 0.6664
vn 0.2448 -0.0852 -0.9658
vn 0.6703 -0.1468 -0.7274
vn -0.3822 -0.7517 0.5375
vn -0.1212 0.9534 0.2764
vn 0.4542 -0.2365 -0.8589
vn -0.3638 0.9121 0.1890
vn -0.5176 -0.0881 0.8511
vn 0.8177 0.5642 0.1140
vn 0.3405 -0.8640 -0.3710
vn 0.9958 0.0909 -0.0148
vn -0.3016 -0.6839 0.6643
vn -0.5350 0.2846 -0.7955
vn -0.3966 -0.1084 -0.9116
vn -0.4067 -0.3765 0.8324
vn 0.9316 0.3559 0.0733
vn -0.5466 0.0347 -0.8367
vn -0.1928 0.8808 0.4324
vn -0.9303 -0.0363 0.3651
vn 0.6794 0.1498 0.7183
vn 0.2993 -0.7913 -0.5332
vn 0.8001 -0.4051 0.4424
vn -0.7771 -0.6292 0.0152
vn 0.0607 0.7204 -0.6909
vn 0.1761 0.2929 -0.9398
vn -0.8947 -0.3713 0.2484
vn 0.7611 -0.1049 0.6401
vn 0.0139 0.4912 -0.8709
vn -0.9786 0.0492 -0.1997
vn -0.4048 -0.8756 0.2634
vn -0.3645 0.7621 0.5352
vn 0.9964 0.0688 0.0491
vn 0.2048 0.7580 0.6193
vn 0.3068 -0.8792 0.3646
vn -0.1098 0.1878 -0.9760
vn 0.3534 0.1754 -0.9189
vn -0.0625 -0.9229 0.3799
vn -0.0892 0.7835 0.6149
vn 0.1221 0.0806 -0.9892
vn -0.4797 0.8773 -0.0131
vn -0.3350 0.1600 0.9285
vn 0.6766 0.6788 -0.2854
vn 0.3962 -0.9013 -0.1751
vn 0.9343 0.1697 -0.3135
vn -0.0304 -0.4733 0.8804
vn -0.7372 -0.0544 -0.6735
vn -0.5496 -0.4429 -0.7084
vn -0.1555 -0.1402 0.9778
vn 0.8391 0.4554 -0.2975
vn -0.7164 -0.3003 -0.6298
vn -0.9584 0.1784 0.2227
vn -0.2151 -0.5257 0.8230
vn -0.0773 0.9842 0.1595
vn 0.8918 -0.1606 -0.4229
vn 0.4873 0.8732 -0.0095
vn 0.4667 -0.6610 0.5876
vn -0.5712 -0.2683 -0.7758
vn -0.1301 -0.3513 -0.9272
vn 0.1393 -0.5966 0.7904
vn 0.2002 0.9742 0.1040
vn -0.3567 -0.4226 -0.8332
vn -0.1631 0.9770 0.1374
vn -0.9687 0.1486 0.1990
vn 0.5898 0.3112 0.7451
vn 0.3143 -0.9151 -0.2527
vn 0.7154 -0.2776 0.6412
vn -0.8017 -0.5958 0.0491
vn 0.2677 0.4952 -0.8265
vn 0.3690 0.0244 -0.9291
vn -0.9507 -0.2499 0.1835
vn 0.6707 0.0283 0.7412
vn 0.2187 0.2473 -0.9439
vn -0.5137 0.8468 0.1383
vn -0.8523 -0.2192 0.4750
vn 0.5793 0.6214 0.5276
vn 0.5759 -0.7605 -0.3001
vn 0.9023 0.1122 0.4163
vn -0.4529 -0.8345 0.3137
vn -0.1851 0.4152 -0.8907
vn 0.0713 0.0169 -0.9973
vn -0.6832 -0.5587 0.4702
vn 0.7641 0.3905 0.5135
vn -0.1519 0.1551 -0.9761
vn 0.0048 0.9848 0.1734
vn 0.0235 0.1297 0.9913
vn 0.8149 0.3774 -0.4399
vn -0.1093 -0.9184 -0.3802
vn 0.7786 -0.1811 -0.6009
vn -0.0197 -0.6257 0.7798
vn -0.8153 0.4108 -0.4080
vn -0.8505 -0.0460 -0.5239
vn 0.0517 -0.2555 0.9654
vn 0.8455 0.1032 -0.5239
vn -0.9111 0.1736 -0.3739
vn -0.9954 -0.0009 -0.0958
vn -0.4012 -0.4921 0.7726
vn -0.3156 0.9486 -0.0251
vn 0.9904 -0.0101 -0.1379
vn 0.3348 0.9422 -0.0102
vn 0.3949 -0.5044 0.7679
vn -0.2692 -0.4506 -0.8512
vn 0.2385 -0.4537 -0.8587
vn -0.0050 -0.5079 0.8614
vn -0.0184 0.9998 0.0042
vn -0.0046 -0.5740 -0.8189
vn -0.6497 0.0710 -0.7569
vn -0.8314 -0.5368 0.1436
vn -0.1956 0.9620 -0.1908
vn 0.7986 -0.1004 0.5935
vn 0.3209 0.8930 0.3156
vn -0.2033 -0.6156 0.7614
vn 0.4207 -0.3243 -0.8472
vn 0.7668 -0.3949 -0.5060
vn -0.6018 -0.5990 0.5283
vn 0.0295 0.9973 0.0667
vn 0.5658 -0.4993 -0.6562
vn 0.3215 0.9405 0.1097
vn -0.1991 0.2823 0.9384
vn 0.9887 -0.0198 -0.1485
vn -0.3796 -0.8648 -0.3287
vn 0.7504 -0.6062 -0.2636
vn -0.4936 -0.3966 0.7740
vn -0.4356 0.6075 -0.6642
vn -0.6256 0.1584 -0.7639
vn -0.3235 -0.0745 0.9433
vn 0.9315 -0.3137 -0.1839
vn -0.6377 0.4030 -0.6565
vn 0.5111 0.8089 0.2906
vn -0.5816 0.6152 0.5322
vn 0.8101 -0.2879 0.5108
vn -0.4055 -0.7878 -0.4636
vn 0.4536 -0.8514 0.2635
vn -0.9720 -0.0102 0.2346
vn 0.3199 0.5098 -0.7986
vn 0.0556 0.1173 -0.9915
vn -0.8350 0.3013 0.4605
vn 0.6759 -0.5869 0.4457
vn 0.0790 0.3819 -0.9208
vn 0.9452 -0.0823 0.3160
vn 0.4702 0.8554 -0.2172
vn -0.0256 -0.1703 0.9851
vn -0.9400 -0.1075 -0.3237
vn -0.5848 -0.1518 0.7968
vn -0.2416 0.8536 -0.4615
vn 0.4266 -0.7783 -0.4607
vn -0.0507 -0.7795 -0.6243
vn 0.1277 0.9394 -0.3180
vn -0.3033 -0.1521 0.9407
vn 0.2191 -0.7317 -0.6455
vn -0.5979 0.8001 -0.0484
vn 0.4582 0.7012 -0.5462
vn -0.8525 -0.2994 -0.4285
vn 0.5083 -0.8248 0.2477
vn -0.4923 -0.7979 -0.3480
vn 0.8935 0.0815 -0.4416
vn -0.1920 0.3216 0.9272
vn 0.1057 -0.0585 0.9927
vn 0.7030 0.4110 -0.5804
vn -0.7089 -0.5608 -0.4277
vn 0.0553 0.2112 0.9759
vn -0.6795 -0.0261 0.7332
vn -0.3589 0.9276 0.1037
vn -0.7540 -0.5979 -0.2720
vn 0.7377 -0.1757 -0.6518
vn -0.3189 -0.6421 -0.6971
vn 0.1734 0.8792 -0.4438
vn 0.4199 -0.3053 0.8547
vn 0.8314 -0.3193 0.4548
vn -0.1407 0.9668 -0.2134
vn -0.5694 -0.6306 -0.5273
vn 0.6578 -0.2079 0.7239
vn -0.4367 -0.2243 -0.8712
vn 0.3759 -0.8679 -0.3249
vn -0.4095 -0.5060 0.7592
vn -0.9329 -0.2192 -0.2857
vn 0.0578 -0.5250 -0.8491
vn 0.4549 -0.8820 0.1231
vn 0.9742 0.0015 0.2257
vn -0.1575 -0.0573 0.9859
vn -0.9637 -0.0116 -0.2668
vn 0.3225 0.0537 -0.9450
vn 0.1480 -0.4038 0.9028
vn -0.3194 -0.8573 -0.4038
vn -0.6307 -0.6694 -0.3925
vn 0.0274 -0.2617 0.9648
vn -0.9013 -0.3502 -0.2549
vn -0.1078 -0.1449 0.9836
vn -0.1338 0.4863 -0.8635
vn 0.3522 0.8643 0.3591
vn 0.6747 0.7050 0.2184
vn 0.0736 0.4367 -0.8966
vn 0.9029 0.3923 0.1758
vn 0.2147 0.1655 -0.9625
vn 0.3594 -0.2572 0.8970
vn -0.3428 0.8172 0.4633
vn -0.8721 0.2302 0.4317
vn -0.2091 -0.6569 0.7244
vn -0.2313 0.4306 -0.8724
vn -0.0954 -0.9194 -0.3817
vn 0.1726 -0.8911 -0.4198
vn -0.3304 0.3584 -0.8731
vn 0.3437 -0.2734 0.8984
vn 0.2358 -0.3135 0.9198
vn -0.1434 0.9254 0.3508
vn 0.0873 0.9316 0.3527
vn 0.4346 -0.7798 -0.4506
vn -0.4031 0.3680 -0.8379
vn 0.2144 0.9766 0.0197
vn -0.1760 0.2831 0.9428
vn 0.9674 0.0555 -0.2472
vn -0.2869 -0.9335 -0.2150
vn 0.8246 -0.4903 -0.2820
vn -0.3512 -0.3499 0.8685
vn -0.5885 0.4509 -0.6711
vn -0.6985 0.0414 -0.7144
vn -0.2305 -0.0410 0.9722
vn 0.9482 -0.1865 -0.2574
vn -0.7269 0.2452 -0.6415
vn -0.9989 0.0371 0.0276
vn -0.2613 -0.4289 0.8647
vn -0.2229 0.9736 -0.0492
vn 0.9724 -0.0529 -0.2271
vn 0.3322 0.9401 -0.0769
vn 0.3972 -0.4741 0.7858
vn -0.3374 -0.4999 -0.7977
vn 0.0862 -0.5309 -0.8431
vn 0.0778 -0.4420 0.8936
vn 0.0148 0.9991 -0.0389
vn -0.1073 -0.6101 -0.7850
vn -0.7667 0.1166 -0.6313
vn -0.8436 -0.3833 0.3760
vn -0.0965 0.9754 -0.1981
vn 0.8863 -0.1220 0.4468
vn 0.4075 0.8996 0.1567
vn -0.1694 -0.4947 0.8524
vn 0.2112 -0.4253 -0.8801
vn 0.6078 -0.5155 -0.6040
vn -0.5592 -0.4407 0.7022
vn 0.1270 0.9917 -0.0194
vn 0.3755 -0.5844 -0.7193
vn -0.0010 0.9718 0.2356
vn -0.2453 0.0415 0.9686
vn 0.9447 0.2856 -0.1612
vn -0.0594 -0.9123 -0.4053
vn 0.9264 -0.2144 -0.3096
vn -0.2830 -0.5844 0.7605
vn -0.6345 0.4622 -0.6195
vn -0.6610 0.0504 -0.7487
vn -0.2366 -0.2660 0.9345
vn 0.9736 0.0542 -0.2215
vn -0.7321 0.2293 -0.6415
vn 0.2165 0.8814 0.4199
vn -0.7474 0.2337 0.6219
vn 0.8730 -0.0895 0.4794
vn -0.1228 -0.8246 -0.5522
vn 0.7349 -0.6443 0.2117
vn -0.8892 -0.3645 0.2763
vn 0.0675 0.6931 -0.7177
vn -0.0293 0.2601 -0.9651
vn -0.8499 -0.0918 0.5188
vn 0.8477 -0.3538 0.3952
vn -0.0967 0.4956 -0.8632
vn -0.1761 0.9813 0.0784
vn 0.0176 0.2197 0.9754
vn 0.7334 0.4521 -0.5078
vn 0.0377 -0.9719 -0.2324
vn 0.8062 -0.1098 -0.5813
vn 0.0899 -0.4739 0.8760
vn -0.8836 0.1962 -0.4251
vn -0.8402 -0.2293 -0.4914
vn 0.1050 -0.1224 0.9869
vn 0.8103 0.1906 -0.5542
vn -0.9256 -0.0460 -0.3757
vn -0.9902 0.0641 0.1242
vn -0.3288 -0.8225 0.4642
vn -0.1941 0.8305 0.5221
vn 0.9579 0.0546 -0.2818
vn 0.4079 0.8111 0.4191
vn 0.4337 -0.8446 0.3140
vn -0.4359 0.0949 -0.8950
vn 0.0455 0.0745 -0.9962
vn 0.0659 -0.8821 0.4664
vn 0.0990 0.8541 0.5106
vn -0.2018 -0.0306 -0.9790
vn -0.0348 0.9384 -0.3438
vn -0.3522 0.5998 0.7184
vn 0.9244 0.2534 -0.2851
vn -0.0136 -0.9900 0.1405
vn 0.9332 -0.3418 -0.1111
vn -0.3463 -0.1453 0.9268
vn -0.5890 0.0333 -0.8075
vn -0.6009 -0.4226 -0.6785
vn -0.3295 0.2520 0.9099
vn 0.9806 -0.0255 -0.1941
vn -0.7000 -0.1845 -0.6899
vn -0.1715 0.9569 0.2345
vn -0.6991 0.0318 0.7143
vn 0.8674 0.3970 0.3001
vn 0.2061 -0.8876 -0.4120
vn 0.9750 -0.1816 0.1281
vn -0.5687 -0.6692 0.4783
vn -0.3059 0.4842 -0.8197
vn -0.2241 0.0311 -0.9741
vn -0.6489 -0.3425 0.6795
vn 0.9617 0.1217 0.2457
vn -0.3789 0.2296 -0.8965
vn 0.7435 0.5941 -0.3069
vn 0.2643 0.6054 0.7508
vn 0.7667 -0.5753 -0.2850
vn -0.8146 -0.5738 0.0849
vn 0.2630 -0.9562 -0.1286
vn -0.3615 0.1436 0.9213
vn -0.2934 0.5533 -0.7796
vn -0.6911 0.2553 -0.6761
vn -0.0257 0.3800 0.9246
vn 0.5734 -0.7937 -0.2031
vn -0.5579 0.4947 -0.6663
vn -0.4796 0.0195 -0.8773
vn -0.9554 -0.2874 0.0676
vn 0.0979 0.9018 -0.4208
vn 0.6394 -0.1209 0.7594
vn 0.4909 0.8506 0.1881
vn -0.4764 -0.3445 0.8090
vn 0.4489 -0.6109 -0.6521
vn 0.7055 -0.6678 -0.2372
vn -0.8143 -0.2998 0.4970
vn 0.2806 0.9505 -0.1336
vn 0.5105 -0.7598 -0.4027
vn -0.9985 -0.0348 -0.0416
vn -0.3423 -0.0472 0.9384
vn -0.2952 0.8537 -0.4290
vn 0.9828 -0.1003 -0.1548
vn 0.3476 0.8298 -0.4366
vn 0.4132 -0.0993 0.9052
vn -0.3092 -0.7820 -0.5412
vn 0.1875 -0.8099 -0.5558
vn 0.0300 -0.0245 0.9993
vn 0.0022 0.9030 -0.4297
vn -0.0520 -0.8846 -0.4634
vn 0.6644 0.4649 0.5852
vn 0.6636 -0.6731 0.3264
vn 0.4371 0.7431 -0.5067
vn -0.8261 -0.2228 -0.5176
vn -0.0225 0.5221 -0.8526
vn 0.0138 -0.9856 -0.1687
vn -0.4680 0.4070 0.7845
vn -0.8197 0.2299 0.5246
vn 0.4176 -0.9070 0.0546
vn 0.2409 0.6470 -0.7234
vn -0.6422 0.2080 0.7377
vn 0.0930 -0.8674 0.4889
vn -0.2264 0.1635 0.9602
vn -0.5957 -0.6710 -0.4415
vn 0.0445 0.8020 -0.5956
vn -0.6097 -0.1744 -0.7732
vn -0.2574 0.7914 0.5546
vn 0.9486 -0.3036 -0.0894
vn 0.9401 0.0892 -0.3292
vn -0.3011 0.4903 0.8179
vn -0.6468 -0.4267 -0.6321
vn 0.9910 -0.0569 -0.1213
vn -0.0236 0.6591 0.7517
vn 0.4303 0.8571 -0.2833
vn -0.9629 0.1701 0.2093
vn -0.0106 -0.7960 -0.6052
vn -0.9568 -0.2155 -0.1953
vn 0.4402 0.2980 -0.8470
vn 0.4197 -0.4053 0.8121
vn 0.4425 -0.7864 0.4311
vn 0.4294 0.6437 -0.6335
vn -1.0000 -0.0081 -0.0022
vn 0.5521 -0.5575 0.6200
vn 0.1380 0.6467 0.7501
vn 0.8859 0.4397 -0.1478
vn -0.7086 0.7045 -0.0391
vn -0.3017 -0.7264 -0.6175
vn -0.8419 0.2832 -0.4594
vn 0.7202 -0.0744 -0.6898
vn -0.0061 -0.4776 0.8786
vn -0.1050 -0.8736 0.4751
vn 0.8468 0.2379 -0.4757
vn -0.8005 0.5272 -0.2849
vn 0.0668 -0.7005 0.7105
vn -0.1479 0.8653 -0.4790
vn 0.9079 0.4027 -0.1159
vn -0.4129 -0.2374 -0.8793
vn -0.0543 -0.8142 0.5780
vn -0.3254 -0.7742 -0.5429
vn 0.9394 -0.1669 0.2995
vn -0.5935 0.5895 0.5479
vn -0.5658 0.1861 0.8033
vn 0.9933 0.1086 0.0406
vn -0.3824 -0.4930 -0.7815
vn -0.4988 0.4232 0.7564
vn -0.7202 -0.0494 -0.6920
vn -0.0149 -0.9284 -0.3713
vn -0.7718 -0.4702 0.4282
vn -0.5118 -0.4262 -0.7459
vn 0.6243 -0.6113 -0.4863
vn 0.3194 -0.7569 0.5702
vn 0.5951 0.2142 0.7746
vn -0.7535 0.0436 0.6559
vn -0.5599 -0.2275 -0.7967
vn 0.8529 -0.0108 -0.5219
vn -0.4467 -0.2471 0.8599
vn 0.0695 -0.9474 -0.3125
vn -0.1859 -0.8216 -0.5389
vn -0.5870 -0.1233 0.8001
vn -0.4998 -0.5437 -0.6742
vn -0.7090 -0.0326 0.7044
vn 0.4272 0.3351 -0.8398
vn -0.0161 0.9545 0.2977
vn 0.3297 0.8417 0.4275
vn 0.6093 0.3215 -0.7248
vn 0.5496 0.5747 0.6064
vn 0.7755 0.0755 -0.6268
vn -0.2909 -0.0654 0.9545
vn -0.6093 0.7917 -0.0454
vn -0.9563 0.1166 -0.2682
vn -0.5879 -0.5839 0.5599
vn 0.3621 0.2615 -0.8947
vn 0.2293 -0.9628 -0.1429
vn 0.4561 -0.8899 -0.0113
vn 0.2915 0.1724 -0.9409
vn -0.3028 -0.0838 0.9494
vn -0.3963 -0.1404 0.9073
vn -0.3914 0.9197 -0.0300
vn -0.2175 0.9695 0.1134
vn 0.6686 -0.7364 0.1037
vn 0.2129 0.1727 -0.9617
vn 0.2406 -0.9657 -0.0972
vn 0.0848 -0.1530 -0.9846
vn 0.8591 -0.1105 0.4997
vn -0.3279 0.8999 0.2876
vn 0.7015 0.3712 0.6083
vn -0.1460 0.5478 -0.8238
vn -0.7234 -0.5268 0.4463
vn -0.8329 -0.1373 0.5361
vn 0.0222 0.1900 -0.9815
vn 0.8120 0.1447 0.5654
vn -0.8470 -0.3406 0.4082
vn -0.9959 0.0599 -0.0679
vn -0.3414 -0.7716 0.5367
vn -0.2320 0.8853 0.4030
vn 0.9910 0.0084 -0.1335
vn 0.3321 0.8501 0.4088
vn 0.3186 -0.7977 0.5121
vn -0.2389 -0.0486 -0.9698
vn 0.1868 -0.0662 -0.9802
vn -0.0184 -0.8022 0.5967
vn 0.0082 0.8995 0.4369
vn -0.0131 -0.1535 -0.9881
vn 0.0828 0.9944 -0.0653
vn -0.8658 0.3650 0.3423
vn 0.7875 0.2308 0.5715
vn 0.0361 -0.9945 -0.0979
vn 0.7396 -0.3236 0.5901
vn -0.8968 -0.2988 0.3262
vn 0.1603 0.2216 -0.9619
vn 0.1354 -0.2047 -0.9694
vn -0.9190 0.0324 0.3930
vn 0.7830 -0.0030 0.6221
vn 0.0518 -0.0066 -0.9986
vn 0.5157 0.6843 -0.5156
vn -0.5147 0.8525 -0.0908
vn 0.8743 0.1467 0.4627
vn -0.4035 -0.8270 0.3914
vn 0.5748 -0.3109 0.7569
vn -0.9241 0.2398 0.2977
vn 0.2393 -0.3576 -0.9027
vn -0.0176 -0.7206 -0.6931
vn -0.7763 0.6096 0.1605
vn 0.7658 -0.0495 0.6412
vn 0.0100 -0.5116 -0.8592
vn -0.8814 0.1183 -0.4573
vn -0.3919 -0.9097 -0.1370
vn -0.5619 0.5678 0.6016
vn 0.9320 0.0397 0.3602
vn -0.0420 0.5321 0.8456
vn 0.2590 -0.9517 0.1649
vn 0.1590 0.4763 -0.8648
vn 0.5860 0.4419 -0.6791
vn -0.0945 -0.9939 0.0565
vn -0.3235 0.5610 0.7620
vn 0.3929 0.3756 -0.8394
vn -0.2435 0.9323 -0.2674
vn -0.6303 0.3449 0.6956
vn 0.8589 0.5115 -0.0260
vn 0.2372 -0.9694 0.0636
vn 0.9956 -0.0313 0.0882
vn -0.4694 -0.3297 0.8191
vn -0.4092 -0.0309 -0.9119
vn -0.3077 -0.4456 -0.8407
vn -0.5507 0.0298 0.8342
vn 0.9631 0.2653 0.0447
vn -0.4585 -0.2680 -0.8473
vn 0.1395 0.8619 -0.4876
vn -0.7683 0.6117 0.1886
vn 0.8722 0.3832 0.3040
vn -0.0417 -0.9478 0.3161
vn 0.8022 -0.1717 0.5719
vn -0.8537 -0.0852 0.5137
vn 0.0719 -0.1840 -0.9803
vn 0.0068 -0.6132 -0.7899
vn -0.8539 0.3025 0.4236
vn 0.8729 0.1342 0.4690
vn -0.0755 -0.4016 -0.9127
vn -0.3395 0.9298 -0.1418
vn -0.9954 -0.0070 0.0956
vn 0.4419 0.5889 0.6767
vn 0.4764 -0.8791 0.0146
vn 0.6697 0.0234 0.7422
vn -0.7016 -0.6957 0.1541
vn 0.2681 0.3064 -0.9134
vn 0.4573 -0.1394 -0.8783
vn -0.9122 -0.3665 0.1834
vn 0.5654 0.3314 0.7553
vn 0.2774 0.0349 -0.9601
vn -0.4163 -0.8388 -0.3508
vn -0.1577 0.1074 -0.9816
vn 0.6123 -0.7647 0.2009
vn 0.3061 0.7742 0.5540
vn 0.8262 -0.2801 0.4888
vn 0.1609 0.7879 -0.5944
vn -0.8596 -0.1628 0.4843
vn -0.6850 0.2202 0.6944
vn 0.0339 0.4594 -0.8876
vn 0.7697 -0.5387 0.3427
vn -0.8584 0.0969 0.5037
vn -0.9952 -0.0267 0.0943
vn -0.2056 -0.3793 0.9021
vn -0.3344 0.9382 -0.0896
vn 0.9439 0.0188 -0.3297
vn 0.2344 0.9483 -0.2139
vn 0.5635 -0.3627 0.7423
vn -0.3861 -0.5593 -0.7336
vn 0.0780 -0.5624 -0.8232
vn 0.1808 -0.3587 0.9158
vn -0.0542 0.9893 -0.1352
vn -0.1531 -0.6701 -0.7263
vn 0.7882 0.2942 -0.5405
vn 0.1927 0.9776 0.0853
vn 0.7942 -0.5658 0.2216
vn -0.8451 -0.4011 0.3533
vn 0.1973 -0.8046 0.5600
vn -0.5311 0.6838 0.5004
vn -0.1568 -0.1887 -0.9694
vn -0.5724 -0.3314 -0.7500
vn -0.1542 0.9166 0.3690
vn 0.5595 -0.7104 0.4270
vn -0.4381 -0.1396 -0.8880
vn -0.9854 0.0160 0.1696
vn -0.1897 -0.6308 0.7524
vn -0.2249 0.9353 0.2731
vn 0.9175 0.0059 -0.3976
vn 0.3968 0.9114 0.1094
vn 0.5333 -0.6619 0.5267
vn -0.5096 -0.2500 -0.8233
vn -0.0321 -0.2701 -0.9623
vn 0.1865 -0.6583 0.7293
vn 0.0726 0.9688 0.2370
vn -0.2622 -0.3828 -0.8859
vn 0.6607 0.0342 0.7499
vn -0.4106 -0.4254 0.8065
vn 0.8477 -0.4544 -0.2737
vn -0.4873 0.1864 -0.8531
vn 0.4853 -0.4136 -0.7703
vn -0.9230 -0.3716 0.0997
vn 0.2243 0.9519 0.2089
vn -0.0606 0.9843 -0.1658
vn -0.7133 -0.4900 0.5011
vn 0.6915 -0.4830 -0.5372
vn -0.0217 0.9937 0.1096
vn 0.9882 -0.1121 -0.1048
vn 0.3608 0.8383 -0.4088
vn 0.3825 -0.1646 0.9092
vn -0.9920 -0.0778 0.0991
vn -0.2035 -0.1285 0.9706
vn -0.3878 0.8589 -0.3345
vn 0.1737 -0.7943 -0.5822
vn -0.3282 -0.7804 -0.5322
vn 0.0100 0.9331 -0.3594
vn 0.1121 -0.1374 0.9841
vn -0.0906 -0.7416 -0.6647
vn -0.1932 -0.7628 0.6171
vn -0.8026 0.2423 0.5450
vn -0.1275 -0.8230 -0.5536
vn 0.3707 0.7111 -0.5974
vn 0.0465 -0.3857 -0.9215
vn -0.6017 0.7945 0.0820
vn 0.7976 -0.1288 0.5893
vn 0.9225 0.2205 0.3169
vn -0.7871 0.5277 0.3194
vn -0.0578 -0.6197 -0.7827
vn 0.8357 0.1150 0.5371
vn -0.3517 0.8710 -0.3431
vn 0.7696 0.5311 -0.3545
vn -0.6590 -0.2160 -0.7205
vn 0.1883 -0.8517 0.4890
vn -0.4706 -0.7492 -0.4660
vn 0.9908 -0.1293 -0.0391
vn -0.4681 0.4792 0.7425
vn -0.3053 0.0694 0.9497
vn 0.9424 0.2032 -0.2656
vn -0.5847 -0.4943 -0.6433
vn -0.2881 0.3383 0.8958
vn -0.5434 0.7355 0.4047
vn 0.4590 0.8781 -0.1352
vn -0.8780 0.0119 -0.4785
vn 0.4309 -0.8560 -0.2855
vn -0.5887 -0.4152 -0.6936
vn 0.8645 0.2619 -0.4291
vn -0.1814 -0.2093 0.9609
vn 0.1051 -0.6258 0.7729
vn 0.6974 0.6243 -0.3518
vn -0.7587 -0.1963 -0.6211
vn 0.0527 -0.3577 0.9324
vn -0.0975 -0.2741 -0.9567
vn 0.2844 -0.9551 -0.0831
vn -0.1506 -0.7587 0.6338
vn -0.6329 -0.6226 -0.4602
vn 0.4197 -0.2752 -0.8649
vn 0.8416 -0.5242 0.1302
vn 0.7908 0.4708 0.3912
vn -0.2046 -0.2874 0.9357
vn -0.7722 -0.4673 -0.4306
vn 0.3404 0.3635 -0.8672
vn 0.2459 -0.4065 0.8799
vn 0.2357 -0.8211 -0.5198
vn -0.1269 -0.8267 -0.5481
vn 0.0621 -0.3597 0.9310
vn -0.5393 -0.7211 -0.4349
vn -0.1157 -0.3348 0.9352
vn -0.2824 0.4768 -0.8324
vn -0.2074 0.8511 0.4822
vn 0.1629 0.9073 0.3877
vn -0.0788 0.5481 -0.8327
vn 0.5263 0.7699 0.3609
vn 0.1919 0.4042 -0.8943
vn 0.3447 -0.1728 0.9227
vn -0.7746 0.4343 0.4598
vn -0.8989 -0.3284 0.2901
vn 0.1018 -0.7758 0.6227
vn -0.3332 0.3809 -0.8625
vn 0.4542 -0.7605 -0.4640
vn 0.6673 -0.5916 -0.4525
vn -0.3773 0.2690 -0.8862
vn 0.3401 -0.1947 0.9200
vn 0.2691 -0.2878 0.9191
vn -0.6541 0.6466 0.3926
vn -0.4645 0.7713 0.4352
vn 0.8300 -0.3573 -0.4283
vn -0.4469 0.2337 -0.8635
vn 0.8978 -0.0824 -0.4326
vn -0.1751 -0.4099 -0.8952
vn 0.3577 0.9326 -0.0477
vn -0.7817 0.0769 0.6189
vn -0.0740 0.9687 0.2370
vn -0.8023 -0.3574 -0.4780
vn 0.5681 -0.5515 0.6108
vn 0.2215 -0.5062 0.8335
vn -0.5021 -0.3752 -0.7792
vn 0.1354 0.9866 0.0914
vn 0.3682 -0.6273 0.6862
vn -0.3528 0.9250 0.1409
vn -0.5848 -0.0555 0.8093
vn 0.8125 0.5684 0.1294
vn 0.3491 -0.8746 -0.3364
vn 0.9980 0.0516 0.0370
vn -0.3648 -0.6632 0.6535
vn -0.5043 0.2539 -0.8254
vn -0.3652 -0.1385 -0.9206
vn -0.4694 -0.3759 0.7990
vn 0.9262 0.3582 0.1179
vn -0.5183 0.0006 -0.8552
vn -0.1682 0.8341 -0.5254
vn -0.7535 0.5303 0.3887
vn 0.8475 0.5303 -0.0247
vn 0.2355 -0.9135 0.3317
vn 0.9651 -0.0080 0.2618
vn -0.6052 -0.1943 0.7720
vn -0.1932 -0.2276 -0.9544
vn -0.1275 -0.6637 -0.7371
vn -0.7134 0.2001 0.6716
vn 0.9418 0.3093 0.1314
vn -0.2794 -0.4672 -0.8388
vn -0.5477 0.7779 0.3080
vn -0.3294 -0.2472 0.9112
vn 0.6541 0.7559 0.0289
vn 0.4830 -0.7321 -0.4803
vn 0.9230 0.3503 -0.1596
vn -0.0028 -0.7591 0.6510
vn -0.7142 0.1578 -0.6819
vn -0.5015 -0.1811 -0.8460
vn -0.1533 -0.4955 0.8550
vn 0.8090 0.5862 -0.0436
vn -0.6684 -0.0850 -0.7389
vn -0.9960 0.0708 -0.0553
vn -0.3829 -0.8376 0.3897
vn -0.2596 0.8132 0.5208
vn 0.9938 0.0349 -0.1052
vn 0.3155 0.7941 0.5194
vn 0.3355 -0.8602 0.3840
vn -0.2511 0.1180 -0.9607
vn 0.2149 0.0925 -0.9722
vn -0.0282 -0.8888 0.4574
vn 0.0250 0.8303 0.5568
vn -0.0267 0.0015 -0.9996
vn -0.5892 0.7294 0.3477
vn -0.3537 -0.3023 0.8852
vn 0.5754 0.8129 0.0901
vn 0.5158 -0.6679 -0.5365
vn 0.9126 0.3798 -0.1515
vn 0.0475 -0.8253 0.5626
vn -0.7334 0.1695 -0.6583
vn -0.4709 -0.1655 -0.8665
vn -0.1306 -0.5774 0.8060
vn 0.7733 0.6340 -0.0050
vn -0.6736 -0.0830 -0.7344
vn -0.4971 0.8249 -0.2692
vn -0.6925 0.2061 0.6913
vn 0.6674 0.7381 -0.0988
vn 0.5057 -0.8608 0.0572
vn 0.9762 0.2151 0.0264
vn -0.3092 -0.4498 0.8379
vn -0.4259 -0.1487 -0.8925
vn -0.2045 -0.5583 -0.8040
vn -0.5068 -0.1048 0.8557
vn 0.8548 0.5186 -0.0218
vn -0.4141 -0.4080 -0.8136
vn -0.9611 0.0078 0.2761
vn -0.1701 -0.7952 0.5819
vn -0.1697 0.8623 0.4770
vn 0.8955 0.0742 -0.4387
vn 0.4113 0.8670 0.2812
vn 0.5328 -0.7844 0.3174
vn -0.5722 -0.0293 -0.8196
vn -0.1186 -0.0243 -0.9926
vn 0.2040 -0.8251 0.5268
vn 0.1180 0.9006 0.4182
vn -0.3451 -0.1421 -0.9277
vn 0.3353 0.9338 -0.1247
vn -0.1830 0.5256 0.8309
vn 0.9806 -0.0397 -0.1917
vn -0.3824 -0.9181 -0.1039
vn 0.7473 -0.6459 -0.1561
vn -0.4765 -0.2142 0.8527
vn -0.4608 0.4369 -0.7725
vn -0.6445 -0.0363 -0.7638
vn -0.3228 0.1580 0.9332
vn 0.9276 -0.3364 -0.1623
vn -0.6626 0.2323 -0.7120
vn 0.1666 0.6069 -0.7772
vn -0.1812 0.9616 0.2060
vn 0.9238 -0.1466 -0.3536
vn -0.2727 -0.7311 0.6254
vn 0.7641 -0.6217 0.1723
vn -0.3706 0.3819 0.8466
vn -0.5865 -0.2551 -0.7687
vn -0.7158 -0.5650 -0.4104
vn -0.2548 0.7566 0.6022
vn 0.9207 -0.3775 -0.0990
vn -0.7668 -0.3358 -0.5470
vn 0.3289 0.9057 0.2675
vn -0.6226 0.4238 0.6579
vn 0.9298 -0.0799 0.3592
vn -0.2624 -0.8522 -0.4526
vn 0.6928 -0.7095 0.1288
vn -0.8845 -0.2730 0.3785
vn 0.0423 0.6002 -0.7988
vn -0.1414 0.1580 -0.9773
vn -0.7958 0.0566 0.6029
vn 0.8675 -0.4015 0.2937
vn -0.1748 0.4172 -0.8919
vn -0.6844 -0.0565 0.7269
vn -0.1352 0.9140 0.3826
vn -0.8489 -0.3847 -0.3624
vn 0.7043 -0.2362 -0.6695
vn -0.4171 -0.4323 -0.7994
vn 0.4742 0.8467 -0.2412
vn 0.3232 -0.6133 0.7207
vn 0.6587 -0.6432 0.3903
vn 0.1403 0.9886 0.0545
vn -0.6768 -0.4017 -0.6169
vn 0.5634 -0.5360 0.6288
vn -0.8828 0.0128 0.4696
vn -0.4501 -0.8763 -0.1717
vn 0.1789 0.1414 0.9736
vn 0.8656 0.1764 -0.4687
vn 0.6993 0.1640 0.6958
vn 0.2100 -0.8222 -0.5290
vn -0.5409 0.7636 -0.3527
vn -0.0982 0.7998 -0.5921
vn -0.1248 -0.9355 -0.3306
vn 0.4460 0.1422 0.8837
vn -0.3646 0.7358 -0.5707
vn 0.8903 0.1573 0.4274
vn -0.0247 -0.4004 0.9160
vn 0.7027 -0.3975 -0.5901
vn -0.8582 0.0044 -0.5134
vn 0.1815 -0.4411 -0.8789
vn -0.6801 -0.4706 0.5621
vn 0.1456 0.9879 0.0534
vn -0.2645 0.9523 -0.1523
vn -0.3496 -0.5049 0.7892
vn 0.4501 -0.4576 -0.7668
vn -0.1066 0.9931 0.0489
vn -0.7816 0.6155 0.1015
vn 0.1671 0.8134 -0.5571
vn -0.8069 -0.5001 -0.3144
vn 0.7356 -0.6690 0.1067
vn -0.3233 -0.8883 -0.3261
vn 0.7572 0.3273 -0.5653
vn -0.1111 0.2312 0.9665
vn 0.2803 -0.0588 0.9581
vn 0.4686 0.5991 -0.6492
vn -0.6033 -0.7144 -0.3544
vn 0.1608 0.1885 0.9688
vn 0.5952 0.1677 0.7859
vn 0.8807 -0.4539 -0.1354
vn 0.1448 0.9881 0.0512
vn -0.7439 -0.1117 -0.6589
vn -0.2064 0.9036 -0.3753
vn 0.3697 -0.5734 -0.7311
vn -0.4670 -0.2817 0.8382
vn -0.8154 -0.3785 0.4380
vn 0.6967 -0.5182 -0.4961
vn -0.0158 0.9841 -0.1769
vn -0.6019 -0.4487 0.6605
vn -0.3108 0.4948 0.8115
vn 0.5207 0.8526 0.0440
vn -0.9674 0.2300 -0.1060
vn 0.2027 -0.6679 -0.7161
vn -0.8084 -0.1258 -0.5751
vn 0.7151 0.4216 -0.5576
vn 0.1591 -0.5446 0.8235
vn 0.3316 -0.8640 0.3789
vn 0.6309 0.7153 -0.3006
vn -0.9232 0.0727 -0.3773
vn 0.3575 -0.6671 0.6536
vn -0.9003 -0.0820 -0.4274
vn -0.4182 0.9052 0.0762
vn 0.1680 -0.2493 -0.9537
vn 0.8592 -0.1354 0.4935
vn 0.7298 -0.2094 -0.6508
vn 0.1833 0.8769 0.4443
vn -0.5380 -0.6922 0.4811
vn -0.1152 -0.7001 0.7047
vn -0.1129 0.9686 0.2214
vn 0.4305 -0.2305 -0.8727
vn -0.3559 -0.6313 0.6891
vn -0.5034 -0.3047 -0.8086
vn 0.5254 -0.7279 -0.4405
vn -0.4800 -0.7975 0.3655
vn -0.2127 -0.5788 -0.7873
vn 0.8621 -0.2226 -0.4551
vn 0.6090 -0.5462 0.5752
vn 0.3845 0.4294 0.8172
vn -0.7173 -0.3471 0.6042
vn -0.3461 -0.4235 -0.8372
vn 0.7826 0.4160 -0.4632
vn -0.3204 -0.4698 0.8225
vn 0.5229 -0.7876 -0.3260
vn 0.2501 -0.7851 -0.5666
vn -0.4993 -0.4234 0.7559
vn -0.1504 -0.6804 -0.7172
vn -0.6446 -0.3958 0.6541
vn 0.2607 0.5373 -0.8021
vn -0.4785 0.8196 0.3150
vn -0.1273 0.8758 0.4656
vn 0.4218 0.6050 -0.6754
vn 0.1831 0.7344 0.6536
vn 0.6791 0.4610 -0.5712
vn -0.2735 -0.2413 0.9311
vn -0.9071 0.4150 -0.0706
vn -0.8837 -0.3320 -0.3299
vn -0.2711 -0.8182 0.5070
vn 0.2408 0.4446 -0.8628
vn 0.6624 -0.7347 -0.1463
vn 0.8212 -0.5706 0.0017
vn 0.2229 0.3353 -0.9154
vn -0.2750 -0.2628 0.9248
vn -0.3286 -0.3545 0.8754
vn -0.7762 0.6293 -0.0379
vn -0.6536 0.7476 0.1179
vn 0.9303 -0.3413 0.1339
vn 0.1546 0.2997 -0.9414
vn -0.9991 0.0072 -0.0416
vn -0.2840 -0.8234 0.4913
vn -0.2703 0.8423 0.4664
vn 0.9852 0.0738 -0.1546
vn 0.2949 0.8390 0.4573
vn 0.3756 -0.8100 0.4503
vn -0.2610 0.0016 -0.9653
vn 0.1647 0.0091 -0.9863
vn 0.0417 -0.8394 0.5419
vn -0.0305 0.8679 0.4958
vn -0.0302 -0.0888 -0.9956
vn -0.6440 0.7643 -0.0330
vn -0.8035 -0.3032 0.5124
vn 0.4849 0.7408 0.4649
vn 0.6945 -0.7057 -0.1402
vn 0.8240 0.3445 0.4498
vn -0.3721 -0.8016 0.4679
vn -0.1660 0.2162 -0.9621
vn 0.1118 -0.1143 -0.9871
vn -0.6221 -0.5500 0.5572
vn 0.6568 0.5739 0.4891
vn -0.0885 -0.0229 -0.9958
vn -0.9629 0.0536 -0.2645
vn -0.5117 -0.5523 0.6581
vn -0.2430 0.9691 0.0424
vn 0.9966 -0.0558 0.0601
vn 0.3162 0.9360 0.1547
vn 0.1807 -0.6008 0.7787
vn -0.0879 -0.3354 -0.9380
vn 0.3385 -0.3625 -0.8684
vn -0.1871 -0.5764 0.7954
vn 0.0228 0.9931 0.1150
vn 0.1251 -0.4551 -0.8816
vn -0.6996 0.7139 -0.0294
vn -0.8057 -0.3559 0.4735
vn 0.3837 0.7949 0.4701
vn 0.7526 -0.6384 -0.1612
vn 0.8100 0.3736 0.4520
vn -0.2771 -0.8625 0.4234
vn -0.1958 0.2266 -0.9541
vn 0.1481 -0.0978 -0.9841
vn -0.5723 -0.6288 0.5264
vn 0.6038 0.6196 0.5015
vn -0.0954 -0.0211 -0.9952
vn -0.9962 -0.0862 0.0132
vn -0.2554 -0.9247 -0.2823
vn -0.3176 0.2132 0.9239
vn 0.9589 0.2799 -0.0464
vn 0.2872 0.2989 0.9100
vn 0.5114 -0.8006 -0.3123
vn -0.3948 0.6773 -0.6209
vn 0.0906 0.7556 -0.6488
vn 0.1428 -0.9509 -0.2746
vn -0.0291 0.2512 0.9675
vn -0.1433 0.6578 -0.7394
vn 0.9172 -0.0525 -0.3949
vn -0.0840 -0.1319 -0.9877
vn 0.4902 0.8417 0.2265
vn -0.8074 -0.0366 0.5889
vn -0.0260 0.8426 0.5378
vn -0.8165 -0.1127 -0.5662
vn 0.4918 -0.7618 0.4217
vn 0.0810 -0.7549 0.6508
vn -0.4775 -0.0913 -0.8739
vn 0.2284 0.8950 0.3831
vn 0.2514 -0.8589 0.4463
vn 0.3173 0.9343 0.1625
vn -0.6593 0.4706 0.5864
vn 0.9001 -0.0432 0.4335
vn -0.2182 -0.9022 -0.3720
vn 0.7088 -0.6464 0.2825
vn -0.8868 -0.2638 0.3795
vn 0.0833 0.4965 -0.8640
vn -0.0558 0.0270 -0.9981
vn -0.8224 0.0994 0.5601
vn 0.8482 -0.3404 0.4059
vn -0.1087 0.2917 -0.9503
vn -0.0359 0.9756 0.2167
vn -0.6756 0.1258 0.7265
vn 0.9096 0.2497 0.3321
vn 0.0663 -0.8957 -0.4397
vn 0.9213 -0.3635 0.1380
vn -0.6634 -0.5858 0.4655
vn -0.2305 0.5389 -0.8102
vn -0.2225 0.0685 -0.9725
vn -0.6853 -0.2495 0.6842
vn 0.9579 -0.0439 0.2837
vn -0.3489 0.2896 -0.8913
vn -0.9290 -0.1244 -0.3485
vn -0.3477 0.8913 -0.2909
vn 0.0603 -0.6381 -0.7676
vn 0.8745 -0.0405 0.4834
vn 0.6233 -0.5913 -0.5117
vn 0.3468 0.9376 0.0254
vn -0.5681 -0.4010 0.7186
vn -0.1314 -0.3484 0.9281
vn 0.0109 0.9803 -0.1971
vn 0.3485 -0.6331 -0.6911
vn -0.3900 -0.2681 0.8809
vn -0.7490 0.4435 0.4922
vn 0.3665 0.8386 0.4030
vn -0.7160 0.2532 -0.6505
vn 0.6101 -0.6208 -0.4923
vn -0.2976 -0.0724 -0.9519
vn 0.8948 0.4464 0.0125
vn -0.3521 -0.6022 0.7165
vn 0.0613 -0.8934 0.4450
vn 0.6652 0.7232 0.1857
vn -0.5136 0.1141 -0.8504
vn -0.0882 -0.7162 0.6923
vn -0.1937 0.7629 -0.6168
vn 0.3758 0.8112 0.4481
vn 0.4795 -0.2052 -0.8532
vn -0.0094 -0.8416 0.5400
vn 0.5711 -0.6894 -0.4456
vn 0.4001 0.2540 0.8806
vn -0.9878 0.0812 -0.1332
vn -0.9416 -0.3020 0.1493
vn 0.4651 0.5705 0.6770
vn 0.5587 -0.4272 -0.7109
vn -0.9919 -0.0590 0.1126
vn 0.0912 -0.2401 -0.9665
vn 0.7043 -0.7050 -0.0828
vn 0.8788 0.0594 0.4734
vn 0.9079 0.0651 0.4141
vn 0.3490 -0.0068 0.9371
vn 0.2776 0.0660 0.9584
vn 0.4284 0.0941 -0.8987
vn 0.3588 0.2361 -0.9031
vn 0.8934 0.2499 -0.3732
vn 0.9323 0.1065 -0.3457
vn 0.4750 -0.0132 -0.8799
vn 0.9563 0.0265 -0.2913
vn 0.4998 -0.0805 -0.8624
vn 0.9632 -0.0249 -0.2675
vn 0.9150 0.1257 0.3834
vn 0.3998 -0.0661 0.9142
vn 0.8739 0.0492 0.4836
vn 0.2733 0.0979 0.9569
vn 0.3935 -0.6812 -0.6174
vn -0.1895 -0.6900 -0.6986
vn -0.2529 -0.0865 -0.9636
vn 0.6862 -0.5893 0.4265
vn 0.7524 -0.6399 -0.1562
vn -0.4910 0.0913 0.8664
vn -0.3767 -0.5717 0.7289
vn 0.2214 -0.5606 0.7980
vn -0.7476 -0.6144 0.2524
vn -0.6661 -0.6627 -0.3424
vn -0.4844 0.0419 0.8738
vn -0.9607 0.0012 0.2777
vn -0.9650 0.0339 0.2601
vn -0.4217 -0.0651 0.9044
vn -0.9434 -0.0753 0.3229
vn -0.3465 -0.2128 0.9136
vn -0.9010 -0.2273 0.3694
vn -0.8641 -0.0397 -0.5018
vn -0.8757 -0.0319 -0.4818
vn -0.2797 -0.0375 -0.9594
vn -0.8902 -0.0317 -0.4545
vn -0.3140 0.0379 -0.9487
vn -0.9087 -0.0943 -0.4066
vn -0.3740 0.0979 -0.9223
vn -0.8255 0.3376 0.4524
vn -0.8727 0.4682 -0.1384
vn -0.9134 -0.1446 -0.3804
vn -0.8706 -0.3054 0.3858
vn -0.4934 0.6794 -0.5432
vn 0.0622 0.8363 -0.5448
vn 0.3080 0.3057 -0.9010
vn -0.4137 0.1094 -0.9038
vn 0.4986 0.8541 -0.1483
vn 0.5404 0.7184 0.4380
vn 0.9065 0.1799 0.3819
vn 0.8615 0.3390 -0.3781
vn 0.1635 0.5170 0.8402
vn -0.3889 0.3643 0.8462
vn -0.3115 -0.2713 0.9107
vn 0.4130 -0.0732 0.9078
vn 0.5342 -0.8371 0.1179
vn -0.0745 -0.9971 0.0153
vn -0.1145 -0.9922 -0.0491
vn 0.4915 -0.8692 0.0546
vn -0.6759 -0.7241 -0.1372
vn -0.6530 -0.7501 -0.1042
vn 0.7031 -0.6949 0.1507
vn -0.0133 -0.9978 0.0647
vn -0.0221 -0.9967 0.0786
vn -0.7091 -0.7041 -0.0372
vn 0.3303 -0.7870 -0.5211
vn -0.1065 -0.9562 -0.2725
vn -0.5708 -0.6601 -0.4884
vn -0.7335 -0.6688 -0.1210
vn 0.5215 -0.8519 0.0474
vn -0.5807 -0.7990 0.1559
vn 0.0421 -0.9988 -0.0270
vn 0.0612 -0.9981 -0.0008
vn -0.5294 -0.8337 0.1573
vn 0.6042 -0.7776 -0.1741
vn 0.6471 -0.7315 -0.2149
vn -0.7520 -0.5963 0.2810
vn 0.1252 -0.9921 0.0009
vn 0.0307 -0.9992 -0.0262
vn 0.7375 -0.6258 -0.2539
vn -0.0457 -0.8180 0.5733
vn 0.1074 -0.9766 0.1865
vn 0.6640 -0.7132 0.2247
vn 0.6652 -0.7290 -0.1615
vn -0.5864 -0.7899 0.1792
vn -0.3639 -0.5294 -0.7663
vn 0.7596 -0.5568 -0.3362
vn 0.3239 -0.5628 0.7605
vn -0.6887 -0.6524 0.3165
vn -0.8226 0.3614 0.4389
vn -0.5346 0.0005 -0.8451
vn 0.8380 -0.3718 -0.3994
vn 0.3923 0.0574 0.9180
vn -0.8102 -0.2265 -0.5406
vn 0.1943 -0.9536 0.2299
vn 0.4668 -0.8844 -0.0008
vn -0.7181 -0.1287 -0.6839
vn 0.6744 -0.6647 -0.3213
vn -0.5969 -0.0643 -0.7998
vn 0.8028 0.3126 0.5078
vn -0.1864 0.9665 -0.1762
vn -0.3752 0.9136 0.1566
vn 0.6625 0.3341 0.6704
vn -0.6114 0.6959 0.3769
vn 0.5158 0.1226 0.8479
vn -0.9054 -0.0177 -0.4242
vn 0.2169 0.6949 -0.6856
vn 0.4113 -0.0382 -0.9107
vn -0.5319 -0.6050 -0.5925
vn 0.8580 0.2262 0.4612
vn 0.0032 -0.9320 0.3625
vn -0.1503 -0.8176 0.5559
vn 0.9036 0.1246 0.4098
vn -0.9007 -0.0380 -0.4328
vn -0.8523 -0.1102 -0.5113
vn 0.1850 0.8520 -0.4897
vn 0.0249 0.9375 -0.3471
vn -0.2766 -0.6270 0.7282
vn 0.9352 0.1124 0.3359
vn 0.1624 0.9865 -0.0189
vn -0.3811 0.3069 -0.8721
vn -0.5000 0.3576 0.7888
vn 0.0264 -0.9928 0.1167
vn -0.5596 -0.2043 0.8032
vn -0.4221 -0.3519 -0.8355
vn 0.9863 0.1442 0.0801
vn 0.9545 -0.2803 0.1021
vn -0.4695 -0.0108 -0.8829
vn -0.5605 0.1242 0.8188
vn 0.9958 -0.0919 -0.0004
vn -0.9969 0.0737 -0.0281
vn -0.2578 -0.1985 -0.9456
vn -0.3270 -0.6794 0.6568
vn 0.9830 0.0695 0.1698
vn 0.2291 -0.7027 0.6736
vn 0.4050 -0.1924 -0.8939
vn -0.2364 0.9309 0.2785
vn 0.1897 0.9328 0.3064
vn 0.0787 -0.2477 -0.9656
vn -0.0945 -0.7339 0.6727
vn 0.0035 0.9787 0.2050
vn 0.5094 0.6983 0.5029
vn 0.2549 0.7636 -0.5932
vn -0.5624 0.3044 0.7688
vn -0.4186 -0.8352 -0.3567
vn -0.8597 -0.1610 0.4848
vn -0.1366 0.1388 -0.9809
vn 0.8155 -0.4019 0.4164
vn 0.6059 -0.7759 0.1758
vn 0.0180 0.5112 -0.8593
vn -0.7442 0.1123 0.6585
vn 0.7882 -0.5809 0.2033
vn 0.1741 0.9317 -0.3186
vn -0.4294 0.0606 -0.9011
vn -0.4622 0.5737 0.6761
vn -0.0046 -0.9156 0.4021
vn -0.5214 0.0850 0.8491
vn -0.4791 -0.5589 -0.6768
vn 0.9894 0.1447 0.0101
vn 0.9530 -0.2627 0.1507
vn -0.5161 -0.2269 -0.8259
vn -0.5210 0.3613 0.7733
vn 0.9941 -0.1086 -0.0014
vn -0.1246 0.9425 -0.3102
vn 0.2048 0.0289 -0.9784
vn -0.9432 0.2697 0.1941
vn 0.1620 -0.8718 0.4623
vn -0.8613 -0.3246 0.3908
vn 0.3242 -0.6157 -0.7182
vn 0.6385 0.5907 0.4933
vn 0.7192 0.1265 0.6832
vn 0.2335 -0.3212 -0.9178
vn -0.9599 0.0052 0.2801
vn 0.7798 0.3341 0.5295
vn -0.8902 0.3342 -0.3097
vn -0.2758 -0.5801 -0.7665
vn -0.6136 -0.0852 0.7850
vn 0.9312 -0.1332 0.3393
vn -0.0940 -0.2381 0.9667
vn 0.3715 -0.7505 -0.5467
vn 0.0969 0.9614 -0.2575
vn 0.4945 0.8610 -0.1191
vn 0.0246 -0.7402 -0.6719
vn -0.3835 -0.1795 0.9059
vn 0.3372 0.8966 -0.2873
vn 0.1736 0.9048 -0.3888
vn -0.3948 0.0078 -0.9187
vn -0.4504 0.6600 0.6013
vn 0.0141 -0.8759 0.4823
vn -0.5195 0.1171 0.8464
vn -0.4520 -0.6540 -0.6066
vn 0.9861 0.1657 -0.0146
vn 0.9468 -0.2597 0.1901
vn -0.4982 -0.3212 -0.8054
vn -0.5231 0.4238 0.7395
vn 0.9945 -0.1045 -0.0072
vn 0.5542 0.8253 0.1082
vn -0.0106 0.5169 -0.8560
vn -0.3801 0.5232 0.7628
vn -0.4086 -0.9124 0.0243
vn -0.6944 -0.0097 0.7195
vn -0.3945 -0.1530 -0.9061
vn 0.9344 -0.2603 0.2433
vn 0.7094 -0.6754 0.2017
vn -0.2635 0.2215 -0.9389
vn -0.5698 0.2924 0.7680
vn 0.8649 -0.4887 0.1144
vn -0.8780 0.2244 -0.4228
vn 0.1288 0.0550 -0.9901
vn -0.6505 -0.7140 0.2588
vn 0.8128 -0.1175 0.5705
vn -0.1189 -0.8332 0.5400
vn 0.7747 -0.0716 -0.6283
vn -0.3218 0.8730 0.3665
vn 0.0964 0.7940 0.6002
vn 0.4737 -0.0570 -0.8789
vn -0.4118 -0.8194 0.3987
vn -0.0527 0.9081 0.4155
vn 0.3122 -0.9155 -0.2537
vn 0.9999 -0.0038 -0.0167
vn -0.3674 -0.6538 0.6615
vn -0.5038 0.8552 0.1222
vn -0.6279 -0.1209 0.7689
vn 0.6482 0.7456 0.1546
vn -0.3733 -0.2329 -0.8980
vn -0.5628 0.1875 -0.8050
vn 0.9188 0.3778 0.1145
vn -0.5044 -0.3968 0.7669
vn -0.3641 0.0252 -0.9310
vn -0.9645 -0.2639 0.0049
vn -0.0780 -0.8604 -0.5036
vn -0.2764 -0.1063 0.9552
vn 0.8741 0.4851 0.0259
vn 0.2628 0.1137 0.9581
vn 0.6525 -0.5712 -0.4980
vn -0.5429 0.7263 -0.4216
vn -0.1019 0.8960 -0.4322
vn 0.3056 -0.8084 -0.5031
vn -0.0049 -0.0198 0.9998
vn -0.3206 0.7763 -0.5428
vn 0.4530 0.3479 0.8208
vn -0.0044 0.9983 0.0585
vn -0.3917 -0.4312 0.8128
vn -0.2725 -0.4780 -0.8350
vn -0.6667 -0.7169 0.2040
vn -0.3430 0.6482 -0.6799
vn 0.9554 -0.2948 0.0179
vn 0.7825 -0.4719 -0.4063
vn -0.2413 0.9169 -0.3180
vn -0.5765 -0.5870 0.5684
vn 0.9203 -0.2769 -0.2764
vn -0.6633 -0.7231 -0.1928
vn -0.3968 0.1799 -0.9001
vn 0.4728 -0.8792 0.0588
vn 0.6133 0.6978 0.3700
vn 0.8581 -0.4574 0.2335
vn 0.0908 0.7102 -0.6981
vn -0.7062 0.0336 0.7072
vn -0.4177 0.3706 0.8296
vn -0.1458 0.4433 -0.8844
vn 0.7106 -0.6899 0.1380
vn -0.6336 0.2747 0.7233
vn 0.4822 0.7811 -0.3968
vn 0.2984 0.5959 0.7455
vn 0.7782 -0.3669 -0.5097
vn -0.6007 -0.7709 0.2118
vn 0.4430 -0.8448 -0.3000
vn -0.1152 0.0026 0.9933
vn -0.6124 0.4766 -0.6307
vn -0.8839 0.1129 -0.4538
vn 0.1508 0.3036 0.9408
vn 0.6614 -0.6246 -0.4153
vn -0.8040 0.3758 -0.4608
vn -0.3573 0.7329 -0.5790
vn -0.3784 0.6987 0.6071
vn 0.7535 0.4087 -0.5150
vn 0.3609 -0.8490 0.3860
vn 0.9731 -0.0762 -0.2174
vn -0.0898 0.1028 0.9906
vn -0.7118 -0.3510 -0.6084
vn -0.5184 -0.7986 -0.3057
vn -0.2103 0.4611 0.8621
vn 0.9147 0.1848 -0.3594
vn -0.7301 -0.5522 -0.4025
vn 0.6946 0.7034 0.1510
vn -0.4263 0.6753 0.6018
vn 0.7671 -0.4600 0.4472
vn -0.5994 -0.7145 -0.3610
vn 0.3142 -0.8935 0.3208
vn -0.9011 0.2005 0.3844
vn 0.2626 0.4055 -0.8755
vn -0.0528 0.0669 -0.9964
vn -0.6829 0.4476 0.5773
vn 0.5988 -0.6771 0.4277
vn 0.0089 0.3059 -0.9520
vn 0.9252 -0.3699 0.0843
vn -0.0625 -0.9116 0.4064
vn -0.6853 -0.7118 -0.1540
vn 0.4741 -0.7412 -0.4753
vn 0.7620 -0.2929 0.5776
vn -0.3039 -0.3920 0.8683
vn -0.4449 0.6065 0.6589
vn -0.9233 -0.2268 -0.3100
vn 0.4814 -0.6041 -0.6351
vn 0.8451 0.3264 0.4235
vn -0.9448 -0.2887 0.1547
vn 0.3887 -0.8253 0.4096
vn 0.4670 -0.8823 0.0590
vn -0.9641 -0.2626 -0.0390
vn 0.4252 -0.8235 -0.3756
vn -0.9404 -0.2616 -0.2171
vn 0.9109 0.3574 -0.2063
vn -0.3524 0.8554 -0.3797
vn -0.3054 0.9522 -0.0088
vn 0.8903 0.4552 -0.0151
vn -0.3452 0.8632 0.3683
vn 0.8971 0.3442 0.2772
vn -0.9753 -0.0408 0.2170
vn -0.2959 0.3655 -0.8825
vn -0.1947 -0.4191 -0.8868
vn -0.7117 -0.6957 0.0973
vn 0.9372 0.2532 -0.2400
vn 0.3096 -0.7310 0.6081
vn 0.2867 -0.5345 0.7950
vn 0.9545 0.1346 -0.2661
vn -0.9745 -0.0633 0.2155
vn -0.9737 -0.1648 0.1572
vn -0.2237 0.5852 -0.7795
vn -0.2786 0.7376 -0.6151
vn 0.2656 -0.2792 0.9228
vn 0.9382 0.0924 -0.3337
vn 0.2741 -0.7203 0.6372
vn 0.9289 -0.2525 -0.2709
vn -0.0554 0.4148 0.9082
vn -0.4773 0.6526 -0.5885
vn -0.2625 0.7654 0.5876
vn 0.6246 0.2574 -0.7373
vn -0.6752 -0.7332 -0.0810
vn -0.8364 -0.4404 -0.3262
vn 0.8698 0.0094 -0.4933
vn -0.1562 0.6199 0.7690
vn -0.7116 -0.6420 -0.2854
vn 0.0184 0.8810 -0.4727
vn -0.8468 0.0247 -0.5313
vn 0.0194 0.6828 0.7304
vn 0.1915 -0.8784 0.4379
vn 0.0375 0.1777 0.9834
vn -0.7907 -0.5645 -0.2369
vn 0.8271 0.0230 -0.5615
vn 0.8580 -0.3564 -0.3699
vn -0.8916 -0.2600 -0.3707
vn 0.0121 0.4866 0.8735
vn 0.8122 -0.2251 -0.5382
vn -0.7977 0.5742 -0.1843
vn -0.4392 -0.2517 -0.8624
vn -0.6309 -0.0841 0.7713
vn 0.8715 -0.3958 0.2896
vn -0.1162 -0.4041 0.9073
vn 0.2548 -0.6786 -0.6889
vn 0.2660 0.9639 -0.0155
vn 0.6868 0.7237 0.0679
vn -0.1214 -0.5490 -0.8269
vn -0.4259 -0.2605 0.8664
vn 0.5125 0.8541 -0.0890
vn -0.7090 -0.1941 -0.6779
vn 0.2707 -0.8596 -0.4335
vn -0.8316 -0.1000 0.5464
vn 0.6745 0.3757 0.6355
vn -0.4593 0.0313 0.8877
vn 0.7424 -0.6698 -0.0117
vn -0.0564 0.7868 -0.6146
vn 0.2563 0.9048 -0.3401
vn 0.4961 -0.8393 -0.2223
vn -0.6813 -0.0577 0.7298
vn 0.1798 0.8276 -0.5318
vn -0.3782 0.7764 -0.5041
vn -0.4076 -0.3524 -0.8424
vn -0.6753 0.4511 0.5835
vn 0.4896 -0.6620 0.5675
vn -0.4336 -0.0385 0.9003
vn -0.0934 -0.8710 -0.4823
vn 0.7414 0.6320 -0.2256
vn 0.9648 0.2602 0.0387
vn -0.3131 -0.6579 -0.6849
vn -0.6115 0.2402 0.7539
vn 0.9028 0.3882 -0.1853
vn 0.0528 0.6296 -0.7752
vn -0.9291 0.0977 -0.3567
vn 0.3617 0.8572 0.3665
vn 0.1294 -0.6983 0.7041
vn 0.3657 0.4813 0.7967
vn -0.9116 -0.3771 0.1634
vn 0.6347 -0.3810 -0.6723
vn 0.6508 -0.6724 -0.3526
vn -0.9912 -0.1084 -0.0766
vn 0.3654 0.7108 0.6011
vn 0.5750 -0.5968 -0.5596
vn -0.1795 0.6716 -0.7189
vn -0.8542 -0.2662 -0.4466
vn -0.0809 0.8878 0.4530
vn 0.3824 -0.6378 0.6685
vn 0.0620 0.4842 0.8728
vn -0.6504 -0.7573 0.0592
vn 0.7696 0.0089 -0.6385
vn 0.9009 -0.3049 -0.3089
vn -0.8377 -0.5147 -0.1826
vn -0.0348 0.7295 0.6831
vn 0.8085 -0.2390 -0.5378
vn -0.0762 0.8524 -0.5173
vn -0.2309 -0.2095 -0.9501
vn -0.6948 0.5689 0.4401
vn 0.2021 -0.7480 0.6322
vn -0.6266 0.0636 0.7768
vn -0.1260 -0.8466 -0.5171
vn 0.8700 0.4906 0.0489
vn 0.9440 0.0854 0.3187
vn -0.2424 -0.5721 -0.7835
vn -0.7070 0.3375 0.6215
vn 0.9676 0.2338 0.0953
vn -0.7521 0.3703 -0.5452
vn -0.1303 -0.5714 -0.8102
vn -0.8134 0.0236 0.5812
vn 0.7903 -0.1633 0.5906
vn -0.3350 -0.1653 0.9276
vn 0.4704 -0.7974 -0.3780
vn 0.2155 0.9405 -0.2627
vn 0.5930 0.8052 -0.0099
vn 0.1523 -0.7729 -0.6160
vn -0.6202 -0.0885 0.7794
vn 0.4700 0.8516 -0.2322
vn 0.1983 -0.9798 -0.0252
vn 0.7969 -0.1502 -0.5851
vn 0.1563 -0.3150 0.9361
vn -0.4231 0.9040 0.0616
vn -0.0461 0.2520 0.9666
vn 0.5360 0.6524 -0.5358
vn -0.8000 -0.4839 -0.3547
vn -0.9420 -0.0360 -0.3338
vn 0.7687 0.2605 -0.5842
vn 0.0807 -0.0208 0.9965
vn -0.8384 -0.2588 -0.4797
vn -0.9152 -0.1724 -0.3641
vn -0.1360 -0.9906 -0.0124
vn -0.6535 0.4536 0.6059
vn 0.8946 0.3775 0.2392
vn -0.1215 0.6135 0.7803
vn 0.5815 -0.7806 0.2293
vn -0.0704 0.3949 -0.9160
vn 0.3668 0.5098 -0.7782
vn 0.2104 -0.9647 0.1586
vn -0.4105 0.5378 0.7363
vn 0.1852 0.3591 -0.9148
vn 0.1775 0.9554 0.2359
vn -0.7344 0.5688 -0.3702
vn 0.0462 0.0759 0.9960
vn 0.0559 -0.9669 -0.2488
vn -0.0221 -0.5505 0.8345
vn -0.7953 -0.1988 -0.5727
vn 0.8727 0.2993 -0.3857
vn 0.8384 -0.1916 -0.5103
vn -0.8555 0.1965 -0.4790
vn -0.0076 -0.2215 0.9751
vn 0.8193 0.0756 -0.5683
vn 0.8075 0.5512 0.2100
vn -0.0722 0.9430 -0.3248
vn 0.2019 -0.0519 0.9780
vn -0.6568 -0.7018 -0.2758
vn -0.3450 -0.4949 0.7975
vn -0.7392 0.4032 -0.5394
vn 0.8112 -0.4001 -0.4265
vn 0.4429 -0.6911 -0.5711
vn -0.4741 0.7664 -0.4333
vn -0.0735 -0.2572 0.9635
vn 0.6096 -0.4841 -0.6277
vn -0.9931 -0.1035 -0.0552
vn -0.1931 -0.9413 -0.2769
vn -0.3532 0.1647 0.9209
vn 0.9464 0.3216 -0.0305
vn 0.2806 0.2753 0.9195
vn 0.5479 -0.7824 -0.2962
vn -0.3938 0.6575 -0.6423
vn 0.0944 0.7536 -0.6505
vn 0.1843 -0.9486 -0.2575
vn -0.0592 0.1989 0.9782
vn -0.1283 0.6462 -0.7523
vn -0.6797 0.7317 0.0512
vn -0.5306 -0.1157 0.8397
vn 0.4555 0.8895 -0.0368
vn 0.6735 -0.6562 -0.3404
vn 0.8776 0.4551 -0.1504
vn 0.0720 -0.7293 0.6804
vn -0.6145 -0.0546 -0.7870
vn -0.2968 -0.3935 -0.8701
vn -0.2311 -0.4293 0.8731
vn 0.7024 0.7085 -0.0679
vn -0.5465 -0.3143 -0.7762
vn 0.7872 -0.0391 -0.6155
vn 0.2562 -0.9521 -0.1670
vn -0.2825 0.4197 -0.8626
vn -0.7292 0.2320 0.6437
vn -0.7188 0.4655 -0.5163
vn -0.3576 -0.8735 0.3303
vn 0.7448 0.5514 0.3758
vn 0.3373 0.5996 0.7257
vn -0.0884 -0.9948 0.0510
vn -0.5245 0.4449 -0.7260
vn 0.6143 0.4942 0.6152
vn -0.7007 0.5195 -0.4890
vn -0.0235 0.9155 0.4015
vn 0.2657 0.0869 -0.9601
vn 0.6032 -0.6962 0.3891
vn 0.6660 -0.2850 -0.6894
vn 0.4939 0.4622 0.7365
vn -0.8921 -0.4417 0.0949
vn -0.5138 -0.7737 0.3707
vn 0.2850 0.7638 0.5791
vn 0.5092 -0.0868 -0.8562
vn -0.7663 -0.5511 0.3303
vn 0.5757 0.6056 -0.5495
vn -0.0628 0.8988 0.4338
vn 0.9263 -0.3725 0.0563
vn -0.6200 -0.7044 0.3456
vn 0.5322 -0.7541 0.3848
vn -0.5234 0.4495 0.7239
vn -0.3399 0.0240 -0.9402
vn -0.6297 -0.2875 -0.7217
vn -0.2606 0.7159 0.6477
vn 0.8017 -0.5562 0.2191
vn -0.5787 -0.0596 -0.8133
vn 0.8333 -0.4415 -0.3328
vn 0.2801 -0.6871 0.6704
vn -0.3791 -0.8188 -0.4312
vn 0.7414 -0.6708 -0.0181
vn 0.3021 -0.1444 0.9423
vn -0.7114 -0.4050 0.5744
vn -0.8114 0.5492 0.1999
vn -0.5314 -0.3848 -0.7547
vn 0.8263 -0.5401 -0.1599
vn 0.3909 0.4743 0.7888
vn -0.8155 -0.4327 -0.3843
vn 0.1612 -0.7360 0.6575
vn 0.4366 -0.7920 0.4267
vn -0.7197 -0.4170 -0.5550
vn 0.6527 -0.7563 0.0444
vn -0.5960 -0.4186 -0.6852
vn 0.8112 0.4931 0.3145
vn -0.1531 0.7726 -0.6161
vn -0.3447 0.8890 -0.3016
vn 0.6712 0.5930 0.4448
vn -0.5888 0.8082 -0.0090
vn 0.5168 0.4950 0.6985
vn -0.9040 -0.1910 -0.3824
vn 0.2425 0.2808 -0.9286
vn 0.4129 -0.4765 -0.7762
vn -0.5500 -0.7982 -0.2456
vn 0.8636 0.3934 0.3154
vn -0.0295 -0.6488 0.7604
vn -0.1797 -0.4521 0.8737
vn 0.9059 0.2784 0.3191
vn -0.9000 -0.2131 -0.3803
vn -0.8538 -0.3152 -0.4143
vn 0.2154 0.5129 -0.8310
vn 0.0577 0.6601 -0.7489
vn -0.3001 -0.1992 0.9329
vn 0.9373 0.2317 0.2603
vn -0.0763 -0.6430 0.7621
vn 0.9311 -0.1077 0.3486
vn -0.6252 0.4324 0.6497
vn -0.1076 0.5450 -0.8315
vn -0.6409 0.7330 0.2278
vn 0.9058 0.3290 -0.2670
vn -0.4117 -0.8356 -0.3638
vn -0.4287 -0.5818 -0.6912
vn 0.9858 0.1330 0.1023
vn -0.6466 0.6133 0.4537
vn -0.3304 -0.7589 -0.5611
vn 0.1957 0.8549 -0.4805
vn -0.3676 -0.1322 -0.9205
vn -0.4902 0.7025 0.5160
vn -0.0075 -0.8194 0.5732
vn -0.5689 0.2163 0.7935
vn -0.4310 -0.6936 -0.5773
vn 0.9903 0.1371 0.0210
vn 0.9441 -0.2252 0.2406
vn -0.4667 -0.4145 -0.7813
vn -0.5587 0.5130 0.6517
vn 0.9921 -0.1091 0.0620
vn 0.1945 0.8505 -0.4886
vn -0.1625 -0.2015 -0.9659
vn -0.6368 0.6687 0.3837
vn -0.0512 -0.7864 0.6156
vn -0.7276 0.1929 0.6583
vn -0.2372 -0.7572 -0.6086
vn 0.9518 0.2404 0.1905
vn 0.9018 -0.1192 0.4154
vn -0.2522 -0.5000 -0.8285
vn -0.7192 0.4787 0.5036
vn 0.9704 -0.0092 0.2414
vn 0.5310 0.8385 0.1220
vn 0.2825 0.3840 -0.8790
vn -0.5544 0.6480 0.5223
vn -0.4454 -0.8923 0.0733
vn -0.8663 0.1121 0.4869
vn -0.1285 -0.3386 -0.9321
vn 0.8001 -0.1795 0.5724
vn 0.5787 -0.6168 0.5335
vn 0.0381 0.0425 -0.9984
vn -0.7422 0.4317 0.5127
vn 0.7674 -0.4373 0.4689
vn 0.6954 0.0199 -0.7183
vn -0.4793 0.2841 -0.8304
vn 0.6489 0.6926 0.3152
vn -0.5941 -0.1646 0.7874
vn 0.2962 0.6523 0.6977
vn -0.9165 0.2097 -0.3407
vn 0.4207 -0.9063 -0.0409
vn 0.1291 -0.9527 0.2751
vn -0.7141 0.3057 -0.6298
vn 0.4956 0.7101 0.5001
vn 0.2033 -0.9767 0.0690
vn -0.6920 0.0187 -0.7216
vn 0.4713 0.1356 -0.8715
vn -0.5000 -0.8656 0.0254
vn 0.5667 0.0412 0.8229
vn -0.0636 -0.8741 0.4815
vn 0.9285 0.1599 -0.3350
vn -0.6218 0.7652 0.1670
vn -0.2948 0.7776 0.5554
vn 0.7507 0.1075 -0.6518
vn -0.3150 -0.9218 0.2261
vn -0.3907 0.8620 0.3230
vn 0.2054 0.6074 -0.7674
vn -0.3913 -0.4172 -0.8203
vn -0.4298 0.8785 0.2087
vn -0.0171 -0.5429 0.8396
vn -0.5180 0.5186 0.6802
vn -0.4718 -0.8503 -0.2333
vn 0.9912 0.1111 -0.0726
vn 0.9368 -0.1653 0.3083
vn -0.5060 -0.6502 -0.5667
vn -0.5109 0.7380 0.4408
vn 0.9904 -0.1234 0.0619
vn -0.8186 0.0890 -0.5675
vn 0.2477 0.4175 -0.8743
vn -0.3973 -0.9103 -0.1162
vn 0.6897 -0.0769 0.7200
vn 0.0830 -0.9626 0.2577
vn 0.8492 0.3614 -0.3850
vn -0.6706 0.5652 0.4804
vn -0.2897 0.5386 0.7912
vn 0.6052 0.3766 -0.7013
vn -0.1676 -0.9845 0.0520
vn -0.4414 0.6617 0.6061
vn 0.5814 0.7622 -0.2848
vn 0.0097 0.0499 -0.9987
vn -0.3648 0.8325 0.4170
vn -0.4393 -0.7801 0.4455
vn -0.6968 0.3518 0.6251
vn -0.3964 -0.5527 -0.7330
vn 0.9242 -0.1402 0.3551
vn 0.6855 -0.5189 0.5107
vn -0.2528 -0.2423 -0.9367
vn -0.5622 0.6372 0.5272
vn 0.8475 -0.4004 0.3485
vn 0.3191 0.5477 -0.7734
vn 0.0442 -0.5869 -0.8084
vn -0.6406 0.7589 -0.1168
vn -0.2063 -0.4306 0.8786
vn -0.8174 0.4377 0.3746
vn -0.1526 -0.9693 -0.1926
vn 0.9014 0.3739 0.2185
vn 0.7770 0.1258 0.6168
vn -0.1048 -0.8258 -0.5542
vn -0.7716 0.6260 0.1131
vn 0.9071 0.1582 0.3901
vn 0.2820 -0.9348 0.2158
vn 0.9992 -0.0395 0.0061
vn -0.3915 -0.2518 0.8851
vn -0.4750 0.8248 -0.3067
vn -0.6342 0.2755 0.7224
vn 0.6725 0.7113 -0.2045
vn -0.3779 -0.6199 -0.6877
vn -0.5535 -0.2004 -0.8084
vn 0.9306 0.3609 -0.0606
vn -0.5201 0.0282 0.8537
vn -0.3599 -0.4085 -0.8388
vn 0.0287 0.8827 -0.4691
vn -0.7986 0.0468 -0.6000
vn -0.0244 0.7125 0.7013
vn 0.2092 -0.8483 0.4864
vn 0.0289 0.2033 0.9787
vn -0.7349 -0.6401 -0.2240
vn 0.8544 0.0726 -0.5145
vn 0.8882 -0.3475 -0.3005
vn -0.8607 -0.2896 -0.4188
vn -0.0209 0.4827 0.8755
vn 0.8378 -0.1850 -0.5136
vn 0.4617 0.6823 0.5668
vn 0.0292 0.9066 -0.4210
vn -0.4088 0.0165 0.9125
vn -0.2856 -0.8086 -0.5144
vn -0.6912 -0.5156 0.5063
vn -0.3186 0.2582 -0.9120
vn 0.9448 -0.2779 0.1734
vn 0.7674 -0.6299 -0.1197
vn -0.2091 0.6633 -0.7186
vn -0.5979 -0.2313 0.7675
vn 0.9113 -0.4006 -0.0950
vn -0.6552 0.6128 -0.4417
vn -0.9065 -0.1704 0.3862
vn 0.2879 0.9498 0.1226
vn 0.8122 -0.5497 0.1952
vn 0.7408 0.5861 0.3283
vn -0.2624 -0.6832 0.6815
vn -0.0223 -0.1818 -0.9831
vn 0.3184 -0.4673 -0.8248
vn -0.6518 -0.4297 0.6249
vn 0.5239 0.8104 0.2623
vn 0.0545 -0.4264 -0.9029
vn 0.2912 -0.1514 -0.9446
vn 0.3960 -0.9166 -0.0543
vn -0.8078 0.0910 -0.5824
vn -0.2705 0.3354 0.9024
vn -0.9772 0.2100 -0.0296
vn 0.1857 -0.7401 0.6463
vn 0.6683 0.7017 -0.2469
vn 0.5271 0.8201 0.2228
vn 0.2761 -0.9156 0.2923
vn -0.9325 0.1373 -0.3340
vn 0.6968 0.7165 0.0330
vn -0.6867 -0.7091 0.1599
vn -0.3875 -0.2568 -0.8854
vn 0.4427 -0.7594 0.4769
vn 0.6353 0.7723 0.0072
vn 0.8413 -0.3161 0.4384
vn 0.1171 0.2919 -0.9493
vn -0.7071 0.3845 0.5935
vn -0.4077 0.7309 0.5473
vn -0.1278 -0.0246 -0.9915
vn 0.6865 -0.5620 0.4615
vn -0.6264 0.6022 0.4950
vn 0.5096 0.4860 -0.7100
vn 0.3159 0.8693 0.3802
vn 0.7670 -0.5864 -0.2605
vn -0.6271 -0.5614 0.5400
vn 0.4152 -0.8982 0.1440
vn -0.1183 0.4760 0.8714
vn -0.5938 0.1380 -0.7927
vn -0.8781 -0.0907 -0.4698
vn 0.1579 0.7086 0.6877
vn 0.6413 -0.7651 -0.0576
vn -0.7893 0.1351 -0.5990
vn -0.2157 0.2895 -0.9326
vn 0.1938 0.9750 -0.1086
vn 0.5931 -0.5224 -0.6127
vn 0.0974 -0.4490 0.8882
vn 0.7024 -0.7053 -0.0959
vn 0.3373 0.7048 0.6241
vn -0.9461 -0.2428 -0.2141
vn -0.8614 -0.4178 0.2889
vn 0.3366 0.9024 0.2690
vn 0.6864 -0.6256 -0.3708
vn -0.9720 -0.2263 0.0628
vn -0.3304 0.3809 -0.8635
vn -0.3566 0.9133 0.1968
vn 0.7686 0.0946 -0.6327
vn 0.3307 -0.5746 0.7486
vn 0.9707 -0.1974 -0.1369
vn -0.0895 0.5623 0.8221
vn -0.7212 -0.5771 -0.3832
vn -0.5441 -0.8332 0.0990
vn -0.1975 0.8201 0.5370
vn 0.9216 -0.0333 -0.3867
vn -0.7470 -0.6562 -0.1069
vn 0.9119 -0.3117 0.2668
vn -0.0947 -0.6082 0.7882
vn -0.2123 -0.7800 -0.5887
vn 0.3677 -0.8051 0.4653
vn -0.4259 -0.0497 0.9034
vn -0.9878 -0.1482 -0.0479
vn -0.5670 0.7321 -0.3776
vn 0.0005 -0.3820 -0.9241
vn 0.5544 -0.7199 0.4176
vn -0.0999 0.5033 0.8583
vn -0.4544 -0.3086 -0.8356
vn -0.5009 -0.6368 0.5861
vn -0.1693 -0.7860 0.5946
vn -0.2717 -0.3413 -0.8998
vn 0.2411 -0.8589 0.4519
vn -0.0995 -0.3898 -0.9155
vn 0.5121 0.3564 0.7815
vn 0.4898 0.6771 -0.5491
vn 0.1808 0.8805 -0.4382
vn 0.3541 0.5032 0.7883
vn -0.2041 0.9013 -0.3821
vn 0.0542 0.4823 0.8743
vn -0.4554 -0.0567 -0.8885
vn 0.8451 0.0693 -0.5301
vn 0.6695 -0.6719 -0.3167
vn -0.4491 -0.6942 -0.5625
vn 0.5228 0.2495 0.8151
vn -0.6811 -0.4961 0.5385
vn -0.8099 -0.2566 0.5275
vn 0.5205 0.1303 0.8438
vn -0.4597 -0.0785 -0.8846
vn -0.4316 -0.1921 -0.8814
vn 0.8242 0.3146 -0.4708
vn 0.6970 0.5029 -0.5111
vn -0.8677 0.0221 0.4967
vn 0.5685 0.0692 0.8198
vn -0.9765 -0.0088 -0.2151
vn -0.0606 0.3483 -0.9354
vn -0.2706 -0.9598 0.0746
vn 0.9100 0.0630 0.4098
vn 0.2746 -0.9356 0.2217
vn 0.5669 0.3813 -0.7303
vn -0.4618 0.5768 0.6739
vn -0.0555 0.5956 0.8014
vn 0.2675 0.3395 -0.9017
vn -0.0356 -0.9912 0.1275
vn -0.2333 0.6735 0.7014
vn -0.9750 -0.0028 -0.2221
vn -0.0873 0.5435 -0.8349
vn -0.2334 -0.9647 -0.1222
vn 0.9106 -0.0061 0.4132
vn 0.3061 -0.9519 0.0149
vn 0.5439 0.5582 -0.6266
vn -0.4823 0.4041 0.7772
vn -0.0753 0.4161 0.9062
vn 0.2512 0.5498 -0.7966
vn 0.0017 -0.9959 -0.0903
vn -0.2535 0.5080 0.8232
vn 0.7856 0.4808 -0.3895
vn 0.1325 -0.3942 -0.9094
vn -0.3008 0.9527 -0.0434
vn -0.6949 -0.4579 0.5545
vn -0.6929 0.6965 0.1865
vn -0.3490 -0.7219 -0.5976
vn 0.7688 -0.1144 0.6292
vn 0.4525 -0.3331 0.8272
vn -0.1226 -0.5488 -0.8269
vn -0.5041 0.8623 0.0488
vn 0.6350 -0.3161 0.7048
vn 0.5789 0.5638 -0.5891
vn 0.5926 -0.6130 -0.5225
vn -0.5944 0.5431 -0.5931
vn -0.5805 -0.4271 0.6933
vn -0.9576 0.1875 -0.2187
vn 0.1994 -0.9778 -0.0646
vn 0.5596 0.5988 0.5729
vn 0.2716 0.3389 0.9008
vn 0.3894 -0.8512 -0.3519
vn -0.7925 0.3964 -0.4634
vn 0.4984 0.3912 0.7736
vn -0.9987 0.0418 -0.0307
vn -0.2516 0.8798 -0.4034
vn -0.3030 -0.7729 -0.5576
vn 0.9709 -0.1483 0.1882
vn 0.2684 -0.8190 -0.5071
vn 0.4616 0.8208 -0.3364
vn -0.3449 -0.0993 0.9334
vn 0.1184 -0.1269 0.9848
vn 0.1110 0.8912 -0.4397
vn -0.0200 -0.8216 -0.5697
vn -0.1130 -0.0094 0.9936
vn 0.9005 0.3810 -0.2097
vn 0.1274 -0.0865 -0.9881
vn -0.0283 0.9533 0.3005
vn -0.8068 -0.4520 0.3804
vn -0.5267 0.7193 0.4530
vn -0.4773 -0.3877 -0.7886
vn 0.6854 -0.5052 0.5243
vn 0.3152 -0.6895 0.6521
vn -0.2032 -0.2073 -0.9570
vn -0.2844 0.8817 0.3764
vn 0.5092 -0.6835 0.5231
vn -0.8955 -0.1222 -0.4280
vn 0.0265 0.4722 -0.8811
vn -0.1302 -0.9851 -0.1125
vn 0.7839 0.1258 0.6080
vn 0.3893 -0.9042 0.1759
vn 0.6469 0.5737 -0.5023
vn -0.7045 0.3729 0.6038
vn -0.3034 0.4341 0.8483
vn 0.3694 0.5183 -0.7713
vn 0.1272 -0.9919 0.0052
vn -0.4952 0.5146 0.6999
vn 0.6860 0.6574 -0.3118
vn 0.7743 -0.4933 -0.3965
vn -0.4347 0.6124 -0.6603
vn -0.7347 -0.5142 0.4425
vn -0.8637 0.2333 -0.4468
vn 0.2302 -0.9672 -0.1071
vn 0.2986 0.5538 0.7772
vn -0.0404 0.2513 0.9671
vn 0.5214 -0.7920 -0.3177
vn -0.6673 0.4431 -0.5986
vn 0.2125 0.3303 0.9196
vn -0.1829 -0.9255 0.3316
vn 0.7046 -0.2465 0.6654
vn -0.9166 -0.0172 0.3994
vn 0.0733 0.8451 -0.5295
vn -0.8474 0.5158 0.1263
vn 0.8033 0.5117 0.3048
vn 0.0058 -0.6300 -0.7766
vn 0.0679 -0.2084 -0.9757
vn 0.8039 0.1431 0.5772
vn -0.9149 0.2746 0.2957
vn 0.1716 -0.4545 -0.8741
vn -0.8081 0.4968 -0.3166
vn -0.1018 -0.1850 -0.9775
vn -0.7829 -0.3384 0.5220
vn 0.8094 -0.3271 0.4877
vn -0.3067 -0.5782 0.7560
vn 0.5392 -0.5157 -0.6659
vn 0.1206 0.9760 0.1816
vn 0.5136 0.7804 0.3568
vn 0.1980 -0.4134 -0.8888
vn -0.5769 -0.4937 0.6507
vn 0.3706 0.9137 0.1666
vn 0.1486 0.6530 0.7426
vn 0.5311 0.7997 -0.2799
vn -0.8757 0.2496 0.4133
vn -0.0890 -0.8032 -0.5890
vn -0.9588 -0.2701 -0.0875
vn 0.4247 0.1678 -0.8896
vn 0.4950 -0.4379 0.7505
vn 0.4625 -0.7876 0.4072
vn 0.4864 0.5668 -0.6649
vn -0.9842 0.0268 0.1750
vn 0.6107 -0.5927 0.5251
vn 0.0376 0.9503 -0.3092
vn 0.6865 0.1127 -0.7184
vn -0.9101 0.2849 -0.3010
vn -0.0628 -0.8674 0.4936
vn -0.9251 -0.3774 -0.0422
vn 0.6714 -0.6189 -0.4076
vn 0.2613 0.5980 0.7577
vn 0.2679 0.1267 0.9551
vn 0.7036 -0.2906 -0.6485
vn -0.9755 -0.0320 -0.2176
vn 0.3946 0.3472 0.8507
vn -0.0257 0.6567 -0.7538
vn -0.9453 0.0884 -0.3140
vn 0.3796 0.8753 0.2995
vn 0.3136 -0.6687 0.6742
vn 0.4771 0.4631 0.7469
vn -0.8071 -0.4932 0.3246
vn 0.5672 -0.3301 -0.7545
vn 0.6352 -0.6511 -0.4155
vn -0.9839 -0.1764 0.0289
vn 0.4228 0.7141 0.5579
vn 0.5063 -0.5690 -0.6480
vn 0.7761 -0.3602 -0.5176
vn 0.0775 -0.9757 0.2051
vn -0.1831 0.1626 -0.9696
vn -0.6854 0.5265 0.5030
vn -0.6286 0.4026 -0.6655
vn -0.4771 -0.6477 0.5939
vn 0.8250 0.4965 0.2700
vn 0.4530 0.7164 0.5306
vn -0.2312 -0.8933 0.3854
vn -0.4202 0.2737 -0.8652
vn 0.6696 0.5502 0.4989
vn -0.7843 -0.5139 -0.3475
vn 0.2219 -0.3100 -0.9245
vn -0.1885 -0.7476 0.6368
vn 0.6567 0.6127 0.4398
vn 0.2402 -0.4101 0.8798
vn 0.7710 0.1030 -0.6284
vn -0.7882 0.6152 -0.0166
vn -0.4515 0.8790 0.1532
vn 0.5383 -0.1578 -0.8279
vn 0.0490 -0.6109 0.7902
vn -0.6093 0.7923 -0.0331
vn -0.4879 0.1556 -0.8589
vn -0.7041 -0.7064 -0.0723
vn -0.4537 0.8904 0.0366
vn 0.6384 -0.0139 0.7695
vn -0.1087 0.8368 0.5366
vn -0.2883 -0.7718 0.5667
vn 0.6293 -0.0592 -0.7749
vn 0.9440 -0.1352 -0.3010
vn -0.5725 -0.7683 0.2863
vn -0.3122 0.8946 0.3199
vn 0.7804 -0.2169 -0.5865
vn 0.8136 0.4664 0.3471
vn -0.1858 0.9774 -0.1008
vn 0.0805 -0.2626 0.9615
vn -0.6602 -0.6232 -0.4192
vn -0.4235 -0.5643 0.7087
vn -0.6880 0.5946 -0.4160
vn 0.7988 -0.2767 -0.5342
vn 0.4417 -0.5346 -0.7205
vn -0.4822 0.8484 -0.2184
vn -0.1503 -0.4011 0.9036
vn 0.5993 -0.3395 -0.7249
vn 0.4023 -0.4485 0.7981
vn -0.7351 -0.4387 0.5169
vn -0.9783 0.0669 0.1961
vn -0.9680 0.0486 0.2462
vn -0.8584 -0.0115 -0.5128
vn -0.8267 0.0378 -0.5614
vn 0.2476 0.0840 0.9652
vn 0.2876 0.0993 0.9526
vn -0.4670 0.1526 0.8710
vn -0.5034 0.0880 0.8596
vn 0.1962 0.0325 0.9800
vn -0.5484 0.0644 0.8337
vn 0.1687 -0.0001 0.9857
vn -0.5738 0.0420 0.8179
vn -0.9523 0.1254 0.2783
vn -0.8830 0.0356 -0.4681
vn -0.9829 0.0637 0.1730
vn -0.8172 0.0521 -0.5740
vn 0.0932 -0.6359 0.7661
vn 0.5972 -0.6652 0.4483
vn 0.8150 -0.0394 0.5782
vn -0.8020 -0.5827 0.1310
vn -0.4856 -0.6019 0.6340
vn -0.1746 0.0129 -0.9846
vn -0.1722 -0.6169 -0.7680
vn -0.6720 -0.5889 -0.4491
vn 0.4075 -0.6513 -0.6401
vn 0.7282 -0.6717 -0.1361
vn -0.1856 -0.0051 -0.9826
vn 0.5635 -0.0364 -0.8253
vn 0.5706 -0.0311 -0.8206
vn -0.2466 -0.0555 -0.9675
vn 0.5137 -0.0580 -0.8560
vn -0.3183 -0.0636 -0.9458
vn 0.4428 -0.1192 -0.8887
vn 0.9836 -0.0528 -0.1725
vn 0.9823 -0.0383 -0.1833
vn 0.8264 -0.0097 0.5630
vn 0.9722 -0.0174 -0.2337
vn 0.8536 0.0411 0.5193
vn 0.9530 -0.0943 -0.2879
vn 0.8755 -0.0019 0.4833
vn 0.3863 0.3684 -0.8456
vn 0.8058 0.4263 -0.4110
vn 0.9393 -0.1920 -0.2842
vn 0.4199 -0.2246 -0.8794
vn 0.7867 0.5969 0.1573
vn 0.3733 0.7664 0.5227
vn 0.3427 0.1549 0.9266
vn 0.8871 -0.0319 0.4604
vn -0.2111 0.8424 0.4957
vn -0.6241 0.7790 0.0607
vn -0.9218 0.2366 0.3070
vn -0.4015 0.2678 0.8759
vn -0.6043 0.6178 -0.5032
vn -0.1957 0.4530 -0.8698
vn -0.3488 -0.1073 -0.9310
vn -0.8944 0.0811 -0.4398
vn 0.2744 0.0669 -0.9593
vn 0.2251 0.0486 -0.9731
vn 0.8494 -0.0115 -0.5277
vn 0.8780 0.0378 -0.4772
vn -0.9713 0.0840 -0.2226
vn -0.9784 0.0993 -0.1812
vn -0.5599 0.1526 -0.8144
vn -0.5330 0.0880 -0.8415
vn -0.9609 0.0325 -0.2750
vn -0.4894 0.0644 -0.8697
vn -0.9533 -0.0001 -0.3021
vn -0.4637 0.0420 -0.8850
vn 0.1894 0.1254 -0.9739
vn 0.8209 0.0356 -0.5700
vn 0.2970 0.0637 -0.9527
vn 0.8848 0.0521 -0.4630
vn -0.7236 -0.6359 -0.2685
vn -0.6722 -0.6652 0.3251
vn -0.8875 -0.0394 0.4591
vn 0.2514 -0.5827 -0.7728
vn -0.3407 -0.6019 -0.7222
vn 0.9550 0.0129 0.2963
vn 0.7614 -0.6169 0.1992
vn 0.7073 -0.5889 -0.3912
vn 0.3819 -0.6514 0.6557
vn -0.2130 -0.6717 0.7095
vn 0.9583 -0.0051 0.2857
vn 0.4750 -0.0364 0.8792
vn 0.4676 -0.0311 0.8834
vn 0.9729 -0.0555 0.2245
vn 0.5251 -0.0580 0.8491
vn 0.9865 -0.0636 0.1509
vn 0.5867 -0.1192 0.8010
vn -0.2977 -0.0528 0.9532
vn -0.2875 -0.0383 0.9570
vn -0.8793 -0.0097 0.4763
vn -0.2381 -0.0174 0.9711
vn -0.8529 0.0411 0.5204
vn -0.1812 -0.0943 0.9789
vn -0.8309 -0.0019 0.5564
vn 0.5743 0.3684 0.7311
vn -0.0043 0.4263 0.9046
vn -0.1782 -0.1920 0.9651
vn 0.5889 -0.2246 0.7764
vn -0.5005 0.5969 0.6270
vn -0.6357 0.7664 0.0920
vn -0.9806 0.1549 -0.1204
vn -0.8160 -0.0319 0.5772
vn -0.3437 0.8424 -0.4149
vn 0.2323 0.7790 -0.5825
vn 0.1499 0.2366 -0.9600
vn -0.5942 0.2678 -0.7584
vn 0.7243 0.6178 -0.3063
vn 0.8627 0.4530 0.2250
vn 0.9873 -0.1073 0.1170
vn 0.8010 0.0811 -0.5931
vn 0.5656 -0.6136 0.5509
vn -0.2533 -0.9670 0.0267
vn -0.6029 -0.2497 0.7577
vn 0.0117 -0.3194 0.9475
vn -0.9354 -0.2565 0.2432
vn -0.8458 -0.4983 -0.1906
vn 0.9105 -0.4041 -0.0875
vn 0.3948 -0.6564 -0.6429
vn 0.3974 -0.6673 -0.6299
vn -0.4391 -0.4811 -0.7588
vn -0.2833 -0.7103 0.6444
vn -0.5979 -0.3194 0.7352
vn -0.8770 -0.4259 0.2223
vn -0.9626 -0.0674 0.2626
vn -0.0102 -0.1282 0.9917
vt 0.115224 0.569991
vt 0.116691 0.633438
vt 0.117081 0.633198
vt 0.115839 0.569938
vt 0.116529 0.633642
vt 0.118326 0.664945
vt 0.118263 0.664890
vt 0.116482 0.633605
vt 0.114885 0.570020
vt 0.114863 0.570022
vt 0.114401 0.545538
vt 0.114382 0.545540
vt 0.118434 0.664586
vt 0.118779 0.664141
vt 0.114763 0.545742
vt 0.115408 0.546074
vt 0.114347 0.521849
vt 0.114760 0.521821
vt 0.114804 0.545739
vt 0.114718 0.521824
vt 0.114328 0.521850
vt 0.115811 0.546275
vt 0.115791 0.521752
vt 0.115378 0.521779
vt 0.115810 0.521750
vt 0.115421 0.521776
vt 0.116226 0.569903
vt 0.116248 0.569901
vt 0.115830 0.546273
vt 0.117346 0.633074
vt 0.117393 0.633110
vt 0.119027 0.663904
vt 0.119089 0.663960
vt 0.115449 0.546071
vt 0.115887 0.569933
vt 0.115272 0.569986
vt 0.117184 0.633279
vt 0.116794 0.633519
vt 0.118918 0.664264
vt 0.118574 0.664709
vt 0.125414 0.741457
vt 0.125475 0.741517
vt 0.129495 0.757702
vt 0.129431 0.757606
vt 0.129435 0.756893
vt 0.132721 0.763246
vt 0.125829 0.739353
vt 0.125767 0.739293
vt 0.129567 0.755138
vt 0.129630 0.755236
vt 0.125632 0.739845
vt 0.129496 0.755779
vt 0.125608 0.740952
vt 0.129581 0.757146
vt 0.125472 0.740823
vt 0.125768 0.739974
vt 0.129642 0.756035
vt 0.132763 0.763290
vt 0.132738 0.762195
vt 0.132697 0.762150
vt 0.124564 0.728654
vt 0.124457 0.729008
vt 0.123392 0.718746
vt 0.123504 0.718318
vt 0.124219 0.729538
vt 0.124037 0.729826
vt 0.122959 0.719760
vt 0.123146 0.719396
vt 0.123975 0.729765
vt 0.124082 0.729407
vt 0.123006 0.719259
vt 0.122895 0.719697
vt 0.124320 0.728877
vt 0.124502 0.728592
vt 0.123440 0.718255
vt 0.123252 0.718608
vt 0.133529 0.566767
vt 0.133140 0.563878
vt 0.134985 0.538011
vt 0.135379 0.540980
vt 0.135846 0.541330
vt 0.133942 0.567103
vt 0.131760 0.585864
vt 0.129233 0.598581
vt 0.131357 0.583183
vt 0.131952 0.585939
vt 0.136217 0.508523
vt 0.135640 0.509176
vt 0.136394 0.508731
vt 0.136492 0.511367
vt 0.136132 0.511048
vt 0.123888 0.643041
vt 0.124932 0.638844
vt 0.121494 0.617547
vt 0.120374 0.621930
vt 0.122186 0.622230
vt 0.125602 0.643276
vt 0.126838 0.650920
vt 0.130243 0.652555
vt 0.127229 0.647103
vt 0.127621 0.650879
vt 0.117358 0.583284
vt 0.118059 0.582631
vt 0.117796 0.583609
vt 0.118219 0.586393
vt 0.117338 0.585843
vt 0.441280 0.170456
vt 0.441394 0.169352
vt 0.441294 0.159997
vt 0.441115 0.161117
vt 0.441379 0.161965
vt 0.441536 0.171589
vt 0.441591 0.165163
vt 0.441776 0.157785
vt 0.441627 0.164031
vt 0.441709 0.165690
vt 0.464703 0.065103
vt 0.464936 0.067019
vt 0.464945 0.066122
vt 0.466895 0.211719
vt 0.465040 0.071637
vt 0.466573 0.204293
vt 0.464547 0.069770
vt 0.465895 0.208520
vt 0.478774 0.269449
vt 0.478476 0.263738
vt 0.478984 0.209786
vt 0.479310 0.215620
vt 0.478716 0.217480
vt 0.478225 0.271189
vt 0.444377 0.187856
vt 0.444275 0.194763
vt 0.444344 0.186382
vt 0.477950 0.310058
vt 0.478082 0.303860
vt 0.478150 0.068773
vt 0.478029 0.070088
vt 0.478002 0.069514
vt 0.477904 0.075204
vt 0.478204 0.073916
vt 0.444309 0.188025
vt 0.478205 0.309421
vt 0.107076 0.600348
vt 0.107605 0.597355
vt 0.108048 0.556397
vt 0.107455 0.559395
vt 0.109133 0.562271
vt 0.108616 0.603033
vt 0.106961 0.631466
vt 0.106079 0.652471
vt 0.107063 0.628062
vt 0.107678 0.632591
vt 0.107907 0.509667
vt 0.107830 0.511250
vt 0.108360 0.510553
vt 0.108596 0.514861
vt 0.107677 0.513220
vt 0.119784 0.563898
vt 0.122513 0.626356
vt 0.122797 0.625771
vt 0.120209 0.563294
vt 0.121930 0.626607
vt 0.124309 0.656523
vt 0.124526 0.656579
vt 0.122185 0.626671
vt 0.118832 0.564080
vt 0.119264 0.564195
vt 0.117921 0.539923
vt 0.118369 0.540038
vt 0.124814 0.656158
vt 0.125070 0.655407
vt 0.118918 0.539959
vt 0.119374 0.539716
vt 0.117304 0.516173
vt 0.117300 0.515716
vt 0.117924 0.539706
vt 0.118325 0.515977
vt 0.117767 0.516291
vt 0.119377 0.539498
vt 0.118778 0.514884
vt 0.118782 0.515342
vt 0.118315 0.514766
vt 0.117757 0.515080
vt 0.120206 0.562857
vt 0.119775 0.562742
vt 0.118929 0.539384
vt 0.122815 0.625375
vt 0.122561 0.625309
vt 0.125093 0.654918
vt 0.124875 0.654863
vt 0.118380 0.539462
vt 0.119254 0.563039
vt 0.118829 0.563644
vt 0.122233 0.625627
vt 0.121948 0.626212
vt 0.124588 0.655285
vt 0.124332 0.656034
vt 0.130938 0.715386
vt 0.130806 0.715670
vt 0.128534 0.694170
vt 0.128720 0.693785
vt 0.130688 0.716164
vt 0.130677 0.716480
vt 0.128355 0.695274
vt 0.128369 0.694844
vt 0.130777 0.716504
vt 0.130909 0.716217
vt 0.128682 0.694918
vt 0.128496 0.695307
vt 0.131026 0.715723
vt 0.131037 0.715409
vt 0.128861 0.693820
vt 0.128847 0.694245
vt 0.466759 0.284043
vt 0.466552 0.277719
vt 0.465567 0.226321
vt 0.465793 0.232892
vt 0.464946 0.234595
vt 0.465971 0.285607
vt 0.441517 0.187429
vt 0.441900 0.191584
vt 0.441508 0.185716
vt 0.467043 0.308206
vt 0.467381 0.301345
vt 0.463449 0.070890
vt 0.463631 0.071849
vt 0.463205 0.071645
vt 0.463125 0.077588
vt 0.463620 0.076281
vt 0.441419 0.187534
vt 0.467414 0.307810
vt 0.121572 0.648551
vt 0.120518 0.645874
vt 0.119854 0.609469
vt 0.120986 0.612118
vt 0.119548 0.615901
vt 0.120241 0.652056
vt 0.121520 0.676131
vt 0.121315 0.693610
vt 0.120931 0.672843
vt 0.120894 0.677648
vt 0.119124 0.567122
vt 0.118803 0.568227
vt 0.118782 0.568271
vt 0.118766 0.572407
vt 0.119466 0.570219
vt 0.137086 0.676583
vt 0.137013 0.676740
vt 0.137151 0.676177
vt 0.137221 0.675968
vt 0.138281 0.693865
vt 0.138090 0.693663
vt 0.137963 0.693772
vt 0.138157 0.693816
vt 0.133220 0.746735
vt 0.133093 0.746276
vt 0.135343 0.740713
vt 0.135467 0.741077
vt 0.137405 0.719606
vt 0.137535 0.719936
vt 0.133213 0.747126
vt 0.133347 0.747620
vt 0.135588 0.741529
vt 0.135465 0.741221
vt 0.137693 0.720723
vt 0.137542 0.720194
vt 0.128027 0.745917
vt 0.127976 0.747172
vt 0.124779 0.735021
vt 0.124933 0.733799
vt 0.131063 0.749481
vt 0.131037 0.748585
vt 0.129210 0.747622
vt 0.129255 0.748572
vt 0.129261 0.748331
vt 0.131093 0.749272
vt 0.129307 0.749282
vt 0.131120 0.750174
vt 0.127990 0.745029
vt 0.127939 0.746284
vt 0.432181 0.178927
vt 0.432247 0.182374
vt 0.432164 0.183770
vt 0.432387 0.193340
vt 0.432261 0.190723
vt 0.432345 0.189356
vt 0.432281 0.182351
vt 0.432379 0.189333
vt 0.432290 0.185623
vt 0.432188 0.187275
vt 0.432346 0.185371
vt 0.432283 0.171493
vt 0.432365 0.174745
vt 0.432258 0.176337
vt 0.432468 0.186211
vt 0.432347 0.183460
vt 0.432453 0.181876
vt 0.432371 0.175050
vt 0.432460 0.182137
vt 0.432410 0.177972
vt 0.432280 0.179906
vt 0.432432 0.178058
vt 0.432473 0.162775
vt 0.432517 0.167801
vt 0.432407 0.167716
vt 0.432577 0.180361
vt 0.432458 0.176296
vt 0.432570 0.176448
vt 0.432554 0.166770
vt 0.432607 0.175225
vt 0.432539 0.171944
vt 0.432405 0.171849
vt 0.432603 0.170520
vt 0.432851 0.155602
vt 0.432832 0.158517
vt 0.432787 0.158594
vt 0.432851 0.167423
vt 0.432787 0.164326
vt 0.432832 0.164162
vt 0.432901 0.158723
vt 0.432901 0.164320
vt 0.432824 0.161067
vt 0.432768 0.161197
vt 0.432919 0.161308
vt 0.432992 0.153657
vt 0.433022 0.157073
vt 0.432929 0.156757
vt 0.433037 0.165072
vt 0.432951 0.162296
vt 0.433043 0.162566
vt 0.433046 0.156409
vt 0.433068 0.161886
vt 0.433031 0.159730
vt 0.432919 0.159374
vt 0.433076 0.158920
vt 0.433227 0.153296
vt 0.433329 0.155707
vt 0.433201 0.156405
vt 0.433334 0.164132
vt 0.433253 0.161650
vt 0.433381 0.160904
vt 0.433258 0.156142
vt 0.433310 0.161370
vt 0.433367 0.158042
vt 0.433211 0.158900
vt 0.433296 0.158493
vt 0.374659 0.608327
vt 0.373911 0.608061
vt 0.373231 0.609203
vt 0.369697 0.608295
vt 0.370846 0.609188
vt 0.371549 0.608050
vt 0.373179 0.607844
vt 0.370790 0.607826
vt 0.372942 0.608057
vt 0.372092 0.609441
vt 0.372096 0.607604
vt 0.436728 0.140629
vt 0.436746 0.141246
vt 0.436736 0.141317
vt 0.436840 0.142725
vt 0.436790 0.142314
vt 0.436800 0.142258
vt 0.436779 0.141082
vt 0.436833 0.142085
vt 0.436766 0.141735
vt 0.436755 0.141819
vt 0.436811 0.141516
vt 0.350773 0.608187
vt 0.350045 0.607805
vt 0.349592 0.608976
vt 0.346609 0.608162
vt 0.347594 0.608962
vt 0.348034 0.607789
vt 0.349559 0.607813
vt 0.347537 0.607821
vt 0.349197 0.607745
vt 0.348662 0.609167
vt 0.348631 0.607608
vt 0.436667 0.137651
vt 0.436712 0.138137
vt 0.436693 0.138597
vt 0.436850 0.139774
vt 0.436781 0.139600
vt 0.436800 0.139142
vt 0.436731 0.138017
vt 0.436820 0.139032
vt 0.436751 0.138609
vt 0.436728 0.139173
vt 0.436778 0.138387
vt 0.432202 0.205288
vt 0.432134 0.207885
vt 0.432247 0.208722
vt 0.432115 0.215173
vt 0.432204 0.213469
vt 0.432092 0.212601
vt 0.432153 0.207594
vt 0.432110 0.212263
vt 0.432108 0.210136
vt 0.432246 0.211200
vt 0.432114 0.209576
vt 0.352550 0.608111
vt 0.353093 0.607788
vt 0.353626 0.608831
vt 0.356789 0.608256
vt 0.355646 0.608900
vt 0.355095 0.607850
vt 0.354100 0.607780
vt 0.356132 0.607846
vt 0.353875 0.607779
vt 0.354540 0.609052
vt 0.355090 0.607609
vt 0.432076 0.194499
vt 0.432045 0.196574
vt 0.432161 0.195910
vt 0.432233 0.203607
vt 0.432237 0.200276
vt 0.432119 0.200957
vt 0.432116 0.198054
vt 0.432191 0.202455
vt 0.432065 0.198461
vt 0.432208 0.197644
vt 0.432139 0.200472
vt 0.361564 0.607792
vt 0.360468 0.608739
vt 0.359781 0.607599
vt 0.357644 0.607952
vt 0.357878 0.607694
vt 0.358619 0.608809
vt 0.361001 0.607606
vt 0.359137 0.607697
vt 0.359537 0.608967
vt 0.358690 0.607582
vt 0.360331 0.607698
vt 0.124801 0.734358
vt 0.124955 0.733133
vt 0.140718 0.705625
vt 0.140703 0.705949
vt 0.140893 0.705777
vt 0.140908 0.705398
vt 0.140876 0.723650
vt 0.140671 0.722991
vt 0.140604 0.723171
vt 0.140820 0.723684
vt 0.132755 0.763232
vt 0.132719 0.762878
vt 0.135366 0.762232
vt 0.135402 0.762488
vt 0.138611 0.746330
vt 0.138660 0.746585
vt 0.132816 0.764011
vt 0.132857 0.764411
vt 0.135522 0.763249
vt 0.135483 0.763045
vt 0.138810 0.747781
vt 0.138750 0.747295
vt 0.127418 0.751994
vt 0.127333 0.753242
vt 0.124845 0.736122
vt 0.125034 0.735108
vt 0.130460 0.761893
vt 0.130450 0.760846
vt 0.128637 0.756388
vt 0.128658 0.757493
vt 0.128591 0.756875
vt 0.130398 0.761266
vt 0.128611 0.757976
vt 0.130412 0.762331
vt 0.127515 0.751489
vt 0.127430 0.752741
vt 0.432131 0.150472
vt 0.432192 0.154576
vt 0.432045 0.154780
vt 0.432105 0.165116
vt 0.432032 0.161872
vt 0.432177 0.161658
vt 0.432150 0.153989
vt 0.432137 0.161042
vt 0.432197 0.157958
vt 0.432019 0.158216
vt 0.432165 0.157108
vt 0.377703 0.608749
vt 0.376926 0.607717
vt 0.376282 0.609623
vt 0.372112 0.608642
vt 0.373572 0.609588
vt 0.374303 0.607628
vt 0.375883 0.608566
vt 0.373135 0.608495
vt 0.375879 0.607490
vt 0.375054 0.609843
vt 0.374571 0.608304
vt 0.432440 0.144077
vt 0.432435 0.149422
vt 0.432297 0.147827
vt 0.432257 0.159923
vt 0.432209 0.155582
vt 0.432349 0.157267
vt 0.432436 0.147724
vt 0.432351 0.155379
vt 0.432399 0.153324
vt 0.432229 0.151382
vt 0.432422 0.151279
vt 0.432656 0.140783
vt 0.432721 0.144227
vt 0.432579 0.144222
vt 0.432572 0.151477
vt 0.432537 0.149550
vt 0.432682 0.149400
vt 0.432633 0.142620
vt 0.432593 0.147716
vt 0.432720 0.146839
vt 0.432545 0.146896
vt 0.432628 0.144709
vt 0.380502 0.608370
vt 0.379390 0.607646
vt 0.379378 0.608838
vt 0.375967 0.608431
vt 0.377188 0.608856
vt 0.377218 0.607669
vt 0.379226 0.608436
vt 0.377035 0.608453
vt 0.378406 0.607515
vt 0.378382 0.608962
vt 0.378188 0.608341
vt 0.432908 0.140456
vt 0.432875 0.143499
vt 0.432795 0.142496
vt 0.432741 0.151077
vt 0.432714 0.147653
vt 0.432796 0.148575
vt 0.432906 0.143484
vt 0.432826 0.148511
vt 0.432837 0.145847
vt 0.432739 0.144661
vt 0.432887 0.145967
vt 0.379936 0.608921
vt 0.378532 0.608188
vt 0.378434 0.609417
vt 0.375248 0.608118
vt 0.376158 0.609017
vt 0.376276 0.607795
vt 0.378964 0.608476
vt 0.376713 0.608089
vt 0.377425 0.607931
vt 0.377293 0.609422
vt 0.377995 0.608116
vt 0.433326 0.141622
vt 0.433400 0.144730
vt 0.433270 0.144493
vt 0.433267 0.151960
vt 0.433242 0.149513
vt 0.433372 0.149699
vt 0.433296 0.143998
vt 0.433269 0.148998
vt 0.433405 0.147147
vt 0.433247 0.146867
vt 0.433293 0.146246
vt 0.433609 0.143764
vt 0.433621 0.147473
vt 0.433489 0.145752
vt 0.433386 0.153287
vt 0.433382 0.150417
vt 0.433515 0.152050
vt 0.433558 0.145975
vt 0.433452 0.150578
vt 0.433584 0.149844
vt 0.433423 0.147802
vt 0.433524 0.148202
vt 0.436424 0.135340
vt 0.436433 0.136060
vt 0.436404 0.135921
vt 0.436462 0.137553
vt 0.436422 0.136975
vt 0.436452 0.137131
vt 0.436456 0.135892
vt 0.436475 0.136955
vt 0.436439 0.136584
vt 0.436404 0.136411
vt 0.436474 0.136392
vt 0.358302 0.607945
vt 0.357180 0.607532
vt 0.357026 0.608761
vt 0.353839 0.608038
vt 0.354880 0.608803
vt 0.355018 0.607572
vt 0.357166 0.607635
vt 0.354993 0.607700
vt 0.356187 0.607482
vt 0.356018 0.608975
vt 0.356178 0.607459
vt 0.363714 0.608527
vt 0.363485 0.607741
vt 0.362679 0.609465
vt 0.359983 0.608228
vt 0.360880 0.609320
vt 0.361689 0.607599
vt 0.362363 0.608185
vt 0.360587 0.608026
vt 0.362845 0.607563
vt 0.361845 0.609671
vt 0.361537 0.607868
vt 0.436453 0.132432
vt 0.436497 0.133170
vt 0.436449 0.133363
vt 0.436567 0.134983
vt 0.436504 0.134575
vt 0.436553 0.134383
vt 0.436499 0.132930
vt 0.436555 0.134155
vt 0.436524 0.133763
vt 0.436465 0.134002
vt 0.436534 0.133429
vt 0.431723 0.166007
vt 0.431845 0.167393
vt 0.431748 0.169622
vt 0.431951 0.174243
vt 0.431859 0.173550
vt 0.431956 0.171301
vt 0.431775 0.167667
vt 0.431886 0.171580
vt 0.431909 0.169103
vt 0.431791 0.171845
vt 0.431834 0.169142
vt 0.377862 0.607948
vt 0.378901 0.608716
vt 0.379199 0.607949
vt 0.381999 0.607971
vt 0.381201 0.607985
vt 0.380897 0.608744
vt 0.378794 0.607553
vt 0.380787 0.607570
vt 0.379834 0.608909
vt 0.380200 0.607980
vt 0.379650 0.607531
vt 0.431604 0.180834
vt 0.431487 0.182367
vt 0.431597 0.184231
vt 0.431405 0.189591
vt 0.431501 0.188427
vt 0.431390 0.186530
vt 0.431545 0.183005
vt 0.431449 0.187115
vt 0.431430 0.184199
vt 0.431564 0.186515
vt 0.431488 0.184662
vt 0.361480 0.608373
vt 0.360714 0.609141
vt 0.361091 0.607944
vt 0.358041 0.608016
vt 0.359444 0.607778
vt 0.359060 0.608982
vt 0.360007 0.608161
vt 0.358345 0.608000
vt 0.360017 0.609244
vt 0.360479 0.607786
vt 0.359047 0.608174
vt 0.124997 0.735980
vt 0.125186 0.734961
vt 0.132868 0.675235
vt 0.132825 0.675538
vt 0.132937 0.675172
vt 0.132978 0.674827
vt 0.133844 0.688846
vt 0.133687 0.688590
vt 0.133601 0.688849
vt 0.133760 0.688979
vt 0.129955 0.729665
vt 0.129867 0.729474
vt 0.131651 0.725616
vt 0.131736 0.725730
vt 0.133228 0.709219
vt 0.133319 0.709319
vt 0.129969 0.730232
vt 0.130063 0.730452
vt 0.131838 0.726173
vt 0.131753 0.726103
vt 0.133454 0.710063
vt 0.133346 0.709800
vt 0.125803 0.727797
vt 0.125774 0.728885
vt 0.123218 0.718947
vt 0.123330 0.717907
vt 0.128258 0.731599
vt 0.128228 0.730789
vt 0.126771 0.729675
vt 0.126816 0.730513
vt 0.126801 0.730078
vt 0.128259 0.731141
vt 0.126846 0.730913
vt 0.128291 0.731962
vt 0.125789 0.727330
vt 0.125760 0.728420
vt 0.432976 0.187392
vt 0.433036 0.190447
vt 0.432965 0.191153
vt 0.433142 0.198580
vt 0.433043 0.196551
vt 0.433114 0.195870
vt 0.433053 0.189881
vt 0.433132 0.195304
vt 0.433072 0.193057
vt 0.432985 0.193878
vt 0.433104 0.192218
vt 0.362818 0.608036
vt 0.361503 0.607688
vt 0.361263 0.608705
vt 0.357816 0.608003
vt 0.358840 0.608692
vt 0.359081 0.607687
vt 0.361639 0.607695
vt 0.359229 0.607682
vt 0.360362 0.607648
vt 0.360068 0.608876
vt 0.360595 0.607504
vt 0.367746 0.608202
vt 0.367362 0.607643
vt 0.366498 0.608855
vt 0.363547 0.607756
vt 0.364459 0.608651
vt 0.365399 0.607416
vt 0.366411 0.607757
vt 0.364351 0.607524
vt 0.366615 0.607480
vt 0.365527 0.608971
vt 0.365473 0.607443
vt 0.433200 0.174921
vt 0.433241 0.179108
vt 0.433148 0.178604
vt 0.433279 0.188062
vt 0.433187 0.185029
vt 0.433282 0.185593
vt 0.433259 0.177685
vt 0.433299 0.184014
vt 0.433259 0.182315
vt 0.433146 0.181707
vt 0.433297 0.180477
vt 0.433328 0.171110
vt 0.433415 0.173382
vt 0.433313 0.174199
vt 0.433434 0.179681
vt 0.433365 0.178468
vt 0.433468 0.177517
vt 0.433356 0.172585
vt 0.433408 0.176665
vt 0.433451 0.175376
vt 0.433325 0.176429
vt 0.433390 0.174178
vt 0.433494 0.169445
vt 0.433486 0.172030
vt 0.433443 0.171640
vt 0.433497 0.178565
vt 0.433444 0.176068
vt 0.433487 0.176388
vt 0.433533 0.171767
vt 0.433534 0.176086
vt 0.433481 0.174069
vt 0.433429 0.173625
vt 0.433548 0.173783
vt 0.371354 0.608285
vt 0.370414 0.607661
vt 0.370297 0.608741
vt 0.367768 0.608324
vt 0.368558 0.608751
vt 0.368692 0.607670
vt 0.370506 0.608285
vt 0.368773 0.608296
vt 0.369605 0.607546
vt 0.369460 0.608862
vt 0.369740 0.608182
vt 0.433714 0.167981
vt 0.433748 0.169897
vt 0.433658 0.170638
vt 0.433756 0.177631
vt 0.433679 0.175283
vt 0.433767 0.174497
vt 0.433760 0.170721
vt 0.433780 0.175373
vt 0.433757 0.171885
vt 0.433649 0.172830
vt 0.433787 0.172852
vt 0.434016 0.168012
vt 0.434058 0.170820
vt 0.433951 0.170235
vt 0.433986 0.176551
vt 0.433937 0.174407
vt 0.434044 0.174919
vt 0.434024 0.169944
vt 0.434010 0.174066
vt 0.434059 0.172852
vt 0.433929 0.172184
vt 0.434032 0.171831
vt 0.437071 0.140145
vt 0.437104 0.140285
vt 0.437095 0.140697
vt 0.437205 0.141203
vt 0.437160 0.141205
vt 0.437168 0.140796
vt 0.437115 0.140303
vt 0.437180 0.140825
vt 0.437132 0.140502
vt 0.437122 0.140997
vt 0.437148 0.140475
vt 0.355875 0.608170
vt 0.356053 0.607850
vt 0.355058 0.608908
vt 0.353600 0.607992
vt 0.353963 0.608824
vt 0.354959 0.607768
vt 0.355004 0.607783
vt 0.353928 0.607692
vt 0.355731 0.607792
vt 0.354504 0.609086
vt 0.354543 0.607547
vt 0.354970 0.608281
vt 0.353786 0.608304
vt 0.353675 0.608990
vt 0.350657 0.608250
vt 0.351619 0.608956
vt 0.351725 0.608269
vt 0.353928 0.607815
vt 0.351853 0.607790
vt 0.352810 0.608339
vt 0.352671 0.609179
vt 0.353007 0.607610
vt 0.437106 0.140827
vt 0.437130 0.141360
vt 0.437128 0.140847
vt 0.437231 0.141444
vt 0.437188 0.141149
vt 0.437190 0.141663
vt 0.437151 0.140965
vt 0.437211 0.141268
vt 0.437155 0.141579
vt 0.437152 0.140955
vt 0.437182 0.141153
vt 0.437055 0.140499
vt 0.437058 0.139956
vt 0.437070 0.140262
vt 0.437042 0.139110
vt 0.437064 0.139592
vt 0.437052 0.139291
vt 0.437036 0.140162
vt 0.437030 0.139478
vt 0.437058 0.139611
vt 0.437073 0.139983
vt 0.437028 0.139823
vt 0.432938 0.193623
vt 0.432910 0.194088
vt 0.432997 0.195252
vt 0.432972 0.200216
vt 0.433013 0.198383
vt 0.432925 0.197184
vt 0.432925 0.196271
vt 0.432941 0.199423
vt 0.432912 0.195199
vt 0.433019 0.196647
vt 0.432918 0.197831
vt 0.437046 0.138495
vt 0.437031 0.138749
vt 0.437074 0.138643
vt 0.437097 0.139795
vt 0.437098 0.139265
vt 0.437055 0.139374
vt 0.437060 0.139067
vt 0.437084 0.139695
vt 0.437037 0.139004
vt 0.437089 0.138874
vt 0.437068 0.139430
vt 0.437081 0.135217
vt 0.437052 0.135679
vt 0.437092 0.135941
vt 0.437091 0.136980
vt 0.437096 0.136796
vt 0.437057 0.136515
vt 0.437092 0.135536
vt 0.437096 0.136375
vt 0.437047 0.136087
vt 0.437096 0.136410
vt 0.437093 0.135860
vt 0.123253 0.718692
vt 0.123365 0.717648
vt 0.138777 0.663644
vt 0.138839 0.663777
vt 0.138980 0.663481
vt 0.138915 0.663305
vt 0.139393 0.678003
vt 0.139213 0.677656
vt 0.139236 0.677705
vt 0.139419 0.677931
vt 0.135169 0.714612
vt 0.135196 0.714220
vt 0.137013 0.711915
vt 0.136983 0.712230
vt 0.138664 0.697294
vt 0.138646 0.697592
vt 0.135320 0.715009
vt 0.135299 0.715434
vt 0.137110 0.712711
vt 0.137140 0.712440
vt 0.138817 0.698378
vt 0.138818 0.697905
vt 0.131088 0.709335
vt 0.131105 0.710306
vt 0.128930 0.698176
vt 0.128993 0.697322
vt 0.133618 0.714920
vt 0.133545 0.714164
vt 0.132161 0.711813
vt 0.132237 0.712621
vt 0.132092 0.712345
vt 0.133460 0.714669
vt 0.132166 0.713152
vt 0.133537 0.715432
vt 0.131214 0.708707
vt 0.131232 0.709678
vt 0.436633 0.138335
vt 0.436640 0.137598
vt 0.436617 0.137766
vt 0.436665 0.136274
vt 0.436634 0.136764
vt 0.436657 0.136622
vt 0.436658 0.137896
vt 0.436674 0.136900
vt 0.436646 0.137099
vt 0.436618 0.137289
vt 0.436673 0.137445
vt 0.387731 0.608309
vt 0.386396 0.607671
vt 0.386166 0.608855
vt 0.382633 0.608300
vt 0.383710 0.608864
vt 0.383929 0.607675
vt 0.386470 0.608214
vt 0.384003 0.608218
vt 0.385233 0.607571
vt 0.384971 0.609014
vt 0.385366 0.608085
vt 0.432063 0.191401
vt 0.432151 0.194335
vt 0.432038 0.195064
vt 0.432127 0.203366
vt 0.432069 0.200855
vt 0.432181 0.200126
vt 0.432079 0.194359
vt 0.432110 0.200120
vt 0.432179 0.197008
vt 0.432043 0.197898
vt 0.432103 0.196876
vt 0.432267 0.183065
vt 0.432400 0.183655
vt 0.432288 0.185610
vt 0.432527 0.192199
vt 0.432413 0.190044
vt 0.432525 0.187913
vt 0.432337 0.186203
vt 0.432466 0.190685
vt 0.432471 0.185203
vt 0.432334 0.187670
vt 0.432409 0.188295
vt 0.397408 0.608406
vt 0.396621 0.607733
vt 0.396727 0.608598
vt 0.394084 0.608277
vt 0.395122 0.608525
vt 0.395029 0.607665
vt 0.396356 0.608534
vt 0.394750 0.608461
vt 0.395916 0.607568
vt 0.396038 0.608616
vt 0.395554 0.608457
vt 0.432509 0.181244
vt 0.432531 0.183558
vt 0.432440 0.183268
vt 0.432459 0.190315
vt 0.432416 0.187667
vt 0.432508 0.187890
vt 0.432517 0.183781
vt 0.432493 0.188074
vt 0.432525 0.185514
vt 0.432414 0.185190
vt 0.432520 0.185834
vt 0.432732 0.180614
vt 0.432820 0.182313
vt 0.432699 0.182863
vt 0.432815 0.189874
vt 0.432739 0.187316
vt 0.432860 0.186723
vt 0.432759 0.183513
vt 0.432800 0.187975
vt 0.432850 0.184165
vt 0.432704 0.184877
vt 0.432791 0.185642
vt 0.433004 0.181892
vt 0.433045 0.184757
vt 0.432941 0.183788
vt 0.432887 0.190446
vt 0.432886 0.187965
vt 0.432989 0.188863
vt 0.432960 0.184041
vt 0.432904 0.188169
vt 0.433034 0.186782
vt 0.432907 0.185645
vt 0.432941 0.186023
vt 0.432025 0.220355
vt 0.431977 0.217875
vt 0.431950 0.219419
vt 0.431882 0.214283
vt 0.431882 0.216523
vt 0.431907 0.214941
vt 0.432017 0.218654
vt 0.431948 0.215723
vt 0.431939 0.216308
vt 0.431908 0.218234
vt 0.431995 0.217071
vt 0.377414 0.607942
vt 0.376301 0.607713
vt 0.376448 0.608526
vt 0.373817 0.608011
vt 0.374736 0.608557
vt 0.374562 0.607738
vt 0.376507 0.607668
vt 0.374781 0.607689
vt 0.375462 0.607705
vt 0.375647 0.608697
vt 0.375700 0.607519
vt 0.431878 0.206516
vt 0.431967 0.205387
vt 0.431937 0.208759
vt 0.432216 0.210013
vt 0.432100 0.210440
vt 0.432130 0.207069
vt 0.431988 0.207686
vt 0.432150 0.209321
vt 0.432040 0.205731
vt 0.432004 0.209872
vt 0.432071 0.208152
vt 0.381541 0.608169
vt 0.380231 0.607676
vt 0.380176 0.608870
vt 0.377277 0.608222
vt 0.378146 0.608874
vt 0.378196 0.607679
vt 0.380625 0.607985
vt 0.378573 0.607993
vt 0.379229 0.607602
vt 0.379159 0.609058
vt 0.379739 0.607814
vt 0.375370 0.608048
vt 0.376530 0.607726
vt 0.375570 0.607731
vt 0.377448 0.608300
vt 0.376579 0.607847
vt 0.377539 0.607836
vt 0.375964 0.608532
vt 0.376974 0.608648
vt 0.377120 0.607658
vt 0.375955 0.607668
vt 0.376547 0.608692
vt 0.395389 0.607879
vt 0.396336 0.608516
vt 0.396274 0.607916
vt 0.398843 0.608002
vt 0.397943 0.607995
vt 0.398003 0.608589
vt 0.396307 0.607586
vt 0.397971 0.607650
vt 0.397118 0.608694
vt 0.397044 0.607967
vt 0.397088 0.607589
vt 0.436597 0.142287
vt 0.436602 0.141765
vt 0.436590 0.142135
vt 0.436542 0.141023
vt 0.436563 0.141526
vt 0.436575 0.141160
vt 0.436569 0.141951
vt 0.436542 0.141327
vt 0.436594 0.141448
vt 0.436580 0.141899
vt 0.436554 0.141626
vt 0.436584 0.142272
vt 0.436546 0.142633
vt 0.436590 0.142873
vt 0.436558 0.143870
vt 0.436577 0.143640
vt 0.436533 0.143394
vt 0.436582 0.142641
vt 0.436569 0.143394
vt 0.436534 0.142986
vt 0.436588 0.143287
vt 0.436573 0.142948
vt 0.431917 0.202724
vt 0.431827 0.203380
vt 0.431915 0.204813
vt 0.431778 0.210061
vt 0.431848 0.208305
vt 0.431759 0.206836
vt 0.431877 0.205369
vt 0.431809 0.208881
vt 0.431785 0.204676
vt 0.431893 0.206452
vt 0.431835 0.207018
vt 0.129114 0.697782
vt 0.129175 0.696926
vt 0.140611 0.673399
vt 0.140560 0.673651
vt 0.140710 0.673745
vt 0.140763 0.673449
vt 0.140083 0.686973
vt 0.139954 0.686243
vt 0.139867 0.686332
vt 0.140010 0.686965
vt 0.132125 0.707378
vt 0.132083 0.707103
vt 0.134191 0.709607
vt 0.134237 0.709809
vt 0.137390 0.701373
vt 0.137444 0.701590
vt 0.132108 0.708068
vt 0.132152 0.708382
vt 0.134295 0.710520
vt 0.134244 0.710353
vt 0.137505 0.702664
vt 0.137450 0.702261
vt 0.128357 0.692981
vt 0.128227 0.693832
vt 0.126873 0.678319
vt 0.127076 0.677760
vt 0.130332 0.703834
vt 0.130378 0.703027
vt 0.129112 0.697670
vt 0.129076 0.698529
vt 0.129080 0.697956
vt 0.130349 0.703252
vt 0.129043 0.698810
vt 0.130304 0.704076
vt 0.128419 0.692749
vt 0.128289 0.693604
vt 0.433538 0.190445
vt 0.433533 0.190630
vt 0.433213 0.187154
vt 0.433205 0.186924
vt 0.389237 0.607831
vt 0.390852 0.607635
vt 0.390155 0.608460
vt 0.393019 0.608089
vt 0.391999 0.608571
vt 0.392643 0.607740
vt 0.390014 0.607631
vt 0.391847 0.607749
vt 0.391818 0.607659
vt 0.391000 0.608665
vt 0.390875 0.607530
vt 0.432363 0.189575
vt 0.432369 0.192955
vt 0.432257 0.192347
vt 0.432227 0.200259
vt 0.432191 0.197521
vt 0.432302 0.198115
vt 0.432358 0.192235
vt 0.432292 0.197380
vt 0.432344 0.195489
vt 0.432208 0.194762
vt 0.432347 0.194606
vt 0.432804 0.184895
vt 0.432861 0.186780
vt 0.432713 0.187199
vt 0.432743 0.195214
vt 0.432682 0.192195
vt 0.432835 0.191638
vt 0.432806 0.188265
vt 0.432778 0.193343
vt 0.432862 0.188808
vt 0.432679 0.189381
vt 0.432812 0.190768
vt 0.432663 0.186369
vt 0.432607 0.190338
vt 0.432522 0.188417
vt 0.432407 0.197106
vt 0.432397 0.193681
vt 0.432483 0.195680
vt 0.432643 0.188992
vt 0.432522 0.194199
vt 0.432547 0.193042
vt 0.432442 0.190698
vt 0.432607 0.191532
vt 0.397174 0.608204
vt 0.396256 0.607622
vt 0.396201 0.608580
vt 0.393530 0.608149
vt 0.394441 0.608545
vt 0.394509 0.607592
vt 0.396210 0.608196
vt 0.394449 0.608160
vt 0.395454 0.607503
vt 0.395380 0.608665
vt 0.395396 0.608087
vt 0.433211 0.186378
vt 0.433173 0.189073
vt 0.433106 0.187378
vt 0.433025 0.192852
vt 0.433016 0.190536
vt 0.433084 0.192198
vt 0.433195 0.188092
vt 0.433106 0.191201
vt 0.433131 0.190711
vt 0.433049 0.188669
vt 0.433169 0.189705
vt 0.131520 0.706247
vt 0.131528 0.703444
vt 0.132111 0.704413
vt 0.433144 0.196443
vt 0.433124 0.193504
vt 0.433234 0.194299
vt 0.433318 0.187896
vt 0.433208 0.189385
vt 0.433295 0.190606
vt 0.433211 0.194735
vt 0.433317 0.190221
vt 0.433285 0.192071
vt 0.433151 0.191095
vt 0.433273 0.192715
vt 0.396212 0.608140
vt 0.395066 0.607556
vt 0.395068 0.608722
vt 0.392402 0.608310
vt 0.393209 0.608791
vt 0.393238 0.607632
vt 0.395403 0.608122
vt 0.393565 0.608197
vt 0.394174 0.607480
vt 0.394159 0.608896
vt 0.394601 0.608027
vt 0.436464 0.140375
vt 0.436492 0.140744
vt 0.436460 0.140968
vt 0.436539 0.142052
vt 0.436496 0.141773
vt 0.436528 0.141556
vt 0.436497 0.140749
vt 0.436532 0.141569
vt 0.436510 0.141110
vt 0.436470 0.141374
vt 0.436520 0.141092
vt 0.436562 0.138595
vt 0.436582 0.138589
vt 0.436543 0.139126
vt 0.436615 0.139990
vt 0.436568 0.139799
vt 0.436607 0.139261
vt 0.436593 0.139058
vt 0.436618 0.139720
vt 0.436593 0.138815
vt 0.436545 0.139477
vt 0.436613 0.139331
vt 0.436578 0.138363
vt 0.436617 0.138717
vt 0.436573 0.138968
vt 0.436638 0.139908
vt 0.436602 0.139708
vt 0.436647 0.139453
vt 0.436596 0.138674
vt 0.436625 0.139411
vt 0.436635 0.139056
vt 0.436581 0.139368
vt 0.436614 0.138968
vt 0.381770 0.607941
vt 0.380963 0.608670
vt 0.381533 0.607744
vt 0.379286 0.607663
vt 0.380334 0.607621
vt 0.379768 0.608551
vt 0.380852 0.607671
vt 0.379653 0.607547
vt 0.380400 0.608797
vt 0.381090 0.607669
vt 0.380167 0.607659
vt 0.433579 0.190100
vt 0.433512 0.191360
vt 0.433473 0.189961
vt 0.433278 0.189585
vt 0.433328 0.189758
vt 0.433367 0.191143
vt 0.433514 0.189223
vt 0.433369 0.188987
vt 0.433445 0.191589
vt 0.433398 0.189894
vt 0.433454 0.189056
vt 0.380562 0.608092
vt 0.381621 0.607700
vt 0.381053 0.607733
vt 0.383530 0.607817
vt 0.382481 0.607593
vt 0.383040 0.607561
vt 0.381344 0.608390
vt 0.382803 0.608251
vt 0.382333 0.607542
vt 0.381641 0.607579
vt 0.382074 0.608417
vt 0.431687 0.209458
vt 0.431586 0.209989
vt 0.431655 0.211932
vt 0.431446 0.214995
vt 0.431539 0.214581
vt 0.431470 0.212613
vt 0.431613 0.210818
vt 0.431498 0.213400
vt 0.431525 0.211065
vt 0.431609 0.213463
vt 0.431550 0.211773
vt 0.384719 0.608265
vt 0.384832 0.607756
vt 0.385378 0.608641
vt 0.387415 0.607735
vt 0.386656 0.608385
vt 0.386094 0.607493
vt 0.385848 0.607883
vt 0.387136 0.607623
vt 0.385265 0.607582
vt 0.385944 0.608664
vt 0.386489 0.607609
vt 0.431793 0.201749
vt 0.431725 0.201925
vt 0.431823 0.202733
vt 0.431722 0.206972
vt 0.431788 0.205228
vt 0.431690 0.204422
vt 0.431756 0.204105
vt 0.431721 0.206616
vt 0.431701 0.202774
vt 0.431820 0.203756
vt 0.431725 0.205451
vt 0.391028 0.607830
vt 0.390044 0.608527
vt 0.389543 0.607799
vt 0.387264 0.607804
vt 0.387719 0.607801
vt 0.388259 0.608504
vt 0.390306 0.607537
vt 0.388515 0.607534
vt 0.389178 0.608680
vt 0.388559 0.607795
vt 0.389598 0.607530
vt 0.126962 0.678424
vt 0.127165 0.677860
vt 0.137499 0.652971
vt 0.137555 0.653279
vt 0.137711 0.653380
vt 0.137657 0.653028
vt 0.136807 0.666439
vt 0.136670 0.665701
vt 0.136697 0.665849
vt 0.136847 0.666490
vt 0.129831 0.687128
vt 0.129900 0.686912
vt 0.131750 0.689340
vt 0.131685 0.689484
vt 0.134497 0.680962
vt 0.134445 0.681123
vt 0.129948 0.687889
vt 0.129881 0.688145
vt 0.131762 0.690207
vt 0.131822 0.690099
vt 0.134537 0.682216
vt 0.134589 0.681869
vt 0.126577 0.672894
vt 0.126514 0.673778
vt 0.125604 0.658463
vt 0.125728 0.657868
vt 0.128409 0.683729
vt 0.128403 0.682896
vt 0.127352 0.677616
vt 0.127355 0.678496
vt 0.127235 0.677855
vt 0.128271 0.683065
vt 0.127236 0.678729
vt 0.128281 0.683917
vt 0.126758 0.672729
vt 0.126697 0.673616
vt 0.384849 0.608210
vt 0.383468 0.607617
vt 0.383306 0.608816
vt 0.379760 0.608494
vt 0.380855 0.608965
vt 0.381005 0.607762
vt 0.383598 0.608221
vt 0.381136 0.608366
vt 0.382297 0.607574
vt 0.382118 0.609034
vt 0.382493 0.608164
vt 0.433178 0.203443
vt 0.433144 0.207465
vt 0.433033 0.205465
vt 0.432841 0.213930
vt 0.432871 0.210611
vt 0.432983 0.212690
vt 0.433102 0.205915
vt 0.432942 0.211004
vt 0.433078 0.210145
vt 0.432943 0.207705
vt 0.433042 0.208385
vt 0.391181 0.607960
vt 0.390253 0.607524
vt 0.390107 0.608477
vt 0.387139 0.607764
vt 0.388149 0.608375
vt 0.388323 0.607427
vt 0.390115 0.607720
vt 0.388201 0.607628
vt 0.389394 0.607429
vt 0.389204 0.608586
vt 0.389243 0.607536
vt 0.433632 0.203278
vt 0.433609 0.206007
vt 0.433526 0.204258
vt 0.433382 0.209554
vt 0.433405 0.207322
vt 0.433490 0.209039
vt 0.433573 0.204875
vt 0.433454 0.207890
vt 0.433561 0.207624
vt 0.433459 0.205517
vt 0.433528 0.206433
vt 0.390984 0.608039
vt 0.389962 0.607520
vt 0.389973 0.608304
vt 0.387304 0.608762
vt 0.388188 0.608641
vt 0.388195 0.607857
vt 0.390087 0.608532
vt 0.388308 0.608870
vt 0.389123 0.607515
vt 0.389134 0.608470
vt 0.389281 0.608691
vt 0.374695 0.608086
vt 0.375829 0.608030
vt 0.375316 0.608575
vt 0.377484 0.608078
vt 0.376650 0.608577
vt 0.377179 0.608031
vt 0.375345 0.607768
vt 0.376694 0.607768
vt 0.376560 0.608044
vt 0.375916 0.608712
vt 0.376018 0.607626
vt 0.436752 0.144087
vt 0.436793 0.144474
vt 0.436749 0.144680
vt 0.436812 0.145750
vt 0.436778 0.145480
vt 0.436823 0.145280
vt 0.436769 0.144444
vt 0.436798 0.145258
vt 0.436812 0.144842
vt 0.436757 0.145086
vt 0.436787 0.144782
vt 0.432404 0.220049
vt 0.432465 0.223164
vt 0.432347 0.223134
vt 0.432428 0.229773
vt 0.432360 0.227766
vt 0.432478 0.227806
vt 0.432425 0.222098
vt 0.432439 0.226779
vt 0.432480 0.225476
vt 0.432336 0.225450
vt 0.432447 0.224124
vt 0.376306 0.607892
vt 0.375395 0.608614
vt 0.375129 0.607644
vt 0.372963 0.608039
vt 0.373523 0.607723
vt 0.373799 0.608698
vt 0.375552 0.607801
vt 0.373972 0.607894
vt 0.374625 0.608793
vt 0.374285 0.607607
vt 0.374886 0.607914
vt 0.436815 0.142656
vt 0.436763 0.142668
vt 0.436798 0.142832
vt 0.436711 0.143693
vt 0.436748 0.143327
vt 0.436713 0.143163
vt 0.436787 0.143151
vt 0.436737 0.143650
vt 0.436735 0.142830
vt 0.436778 0.143029
vt 0.436760 0.143425
vt 0.436985 0.140257
vt 0.436964 0.140526
vt 0.436963 0.140903
vt 0.436978 0.141944
vt 0.436959 0.141716
vt 0.436962 0.141330
vt 0.437005 0.140667
vt 0.437002 0.141468
vt 0.436957 0.140874
vt 0.436955 0.141336
vt 0.437009 0.140992
vt 0.125819 0.658638
vt 0.125942 0.658038
vt 0.118412 0.576690
vt 0.119471 0.640098
vt 0.119173 0.639895
vt 0.117926 0.576678
vt 0.119211 0.640068
vt 0.119127 0.671560
vt 0.119393 0.671624
vt 0.119486 0.640163
vt 0.118084 0.576359
vt 0.118472 0.576569
vt 0.117681 0.551937
vt 0.118079 0.552154
vt 0.119395 0.671415
vt 0.119131 0.671007
vt 0.118019 0.552513
vt 0.117521 0.552887
vt 0.116945 0.528323
vt 0.116378 0.528188
vt 0.117137 0.552033
vt 0.117288 0.528682
vt 0.117356 0.528547
vt 0.116977 0.552983
vt 0.116200 0.528547
vt 0.116766 0.528682
vt 0.115789 0.528323
vt 0.115857 0.528188
vt 0.117395 0.576543
vt 0.117007 0.576333
vt 0.116578 0.552766
vt 0.118825 0.639713
vt 0.118550 0.639617
vt 0.118810 0.670721
vt 0.118544 0.670658
vt 0.116639 0.552407
vt 0.117067 0.576213
vt 0.117553 0.576225
vt 0.118564 0.639684
vt 0.118863 0.639887
vt 0.118543 0.670867
vt 0.118806 0.671274
vt 0.117059 0.736033
vt 0.117050 0.736223
vt 0.117673 0.712859
vt 0.117680 0.712609
vt 0.117173 0.736558
vt 0.117333 0.736773
vt 0.118068 0.713600
vt 0.117848 0.713308
vt 0.117471 0.736791
vt 0.117480 0.736598
vt 0.118260 0.713376
vt 0.118253 0.713631
vt 0.117356 0.736264
vt 0.117198 0.736050
vt 0.117866 0.712642
vt 0.118085 0.712929
vt 0.118521 0.650626
vt 0.117121 0.647873
vt 0.117918 0.619564
vt 0.119410 0.622420
vt 0.117720 0.623057
vt 0.116920 0.651226
vt 0.116736 0.664803
vt 0.113967 0.676492
vt 0.115983 0.661856
vt 0.115989 0.664907
vt 0.118031 0.579257
vt 0.117346 0.580398
vt 0.117645 0.579522
vt 0.117544 0.582525
vt 0.118331 0.582105
vt 0.474746 0.307528
vt 0.474857 0.300678
vt 0.475940 0.227754
vt 0.475814 0.234692
vt 0.476287 0.238932
vt 0.475177 0.311472
vt 0.443239 0.201793
vt 0.442970 0.211144
vt 0.443240 0.199900
vt 0.443293 0.202218
vt 0.443574 0.188399
vt 0.443489 0.185539
vt 0.475384 0.064647
vt 0.475234 0.066620
vt 0.475520 0.066087
vt 0.475532 0.073961
vt 0.475255 0.071330
vt 0.443460 0.187354
vt 0.108889 0.695047
vt 0.109046 0.695135
vt 0.108982 0.694982
vt 0.108822 0.694850
vt 0.109547 0.709381
vt 0.109570 0.708891
vt 0.109747 0.708857
vt 0.109710 0.709236
vt 0.115455 0.739277
vt 0.115588 0.738831
vt 0.114366 0.738569
vt 0.114226 0.738939
vt 0.111926 0.726648
vt 0.111788 0.727010
vt 0.115644 0.739675
vt 0.115510 0.740157
vt 0.114251 0.739496
vt 0.114394 0.739167
vt 0.111841 0.727885
vt 0.111970 0.727344
vt 0.117271 0.730016
vt 0.117448 0.730891
vt 0.117948 0.716971
vt 0.117735 0.716290
vt 0.116603 0.737793
vt 0.116488 0.737056
vt 0.117123 0.733346
vt 0.117223 0.734147
vt 0.117055 0.733863
vt 0.116396 0.737547
vt 0.117153 0.734662
vt 0.116514 0.738293
vt 0.117365 0.729431
vt 0.117544 0.730307
vt 0.437066 0.173677
vt 0.437136 0.176790
vt 0.437148 0.177052
vt 0.437179 0.185390
vt 0.437204 0.182688
vt 0.437192 0.182452
vt 0.437044 0.176706
vt 0.437100 0.182369
vt 0.437176 0.179451
vt 0.437190 0.179732
vt 0.437056 0.179296
vt 0.399368 0.620010
vt 0.395781 0.619316
vt 0.395344 0.618284
vt 0.385720 0.619532
vt 0.388738 0.618025
vt 0.389180 0.619046
vt 0.395990 0.621281
vt 0.389418 0.621031
vt 0.392686 0.618955
vt 0.392148 0.617707
vt 0.393081 0.621638
vt 0.436525 0.162144
vt 0.436584 0.162992
vt 0.436669 0.164414
vt 0.436811 0.171343
vt 0.436809 0.168874
vt 0.436719 0.167290
vt 0.436560 0.165389
vt 0.436700 0.169909
vt 0.436647 0.164598
vt 0.436753 0.166407
vt 0.436607 0.167576
vt 0.436683 0.163990
vt 0.436776 0.168043
vt 0.436770 0.167038
vt 0.436827 0.177059
vt 0.436842 0.173422
vt 0.436848 0.174494
vt 0.436657 0.167217
vt 0.436726 0.173522
vt 0.436826 0.171165
vt 0.436820 0.169942
vt 0.436672 0.170173
vt 0.436509 0.161610
vt 0.436494 0.164445
vt 0.436575 0.164353
vt 0.436514 0.170808
vt 0.436581 0.168920
vt 0.436497 0.168891
vt 0.436466 0.163432
vt 0.436468 0.167820
vt 0.436497 0.166643
vt 0.436596 0.166581
vt 0.436447 0.165305
vt 0.379826 0.621449
vt 0.377190 0.619296
vt 0.377806 0.620193
vt 0.369852 0.618766
vt 0.372968 0.618863
vt 0.372427 0.617996
vt 0.376945 0.621831
vt 0.372225 0.620546
vt 0.375032 0.618323
vt 0.375749 0.619402
vt 0.374635 0.621429
vt 0.436306 0.160901
vt 0.436369 0.163654
vt 0.436366 0.162653
vt 0.436390 0.169156
vt 0.436408 0.166664
vt 0.436410 0.167631
vt 0.436283 0.163090
vt 0.436323 0.167052
vt 0.436400 0.165611
vt 0.436397 0.164414
vt 0.436290 0.165033
vt 0.436258 0.161678
vt 0.436343 0.163436
vt 0.436373 0.163559
vt 0.436515 0.170542
vt 0.436497 0.167823
vt 0.436467 0.167656
vt 0.436286 0.164574
vt 0.436410 0.168847
vt 0.436407 0.165220
vt 0.436444 0.165413
vt 0.436330 0.166683
vt 0.377288 0.621219
vt 0.373945 0.620568
vt 0.375406 0.619154
vt 0.368107 0.619230
vt 0.370915 0.618169
vt 0.369535 0.619612
vt 0.375011 0.621884
vt 0.370577 0.620918
vt 0.371718 0.619989
vt 0.373447 0.618252
vt 0.372848 0.621881
vt 0.437373 0.196566
vt 0.437334 0.194049
vt 0.437414 0.195325
vt 0.437455 0.189934
vt 0.437454 0.192158
vt 0.437373 0.190844
vt 0.437409 0.194776
vt 0.437447 0.191574
vt 0.437338 0.192373
vt 0.437437 0.193971
vt 0.437421 0.193111
vt 0.409471 0.618349
vt 0.406393 0.617759
vt 0.406907 0.619030
vt 0.400380 0.622004
vt 0.402582 0.620773
vt 0.401994 0.619500
vt 0.407378 0.620211
vt 0.403015 0.621959
vt 0.404204 0.618188
vt 0.404843 0.619734
vt 0.405378 0.621133
vt 0.437283 0.182593
vt 0.437338 0.181613
vt 0.437391 0.184755
vt 0.437456 0.186681
vt 0.437475 0.186720
vt 0.437422 0.183578
vt 0.437287 0.184071
vt 0.437370 0.185989
vt 0.437383 0.182070
vt 0.437447 0.185932
vt 0.437309 0.184729
vt 0.408372 0.617911
vt 0.407025 0.620484
vt 0.406006 0.618542
vt 0.402776 0.624400
vt 0.403310 0.621666
vt 0.404339 0.623585
vt 0.407578 0.619798
vt 0.404855 0.623000
vt 0.405739 0.622074
vt 0.404497 0.619707
vt 0.406590 0.621513
vt 0.437477 0.192880
vt 0.437524 0.194199
vt 0.437504 0.195628
vt 0.437705 0.199562
vt 0.437613 0.198833
vt 0.437633 0.197379
vt 0.437573 0.194355
vt 0.437681 0.197495
vt 0.437570 0.195645
vt 0.437545 0.197420
vt 0.437634 0.195574
vt 0.437383 0.184306
vt 0.437371 0.185370
vt 0.437305 0.185664
vt 0.437299 0.191340
vt 0.437265 0.189033
vt 0.437331 0.188747
vt 0.437402 0.187071
vt 0.437361 0.190463
vt 0.437351 0.186716
vt 0.437271 0.187070
vt 0.437400 0.188860
vt 0.436988 0.171106
vt 0.437115 0.172375
vt 0.437056 0.174327
vt 0.437286 0.178193
vt 0.437201 0.177751
vt 0.437257 0.175731
vt 0.437058 0.172431
vt 0.437201 0.175791
vt 0.437192 0.173896
vt 0.437120 0.176290
vt 0.437128 0.173652
vt 0.118051 0.716656
vt 0.117836 0.715973
vt 0.117921 0.700949
vt 0.118093 0.701065
vt 0.118136 0.701244
vt 0.117963 0.701087
vt 0.118188 0.713887
vt 0.118114 0.713110
vt 0.118284 0.713038
vt 0.118353 0.713733
vt 0.119097 0.727796
vt 0.119252 0.727405
vt 0.119386 0.731359
vt 0.119227 0.731684
vt 0.118928 0.725790
vt 0.118779 0.726130
vt 0.119339 0.728331
vt 0.119185 0.728762
vt 0.119303 0.732389
vt 0.119463 0.732095
vt 0.118893 0.727175
vt 0.119033 0.726656
vt 0.118475 0.711094
vt 0.118597 0.711774
vt 0.118302 0.695548
vt 0.118191 0.695204
vt 0.119157 0.722929
vt 0.119046 0.722224
vt 0.118880 0.716073
vt 0.118977 0.716843
vt 0.118751 0.716406
vt 0.118887 0.722517
vt 0.118845 0.717174
vt 0.119003 0.723237
vt 0.118667 0.710800
vt 0.118791 0.711483
vt 0.435539 0.176733
vt 0.435503 0.174456
vt 0.435560 0.174112
vt 0.435643 0.169782
vt 0.435609 0.170751
vt 0.435554 0.171188
vt 0.435599 0.175642
vt 0.435649 0.172287
vt 0.435512 0.172788
vt 0.435580 0.172319
vt 0.435625 0.174320
vt 0.435721 0.173513
vt 0.435800 0.176695
vt 0.435736 0.175907
vt 0.435741 0.183789
vt 0.435746 0.180838
vt 0.435811 0.181653
vt 0.435686 0.176357
vt 0.435697 0.181314
vt 0.435823 0.179084
vt 0.435744 0.178090
vt 0.435687 0.178764
vt 0.374325 0.624192
vt 0.372072 0.621105
vt 0.372090 0.621501
vt 0.363054 0.617772
vt 0.366638 0.618383
vt 0.366759 0.618001
vt 0.370541 0.623870
vt 0.364989 0.620716
vt 0.369824 0.619264
vt 0.369785 0.619743
vt 0.367730 0.622712
vt 0.373183 0.621897
vt 0.368928 0.620905
vt 0.371342 0.622586
vt 0.361911 0.626024
vt 0.365815 0.624527
vt 0.363311 0.622821
vt 0.370263 0.624303
vt 0.364788 0.626242
vt 0.366087 0.621282
vt 0.369033 0.623332
vt 0.367511 0.625382
vt 0.435607 0.167860
vt 0.435601 0.170785
vt 0.435612 0.169722
vt 0.435475 0.175097
vt 0.435551 0.173325
vt 0.435538 0.174299
vt 0.435525 0.169152
vt 0.435461 0.172606
vt 0.435582 0.172667
vt 0.435596 0.171406
vt 0.435482 0.170685
vt 0.435625 0.169423
vt 0.435700 0.171200
vt 0.435614 0.170075
vt 0.435646 0.175703
vt 0.435625 0.173123
vt 0.435711 0.174199
vt 0.435609 0.171589
vt 0.435619 0.174556
vt 0.435720 0.172544
vt 0.435615 0.171197
vt 0.435616 0.173203
vt 0.435623 0.170223
vt 0.435668 0.172686
vt 0.435610 0.170936
vt 0.435552 0.176259
vt 0.435577 0.173878
vt 0.435635 0.175599
vt 0.435570 0.171996
vt 0.435536 0.174894
vt 0.435668 0.174186
vt 0.435597 0.172075
vt 0.435551 0.173561
vt 0.435648 0.173254
vt 0.435668 0.175954
vt 0.435689 0.174798
vt 0.435638 0.180180
vt 0.435685 0.178170
vt 0.435663 0.179293
vt 0.435601 0.174815
vt 0.435597 0.178173
vt 0.435674 0.177698
vt 0.435700 0.176295
vt 0.435586 0.176414
vt 0.369258 0.623120
vt 0.366694 0.620561
vt 0.367978 0.621813
vt 0.360295 0.620033
vt 0.363659 0.620297
vt 0.362419 0.619053
vt 0.366286 0.623485
vt 0.361955 0.621965
vt 0.364745 0.619420
vt 0.366262 0.620934
vt 0.364000 0.622961
vt 0.435765 0.192463
vt 0.435727 0.190014
vt 0.435766 0.190669
vt 0.435818 0.185459
vt 0.435791 0.187318
vt 0.435752 0.186627
vt 0.435811 0.190814
vt 0.435836 0.187431
vt 0.435725 0.188268
vt 0.435773 0.189106
vt 0.435826 0.189194
vt 0.347350 0.618849
vt 0.344513 0.617702
vt 0.345524 0.620122
vt 0.338397 0.621500
vt 0.341261 0.621385
vt 0.340179 0.618948
vt 0.344713 0.619956
vt 0.340405 0.621204
vt 0.342447 0.617894
vt 0.343692 0.620842
vt 0.342536 0.620402
vt 0.438429 0.135756
vt 0.438464 0.136125
vt 0.438444 0.136323
vt 0.438460 0.137490
vt 0.438459 0.137156
vt 0.438480 0.136964
vt 0.438420 0.136180
vt 0.438436 0.137026
vt 0.438478 0.136497
vt 0.438453 0.136731
vt 0.438425 0.136546
vt 0.438378 0.134173
vt 0.438433 0.134139
vt 0.438428 0.134624
vt 0.438530 0.135474
vt 0.438502 0.135250
vt 0.438507 0.134765
vt 0.438405 0.134648
vt 0.438479 0.135264
vt 0.438471 0.134339
vt 0.438466 0.134937
vt 0.438436 0.134914
vt 0.357676 0.619743
vt 0.354164 0.618256
vt 0.354277 0.620479
vt 0.346142 0.622148
vt 0.348777 0.621616
vt 0.348652 0.619389
vt 0.355003 0.621275
vt 0.349448 0.622400
vt 0.351477 0.618294
vt 0.351605 0.620999
vt 0.352525 0.621814
vt 0.435862 0.190355
vt 0.435830 0.192776
vt 0.435762 0.190957
vt 0.435661 0.196138
vt 0.435665 0.193755
vt 0.435733 0.195570
vt 0.435834 0.192263
vt 0.435737 0.195062
vt 0.435786 0.194225
vt 0.435704 0.192018
vt 0.435802 0.193854
vt 0.356966 0.619611
vt 0.359016 0.618008
vt 0.359914 0.620460
vt 0.364696 0.621308
vt 0.363637 0.621230
vt 0.362729 0.618731
vt 0.358419 0.620847
vt 0.362147 0.621628
vt 0.360802 0.617871
vt 0.361903 0.620893
vt 0.359907 0.621142
vt 0.438410 0.134434
vt 0.438373 0.134466
vt 0.438369 0.134705
vt 0.438316 0.135604
vt 0.438324 0.135264
vt 0.438327 0.135025
vt 0.438402 0.134922
vt 0.438357 0.135484
vt 0.438348 0.134658
vt 0.438343 0.134949
vt 0.438386 0.135207
vt 0.435680 0.171506
vt 0.435763 0.172121
vt 0.435715 0.174220
vt 0.435943 0.177916
vt 0.435842 0.177303
vt 0.435891 0.175172
vt 0.435770 0.173067
vt 0.435897 0.176102
vt 0.435824 0.173365
vt 0.435764 0.175932
vt 0.435839 0.174235
vt 0.118526 0.695590
vt 0.118413 0.695243
vt 0.109893 0.682944
vt 0.110054 0.683200
vt 0.109998 0.683446
vt 0.109834 0.683151
vt 0.110597 0.695408
vt 0.110609 0.694568
vt 0.110788 0.694634
vt 0.110762 0.695394
vt 0.116292 0.707603
vt 0.116427 0.707362
vt 0.115308 0.711764
vt 0.115166 0.711939
vt 0.112950 0.706798
vt 0.112811 0.706999
vt 0.116491 0.708331
vt 0.116355 0.708613
vt 0.115198 0.712696
vt 0.115344 0.712550
vt 0.112874 0.708115
vt 0.113004 0.707735
vt 0.117870 0.690190
vt 0.118049 0.690919
vt 0.118416 0.674840
vt 0.118205 0.674460
vt 0.117352 0.702583
vt 0.117232 0.701821
vt 0.117786 0.695494
vt 0.117892 0.696309
vt 0.117714 0.695687
vt 0.117135 0.701947
vt 0.117817 0.696496
vt 0.117259 0.702730
vt 0.117971 0.690101
vt 0.118152 0.690835
vt 0.436670 0.192131
vt 0.436577 0.189901
vt 0.436681 0.189706
vt 0.436623 0.186060
vt 0.436656 0.186769
vt 0.436555 0.187055
vt 0.436677 0.191379
vt 0.436653 0.188446
vt 0.436549 0.188384
vt 0.436675 0.188097
vt 0.436661 0.190268
vt 0.438907 0.136331
vt 0.438942 0.137054
vt 0.438945 0.136818
vt 0.438963 0.138443
vt 0.438972 0.137831
vt 0.438970 0.138073
vt 0.438897 0.136889
vt 0.438925 0.137908
vt 0.438961 0.137560
vt 0.438964 0.137266
vt 0.438904 0.137383
vt 0.436715 0.187080
vt 0.436774 0.190435
vt 0.436808 0.189364
vt 0.436846 0.196734
vt 0.436872 0.194041
vt 0.436839 0.195092
vt 0.436697 0.189506
vt 0.436761 0.194155
vt 0.436814 0.192781
vt 0.436855 0.191495
vt 0.436709 0.191704
vt 0.436351 0.184061
vt 0.436417 0.186297
vt 0.436496 0.186118
vt 0.436654 0.194200
vt 0.436644 0.191022
vt 0.436561 0.191086
vt 0.436390 0.187335
vt 0.436538 0.192330
vt 0.436485 0.188377
vt 0.436584 0.188209
vt 0.436441 0.189846
vt 0.374238 0.620072
vt 0.378917 0.620671
vt 0.376426 0.621501
vt 0.384948 0.619043
vt 0.381700 0.621036
vt 0.384283 0.620192
vt 0.376375 0.618194
vt 0.381585 0.617683
vt 0.381811 0.620771
vt 0.378773 0.621791
vt 0.378846 0.617457
vt 0.377072 0.620294
vt 0.373793 0.620476
vt 0.375361 0.618481
vt 0.369824 0.619989
vt 0.371747 0.618243
vt 0.370266 0.620329
vt 0.375848 0.621467
vt 0.372386 0.621351
vt 0.371831 0.620343
vt 0.373711 0.617875
vt 0.374281 0.621945
vt 0.436152 0.187069
vt 0.436217 0.189568
vt 0.436208 0.187604
vt 0.436232 0.192384
vt 0.436248 0.190202
vt 0.436256 0.192138
vt 0.436128 0.188535
vt 0.436167 0.191088
vt 0.436248 0.190962
vt 0.436237 0.188591
vt 0.436135 0.189930
vt 0.347697 0.620155
vt 0.344639 0.620655
vt 0.345748 0.618318
vt 0.340181 0.619185
vt 0.342083 0.617848
vt 0.341014 0.620201
vt 0.346271 0.620700
vt 0.342624 0.620235
vt 0.342698 0.620511
vt 0.344041 0.617664
vt 0.344619 0.620922
vt 0.436111 0.188950
vt 0.436201 0.191358
vt 0.436224 0.190057
vt 0.436375 0.196737
vt 0.436351 0.193812
vt 0.436328 0.195075
vt 0.436140 0.191449
vt 0.436268 0.195215
vt 0.436268 0.193095
vt 0.436296 0.191551
vt 0.436187 0.193433
vt 0.435953 0.193818
vt 0.436005 0.196472
vt 0.436038 0.194270
vt 0.436087 0.198414
vt 0.436104 0.196543
vt 0.436069 0.198688
vt 0.435944 0.194804
vt 0.436009 0.197035
vt 0.436042 0.197787
vt 0.436084 0.195142
vt 0.435959 0.195995
vt 0.439053 0.140204
vt 0.439033 0.139669
vt 0.439070 0.139822
vt 0.439088 0.138789
vt 0.439087 0.139145
vt 0.439049 0.138984
vt 0.439070 0.139902
vt 0.439086 0.139218
vt 0.439034 0.139305
vt 0.439080 0.139500
vt 0.439075 0.139580
vt 0.439131 0.139932
vt 0.439163 0.140473
vt 0.439137 0.140238
vt 0.439136 0.141541
vt 0.439139 0.141004
vt 0.439166 0.141253
vt 0.439117 0.140408
vt 0.439119 0.141183
vt 0.439171 0.140851
vt 0.439139 0.140562
vt 0.439117 0.140805
vt 0.439006 0.137566
vt 0.439035 0.137643
vt 0.439059 0.138081
vt 0.439097 0.139109
vt 0.439103 0.138825
vt 0.439079 0.138386
vt 0.439011 0.138082
vt 0.439055 0.138816
vt 0.439058 0.137908
vt 0.439087 0.138450
vt 0.439024 0.138401
vt 0.397938 0.622365
vt 0.397458 0.619874
vt 0.395442 0.622135
vt 0.391043 0.616789
vt 0.392134 0.619435
vt 0.394157 0.617181
vt 0.396096 0.620328
vt 0.392789 0.617628
vt 0.396192 0.618464
vt 0.393738 0.621207
vt 0.394757 0.618690
vt 0.362633 0.619188
vt 0.362901 0.618191
vt 0.364712 0.619760
vt 0.365328 0.621291
vt 0.366022 0.620726
vt 0.364203 0.619170
vt 0.362511 0.620558
vt 0.363803 0.621558
vt 0.363498 0.618280
vt 0.365704 0.620183
vt 0.362717 0.621083
vt 0.401517 0.618366
vt 0.400081 0.620213
vt 0.399133 0.619132
vt 0.395712 0.625025
vt 0.396337 0.622324
vt 0.397296 0.623386
vt 0.400664 0.620627
vt 0.397838 0.623892
vt 0.398742 0.621662
vt 0.397587 0.620337
vt 0.399620 0.622372
vt 0.437287 0.203673
vt 0.437329 0.203753
vt 0.437315 0.205903
vt 0.437513 0.208192
vt 0.437423 0.208061
vt 0.437437 0.205888
vt 0.437383 0.204809
vt 0.437490 0.206904
vt 0.437373 0.204560
vt 0.437356 0.207207
vt 0.437443 0.205529
vt 0.391305 0.621534
vt 0.390262 0.622378
vt 0.389746 0.619733
vt 0.389918 0.617481
vt 0.389048 0.617825
vt 0.389551 0.620517
vt 0.392252 0.619969
vt 0.391566 0.618050
vt 0.389680 0.621931
vt 0.389065 0.618674
vt 0.392311 0.619240
vt 0.439053 0.137859
vt 0.439045 0.137809
vt 0.439017 0.138048
vt 0.439012 0.138789
vt 0.438997 0.138492
vt 0.439026 0.138252
vt 0.439062 0.138304
vt 0.439042 0.138750
vt 0.439035 0.137941
vt 0.439000 0.138233
vt 0.439061 0.138540
vt 0.118529 0.675107
vt 0.118317 0.674721
vt 0.395511 0.620038
vt 0.391494 0.620699
vt 0.391503 0.618194
vt 0.382572 0.620045
vt 0.385269 0.618150
vt 0.385227 0.620662
vt 0.392612 0.621010
vt 0.386345 0.620972
vt 0.388394 0.620687
vt 0.388451 0.617639
vt 0.389832 0.621464
vt 0.401388 0.624480
vt 0.397564 0.625510
vt 0.397281 0.622510
vt 0.388319 0.623940
vt 0.390947 0.622243
vt 0.391236 0.625206
vt 0.398510 0.625118
vt 0.392212 0.624849
vt 0.394488 0.625538
vt 0.394136 0.621914
vt 0.395804 0.625487
vt 0.433334 0.201939
vt 0.433334 0.204729
vt 0.433245 0.204083
vt 0.433090 0.208985
vt 0.433126 0.207607
vt 0.433218 0.208149
vt 0.433258 0.202963
vt 0.433142 0.206321
vt 0.433293 0.206571
vt 0.433183 0.205824
vt 0.433210 0.204352
vt 0.395925 0.620511
vt 0.393266 0.621781
vt 0.393394 0.619230
vt 0.386321 0.619552
vt 0.388750 0.618790
vt 0.388661 0.621332
vt 0.393483 0.620228
vt 0.388837 0.619789
vt 0.391098 0.621858
vt 0.391232 0.618760
vt 0.391335 0.620265
vt 0.433514 0.202931
vt 0.433493 0.205169
vt 0.433410 0.203854
vt 0.433289 0.209905
vt 0.433301 0.207245
vt 0.433386 0.208504
vt 0.433469 0.205078
vt 0.433363 0.208377
vt 0.433449 0.206739
vt 0.433348 0.205164
vt 0.433432 0.206812
vt 0.394946 0.619284
vt 0.391755 0.620551
vt 0.392058 0.618032
vt 0.385866 0.620486
vt 0.387639 0.618633
vt 0.387379 0.621142
vt 0.393277 0.620219
vt 0.388916 0.620797
vt 0.389499 0.620942
vt 0.389840 0.617884
vt 0.391406 0.620892
vt 0.433790 0.205805
vt 0.433812 0.208454
vt 0.433739 0.207722
vt 0.433625 0.213003
vt 0.433660 0.211226
vt 0.433734 0.211922
vt 0.433720 0.207274
vt 0.433641 0.210764
vt 0.433791 0.210249
vt 0.433701 0.209364
vt 0.433684 0.208850
vt 0.432303 0.230242
vt 0.432306 0.227642
vt 0.432254 0.228689
vt 0.432298 0.223816
vt 0.432251 0.225616
vt 0.432303 0.224530
vt 0.432333 0.228822
vt 0.432330 0.225714
vt 0.432303 0.225955
vt 0.432239 0.227274
vt 0.432345 0.227306
vt 0.380876 0.622126
vt 0.378329 0.620182
vt 0.379585 0.620064
vt 0.372869 0.618049
vt 0.375771 0.618129
vt 0.374450 0.618207
vt 0.378282 0.622068
vt 0.374422 0.620124
vt 0.376500 0.619011
vt 0.378043 0.618873
vt 0.376234 0.621443
vt 0.432445 0.217282
vt 0.432556 0.217445
vt 0.432460 0.219890
vt 0.432703 0.224152
vt 0.432585 0.223203
vt 0.432680 0.220756
vt 0.432525 0.219475
vt 0.432650 0.222738
vt 0.432620 0.218603
vt 0.432504 0.221619
vt 0.432595 0.220820
vt 0.432500 0.216269
vt 0.432574 0.217892
vt 0.432485 0.219062
vt 0.432529 0.223182
vt 0.432501 0.222372
vt 0.432590 0.221187
vt 0.432489 0.217582
vt 0.432504 0.220879
vt 0.432595 0.219426
vt 0.432487 0.220874
vt 0.432500 0.218873
vt 0.432251 0.228972
vt 0.432200 0.231294
vt 0.432212 0.229090
vt 0.432228 0.233427
vt 0.432200 0.231252
vt 0.432188 0.233453
vt 0.432285 0.230529
vt 0.432273 0.232691
vt 0.432181 0.232498
vt 0.432196 0.229823
vt 0.432288 0.231863
vt 0.349333 0.618223
vt 0.351640 0.617785
vt 0.351918 0.619524
vt 0.356246 0.622212
vt 0.355286 0.621406
vt 0.354992 0.619678
vt 0.350313 0.619879
vt 0.353645 0.621788
vt 0.353367 0.618330
vt 0.353713 0.620441
vt 0.351614 0.620755
vt 0.432307 0.227171
vt 0.432363 0.225251
vt 0.432301 0.226315
vt 0.432302 0.220809
vt 0.432300 0.223260
vt 0.432361 0.222215
vt 0.432279 0.225179
vt 0.432278 0.222056
vt 0.432375 0.223820
vt 0.432301 0.225122
vt 0.432278 0.223550
vt 0.391106 0.620341
vt 0.390671 0.618640
vt 0.390366 0.621340
vt 0.385241 0.619375
vt 0.387565 0.620874
vt 0.387864 0.618155
vt 0.388260 0.619669
vt 0.385436 0.619181
vt 0.389686 0.618167
vt 0.389319 0.621460
vt 0.386635 0.619065
vt 0.432773 0.207857
vt 0.432729 0.209105
vt 0.432725 0.210852
vt 0.432759 0.215676
vt 0.432717 0.214620
vt 0.432725 0.212830
vt 0.432815 0.209758
vt 0.432809 0.213471
vt 0.432714 0.210719
vt 0.432710 0.212859
vt 0.432825 0.211266
s 1
usemtl Material.049
f 23/1/1 22/2/2 31/3/3 30/4/4
f 1/5/5 2/6/6 26/7/7 25/8/8
f 17/9/9 1/5/5 25/8/8 24/10/10
f 36/11/11 17/9/9 24/10/10 39/12/12
f 22/2/2 21/13/13 32/14/14 31/3/3
f 37/15/15 23/1/1 30/4/4 40/16/16
f 36/11/11 12/17/17 11/18/18 34/19/19
f 37/15/15 16/20/20 15/21/21 39/12/12
f 38/22/22 14/23/23 13/24/24 40/16/16
f 11/18/18 12/17/17 15/21/21 16/20/20 13/24/24 14/23/23 9/25/25 10/26/26
f 38/22/22 29/27/27 8/28/28 33/29/29
f 29/27/27 28/30/30 7/31/31 8/28/28
f 28/30/30 27/32/32 6/33/33 7/31/31
f 35/34/34 3/35/35 18/36/36 34/19/19
f 3/35/35 4/37/37 19/38/38 18/36/36
f 4/37/37 5/39/39 20/40/40 19/38/38
f 27/32/32 28/30/30 31/3/3 32/14/14
f 28/30/30 29/27/27 30/4/4 31/3/3
f 21/13/13 22/2/2 25/8/8 26/7/7
f 22/2/2 23/1/1 24/10/10 25/8/8
f 2/6/6 1/5/5 19/38/38 20/40/40
f 1/5/5 17/9/9 18/36/36 19/38/38
f 33/29/29 8/28/28 3/35/35 35/34/34
f 8/28/28 7/31/31 4/37/37 3/35/35
f 7/31/31 6/33/33 5/39/39 4/37/37
f 9/25/25 33/29/29 35/34/34 10/26/26
f 10/26/26 35/34/34 34/19/19 11/18/18
f 14/23/23 38/22/22 33/29/29 9/25/25
f 29/27/27 38/22/22 40/16/16 30/4/4
f 23/1/1 37/15/15 39/12/12 24/10/10
f 17/9/9 36/11/11 34/19/19 18/36/36
f 16/20/20 37/15/15 40/16/16 13/24/24
f 12/17/17 36/11/11 39/12/12 15/21/21
f 45/41/41 44/42/42 52/43/43 53/44/44
f 54/45/45 53/44/44 59/46/46
f 41/47/47 48/48/48 56/49/49 49/50/50
f 48/48/48 47/51/51 55/52/52 56/49/49
f 44/42/42 43/53/53 51/54/54 52/43/43
f 47/51/51 46/55/55 54/45/45 55/52/52
f 43/53/53 42/56/56 50/57/57 51/54/54
f 46/55/55 45/41/41 53/44/44 54/45/45
f 42/56/56 41/47/47 49/50/50 50/57/57
f 59/46/46 58/58/58 57/59/59 60/60/60
f 50/57/57 49/50/50 57/59/59
f 53/44/44 52/43/43 58/58/58 59/46/46
f 49/50/50 56/49/49 60/60/60 57/59/59
f 56/49/49 55/52/52 60/60/60
f 52/43/43 51/54/54 58/58/58
f 55/52/52 54/45/45 59/46/46 60/60/60
f 51/54/54 50/57/57 57/59/59 58/58/58
f 64/61/61 61/62/62 62/63/63 63/64/64
f 68/65/65 65/66/66 66/67/67 67/68/68
f 76/69/69 73/70/70 74/71/71 75/72/72
f 72/73/73 69/74/74 70/75/75 71/76/76
f 61/62/62 68/65/65 67/68/68 62/63/63
f 69/74/74 64/61/61 63/64/64 70/75/75
f 71/76/76 74/71/71 73/70/70 72/73/73
f 75/72/72 66/67/67 65/66/66 76/69/69
f 5/39/39 62/63/63 67/68/68 20/40/40
f 68/65/65 61/62/62 42/56/56 43/53/53
f 6/33/33 63/64/64 62/63/63 5/39/39
f 61/62/62 64/61/61 41/47/47 42/56/56
f 27/32/32 70/75/75 63/64/64 6/33/33
f 64/61/61 69/74/74 48/48/48 41/47/47
f 66/67/67 2/6/6 20/40/40 67/68/68
f 65/66/66 68/65/65 43/53/53 44/42/42
f 2/6/6 66/67/67 75/72/72 26/7/7
f 76/69/69 65/66/66 44/42/42 45/41/41
f 69/74/74 72/73/73 47/51/51 48/48/48
f 70/75/75 27/32/32 32/14/14 71/76/76
f 21/13/13 74/71/71 71/76/76 32/14/14
f 72/73/73 73/70/70 46/55/55 47/51/51
f 73/70/70 76/69/69 45/41/41 46/55/55
f 74/71/71 21/13/13 26/7/7 75/72/72
f 80/77/77 84/78/78 85/79/79 81/80/80
f 82/81/81 85/79/79 84/78/78 83/82/82
f 89/83/83 77/84/84 90/85/85
f 91/86/86 83/82/82 84/78/78 90/85/85
f 86/87/87 87/88/88 88/89/89
f 82/81/81 79/90/90 88/89/89 87/88/88 85/79/79
f 78/91/91 81/80/80 85/79/79 87/88/88 86/87/87
f 77/84/84 91/86/86 90/85/85
f 80/77/77 89/83/83 90/85/85 84/78/78
f 95/92/92 99/93/93 100/94/94 96/95/95
f 97/96/96 100/94/94 99/93/93 98/97/97
f 104/98/98 92/99/99 105/100/100
f 106/101/101 98/97/97 99/93/93 105/100/100
f 101/102/102 102/103/103 103/104/104
f 97/96/96 94/105/105 103/104/104 102/103/103 100/94/94
f 93/106/106 96/95/95 100/94/94 102/103/103 101/102/102
f 92/99/99 106/101/101 105/100/100
f 95/92/92 104/98/98 105/100/100 99/93/93
f 110/107/107 114/108/108 115/109/109 111/110/110
f 112/111/111 115/109/109 114/108/108 113/112/112
f 119/113/113 107/114/114 120/115/115
f 121/116/116 113/112/112 114/108/108 120/115/115
f 116/117/117 117/118/118 118/119/119
f 112/120/111 109/121/120 118/119/119 117/118/118 115/122/109
f 108/123/121 111/124/110 115/122/109 117/118/118 116/117/117
f 107/114/114 121/116/116 120/115/115
f 110/107/107 119/113/113 120/115/115 114/108/108
f 125/125/122 129/126/123 130/127/124 126/128/125
f 127/129/126 130/127/124 129/126/123 128/130/127
f 134/131/128 122/132/129 135/133/130
f 136/134/131 128/130/127 129/126/123 135/135/130
f 131/136/132 132/137/133 133/138/134
f 127/129/126 124/139/135 133/138/134 132/137/133 130/127/124
f 123/140/136 126/128/125 130/127/124 132/137/133 131/136/132
f 122/132/129 136/141/131 135/133/130
f 125/125/122 134/142/128 135/135/130 129/126/123
f 140/143/137 144/144/138 145/145/139 141/146/140
f 142/147/141 145/145/139 144/144/138 143/148/142
f 149/149/143 137/150/144 150/151/145
f 151/152/146 143/148/142 144/144/138 150/151/145
f 146/153/147 147/154/148 148/155/149
f 142/147/141 139/156/150 148/155/149 147/154/148 145/145/139
f 138/157/151 141/146/140 145/145/139 147/154/148 146/153/147
f 137/150/144 151/152/146 150/151/145
f 140/143/137 149/149/143 150/151/145 144/144/138
f 174/158/152 173/159/153 182/160/154 181/161/155
f 152/162/156 153/163/157 177/164/158 176/165/159
f 168/166/160 152/162/156 176/165/159 175/167/161
f 187/168/162 168/166/160 175/167/161 190/169/163
f 173/159/153 172/170/164 183/171/165 182/160/154
f 188/172/166 174/158/152 181/161/155 191/173/167
f 187/168/162 163/174/168 162/175/169 185/176/170
f 188/172/166 167/177/171 166/178/172 190/169/163
f 189/179/173 165/180/174 164/181/175 191/173/167
f 162/175/169 163/174/168 166/178/172 167/177/171 164/181/175 165/180/174 160/182/176 161/183/177
f 189/179/173 180/184/178 159/185/179 184/186/180
f 180/184/178 179/187/181 158/188/182 159/185/179
f 179/187/181 178/189/183 157/190/184 158/188/182
f 186/191/185 154/192/186 169/193/187 185/176/170
f 154/192/186 155/194/188 170/195/189 169/193/187
f 155/194/188 156/196/190 171/197/191 170/195/189
f 178/189/183 179/187/181 182/160/154 183/171/165
f 179/187/181 180/184/178 181/161/155 182/160/154
f 172/170/164 173/159/153 176/165/159 177/164/158
f 173/159/153 174/158/152 175/167/161 176/165/159
f 153/163/157 152/162/156 170/195/189 171/197/191
f 152/162/156 168/166/160 169/193/187 170/195/189
f 184/186/180 159/185/179 154/192/186 186/191/185
f 159/185/179 158/188/182 155/194/188 154/192/186
f 158/188/182 157/190/184 156/196/190 155/194/188
f 160/182/176 184/186/180 186/191/185 161/183/177
f 161/183/177 186/191/185 185/176/170 162/175/169
f 165/180/174 189/179/173 184/186/180 160/182/176
f 180/184/178 189/179/173 191/173/167 181/161/155
f 174/158/152 188/172/166 190/169/163 175/167/161
f 168/166/160 187/168/162 185/176/170 169/193/187
f 167/177/171 188/172/166 191/173/167 164/181/175
f 163/174/168 187/168/162 190/169/163 166/178/172
f 195/198/192 192/199/193 193/200/194 194/201/195
f 199/202/196 196/203/197 197/204/198 198/205/199
f 207/206/200 204/207/201 205/208/202 206/209/203
f 203/210/204 200/211/205 201/212/206 202/213/207
f 192/199/193 199/202/196 198/205/199 193/200/194
f 200/211/205 195/198/192 194/201/195 201/212/206
f 202/213/207 205/208/202 204/207/201 203/210/204
f 206/209/203 197/204/198 196/203/197 207/206/200
f 156/196/190 193/200/194 198/205/199 171/197/191
f 157/190/184 194/201/195 193/200/194 156/196/190
f 178/189/183 201/212/206 194/201/195 157/190/184
f 197/204/198 153/163/157 171/197/191 198/205/199
f 153/163/157 197/204/198 206/209/203 177/164/158
f 201/212/206 178/189/183 183/171/165 202/213/207
f 172/170/164 205/208/202 202/213/207 183/171/165
f 205/208/202 172/170/164 177/164/158 206/209/203
f 195/198/192 200/211/205 203/210/204 204/207/201 207/206/200 196/203/197 199/202/196 192/199/193
f 211/214/208 215/215/209 216/216/210 212/217/211
f 213/218/212 216/216/210 215/215/209 214/219/213
f 220/220/214 208/221/215 221/222/216
f 222/223/217 214/219/213 215/215/209 221/224/216
f 217/225/218 218/226/219 219/227/220
f 213/218/212 210/228/221 219/227/220 218/226/219 216/216/210
f 209/229/222 212/217/211 216/216/210 218/226/219 217/225/218
f 208/221/215 222/230/217 221/222/216
f 211/214/208 220/231/214 221/224/216 215/215/209
f 226/232/223 230/233/224 231/234/225 227/235/226
f 228/236/227 231/234/225 230/233/224 229/237/228
f 235/238/229 223/239/230 236/240/231
f 237/241/232 229/237/228 230/233/224 236/240/231
f 232/242/233 233/243/234 234/244/235
f 228/236/227 225/245/236 234/244/235 233/243/234 231/234/225
f 224/246/237 227/235/226 231/234/225 233/243/234 232/242/233
f 223/239/230 237/241/232 236/240/231
f 226/232/223 235/238/229 236/240/231 230/233/224
f 240/247/238 239/248/239 238/249/240 241/250/241
f 246/251/242 245/252/243 240/247/238 241/250/241
f 254/253/244 253/254/245 238/249/240 239/248/239
f 253/254/245 246/251/242 241/250/241 238/249/240
f 245/252/243 254/253/244 239/248/239 240/247/238
f 242/255/246 257/256/247 256/257/248 243/258/249
f 243/258/249 256/257/248 255/259/250 244/260/251
f 244/260/251 255/259/250 254/253/244 245/252/243
f 250/261/252 249/262/253 248/263/254 251/264/255
f 251/264/255 248/263/254 247/265/256 252/266/257
f 252/266/257 247/265/256 246/251/242 253/254/245
f 257/256/247 250/261/252 251/264/255 256/257/248
f 256/257/248 251/264/255 252/266/257 255/259/250
f 255/259/250 252/266/257 253/254/245 254/253/244
f 249/262/253 242/255/246 243/258/249 248/263/254
f 248/263/254 243/258/249 244/260/251 247/265/256
f 247/265/256 244/260/251 245/252/243 246/251/242
f 260/267/258 261/268/259 427/269/260 426/270/261
f 263/271/262 264/272/263 265/273/264 262/274/265
f 267/275/266 265/273/264 264/272/263 266/276/267
f 269/277/268 267/275/266 266/276/267 268/278/269
f 268/278/269 263/271/262 262/274/265 269/277/268
f 262/274/265 265/273/264 259/279/270 258/280/271
f 263/271/262 268/278/269 249/262/253 250/261/252
f 264/272/263 263/271/262 250/261/252 257/256/247
f 269/277/268 262/274/265 258/280/271 261/268/259
f 265/273/264 267/275/266 260/267/258 259/279/270
f 266/276/267 264/272/263 257/256/247 242/255/246
f 267/275/266 269/277/268 261/268/259 260/267/258
f 268/278/269 266/276/267 242/255/246 249/262/253
f 277/281/272 273/282/273 275/283/274
f 279/284/275 276/285/276 274/286/277
f 277/281/272 275/283/274 278/287/278
f 279/284/275 280/288/279 276/285/276
f 277/281/272 278/287/278 273/282/273
f 279/284/275 274/286/277 280/288/279
f 273/282/273 270/289/280 271/290/281 275/283/274
f 278/287/278 272/291/282 270/289/280 273/282/273
f 272/291/282 280/288/279 274/286/277 270/289/280
f 270/289/280 274/286/277 276/285/276 271/290/281
f 275/283/274 271/290/281 272/291/282 278/287/278
f 271/290/281 276/285/276 280/288/279 272/291/282
f 288/292/283 284/293/284 286/294/285
f 290/295/286 287/296/287 285/297/288
f 288/292/283 286/294/285 289/298/289
f 290/295/286 291/299/290 287/296/287
f 288/292/283 289/298/289 284/293/284
f 290/295/286 285/297/288 291/299/290
f 284/293/284 281/300/291 282/301/292 286/294/285
f 289/298/289 283/302/293 281/300/291 284/293/284
f 283/302/293 291/299/290 285/297/288 281/300/291
f 281/300/291 285/297/288 287/296/287 282/301/292
f 286/294/285 282/301/292 283/302/293 289/298/289
f 282/301/292 287/296/287 291/299/290 283/302/293
f 299/303/294 295/304/295 297/305/296
f 301/306/297 298/307/298 296/308/299
f 299/303/294 297/305/296 300/309/300
f 301/306/297 302/310/301 298/307/298
f 299/303/294 300/309/300 295/304/295
f 301/306/297 296/308/299 302/310/301
f 295/304/295 292/311/302 293/312/303 297/305/296
f 300/309/300 294/313/304 292/311/302 295/304/295
f 294/313/304 302/310/301 296/308/299 292/311/302
f 292/311/302 296/308/299 298/307/298 293/312/303
f 297/305/296 293/312/303 294/313/304 300/309/300
f 293/312/303 298/307/298 302/310/301 294/313/304
f 310/314/305 306/315/306 308/316/307
f 312/317/308 309/318/309 307/319/310
f 310/314/305 308/316/307 311/320/311
f 312/317/308 313/321/312 309/318/309
f 310/314/305 311/320/311 306/315/306
f 312/317/308 307/319/310 313/321/312
f 306/315/306 303/322/313 304/323/314 308/316/307
f 311/320/311 305/324/315 303/322/313 306/315/306
f 305/324/315 313/321/312 307/319/310 303/322/313
f 303/322/313 307/319/310 309/318/309 304/323/314
f 308/316/307 304/323/314 305/324/315 311/320/311
f 304/323/314 309/318/309 313/321/312 305/324/315
f 321/325/316 317/326/317 319/327/318
f 323/328/319 320/329/320 318/330/321
f 321/325/316 319/327/318 322/331/322
f 323/328/319 324/332/323 320/329/320
f 321/325/316 322/331/322 317/326/317
f 323/328/319 318/330/321 324/332/323
f 317/326/317 314/333/324 315/334/325 319/327/318
f 322/331/322 316/335/326 314/333/324 317/326/317
f 316/335/326 324/332/323 318/330/321 314/333/324
f 314/333/324 318/330/321 320/329/320 315/334/325
f 319/327/318 315/334/325 316/335/326 322/331/322
f 315/334/325 320/329/320 324/332/323 316/335/326
f 332/336/327 328/337/328 330/338/329
f 334/339/330 331/340/331 329/341/332
f 332/336/327 330/338/329 333/342/333
f 334/339/330 335/343/334 331/340/331
f 332/336/327 333/342/333 328/337/328
f 334/339/330 329/341/332 335/343/334
f 328/337/328 325/344/335 326/345/336 330/338/329
f 333/342/333 327/346/337 325/344/335 328/337/328
f 327/346/337 335/343/334 329/341/332 325/344/335
f 325/344/335 329/341/332 331/340/331 326/345/336
f 330/338/329 326/345/336 327/346/337 333/342/333
f 326/345/336 331/340/331 335/343/334 327/346/337
f 343/347/338 339/348/339 341/349/340
f 345/350/341 342/351/342 340/352/343
f 343/347/338 341/349/340 344/353/344
f 345/350/341 346/354/345 342/351/342
f 343/347/338 344/353/344 339/348/339
f 345/350/341 340/352/343 346/354/345
f 339/348/339 336/355/346 337/356/347 341/349/340
f 344/353/344 338/357/348 336/355/346 339/348/339
f 338/357/348 346/354/345 340/352/343 336/355/346
f 336/355/346 340/352/343 342/351/342 337/356/347
f 341/349/340 337/356/347 338/357/348 344/353/344
f 337/356/347 342/351/342 346/354/345 338/357/348
f 354/358/349 350/359/350 352/360/351
f 356/361/352 353/362/353 351/363/354
f 354/358/349 352/360/351 355/364/355
f 356/361/352 357/365/356 353/362/353
f 354/358/349 355/364/355 350/359/350
f 356/361/352 351/363/354 357/365/356
f 350/359/350 347/366/357 348/367/358 352/360/351
f 355/364/355 349/368/359 347/366/357 350/359/350
f 349/368/359 357/365/356 351/363/354 347/366/357
f 347/366/357 351/363/354 353/362/353 348/367/358
f 352/360/351 348/367/358 349/368/359 355/364/355
f 348/367/358 353/362/353 357/365/356 349/368/359
f 365/369/360 361/370/361 363/371/362
f 367/372/363 364/373/364 362/374/365
f 365/369/360 363/371/362 366/375/366
f 367/372/363 368/376/367 364/373/364
f 365/369/360 366/375/366 361/370/361
f 367/372/363 362/374/365 368/376/367
f 361/370/361 358/377/368 359/378/369 363/371/362
f 366/375/366 360/379/370 358/377/368 361/370/361
f 360/379/370 368/376/367 362/374/365 358/377/368
f 358/377/368 362/374/365 364/373/364 359/378/369
f 363/371/362 359/378/369 360/379/370 366/375/366
f 359/378/369 364/373/364 368/376/367 360/379/370
f 376/380/371 372/381/372 374/382/373
f 378/383/374 375/384/375 373/385/376
f 376/380/371 374/382/373 377/386/377
f 378/383/374 379/387/378 375/384/375
f 376/380/371 377/386/377 372/381/372
f 378/383/374 373/385/376 379/387/378
f 372/381/372 369/388/379 370/389/380 374/382/373
f 377/386/377 371/390/381 369/388/379 372/381/372
f 371/390/381 379/387/378 373/385/376 369/388/379
f 369/388/379 373/385/376 375/384/375 370/389/380
f 374/382/373 370/389/380 371/390/381 377/386/377
f 370/389/380 375/384/375 379/387/378 371/390/381
f 387/391/382 383/392/383 385/393/384
f 389/394/385 386/395/386 384/396/387
f 387/391/382 385/393/384 388/397/388
f 389/394/385 390/398/389 386/395/386
f 387/391/382 388/397/388 383/392/383
f 389/394/385 384/396/387 390/398/389
f 383/392/383 380/399/390 381/400/391 385/393/384
f 388/397/388 382/401/392 380/399/390 383/392/383
f 382/401/392 390/398/389 384/396/387 380/399/390
f 380/399/390 384/396/387 386/395/386 381/400/391
f 385/393/384 381/400/391 382/401/392 388/397/388
f 381/400/391 386/395/386 390/398/389 382/401/392
f 398/402/393 394/403/394 396/404/395
f 400/405/396 397/406/397 395/407/398
f 398/402/393 396/404/395 399/408/399
f 400/405/396 401/409/400 397/406/397
f 398/402/393 399/408/399 394/403/394
f 400/405/396 395/407/398 401/409/400
f 394/403/394 391/410/401 392/411/402 396/404/395
f 399/408/399 393/412/403 391/410/401 394/403/394
f 393/412/403 401/409/400 395/407/398 391/410/401
f 391/410/401 395/407/398 397/406/397 392/411/402
f 396/404/395 392/411/402 393/412/403 399/408/399
f 392/411/402 397/406/397 401/409/400 393/412/403
f 409/413/404 405/414/405 407/415/406
f 411/416/407 408/417/408 406/418/409
f 409/413/404 407/415/406 410/419/410
f 411/416/407 412/420/411 408/417/408
f 409/413/404 410/419/410 405/414/405
f 411/416/407 406/418/409 412/420/411
f 405/414/405 402/421/412 403/422/413 407/415/406
f 410/419/410 404/423/414 402/421/412 405/414/405
f 404/423/414 412/420/411 406/418/409 402/421/412
f 402/421/412 406/418/409 408/417/408 403/422/413
f 407/415/406 403/422/413 404/423/414 410/419/410
f 403/422/413 408/417/408 412/420/411 404/423/414
f 420/424/415 416/425/416 418/426/417
f 422/427/418 419/428/419 417/429/420
f 420/424/415 418/426/417 421/430/421
f 422/427/418 423/431/422 419/428/419
f 420/424/415 421/430/421 416/425/416
f 422/427/418 417/429/420 423/431/422
f 416/425/416 413/432/423 414/433/424 418/426/417
f 421/430/421 415/434/425 413/432/423 416/425/416
f 415/434/425 423/431/422 417/429/420 413/432/423
f 413/432/423 417/429/420 419/428/419 414/433/424
f 418/426/417 414/433/424 415/434/425 421/430/421
f 414/433/424 419/428/419 423/431/422 415/434/425
f 426/270/261 427/269/260 424/435/426 425/436/427
f 258/280/271 259/279/270 425/436/427 424/435/426
f 261/268/259 258/280/271 424/435/426 427/269/260
f 259/279/270 260/267/258 426/270/261 425/436/427
f 430/437/428 429/438/429 428/439/430 431/440/431
f 436/441/432 435/442/433 430/437/428 431/440/431
f 444/443/434 443/444/435 428/439/430 429/438/429
f 443/444/435 436/441/432 431/440/431 428/439/430
f 435/442/433 444/443/434 429/438/429 430/437/428
f 432/445/436 447/446/437 446/447/438 433/448/439
f 433/448/439 446/447/438 445/449/440 434/450/441
f 434/450/441 445/449/440 444/443/434 435/442/433
f 440/451/442 439/452/443 438/453/444 441/454/445
f 441/454/445 438/453/444 437/455/446 442/456/447
f 442/456/447 437/455/446 436/441/432 443/444/435
f 447/446/437 440/451/442 441/454/445 446/447/438
f 446/447/438 441/454/445 442/456/447 445/449/440
f 445/449/440 442/456/447 443/444/435 444/443/434
f 439/452/443 432/445/436 433/448/439 438/453/444
f 438/453/444 433/448/439 434/450/441 437/455/446
f 437/455/446 434/450/441 435/442/433 436/441/432
f 450/457/448 451/458/449 650/459/450 649/460/451
f 453/461/452 454/462/453 455/463/454 452/464/455
f 457/465/456 455/463/454 454/462/453 456/466/457
f 459/467/458 457/465/456 456/466/457 458/468/459
f 458/468/459 453/461/452 452/464/455 459/467/458
f 452/464/455 455/463/454 449/469/460 448/470/461
f 453/461/452 458/468/459 439/452/443 440/451/442
f 454/462/453 453/461/452 440/451/442 447/446/437
f 459/467/458 452/464/455 448/470/461 451/458/449
f 455/463/454 457/465/456 450/457/448 449/469/460
f 456/466/457 454/462/453 447/446/437 432/445/436
f 457/465/456 459/467/458 451/458/449 450/457/448
f 458/468/459 456/466/457 432/445/436 439/452/443
f 467/471/462 463/472/463 465/473/464
f 469/474/465 466/475/466 464/476/467
f 467/471/462 465/473/464 468/477/468
f 469/474/465 470/478/469 466/475/466
f 467/471/462 468/477/468 463/472/463
f 469/474/465 464/476/467 470/478/469
f 463/472/463 460/479/470 461/480/471 465/473/464
f 468/477/468 462/481/472 460/479/470 463/472/463
f 462/481/472 470/478/469 464/476/467 460/479/470
f 460/479/470 464/476/467 466/475/466 461/480/471
f 465/473/464 461/480/471 462/481/472 468/477/468
f 461/480/471 466/475/466 470/478/469 462/481/472
f 478/482/473 474/483/474 476/484/475
f 480/485/476 477/486/477 475/487/478
f 478/482/473 476/484/475 479/488/479
f 480/485/476 481/489/480 477/486/477
f 478/482/473 479/488/479 474/483/474
f 480/485/476 475/487/478 481/489/480
f 474/483/474 471/490/481 472/491/482 476/484/475
f 479/488/479 473/492/483 471/490/481 474/483/474
f 473/492/483 481/489/480 475/487/478 471/490/481
f 471/490/481 475/487/478 477/486/477 472/491/482
f 476/484/475 472/491/482 473/492/483 479/488/479
f 472/491/482 477/486/477 481/489/480 473/492/483
f 489/493/484 485/494/485 487/495/486
f 491/496/487 488/497/488 486/498/489
f 489/493/484 487/495/486 490/499/490
f 491/496/487 492/500/491 488/497/488
f 489/493/484 490/499/490 485/494/485
f 491/496/487 486/498/489 492/500/491
f 485/494/485 482/501/492 483/502/493 487/495/486
f 490/499/490 484/503/494 482/501/492 485/494/485
f 484/503/494 492/500/491 486/498/489 482/501/492
f 482/501/492 486/498/489 488/497/488 483/502/493
f 487/495/486 483/502/493 484/503/494 490/499/490
f 483/502/493 488/497/488 492/500/491 484/503/494
f 500/504/495 496/505/496 498/506/497
f 502/507/498 499/508/499 497/509/500
f 500/504/495 498/506/497 501/510/501
f 502/507/498 503/511/502 499/508/499
f 500/504/495 501/510/501 496/505/496
f 502/507/498 497/509/500 503/511/502
f 496/505/496 493/512/503 494/513/504 498/506/497
f 501/510/501 495/514/505 493/512/503 496/505/496
f 495/514/505 503/511/502 497/509/500 493/512/503
f 493/512/503 497/509/500 499/508/499 494/513/504
f 498/506/497 494/513/504 495/514/505 501/510/501
f 494/513/504 499/508/499 503/511/502 495/514/505
f 511/515/506 507/516/507 509/517/508
f 513/518/509 510/519/510 508/520/511
f 511/515/506 509/517/508 512/521/512
f 513/518/509 514/522/513 510/519/510
f 511/515/506 512/521/512 507/516/507
f 513/518/509 508/520/511 514/522/513
f 507/516/507 504/523/514 505/524/515 509/517/508
f 512/521/512 506/525/516 504/523/514 507/516/507
f 506/525/516 514/522/513 508/520/511 504/523/514
f 504/523/514 508/520/511 510/519/510 505/524/515
f 509/517/508 505/524/515 506/525/516 512/521/512
f 505/524/515 510/519/510 514/522/513 506/525/516
f 522/526/517 518/527/518 520/528/519
f 524/529/520 521/530/521 519/531/522
f 522/526/517 520/528/519 523/532/523
f 524/529/520 525/533/524 521/530/521
f 522/526/517 523/532/523 518/527/518
f 524/529/520 519/531/522 525/533/524
f 518/527/518 515/534/525 516/535/526 520/528/519
f 523/532/523 517/536/527 515/534/525 518/527/518
f 517/536/527 525/533/524 519/531/522 515/534/525
f 515/534/525 519/531/522 521/530/521 516/535/526
f 520/528/519 516/535/526 517/536/527 523/532/523
f 516/535/526 521/530/521 525/533/524 517/536/527
f 533/537/528 529/538/529 531/539/530
f 535/540/531 532/541/532 530/542/533
f 533/537/528 531/539/530 534/543/534
f 535/540/531 536/544/535 532/541/532
f 533/537/528 534/543/534 529/538/529
f 535/540/531 530/542/533 536/544/535
f 529/538/529 526/545/536 527/546/537 531/539/530
f 534/543/534 528/547/538 526/545/536 529/538/529
f 528/547/538 536/544/535 530/542/533 526/545/536
f 526/545/536 530/542/533 532/541/532 527/546/537
f 531/539/530 527/546/537 528/547/538 534/543/534
f 527/546/537 532/541/532 536/544/535 528/547/538
f 544/548/539 540/549/540 542/550/541
f 546/551/542 543/552/543 541/553/544
f 544/548/539 542/550/541 545/554/545
f 546/551/542 547/555/546 543/552/543
f 544/548/539 545/554/545 540/549/540
f 546/551/542 541/553/544 547/555/546
f 540/549/540 537/556/547 538/557/548 542/550/541
f 545/554/545 539/558/549 537/556/547 540/549/540
f 539/558/549 547/555/546 541/553/544 537/556/547
f 537/556/547 541/553/544 543/552/543 538/557/548
f 542/550/541 538/557/548 539/558/549 545/554/545
f 538/557/548 543/552/543 547/555/546 539/558/549
f 555/559/550 551/560/551 553/561/552
f 557/562/553 554/563/554 552/564/555
f 555/559/550 553/561/552 556/565/556
f 557/562/553 558/566/557 554/563/554
f 555/559/550 556/565/556 551/560/551
f 557/562/553 552/564/555 558/566/557
f 551/560/551 548/567/558 549/568/559 553/561/552
f 556/565/556 550/569/560 548/567/558 551/560/551
f 550/569/560 558/566/557 552/564/555 548/567/558
f 548/567/558 552/564/555 554/563/554 549/568/559
f 553/561/552 549/568/559 550/569/560 556/565/556
f 549/568/559 554/563/554 558/566/557 550/569/560
f 566/570/561 562/571/562 564/572/563
f 568/573/564 565/574/565 563/575/566
f 566/570/561 564/572/563 567/576/567
f 568/573/564 569/577/568 565/574/565
f 566/570/561 567/576/567 562/571/562
f 568/573/564 563/575/566 569/577/568
f 562/571/562 559/578/569 560/579/570 564/572/563
f 567/576/567 561/580/571 559/578/569 562/571/562
f 561/580/571 569/577/568 563/575/566 559/578/569
f 559/578/569 563/575/566 565/574/565 560/579/570
f 564/572/563 560/579/570 561/580/571 567/576/567
f 560/579/570 565/574/565 569/577/568 561/580/571
f 577/581/572 573/582/573 575/583/574
f 579/584/575 576/585/576 574/586/577
f 577/581/572 575/583/574 578/587/578
f 579/584/575 580/588/579 576/585/576
f 577/581/572 578/587/578 573/582/573
f 579/584/575 574/586/577 580/588/579
f 573/582/573 570/589/580 571/590/581 575/583/574
f 578/587/578 572/591/582 570/589/580 573/582/573
f 572/591/582 580/588/579 574/586/577 570/589/580
f 570/589/580 574/586/577 576/585/576 571/590/581
f 575/583/574 571/590/581 572/591/582 578/587/578
f 571/590/581 576/585/576 580/588/579 572/591/582
f 588/592/583 584/593/584 586/594/585
f 590/595/586 587/596/587 585/597/588
f 588/592/583 586/594/585 589/598/589
f 590/595/586 591/599/590 587/596/587
f 588/592/583 589/598/589 584/593/584
f 590/595/586 585/597/588 591/599/590
f 584/593/584 581/600/591 582/601/592 586/594/585
f 589/598/589 583/602/593 581/600/591 584/593/584
f 583/602/593 591/599/590 585/597/588 581/600/591
f 581/600/591 585/597/588 587/596/587 582/601/592
f 586/594/585 582/601/592 583/602/593 589/598/589
f 582/601/592 587/596/587 591/599/590 583/602/593
f 599/603/594 595/604/595 597/605/596
f 601/606/597 598/607/598 596/608/599
f 599/603/594 597/605/596 600/609/600
f 601/606/597 602/610/601 598/607/598
f 599/603/594 600/609/600 595/604/595
f 601/606/597 596/608/599 602/610/601
f 595/604/595 592/611/602 593/612/603 597/605/596
f 600/609/600 594/613/604 592/611/602 595/604/595
f 594/613/604 602/610/601 596/608/599 592/611/602
f 592/611/602 596/608/599 598/607/598 593/612/603
f 597/605/596 593/612/603 594/613/604 600/609/600
f 593/612/603 598/607/598 602/610/601 594/613/604
f 610/614/605 606/615/606 608/616/607
f 612/617/608 609/618/609 607/619/610
f 610/614/605 608/616/607 611/620/611
f 612/617/608 613/621/612 609/618/609
f 610/614/605 611/620/611 606/615/606
f 612/617/608 607/619/610 613/621/612
f 606/615/606 603/622/613 604/623/614 608/616/607
f 611/620/611 605/624/615 603/622/613 606/615/606
f 605/624/615 613/621/612 607/619/610 603/622/613
f 603/622/613 607/619/610 609/618/609 604/623/614
f 608/616/607 604/623/614 605/624/615 611/620/611
f 604/623/614 609/618/609 613/621/612 605/624/615
f 621/625/616 617/626/617 619/627/618
f 623/628/619 620/629/620 618/630/621
f 621/625/616 619/627/618 622/631/622
f 623/628/619 624/632/623 620/629/620
f 621/625/616 622/631/622 617/626/617
f 623/628/619 618/630/621 624/632/623
f 617/626/617 614/633/624 615/634/625 619/627/618
f 622/631/622 616/635/626 614/633/624 617/626/617
f 616/635/626 624/632/623 618/630/621 614/633/624
f 614/633/624 618/630/621 620/629/620 615/634/625
f 619/627/618 615/634/625 616/635/626 622/631/622
f 615/634/625 620/629/620 624/632/623 616/635/626
f 632/636/627 628/637/628 630/638/629
f 634/639/630 631/640/631 629/641/632
f 632/636/627 630/638/629 633/642/633
f 634/639/630 635/643/634 631/640/631
f 632/636/627 633/642/633 628/637/628
f 634/639/630 629/641/632 635/643/634
f 628/637/628 625/644/635 626/645/636 630/638/629
f 633/642/633 627/646/637 625/644/635 628/637/628
f 627/646/637 635/643/634 629/641/632 625/644/635
f 625/644/635 629/641/632 631/640/631 626/645/636
f 630/638/629 626/645/636 627/646/637 633/642/633
f 626/645/636 631/640/631 635/643/634 627/646/637
f 643/647/638 639/648/639 641/649/640
f 645/650/641 642/651/642 640/652/643
f 643/647/638 641/649/640 644/653/644
f 645/650/641 646/654/645 642/651/642
f 643/647/638 644/653/644 639/648/639
f 645/650/641 640/652/643 646/654/645
f 639/648/639 636/655/646 637/656/647 641/649/640
f 644/653/644 638/657/648 636/655/646 639/648/639
f 638/657/648 646/654/645 640/652/643 636/655/646
f 636/655/646 640/652/643 642/651/642 637/656/647
f 641/649/640 637/656/647 638/657/648 644/653/644
f 637/656/647 642/651/642 646/654/645 638/657/648
f 649/460/451 650/459/450 647/658/649 648/659/650
f 448/470/461 449/469/460 648/659/650 647/658/649
f 451/458/449 448/470/461 647/658/649 650/459/450
f 449/469/460 450/457/448 649/460/451 648/659/650
f 653/660/651 652/661/652 651/662/653 654/663/654
f 659/664/655 658/665/656 653/660/651 654/663/654
f 667/666/657 666/667/658 651/662/653 652/661/652
f 666/667/658 659/664/655 654/663/654 651/662/653
f 658/665/656 667/666/657 652/661/652 653/660/651
f 655/668/659 670/669/660 669/670/661 656/671/662
f 656/671/662 669/670/661 668/672/663 657/673/664
f 657/673/664 668/672/663 667/666/657 658/665/656
f 663/674/665 662/675/666 661/676/667 664/677/668
f 664/677/668 661/676/667 660/678/669 665/679/670
f 665/679/670 660/678/669 659/664/655 666/667/658
f 670/669/660 663/674/665 664/677/668 669/670/661
f 669/670/661 664/677/668 665/679/670 668/672/663
f 668/672/663 665/679/670 666/667/658 667/666/657
f 662/675/666 655/668/659 656/671/662 661/676/667
f 661/676/667 656/671/662 657/673/664 660/678/669
f 660/678/669 657/673/664 658/665/656 659/664/655
f 673/680/671 674/681/672 873/682/673 872/683/674
f 676/684/675 677/685/676 678/686/677 675/687/678
f 680/688/679 678/686/677 677/685/676 679/689/680
f 682/690/681 680/688/679 679/689/680 681/691/682
f 681/691/682 676/684/675 675/687/678 682/690/681
f 675/687/678 678/686/677 672/692/683 671/693/684
f 676/684/675 681/691/682 662/675/666 663/674/665
f 677/685/676 676/684/675 663/674/665 670/669/660
f 682/690/681 675/687/678 671/693/684 674/681/672
f 678/686/677 680/688/679 673/680/671 672/692/683
f 679/689/680 677/685/676 670/669/660 655/668/659
f 680/688/679 682/690/681 674/681/672 673/680/671
f 681/691/682 679/689/680 655/668/659 662/675/666
f 690/694/685 686/695/686 688/696/687
f 692/697/688 689/698/689 687/699/690
f 690/694/685 688/696/687 691/700/691
f 692/697/688 693/701/692 689/698/689
f 690/694/685 691/700/691 686/695/686
f 692/697/688 687/699/690 693/701/692
f 686/695/686 683/702/693 684/703/694 688/696/687
f 691/700/691 685/704/695 683/702/693 686/695/686
f 685/704/695 693/701/692 687/699/690 683/702/693
f 683/702/693 687/699/690 689/698/689 684/703/694
f 688/696/687 684/703/694 685/704/695 691/700/691
f 684/703/694 689/698/689 693/701/692 685/704/695
f 701/705/696 697/706/697 699/707/698
f 703/708/699 700/709/700 698/710/701
f 701/705/696 699/707/698 702/711/702
f 703/708/699 704/712/703 700/709/700
f 701/705/696 702/711/702 697/706/697
f 703/708/699 698/710/701 704/712/703
f 697/706/697 694/713/704 695/714/705 699/707/698
f 702/711/702 696/715/706 694/713/704 697/706/697
f 696/715/706 704/712/703 698/710/701 694/713/704
f 694/713/704 698/710/701 700/709/700 695/714/705
f 699/707/698 695/714/705 696/715/706 702/711/702
f 695/714/705 700/709/700 704/712/703 696/715/706
f 712/716/707 708/717/708 710/718/709
f 714/719/710 711/720/711 709/721/712
f 712/716/707 710/718/709 713/722/713
f 714/719/710 715/723/714 711/720/711
f 712/716/707 713/722/713 708/717/708
f 714/719/710 709/721/712 715/723/714
f 708/717/708 705/724/715 706/725/716 710/718/709
f 713/722/713 707/726/717 705/724/715 708/717/708
f 707/726/717 715/723/714 709/721/712 705/724/715
f 705/724/715 709/721/712 711/720/711 706/725/716
f 710/718/709 706/725/716 707/726/717 713/722/713
f 706/725/716 711/720/711 715/723/714 707/726/717
f 723/727/718 719/728/719 721/729/720
f 725/730/721 722/731/722 720/732/723
f 723/727/718 721/729/720 724/733/724
f 725/730/721 726/734/725 722/731/722
f 723/727/718 724/733/724 719/728/719
f 725/730/721 720/732/723 726/734/725
f 719/728/719 716/735/726 717/736/727 721/729/720
f 724/733/724 718/737/728 716/735/726 719/728/719
f 718/737/728 726/734/725 720/732/723 716/735/726
f 716/735/726 720/732/723 722/731/722 717/736/727
f 721/729/720 717/736/727 718/737/728 724/733/724
f 717/736/727 722/731/722 726/734/725 718/737/728
f 734/738/729 730/739/730 732/740/731
f 736/741/732 733/742/733 731/743/734
f 734/738/729 732/740/731 735/744/735
f 736/741/732 737/745/736 733/742/733
f 734/738/729 735/744/735 730/739/730
f 736/741/732 731/743/734 737/745/736
f 730/739/730 727/746/737 728/747/738 732/740/731
f 735/744/735 729/748/739 727/746/737 730/739/730
f 729/748/739 737/745/736 731/743/734 727/746/737
f 727/746/737 731/743/734 733/742/733 728/747/738
f 732/740/731 728/747/738 729/748/739 735/744/735
f 728/747/738 733/742/733 737/745/736 729/748/739
f 745/749/740 741/750/741 743/751/742
f 747/752/743 744/753/744 742/754/745
f 745/749/740 743/751/742 746/755/746
f 747/752/743 748/756/747 744/753/744
f 745/749/740 746/755/746 741/750/741
f 747/752/743 742/754/745 748/756/747
f 741/750/741 738/757/748 739/758/749 743/751/742
f 746/755/746 740/759/750 738/757/748 741/750/741
f 740/759/750 748/756/747 742/754/745 738/757/748
f 738/757/748 742/754/745 744/753/744 739/758/749
f 743/751/742 739/758/749 740/759/750 746/755/746
f 739/758/749 744/753/744 748/756/747 740/759/750
f 756/760/751 752/761/752 754/762/753
f 758/763/754 755/764/755 753/765/756
f 756/760/751 754/762/753 757/766/757
f 758/763/754 759/767/758 755/764/755
f 756/760/751 757/766/757 752/761/752
f 758/763/754 753/765/756 759/767/758
f 752/761/752 749/768/759 750/769/760 754/762/753
f 757/766/757 751/770/761 749/768/759 752/761/752
f 751/770/761 759/767/758 753/765/756 749/768/759
f 749/768/759 753/765/756 755/764/755 750/769/760
f 754/762/753 750/769/760 751/770/761 757/766/757
f 750/769/760 755/764/755 759/767/758 751/770/761
f 767/771/762 763/772/763 765/773/764
f 769/774/765 766/775/766 764/776/767
f 767/771/762 765/773/764 768/777/768
f 769/774/765 770/778/769 766/775/766
f 767/771/762 768/777/768 763/772/763
f 769/774/765 764/776/767 770/778/769
f 763/772/763 760/779/770 761/780/771 765/773/764
f 768/777/768 762/781/772 760/779/770 763/772/763
f 762/781/772 770/778/769 764/776/767 760/779/770
f 760/779/770 764/776/767 766/775/766 761/780/771
f 765/773/764 761/780/771 762/781/772 768/777/768
f 761/780/771 766/775/766 770/778/769 762/781/772
f 778/782/773 774/783/774 776/784/775
f 780/785/776 777/786/777 775/787/778
f 778/782/773 776/784/775 779/788/779
f 780/785/776 781/789/780 777/786/777
f 778/782/773 779/788/779 774/783/774
f 780/785/776 775/787/778 781/789/780
f 774/783/774 771/790/781 772/791/782 776/784/775
f 779/788/779 773/792/783 771/790/781 774/783/774
f 773/792/783 781/789/780 775/787/778 771/790/781
f 771/790/781 775/787/778 777/786/777 772/791/782
f 776/784/775 772/791/782 773/792/783 779/788/779
f 772/791/782 777/786/777 781/789/780 773/792/783
f 789/793/784 785/794/785 787/795/786
f 791/796/787 788/797/788 786/798/789
f 789/793/784 787/795/786 790/799/790
f 791/796/787 792/800/791 788/797/788
f 789/793/784 790/799/790 785/794/785
f 791/796/787 786/798/789 792/800/791
f 785/794/785 782/801/792 783/802/793 787/795/786
f 790/799/790 784/803/794 782/801/792 785/794/785
f 784/803/794 792/800/791 786/798/789 782/801/792
f 782/801/792 786/798/789 788/797/788 783/802/793
f 787/795/786 783/802/793 784/803/794 790/799/790
f 783/802/793 788/797/788 792/800/791 784/803/794
f 800/804/795 796/805/796 798/806/797
f 802/807/798 799/808/799 797/809/800
f 800/804/795 798/806/797 801/810/801
f 802/807/798 803/811/802 799/808/799
f 800/804/795 801/810/801 796/805/796
f 802/807/798 797/809/800 803/811/802
f 796/805/796 793/812/803 794/813/804 798/806/797
f 801/810/801 795/814/805 793/812/803 796/805/796
f 795/814/805 803/811/802 797/809/800 793/812/803
f 793/812/803 797/809/800 799/808/799 794/813/804
f 798/806/797 794/813/804 795/814/805 801/810/801
f 794/813/804 799/808/799 803/811/802 795/814/805
f 811/815/806 807/816/807 809/817/808
f 813/818/809 810/819/810 808/820/811
f 811/815/806 809/817/808 812/821/812
f 813/818/809 814/822/813 810/819/810
f 811/815/806 812/821/812 807/816/807
f 813/818/809 808/820/811 814/822/813
f 807/816/807 804/823/814 805/824/815 809/817/808
f 812/821/812 806/825/816 804/823/814 807/816/807
f 806/825/816 814/822/813 808/820/811 804/823/814
f 804/823/814 808/820/811 810/819/810 805/824/815
f 809/817/808 805/824/815 806/825/816 812/821/812
f 805/824/815 810/819/810 814/822/813 806/825/816
f 822/826/817 818/827/818 820/828/819
f 824/829/820 821/830/821 819/831/822
f 822/826/817 820/828/819 823/832/823
f 824/829/820 825/833/824 821/830/821
f 822/826/817 823/832/823 818/827/818
f 824/829/820 819/831/822 825/833/824
f 818/827/818 815/834/825 816/835/826 820/828/819
f 823/832/823 817/836/827 815/834/825 818/827/818
f 817/836/827 825/833/824 819/831/822 815/834/825
f 815/834/825 819/831/822 821/830/821 816/835/826
f 820/828/819 816/835/826 817/836/827 823/832/823
f 816/835/826 821/830/821 825/833/824 817/836/827
f 833/837/828 829/838/829 831/839/830
f 835/840/831 832/841/832 830/842/833
f 833/837/828 831/839/830 834/843/834
f 835/840/831 836/844/835 832/841/832
f 833/837/828 834/843/834 829/838/829
f 835/840/831 830/842/833 836/844/835
f 829/838/829 826/845/836 827/846/837 831/839/830
f 834/843/834 828/847/838 826/845/836 829/838/829
f 828/847/838 836/844/835 830/842/833 826/845/836
f 826/845/836 830/842/833 832/841/832 827/846/837
f 831/839/830 827/846/837 828/847/838 834/843/834
f 827/846/837 832/841/832 836/844/835 828/847/838
f 844/848/839 840/849/840 842/850/841
f 846/851/842 843/852/843 841/853/844
f 844/848/839 842/850/841 845/854/845
f 846/851/842 847/855/846 843/852/843
f 844/848/839 845/854/845 840/849/840
f 846/851/842 841/853/844 847/855/846
f 840/849/840 837/856/847 838/857/848 842/850/841
f 845/854/845 839/858/849 837/856/847 840/849/840
f 839/858/849 847/855/846 841/853/844 837/856/847
f 837/856/847 841/853/844 843/852/843 838/857/848
f 842/850/841 838/857/848 839/858/849 845/854/845
f 838/857/848 843/852/843 847/855/846 839/858/849
f 855/859/850 851/860/851 853/861/852
f 857/862/853 854/863/854 852/864/855
f 855/859/850 853/861/852 856/865/856
f 857/862/853 858/866/857 854/863/854
f 855/859/850 856/865/856 851/860/851
f 857/862/853 852/864/855 858/866/857
f 851/860/851 848/867/858 849/868/859 853/861/852
f 856/865/856 850/869/860 848/867/858 851/860/851
f 850/869/860 858/866/857 852/864/855 848/867/858
f 848/867/858 852/864/855 854/863/854 849/868/859
f 853/861/852 849/868/859 850/869/860 856/865/856
f 849/868/859 854/863/854 858/866/857 850/869/860
f 866/870/861 862/871/862 864/872/863
f 868/873/864 865/874/865 863/875/866
f 866/870/861 864/872/863 867/876/867
f 868/873/864 869/877/868 865/874/865
f 866/870/861 867/876/867 862/871/862
f 868/873/864 863/875/866 869/877/868
f 862/871/862 859/878/869 860/879/870 864/872/863
f 867/876/867 861/880/871 859/878/869 862/871/862
f 861/880/871 869/877/868 863/875/866 859/878/869
f 859/878/869 863/875/866 865/874/865 860/879/870
f 864/872/863 860/879/870 861/880/871 867/876/867
f 860/879/870 865/874/865 869/877/868 861/880/871
f 872/683/674 873/682/673 870/881/872 871/882/873
f 671/693/684 672/692/683 871/882/873 870/881/872
f 674/681/672 671/693/684 870/881/872 873/682/673
f 672/692/683 673/680/671 872/683/674 871/882/873
f 876/883/874 875/884/875 874/885/876 877/886/877
f 882/887/878 881/888/879 876/883/874 877/886/877
f 890/889/880 889/890/881 874/885/876 875/884/875
f 889/890/881 882/887/878 877/886/877 874/885/876
f 881/888/879 890/889/880 875/884/875 876/883/874
f 878/891/882 893/892/883 892/893/884 879/894/885
f 879/894/885 892/893/884 891/895/886 880/896/887
f 880/896/887 891/895/886 890/889/880 881/888/879
f 886/897/888 885/898/889 884/899/890 887/900/891
f 887/900/891 884/899/890 883/901/892 888/902/893
f 888/902/893 883/901/892 882/887/878 889/890/881
f 893/892/883 886/897/888 887/900/891 892/893/884
f 892/893/884 887/900/891 888/902/893 891/895/886
f 891/895/886 888/902/893 889/890/881 890/889/880
f 885/898/889 878/891/882 879/894/885 884/899/890
f 884/899/890 879/894/885 880/896/887 883/901/892
f 883/901/892 880/896/887 881/888/879 882/887/878
f 896/903/894 897/904/895 1096/905/896 1095/906/897
f 899/907/898 900/908/899 901/909/900 898/910/901
f 903/911/902 901/909/900 900/908/899 902/912/903
f 905/913/904 903/911/902 902/912/903 904/914/905
f 904/914/905 899/907/898 898/910/901 905/913/904
f 898/910/901 901/909/900 895/915/906 894/916/907
f 899/907/898 904/914/905 885/898/889 886/897/888
f 900/908/899 899/907/898 886/897/888 893/892/883
f 905/913/904 898/910/901 894/916/907 897/904/895
f 901/909/900 903/911/902 896/903/894 895/915/906
f 902/912/903 900/908/899 893/892/883 878/891/882
f 903/911/902 905/913/904 897/904/895 896/903/894
f 904/914/905 902/912/903 878/891/882 885/898/889
f 913/917/908 909/918/909 911/919/910
f 915/920/911 912/921/912 910/922/913
f 913/917/908 911/919/910 914/923/914
f 915/920/911 916/924/915 912/921/912
f 913/917/908 914/923/914 909/918/909
f 915/920/911 910/922/913 916/924/915
f 909/918/909 906/925/916 907/926/917 911/919/910
f 914/923/914 908/927/918 906/925/916 909/918/909
f 908/927/918 916/924/915 910/922/913 906/925/916
f 906/925/916 910/922/913 912/921/912 907/926/917
f 911/919/910 907/926/917 908/927/918 914/923/914
f 907/926/917 912/921/912 916/924/915 908/927/918
f 924/928/919 920/929/920 922/930/921
f 926/931/922 923/932/923 921/933/924
f 924/928/919 922/930/921 925/934/925
f 926/931/922 927/935/926 923/932/923
f 924/928/919 925/934/925 920/929/920
f 926/931/922 921/933/924 927/935/926
f 920/929/920 917/936/927 918/937/928 922/930/921
f 925/934/925 919/938/929 917/936/927 920/929/920
f 919/938/929 927/935/926 921/933/924 917/936/927
f 917/936/927 921/933/924 923/932/923 918/937/928
f 922/930/921 918/937/928 919/938/929 925/934/925
f 918/937/928 923/932/923 927/935/926 919/938/929
f 935/939/930 931/940/931 933/941/932
f 937/942/933 934/943/934 932/944/935
f 935/939/930 933/941/932 936/945/936
f 937/942/933 938/946/937 934/943/934
f 935/939/930 936/945/936 931/940/931
f 937/942/933 932/944/935 938/946/937
f 931/940/931 928/947/938 929/948/939 933/941/932
f 936/945/936 930/949/940 928/947/938 931/940/931
f 930/949/940 938/946/937 932/944/935 928/947/938
f 928/947/938 932/944/935 934/943/934 929/948/939
f 933/941/932 929/948/939 930/949/940 936/945/936
f 929/948/939 934/943/934 938/946/937 930/949/940
f 946/950/941 942/951/942 944/952/943
f 948/953/944 945/954/945 943/955/946
f 946/950/941 944/952/943 947/956/947
f 948/953/944 949/957/948 945/954/945
f 946/950/941 947/956/947 942/951/942
f 948/953/944 943/955/946 949/957/948
f 942/951/942 939/958/949 940/959/950 944/952/943
f 947/956/947 941/960/951 939/958/949 942/951/942
f 941/960/951 949/957/948 943/955/946 939/958/949
f 939/958/949 943/955/946 945/954/945 940/959/950
f 944/952/943 940/959/950 941/960/951 947/956/947
f 940/959/950 945/954/945 949/957/948 941/960/951
f 957/961/952 953/962/953 955/963/954
f 959/964/955 956/965/956 954/966/957
f 957/961/952 955/963/954 958/967/958
f 959/964/955 960/968/959 956/965/956
f 957/961/952 958/967/958 953/962/953
f 959/964/955 954/966/957 960/968/959
f 953/962/953 950/969/960 951/970/961 955/963/954
f 958/967/958 952/971/962 950/969/960 953/962/953
f 952/971/962 960/968/959 954/966/957 950/969/960
f 950/969/960 954/966/957 956/965/956 951/970/961
f 955/963/954 951/970/961 952/971/962 958/967/958
f 951/970/961 956/965/956 960/968/959 952/971/962
f 968/972/963 964/973/964 966/974/965
f 970/975/966 967/976/967 965/977/968
f 968/972/963 966/974/965 969/978/969
f 970/975/966 971/979/970 967/976/967
f 968/972/963 969/978/969 964/973/964
f 970/975/966 965/977/968 971/979/970
f 964/973/964 961/980/971 962/981/972 966/974/965
f 969/978/969 963/982/973 961/980/971 964/973/964
f 963/982/973 971/979/970 965/977/968 961/980/971
f 961/980/971 965/977/968 967/976/967 962/981/972
f 966/974/965 962/981/972 963/982/973 969/978/969
f 962/981/972 967/976/967 971/979/970 963/982/973
f 979/983/974 975/984/975 977/985/976
f 981/986/977 978/987/978 976/988/979
f 979/983/974 977/985/976 980/989/980
f 981/986/977 982/990/981 978/987/978
f 979/983/974 980/989/980 975/984/975
f 981/986/977 976/988/979 982/990/981
f 975/984/975 972/991/982 973/992/983 977/985/976
f 980/989/980 974/993/984 972/991/982 975/984/975
f 974/993/984 982/990/981 976/988/979 972/991/982
f 972/991/982 976/988/979 978/987/978 973/992/983
f 977/985/976 973/992/983 974/993/984 980/989/980
f 973/992/983 978/987/978 982/990/981 974/993/984
f 990/994/985 986/995/986 988/996/987
f 992/997/988 989/998/989 987/999/990
f 990/994/985 988/996/987 991/1000/991
f 992/997/988 993/1001/992 989/998/989
f 990/994/985 991/1000/991 986/995/986
f 992/997/988 987/999/990 993/1001/992
f 986/995/986 983/1002/993 984/1003/994 988/996/987
f 991/1000/991 985/1004/995 983/1002/993 986/995/986
f 985/1004/995 993/1001/992 987/999/990 983/1002/993
f 983/1002/993 987/999/990 989/998/989 984/1003/994
f 988/996/987 984/1003/994 985/1004/995 991/1000/991
f 984/1003/994 989/998/989 993/1001/992 985/1004/995
f 1001/1005/996 997/1006/997 999/1007/998
f 1003/1008/999 1000/1009/1000 998/1010/1001
f 1001/1005/996 999/1007/998 1002/1011/1002
f 1003/1008/999 1004/1012/1003 1000/1009/1000
f 1001/1005/996 1002/1011/1002 997/1006/997
f 1003/1008/999 998/1010/1001 1004/1012/1003
f 997/1006/997 994/1013/1004 995/1014/1005 999/1007/998
f 1002/1011/1002 996/1015/1006 994/1013/1004 997/1006/997
f 996/1015/1006 1004/1012/1003 998/1010/1001 994/1013/1004
f 994/1013/1004 998/1010/1001 1000/1009/1000 995/1014/1005
f 999/1007/998 995/1014/1005 996/1015/1006 1002/1011/1002
f 995/1014/1005 1000/1009/1000 1004/1012/1003 996/1015/1006
f 1012/1016/1007 1008/1017/1008 1010/1018/1009
f 1014/1019/1010 1011/1020/1011 1009/1021/1012
f 1012/1016/1007 1010/1018/1009 1013/1022/1013
f 1014/1019/1010 1015/1023/1014 1011/1020/1011
f 1012/1016/1007 1013/1022/1013 1008/1017/1008
f 1014/1019/1010 1009/1021/1012 1015/1023/1014
f 1008/1017/1008 1005/1024/1015 1006/1025/1016 1010/1018/1009
f 1013/1022/1013 1007/1026/1017 1005/1024/1015 1008/1017/1008
f 1007/1026/1017 1015/1023/1014 1009/1021/1012 1005/1024/1015
f 1005/1024/1015 1009/1021/1012 1011/1020/1011 1006/1025/1016
f 1010/1018/1009 1006/1025/1016 1007/1026/1017 1013/1022/1013
f 1006/1025/1016 1011/1020/1011 1015/1023/1014 1007/1026/1017
f 1023/1027/1018 1019/1028/1019 1021/1029/1020
f 1025/1030/1021 1022/1031/1022 1020/1032/1023
f 1023/1027/1018 1021/1029/1020 1024/1033/1024
f 1025/1030/1021 1026/1034/1025 1022/1031/1022
f 1023/1027/1018 1024/1033/1024 1019/1028/1019
f 1025/1030/1021 1020/1032/1023 1026/1034/1025
f 1019/1028/1019 1016/1035/1026 1017/1036/1027 1021/1029/1020
f 1024/1033/1024 1018/1037/1028 1016/1035/1026 1019/1028/1019
f 1018/1037/1028 1026/1034/1025 1020/1032/1023 1016/1035/1026
f 1016/1035/1026 1020/1032/1023 1022/1031/1022 1017/1036/1027
f 1021/1029/1020 1017/1036/1027 1018/1037/1028 1024/1033/1024
f 1017/1036/1027 1022/1031/1022 1026/1034/1025 1018/1037/1028
f 1034/1038/1029 1030/1039/1030 1032/1040/1031
f 1036/1041/1032 1033/1042/1033 1031/1043/1034
f 1034/1038/1029 1032/1040/1031 1035/1044/1035
f 1036/1041/1032 1037/1045/1036 1033/1042/1033
f 1034/1038/1029 1035/1044/1035 1030/1039/1030
f 1036/1041/1032 1031/1043/1034 1037/1045/1036
f 1030/1039/1030 1027/1046/1037 1028/1047/1038 1032/1040/1031
f 1035/1044/1035 1029/1048/1039 1027/1046/1037 1030/1039/1030
f 1029/1048/1039 1037/1045/1036 1031/1043/1034 1027/1046/1037
f 1027/1046/1037 1031/1043/1034 1033/1042/1033 1028/1047/1038
f 1032/1040/1031 1028/1047/1038 1029/1048/1039 1035/1044/1035
f 1028/1047/1038 1033/1042/1033 1037/1045/1036 1029/1048/1039
f 1045/1049/1040 1041/1050/1041 1043/1051/1042
f 1047/1052/1043 1044/1053/1044 1042/1054/1045
f 1045/1049/1040 1043/1051/1042 1046/1055/1046
f 1047/1052/1043 1048/1056/1047 1044/1053/1044
f 1045/1049/1040 1046/1055/1046 1041/1050/1041
f 1047/1052/1043 1042/1054/1045 1048/1056/1047
f 1041/1050/1041 1038/1057/1048 1039/1058/1049 1043/1051/1042
f 1046/1055/1046 1040/1059/1050 1038/1057/1048 1041/1050/1041
f 1040/1059/1050 1048/1056/1047 1042/1054/1045 1038/1057/1048
f 1038/1057/1048 1042/1054/1045 1044/1053/1044 1039/1058/1049
f 1043/1051/1042 1039/1058/1049 1040/1059/1050 1046/1055/1046
f 1039/1058/1049 1044/1053/1044 1048/1056/1047 1040/1059/1050
f 1056/1060/1051 1052/1061/1052 1054/1062/1053
f 1058/1063/1054 1055/1064/1055 1053/1065/1056
f 1056/1060/1051 1054/1062/1053 1057/1066/1057
f 1058/1063/1054 1059/1067/1058 1055/1064/1055
f 1056/1060/1051 1057/1066/1057 1052/1061/1052
f 1058/1063/1054 1053/1065/1056 1059/1067/1058
f 1052/1061/1052 1049/1068/1059 1050/1069/1060 1054/1062/1053
f 1057/1066/1057 1051/1070/1061 1049/1068/1059 1052/1061/1052
f 1051/1070/1061 1059/1067/1058 1053/1065/1056 1049/1068/1059
f 1049/1068/1059 1053/1065/1056 1055/1064/1055 1050/1069/1060
f 1054/1062/1053 1050/1069/1060 1051/1070/1061 1057/1066/1057
f 1050/1069/1060 1055/1064/1055 1059/1067/1058 1051/1070/1061
f 1067/1071/1062 1063/1072/1063 1065/1073/1064
f 1069/1074/1065 1066/1075/1066 1064/1076/1067
f 1067/1071/1062 1065/1073/1064 1068/1077/1068
f 1069/1074/1065 1070/1078/1069 1066/1075/1066
f 1067/1071/1062 1068/1077/1068 1063/1072/1063
f 1069/1074/1065 1064/1076/1067 1070/1078/1069
f 1063/1072/1063 1060/1079/1070 1061/1080/1071 1065/1073/1064
f 1068/1077/1068 1062/1081/1072 1060/1079/1070 1063/1072/1063
f 1062/1081/1072 1070/1078/1069 1064/1076/1067 1060/1079/1070
f 1060/1079/1070 1064/1076/1067 1066/1075/1066 1061/1080/1071
f 1065/1073/1064 1061/1080/1071 1062/1081/1072 1068/1077/1068
f 1061/1080/1071 1066/1075/1066 1070/1078/1069 1062/1081/1072
f 1078/1082/1073 1074/1083/1074 1076/1084/1075
f 1080/1085/1076 1077/1086/1077 1075/1087/1078
f 1078/1082/1073 1076/1084/1075 1079/1088/1079
f 1080/1085/1076 1081/1089/1080 1077/1086/1077
f 1078/1082/1073 1079/1088/1079 1074/1083/1074
f 1080/1085/1076 1075/1087/1078 1081/1089/1080
f 1074/1083/1074 1071/1090/1081 1072/1091/1082 1076/1084/1075
f 1079/1088/1079 1073/1092/1083 1071/1090/1081 1074/1083/1074
f 1073/1092/1083 1081/1089/1080 1075/1087/1078 1071/1090/1081
f 1071/1090/1081 1075/1087/1078 1077/1086/1077 1072/1091/1082
f 1076/1084/1075 1072/1091/1082 1073/1092/1083 1079/1088/1079
f 1072/1091/1082 1077/1086/1077 1081/1089/1080 1073/1092/1083
f 1089/1093/1084 1085/1094/1085 1087/1095/1086
f 1091/1096/1087 1088/1097/1088 1086/1098/1089
f 1089/1093/1084 1087/1095/1086 1090/1099/1090
f 1091/1096/1087 1092/1100/1091 1088/1097/1088
f 1089/1093/1084 1090/1099/1090 1085/1094/1085
f 1091/1096/1087 1086/1098/1089 1092/1100/1091
f 1085/1094/1085 1082/1101/1092 1083/1102/1093 1087/1095/1086
f 1090/1099/1090 1084/1103/1094 1082/1101/1092 1085/1094/1085
f 1084/1103/1094 1092/1100/1091 1086/1098/1089 1082/1101/1092
f 1082/1101/1092 1086/1098/1089 1088/1097/1088 1083/1102/1093
f 1087/1095/1086 1083/1102/1093 1084/1103/1094 1090/1099/1090
f 1083/1102/1093 1088/1097/1088 1092/1100/1091 1084/1103/1094
f 1095/906/897 1096/905/896 1093/1104/1095 1094/1105/1096
f 894/916/907 895/915/906 1094/1105/1096 1093/1104/1095
f 897/904/895 894/916/907 1093/1104/1095 1096/905/896
f 895/915/906 896/903/894 1095/906/897 1094/1105/1096
f 1099/1106/1097 1098/1107/1098 1097/1108/1099 1100/1109/1100
f 1105/1110/1101 1104/1111/1102 1099/1106/1097 1100/1109/1100
f 1113/1112/1103 1112/1113/1104 1097/1108/1099 1098/1107/1098
f 1112/1113/1104 1105/1110/1101 1100/1109/1100 1097/1108/1099
f 1104/1111/1102 1113/1112/1103 1098/1107/1098 1099/1106/1097
f 1101/1114/1105 1116/1115/1106 1115/1116/1107 1102/1117/1108
f 1102/1117/1108 1115/1116/1107 1114/1118/1109 1103/1119/1110
f 1103/1119/1110 1114/1118/1109 1113/1112/1103 1104/1111/1102
f 1109/1120/1111 1108/1121/1112 1107/1122/1113 1110/1123/1114
f 1110/1123/1114 1107/1122/1113 1106/1124/1115 1111/1125/1116
f 1111/1125/1116 1106/1124/1115 1105/1110/1101 1112/1113/1104
f 1116/1115/1106 1109/1120/1111 1110/1123/1114 1115/1116/1107
f 1115/1116/1107 1110/1123/1114 1111/1125/1116 1114/1118/1109
f 1114/1118/1109 1111/1125/1116 1112/1113/1104 1113/1112/1103
f 1108/1121/1112 1101/1114/1105 1102/1117/1108 1107/1122/1113
f 1107/1122/1113 1102/1117/1108 1103/1119/1110 1106/1124/1115
f 1106/1124/1115 1103/1119/1110 1104/1111/1102 1105/1110/1101
f 1119/1126/1117 1120/1127/1118 1330/1128/1119 1329/1129/1120
f 1122/1130/1121 1123/1131/1122 1124/1132/1123 1121/1133/1124
f 1126/1134/1125 1124/1132/1123 1123/1131/1122 1125/1135/1126
f 1128/1136/1127 1126/1134/1125 1125/1135/1126 1127/1137/1128
f 1127/1137/1128 1122/1130/1121 1121/1133/1124 1128/1136/1127
f 1121/1133/1124 1124/1132/1123 1118/1138/1129 1117/1139/1130
f 1122/1130/1121 1127/1137/1128 1108/1121/1112 1109/1120/1111
f 1123/1131/1122 1122/1130/1121 1109/1120/1111 1116/1115/1106
f 1128/1136/1127 1121/1133/1124 1117/1139/1130 1120/1127/1118
f 1124/1132/1123 1126/1134/1125 1119/1126/1117 1118/1138/1129
f 1125/1140/1126 1123/1141/1122 1116/1142/1106 1101/1143/1105
f 1126/1134/1125 1128/1136/1127 1120/1127/1118 1119/1126/1117
f 1127/1137/1128 1125/1135/1126 1101/1114/1105 1108/1121/1112
f 1136/1144/1131 1132/1145/1132 1134/1146/1133
f 1138/1147/1134 1135/1148/1135 1133/1149/1136
f 1136/1144/1131 1134/1146/1133 1137/1150/1137
f 1138/1147/1134 1139/1151/1138 1135/1148/1135
f 1136/1144/1131 1137/1150/1137 1132/1145/1132
f 1138/1147/1134 1133/1149/1136 1139/1151/1138
f 1132/1145/1132 1129/1152/1139 1130/1153/1140 1134/1146/1133
f 1137/1150/1137 1131/1154/1141 1129/1152/1139 1132/1145/1132
f 1131/1154/1141 1139/1151/1138 1133/1149/1136 1129/1152/1139
f 1129/1152/1139 1133/1149/1136 1135/1148/1135 1130/1153/1140
f 1134/1146/1133 1130/1153/1140 1131/1154/1141 1137/1150/1137
f 1130/1153/1140 1135/1148/1135 1139/1151/1138 1131/1154/1141
f 1147/1155/1142 1143/1156/1143 1145/1157/1144
f 1149/1158/1145 1146/1159/1146 1144/1160/1147
f 1147/1155/1142 1145/1157/1144 1148/1161/1148
f 1149/1158/1145 1150/1162/1149 1146/1159/1146
f 1147/1155/1142 1148/1161/1148 1143/1156/1143
f 1149/1158/1145 1144/1160/1147 1150/1162/1149
f 1143/1156/1143 1140/1163/1150 1141/1164/1151 1145/1157/1144
f 1148/1161/1148 1142/1165/1152 1140/1163/1150 1143/1156/1143
f 1142/1165/1152 1150/1162/1149 1144/1160/1147 1140/1163/1150
f 1140/1163/1150 1144/1160/1147 1146/1159/1146 1141/1164/1151
f 1145/1157/1144 1141/1164/1151 1142/1165/1152 1148/1161/1148
f 1141/1164/1151 1146/1159/1146 1150/1162/1149 1142/1165/1152
f 1158/1166/1153 1154/1167/1154 1156/1168/1155
f 1160/1169/1156 1157/1170/1157 1155/1171/1158
f 1158/1166/1153 1156/1168/1155 1159/1172/1159
f 1160/1169/1156 1161/1173/1160 1157/1170/1157
f 1158/1166/1153 1159/1172/1159 1154/1167/1154
f 1160/1169/1156 1155/1171/1158 1161/1173/1160
f 1154/1167/1154 1151/1174/1161 1152/1175/1162 1156/1168/1155
f 1159/1172/1159 1153/1176/1163 1151/1174/1161 1154/1167/1154
f 1153/1176/1163 1161/1173/1160 1155/1171/1158 1151/1174/1161
f 1151/1174/1161 1155/1171/1158 1157/1170/1157 1152/1175/1162
f 1156/1168/1155 1152/1175/1162 1153/1176/1163 1159/1172/1159
f 1152/1175/1162 1157/1170/1157 1161/1173/1160 1153/1176/1163
f 1169/1177/1164 1165/1178/1165 1167/1179/1166
f 1171/1180/1167 1168/1181/1168 1166/1182/1169
f 1169/1177/1164 1167/1179/1166 1170/1183/1170
f 1171/1180/1167 1172/1184/1171 1168/1181/1168
f 1169/1177/1164 1170/1183/1170 1165/1178/1165
f 1171/1180/1167 1166/1182/1169 1172/1184/1171
f 1165/1178/1165 1162/1185/1172 1163/1186/1173 1167/1179/1166
f 1170/1183/1170 1164/1187/1174 1162/1185/1172 1165/1178/1165
f 1164/1187/1174 1172/1184/1171 1166/1182/1169 1162/1185/1172
f 1162/1185/1172 1166/1182/1169 1168/1181/1168 1163/1186/1173
f 1167/1179/1166 1163/1186/1173 1164/1187/1174 1170/1183/1170
f 1163/1186/1173 1168/1181/1168 1172/1184/1171 1164/1187/1174
f 1180/1188/1175 1176/1189/1176 1178/1190/1177
f 1182/1191/1178 1179/1192/1179 1177/1193/1180
f 1180/1188/1175 1178/1190/1177 1181/1194/1181
f 1182/1191/1178 1183/1195/1182 1179/1192/1179
f 1180/1188/1175 1181/1194/1181 1176/1189/1176
f 1182/1191/1178 1177/1193/1180 1183/1195/1182
f 1176/1189/1176 1173/1196/1183 1174/1197/1184 1178/1190/1177
f 1181/1194/1181 1175/1198/1185 1173/1196/1183 1176/1189/1176
f 1175/1198/1185 1183/1195/1182 1177/1193/1180 1173/1196/1183
f 1173/1196/1183 1177/1193/1180 1179/1192/1179 1174/1197/1184
f 1178/1190/1177 1174/1197/1184 1175/1198/1185 1181/1194/1181
f 1174/1197/1184 1179/1192/1179 1183/1195/1182 1175/1198/1185
f 1191/1199/1186 1187/1200/1187 1189/1201/1188
f 1193/1202/1189 1190/1203/1190 1188/1204/1191
f 1191/1199/1186 1189/1201/1188 1192/1205/1192
f 1193/1202/1189 1194/1206/1193 1190/1203/1190
f 1191/1199/1186 1192/1205/1192 1187/1200/1187
f 1193/1202/1189 1188/1204/1191 1194/1206/1193
f 1187/1200/1187 1184/1207/1194 1185/1208/1195 1189/1201/1188
f 1192/1205/1192 1186/1209/1196 1184/1207/1194 1187/1200/1187
f 1186/1209/1196 1194/1206/1193 1188/1204/1191 1184/1207/1194
f 1184/1207/1194 1188/1204/1191 1190/1203/1190 1185/1208/1195
f 1189/1201/1188 1185/1208/1195 1186/1209/1196 1192/1205/1192
f 1185/1208/1195 1190/1203/1190 1194/1206/1193 1186/1209/1196
f 1202/1210/1197 1198/1211/1198 1200/1212/1199
f 1204/1213/1200 1201/1214/1201 1199/1215/1202
f 1202/1216/1197 1200/1217/1199 1203/1218/1203
f 1204/1213/1200 1205/1219/1204 1201/1214/1201
f 1202/1216/1197 1203/1218/1203 1198/1220/1198
f 1204/1213/1200 1199/1215/1202 1205/1219/1204
f 1198/1220/1198 1195/1221/1205 1196/1222/1206 1200/1217/1199
f 1203/1218/1203 1197/1223/1207 1195/1221/1205 1198/1220/1198
f 1197/1223/1207 1205/1219/1204 1199/1215/1202 1195/1221/1205
f 1195/1221/1205 1199/1215/1202 1201/1214/1201 1196/1222/1206
f 1200/1217/1199 1196/1222/1206 1197/1223/1207 1203/1218/1203
f 1196/1222/1206 1201/1214/1201 1205/1219/1204 1197/1223/1207
f 1213/1224/1208 1209/1225/1209 1211/1226/1210
f 1215/1227/1211 1212/1228/1212 1210/1229/1213
f 1213/1224/1208 1211/1226/1210 1214/1230/1214
f 1215/1227/1211 1216/1231/1215 1212/1228/1212
f 1213/1224/1208 1214/1230/1214 1209/1225/1209
f 1215/1227/1211 1210/1229/1213 1216/1231/1215
f 1209/1225/1209 1206/1232/1216 1207/1233/1217 1211/1226/1210
f 1214/1230/1214 1208/1234/1218 1206/1232/1216 1209/1225/1209
f 1208/1234/1218 1216/1231/1215 1210/1229/1213 1206/1232/1216
f 1206/1232/1216 1210/1229/1213 1212/1228/1212 1207/1233/1217
f 1211/1226/1210 1207/1233/1217 1208/1234/1218 1214/1230/1214
f 1207/1233/1217 1212/1228/1212 1216/1231/1215 1208/1234/1218
f 1224/1235/1219 1220/1236/1220 1222/1237/1221
f 1226/1238/1222 1223/1239/1223 1221/1240/1224
f 1224/1235/1219 1222/1237/1221 1225/1241/1225
f 1226/1238/1222 1227/1242/1226 1223/1239/1223
f 1224/1235/1219 1225/1241/1225 1220/1236/1220
f 1226/1238/1222 1221/1240/1224 1227/1242/1226
f 1220/1236/1220 1217/1243/1227 1218/1244/1228 1222/1237/1221
f 1225/1241/1225 1219/1245/1229 1217/1243/1227 1220/1236/1220
f 1219/1245/1229 1227/1242/1226 1221/1240/1224 1217/1243/1227
f 1217/1243/1227 1221/1240/1224 1223/1239/1223 1218/1244/1228
f 1222/1237/1221 1218/1244/1228 1219/1245/1229 1225/1241/1225
f 1218/1244/1228 1223/1239/1223 1227/1242/1226 1219/1245/1229
f 1235/1246/1230 1231/1247/1231 1233/1248/1232
f 1237/1249/1233 1234/1250/1234 1232/1251/1235
f 1235/1246/1230 1233/1248/1232 1236/1252/1236
f 1237/1249/1233 1238/1253/1237 1234/1250/1234
f 1235/1246/1230 1236/1252/1236 1231/1247/1231
f 1237/1249/1233 1232/1251/1235 1238/1253/1237
f 1231/1247/1231 1228/1254/1238 1229/1255/1239 1233/1248/1232
f 1236/1252/1236 1230/1256/1240 1228/1254/1238 1231/1247/1231
f 1230/1256/1240 1238/1253/1237 1232/1251/1235 1228/1254/1238
f 1228/1254/1238 1232/1251/1235 1234/1250/1234 1229/1255/1239
f 1233/1248/1232 1229/1255/1239 1230/1256/1240 1236/1252/1236
f 1229/1255/1239 1234/1250/1234 1238/1253/1237 1230/1256/1240
f 1246/1257/1241 1242/1258/1242 1244/1259/1243
f 1248/1260/1244 1245/1261/1245 1243/1262/1246
f 1246/1257/1241 1244/1259/1243 1247/1263/1247
f 1248/1260/1244 1249/1264/1248 1245/1261/1245
f 1246/1257/1241 1247/1263/1247 1242/1258/1242
f 1248/1260/1244 1243/1262/1246 1249/1264/1248
f 1242/1258/1242 1239/1265/1249 1240/1266/1250 1244/1259/1243
f 1247/1263/1247 1241/1267/1251 1239/1265/1249 1242/1258/1242
f 1241/1267/1251 1249/1264/1248 1243/1262/1246 1239/1265/1249
f 1239/1265/1249 1243/1262/1246 1245/1261/1245 1240/1266/1250
f 1244/1259/1243 1240/1266/1250 1241/1267/1251 1247/1263/1247
f 1240/1266/1250 1245/1261/1245 1249/1264/1248 1241/1267/1251
f 1257/1268/1252 1253/1269/1253 1255/1270/1254
f 1259/1271/1255 1256/1272/1256 1254/1273/1257
f 1257/1268/1252 1255/1270/1254 1258/1274/1258
f 1259/1271/1255 1260/1275/1259 1256/1272/1256
f 1257/1268/1252 1258/1274/1258 1253/1269/1253
f 1259/1271/1255 1254/1273/1257 1260/1275/1259
f 1253/1269/1253 1250/1276/1260 1251/1277/1261 1255/1270/1254
f 1258/1274/1258 1252/1278/1262 1250/1276/1260 1253/1269/1253
f 1252/1278/1262 1260/1275/1259 1254/1273/1257 1250/1276/1260
f 1250/1276/1260 1254/1273/1257 1256/1272/1256 1251/1277/1261
f 1255/1270/1254 1251/1277/1261 1252/1278/1262 1258/1274/1258
f 1251/1277/1261 1256/1272/1256 1260/1275/1259 1252/1278/1262
f 1268/1279/1263 1264/1280/1264 1266/1281/1265
f 1270/1282/1266 1267/1283/1267 1265/1284/1268
f 1268/1279/1263 1266/1281/1265 1269/1285/1269
f 1270/1282/1266 1271/1286/1270 1267/1283/1267
f 1268/1279/1263 1269/1285/1269 1264/1280/1264
f 1270/1282/1266 1265/1284/1268 1271/1286/1270
f 1264/1280/1264 1261/1287/1271 1262/1288/1272 1266/1281/1265
f 1269/1285/1269 1263/1289/1273 1261/1287/1271 1264/1280/1264
f 1263/1289/1273 1271/1286/1270 1265/1284/1268 1261/1287/1271
f 1261/1287/1271 1265/1284/1268 1267/1283/1267 1262/1288/1272
f 1266/1281/1265 1262/1288/1272 1263/1289/1273 1269/1285/1269
f 1262/1288/1272 1267/1283/1267 1271/1286/1270 1263/1289/1273
f 1279/1290/1274 1275/1291/1275 1277/1292/1276
f 1281/1293/1277 1278/1294/1278 1276/1295/1279
f 1279/1290/1274 1277/1292/1276 1280/1296/1280
f 1281/1293/1277 1282/1297/1281 1278/1294/1278
f 1279/1290/1274 1280/1296/1280 1275/1291/1275
f 1281/1293/1277 1276/1295/1279 1282/1297/1281
f 1275/1291/1275 1272/1298/1282 1273/1299/1283 1277/1292/1276
f 1280/1296/1280 1274/1300/1284 1272/1298/1282 1275/1291/1275
f 1274/1300/1284 1282/1297/1281 1276/1295/1279 1272/1298/1282
f 1272/1298/1282 1276/1295/1279 1278/1294/1278 1273/1299/1283
f 1277/1292/1276 1273/1299/1283 1274/1300/1284 1280/1296/1280
f 1273/1299/1283 1278/1294/1278 1282/1297/1281 1274/1300/1284
f 1290/1301/1285 1286/1302/1286 1288/1303/1287
f 1292/1304/1288 1289/1305/1289 1287/1306/1290
f 1290/1301/1285 1288/1303/1287 1291/1307/1291
f 1292/1304/1288 1293/1308/1292 1289/1305/1289
f 1290/1301/1285 1291/1307/1291 1286/1302/1286
f 1292/1304/1288 1287/1306/1290 1293/1308/1292
f 1286/1302/1286 1283/1309/1293 1284/1310/1294 1288/1303/1287
f 1291/1307/1291 1285/1311/1295 1283/1309/1293 1286/1302/1286
f 1285/1311/1295 1293/1308/1292 1287/1306/1290 1283/1309/1293
f 1283/1309/1293 1287/1306/1290 1289/1305/1289 1284/1310/1294
f 1288/1303/1287 1284/1310/1294 1285/1311/1295 1291/1307/1291
f 1284/1310/1294 1289/1305/1289 1293/1308/1292 1285/1311/1295
f 1301/1312/1296 1297/1313/1297 1299/1314/1298
f 1303/1315/1299 1300/1316/1300 1298/1317/1301
f 1301/1312/1296 1299/1314/1298 1302/1318/1302
f 1303/1315/1299 1304/1319/1303 1300/1316/1300
f 1301/1312/1296 1302/1318/1302 1297/1313/1297
f 1303/1315/1299 1298/1317/1301 1304/1319/1303
f 1297/1313/1297 1294/1320/1304 1295/1321/1305 1299/1314/1298
f 1302/1318/1302 1296/1322/1306 1294/1320/1304 1297/1313/1297
f 1296/1322/1306 1304/1319/1303 1298/1317/1301 1294/1320/1304
f 1294/1320/1304 1298/1317/1301 1300/1316/1300 1295/1321/1305
f 1299/1314/1298 1295/1321/1305 1296/1322/1306 1302/1318/1302
f 1295/1321/1305 1300/1316/1300 1304/1319/1303 1296/1322/1306
f 1312/1323/1307 1308/1324/1308 1310/1325/1309
f 1314/1326/1310 1311/1327/1311 1309/1328/1312
f 1312/1323/1307 1310/1325/1309 1313/1329/1313
f 1314/1326/1310 1315/1330/1314 1311/1327/1311
f 1312/1323/1307 1313/1329/1313 1308/1324/1308
f 1314/1326/1310 1309/1328/1312 1315/1330/1314
f 1308/1324/1308 1305/1331/1315 1306/1332/1316 1310/1325/1309
f 1313/1329/1313 1307/1333/1317 1305/1331/1315 1308/1324/1308
f 1307/1333/1317 1315/1330/1314 1309/1328/1312 1305/1331/1315
f 1305/1331/1315 1309/1328/1312 1311/1327/1311 1306/1332/1316
f 1310/1325/1309 1306/1332/1316 1307/1333/1317 1313/1329/1313
f 1306/1332/1316 1311/1327/1311 1315/1330/1314 1307/1333/1317
f 1323/1334/1318 1319/1335/1319 1321/1336/1320
f 1325/1337/1321 1322/1338/1322 1320/1339/1323
f 1323/1334/1318 1321/1336/1320 1324/1340/1324
f 1325/1337/1321 1326/1341/1325 1322/1338/1322
f 1323/1334/1318 1324/1340/1324 1319/1335/1319
f 1325/1337/1321 1320/1339/1323 1326/1341/1325
f 1319/1335/1319 1316/1342/1326 1317/1343/1327 1321/1336/1320
f 1324/1340/1324 1318/1344/1328 1316/1342/1326 1319/1335/1319
f 1318/1344/1328 1326/1341/1325 1320/1339/1323 1316/1342/1326
f 1316/1342/1326 1320/1339/1323 1322/1338/1322 1317/1343/1327
f 1321/1336/1320 1317/1343/1327 1318/1344/1328 1324/1340/1324
f 1317/1343/1327 1322/1338/1322 1326/1341/1325 1318/1344/1328
f 1329/1129/1120 1330/1128/1119 1327/1345/1329 1328/1346/1330
f 1117/1139/1130 1118/1138/1129 1328/1346/1330 1327/1345/1329
f 1120/1127/1118 1117/1139/1130 1327/1345/1329 1330/1128/1119
f 1118/1138/1129 1119/1126/1117 1329/1129/1120 1328/1346/1330
f 1333/1347/1331 1332/1348/1332 1331/1349/1333 1334/1350/1334
f 1339/1351/1335 1338/1352/1336 1333/1347/1331 1334/1350/1334
f 1347/1353/1337 1346/1354/1338 1331/1349/1333 1332/1348/1332
f 1346/1354/1338 1339/1351/1335 1334/1350/1334 1331/1349/1333
f 1338/1352/1336 1347/1353/1337 1332/1348/1332 1333/1347/1331
f 1335/1355/1339 1350/1356/1340 1349/1357/1341 1336/1358/1342
f 1336/1358/1342 1349/1357/1341 1348/1359/1343 1337/1360/1344
f 1337/1360/1344 1348/1359/1343 1347/1353/1337 1338/1352/1336
f 1343/1361/1345 1342/1362/1346 1341/1363/1347 1344/1364/1348
f 1344/1364/1348 1341/1363/1347 1340/1365/1349 1345/1366/1350
f 1345/1366/1350 1340/1365/1349 1339/1351/1335 1346/1354/1338
f 1350/1356/1340 1343/1361/1345 1344/1364/1348 1349/1357/1341
f 1349/1357/1341 1344/1364/1348 1345/1366/1350 1348/1359/1343
f 1348/1359/1343 1345/1366/1350 1346/1354/1338 1347/1353/1337
f 1342/1362/1346 1335/1355/1339 1336/1358/1342 1341/1363/1347
f 1341/1363/1347 1336/1358/1342 1337/1360/1344 1340/1365/1349
f 1340/1365/1349 1337/1360/1344 1338/1352/1336 1339/1351/1335
f 1353/1367/1351 1354/1368/1352 1487/1369/1353 1486/1370/1354
f 1356/1371/1355 1357/1372/1356 1358/1373/1357 1355/1374/1358
f 1360/1375/1359 1358/1373/1357 1357/1372/1356 1359/1376/1360
f 1362/1377/1361 1360/1375/1359 1359/1376/1360 1361/1378/1362
f 1361/1378/1362 1356/1371/1355 1355/1374/1358 1362/1377/1361
f 1355/1374/1358 1358/1373/1357 1352/1379/1363 1351/1380/1364
f 1356/1371/1355 1361/1378/1362 1342/1362/1346 1343/1361/1345
f 1357/1372/1356 1356/1371/1355 1343/1361/1345 1350/1356/1340
f 1362/1377/1361 1355/1374/1358 1351/1380/1364 1354/1368/1352
f 1358/1373/1357 1360/1375/1359 1353/1367/1351 1352/1379/1363
f 1359/1376/1360 1357/1372/1356 1350/1356/1340 1335/1355/1339
f 1360/1375/1359 1362/1377/1361 1354/1368/1352 1353/1367/1351
f 1361/1378/1362 1359/1376/1360 1335/1355/1339 1342/1362/1346
f 1370/1381/1365 1366/1382/1366 1368/1383/1367
f 1372/1384/1368 1369/1385/1369 1367/1386/1370
f 1370/1381/1365 1368/1383/1367 1371/1387/1371
f 1372/1384/1368 1373/1388/1372 1369/1385/1369
f 1370/1381/1365 1371/1387/1371 1366/1382/1366
f 1372/1384/1368 1367/1386/1370 1373/1388/1372
f 1366/1382/1366 1363/1389/1373 1364/1390/1374 1368/1383/1367
f 1371/1387/1371 1365/1391/1375 1363/1389/1373 1366/1382/1366
f 1365/1391/1375 1373/1388/1372 1367/1386/1370 1363/1389/1373
f 1363/1389/1373 1367/1386/1370 1369/1385/1369 1364/1390/1374
f 1368/1383/1367 1364/1390/1374 1365/1391/1375 1371/1387/1371
f 1364/1390/1374 1369/1385/1369 1373/1388/1372 1365/1391/1375
f 1381/1392/1376 1377/1393/1377 1379/1394/1378
f 1383/1395/1379 1380/1396/1380 1378/1397/1381
f 1381/1392/1376 1379/1394/1378 1382/1398/1382
f 1383/1395/1379 1384/1399/1383 1380/1396/1380
f 1381/1392/1376 1382/1398/1382 1377/1393/1377
f 1383/1395/1379 1378/1397/1381 1384/1399/1383
f 1377/1393/1377 1374/1400/1384 1375/1401/1385 1379/1394/1378
f 1382/1398/1382 1376/1402/1386 1374/1400/1384 1377/1393/1377
f 1376/1402/1386 1384/1399/1383 1378/1397/1381 1374/1400/1384
f 1374/1400/1384 1378/1397/1381 1380/1396/1380 1375/1401/1385
f 1379/1394/1378 1375/1401/1385 1376/1402/1386 1382/1398/1382
f 1375/1401/1385 1380/1396/1380 1384/1399/1383 1376/1402/1386
f 1392/1403/1387 1388/1404/1388 1390/1405/1389
f 1394/1406/1390 1391/1407/1391 1389/1408/1392
f 1392/1403/1387 1390/1405/1389 1393/1409/1393
f 1394/1406/1390 1395/1410/1394 1391/1407/1391
f 1392/1403/1387 1393/1409/1393 1388/1404/1388
f 1394/1406/1390 1389/1408/1392 1395/1410/1394
f 1388/1404/1388 1385/1411/1395 1386/1412/1396 1390/1405/1389
f 1393/1409/1393 1387/1413/1397 1385/1411/1395 1388/1404/1388
f 1387/1413/1397 1395/1410/1394 1389/1408/1392 1385/1411/1395
f 1385/1411/1395 1389/1408/1392 1391/1407/1391 1386/1412/1396
f 1390/1405/1389 1386/1412/1396 1387/1413/1397 1393/1409/1393
f 1386/1412/1396 1391/1407/1391 1395/1410/1394 1387/1413/1397
f 1403/1414/1398 1399/1415/1399 1401/1416/1400
f 1405/1417/1401 1402/1418/1402 1400/1419/1403
f 1403/1414/1398 1401/1416/1400 1404/1420/1404
f 1405/1417/1401 1406/1421/1405 1402/1418/1402
f 1403/1414/1398 1404/1420/1404 1399/1415/1399
f 1405/1417/1401 1400/1419/1403 1406/1421/1405
f 1399/1415/1399 1396/1422/1406 1397/1423/1407 1401/1416/1400
f 1404/1420/1404 1398/1424/1408 1396/1422/1406 1399/1415/1399
f 1398/1424/1408 1406/1421/1405 1400/1419/1403 1396/1422/1406
f 1396/1422/1406 1400/1419/1403 1402/1418/1402 1397/1423/1407
f 1401/1416/1400 1397/1423/1407 1398/1424/1408 1404/1420/1404
f 1397/1423/1407 1402/1418/1402 1406/1421/1405 1398/1424/1408
f 1414/1425/1409 1410/1426/1410 1412/1427/1411
f 1416/1428/1412 1413/1429/1413 1411/1430/1414
f 1414/1425/1409 1412/1427/1411 1415/1431/1415
f 1416/1428/1412 1417/1432/1416 1413/1429/1413
f 1414/1425/1409 1415/1431/1415 1410/1426/1410
f 1416/1428/1412 1411/1430/1414 1417/1432/1416
f 1410/1426/1410 1407/1433/1417 1408/1434/1418 1412/1427/1411
f 1415/1431/1415 1409/1435/1419 1407/1433/1417 1410/1426/1410
f 1409/1435/1419 1417/1432/1416 1411/1430/1414 1407/1433/1417
f 1407/1433/1417 1411/1430/1414 1413/1429/1413 1408/1434/1418
f 1412/1427/1411 1408/1434/1418 1409/1435/1419 1415/1431/1415
f 1408/1434/1418 1413/1429/1413 1417/1432/1416 1409/1435/1419
f 1425/1436/1420 1421/1437/1421 1423/1438/1422
f 1427/1439/1423 1424/1440/1424 1422/1441/1425
f 1425/1436/1420 1423/1438/1422 1426/1442/1426
f 1427/1439/1423 1428/1443/1427 1424/1440/1424
f 1425/1436/1420 1426/1442/1426 1421/1437/1421
f 1427/1439/1423 1422/1441/1425 1428/1443/1427
f 1421/1437/1421 1418/1444/1428 1419/1445/1429 1423/1438/1422
f 1426/1442/1426 1420/1446/1430 1418/1444/1428 1421/1437/1421
f 1420/1446/1430 1428/1443/1427 1422/1441/1425 1418/1444/1428
f 1418/1444/1428 1422/1441/1425 1424/1440/1424 1419/1445/1429
f 1423/1438/1422 1419/1445/1429 1420/1446/1430 1426/1442/1426
f 1419/1445/1429 1424/1440/1424 1428/1443/1427 1420/1446/1430
f 1436/1447/1431 1432/1448/1432 1434/1449/1433
f 1438/1450/1434 1435/1451/1435 1433/1452/1436
f 1436/1447/1431 1434/1449/1433 1437/1453/1437
f 1438/1450/1434 1439/1454/1438 1435/1451/1435
f 1436/1447/1431 1437/1453/1437 1432/1448/1432
f 1438/1450/1434 1433/1452/1436 1439/1454/1438
f 1432/1448/1432 1429/1455/1439 1430/1456/1440 1434/1449/1433
f 1437/1453/1437 1431/1457/1441 1429/1455/1439 1432/1448/1432
f 1431/1457/1441 1439/1454/1438 1433/1452/1436 1429/1455/1439
f 1429/1455/1439 1433/1452/1436 1435/1451/1435 1430/1456/1440
f 1434/1449/1433 1430/1456/1440 1431/1457/1441 1437/1453/1437
f 1430/1456/1440 1435/1451/1435 1439/1454/1438 1431/1457/1441
f 1447/1458/1442 1443/1459/1443 1445/1460/1444
f 1449/1461/1445 1446/1462/1446 1444/1463/1447
f 1447/1458/1442 1445/1460/1444 1448/1464/1448
f 1449/1461/1445 1450/1465/1449 1446/1462/1446
f 1447/1458/1442 1448/1464/1448 1443/1459/1443
f 1449/1461/1445 1444/1463/1447 1450/1465/1449
f 1443/1459/1443 1440/1466/1450 1441/1467/1451 1445/1460/1444
f 1448/1464/1448 1442/1468/1452 1440/1466/1450 1443/1459/1443
f 1442/1468/1452 1450/1465/1449 1444/1463/1447 1440/1466/1450
f 1440/1466/1450 1444/1463/1447 1446/1462/1446 1441/1467/1451
f 1445/1460/1444 1441/1467/1451 1442/1468/1452 1448/1464/1448
f 1441/1467/1451 1446/1462/1446 1450/1465/1449 1442/1468/1452
f 1458/1469/1453 1454/1470/1454 1456/1471/1455
f 1460/1472/1456 1457/1473/1457 1455/1474/1458
f 1458/1469/1453 1456/1471/1455 1459/1475/1459
f 1460/1472/1456 1461/1476/1460 1457/1473/1457
f 1458/1469/1453 1459/1475/1459 1454/1470/1454
f 1460/1472/1456 1455/1474/1458 1461/1476/1460
f 1454/1470/1454 1451/1477/1461 1452/1478/1462 1456/1471/1455
f 1459/1475/1459 1453/1479/1463 1451/1477/1461 1454/1470/1454
f 1453/1479/1463 1461/1476/1460 1455/1474/1458 1451/1477/1461
f 1451/1477/1461 1455/1474/1458 1457/1473/1457 1452/1478/1462
f 1456/1471/1455 1452/1478/1462 1453/1479/1463 1459/1475/1459
f 1452/1478/1462 1457/1473/1457 1461/1476/1460 1453/1479/1463
f 1469/1480/1464 1465/1481/1465 1467/1482/1466
f 1471/1483/1467 1468/1484/1468 1466/1485/1469
f 1469/1480/1464 1467/1482/1466 1470/1486/1470
f 1471/1483/1467 1472/1487/1471 1468/1484/1468
f 1469/1480/1464 1470/1486/1470 1465/1481/1465
f 1471/1483/1467 1466/1485/1469 1472/1487/1471
f 1465/1481/1465 1462/1488/1472 1463/1489/1473 1467/1482/1466
f 1470/1486/1470 1464/1490/1474 1462/1488/1472 1465/1481/1465
f 1464/1490/1474 1472/1487/1471 1466/1485/1469 1462/1488/1472
f 1462/1488/1472 1466/1485/1469 1468/1484/1468 1463/1489/1473
f 1467/1482/1466 1463/1489/1473 1464/1490/1474 1470/1486/1470
f 1463/1489/1473 1468/1484/1468 1472/1487/1471 1464/1490/1474
f 1480/1491/1475 1476/1492/1476 1478/1493/1477
f 1482/1494/1478 1479/1495/1479 1477/1496/1480
f 1480/1491/1475 1478/1493/1477 1481/1497/1481
f 1482/1494/1478 1483/1498/1482 1479/1495/1479
f 1480/1491/1475 1481/1497/1481 1476/1492/1476
f 1482/1494/1478 1477/1496/1480 1483/1498/1482
f 1476/1492/1476 1473/1499/1483 1474/1500/1484 1478/1493/1477
f 1481/1497/1481 1475/1501/1485 1473/1499/1483 1476/1492/1476
f 1475/1501/1485 1483/1498/1482 1477/1496/1480 1473/1499/1483
f 1473/1499/1483 1477/1496/1480 1479/1495/1479 1474/1500/1484
f 1478/1493/1477 1474/1500/1484 1475/1501/1485 1481/1497/1481
f 1474/1500/1484 1479/1495/1479 1483/1498/1482 1475/1501/1485
f 1486/1370/1354 1487/1369/1353 1484/1502/1486 1485/1503/1487
f 1351/1380/1364 1352/1379/1363 1485/1503/1487 1484/1502/1486
f 1354/1368/1352 1351/1380/1364 1484/1502/1486 1487/1369/1353
f 1352/1379/1363 1353/1367/1351 1486/1370/1354 1485/1503/1487
f 1510/1504/1488 1509/1505/1489 1518/1506/1490 1517/1507/1491
f 1488/1508/1492 1489/1509/1493 1513/1510/1494 1512/1511/1495
f 1504/1512/1496 1488/1508/1492 1512/1511/1495 1511/1513/1497
f 1523/1514/1498 1504/1512/1496 1511/1513/1497 1526/1515/1499
f 1509/1505/1489 1508/1516/1500 1519/1517/1501 1518/1506/1490
f 1524/1518/1502 1510/1504/1488 1517/1507/1491 1527/1519/1503
f 1523/1514/1498 1499/1520/1504 1498/1521/1505 1521/1522/1506
f 1524/1518/1502 1503/1523/1507 1502/1524/1508 1526/1515/1499
f 1525/1525/1509 1501/1526/1510 1500/1527/1511 1527/1519/1503
f 1498/1521/1505 1499/1520/1504 1502/1524/1508 1503/1523/1507 1500/1527/1511 1501/1526/1510 1496/1528/1512 1497/1529/1513
f 1525/1525/1509 1516/1530/1514 1495/1531/1515 1520/1532/1516
f 1516/1530/1514 1515/1533/1517 1494/1534/1518 1495/1531/1515
f 1515/1533/1517 1514/1535/1519 1493/1536/1520 1494/1534/1518
f 1522/1537/1521 1490/1538/1522 1505/1539/1523 1521/1522/1506
f 1490/1538/1522 1491/1540/1524 1506/1541/1525 1505/1539/1523
f 1491/1540/1524 1492/1542/1526 1507/1543/1527 1506/1541/1525
f 1514/1535/1519 1515/1533/1517 1518/1506/1490 1519/1517/1501
f 1515/1533/1517 1516/1530/1514 1517/1507/1491 1518/1506/1490
f 1508/1516/1500 1509/1505/1489 1512/1511/1495 1513/1510/1494
f 1509/1505/1489 1510/1504/1488 1511/1513/1497 1512/1511/1495
f 1489/1509/1493 1488/1508/1492 1506/1541/1525 1507/1543/1527
f 1488/1508/1492 1504/1512/1496 1505/1539/1523 1506/1541/1525
f 1520/1532/1516 1495/1531/1515 1490/1538/1522 1522/1537/1521
f 1495/1531/1515 1494/1534/1518 1491/1540/1524 1490/1538/1522
f 1494/1534/1518 1493/1536/1520 1492/1542/1526 1491/1540/1524
f 1496/1528/1512 1520/1532/1516 1522/1537/1521 1497/1529/1513
f 1497/1529/1513 1522/1537/1521 1521/1522/1506 1498/1521/1505
f 1501/1526/1510 1525/1525/1509 1520/1532/1516 1496/1528/1512
f 1516/1530/1514 1525/1525/1509 1527/1519/1503 1517/1507/1491
f 1510/1504/1488 1524/1518/1502 1526/1515/1499 1511/1513/1497
f 1504/1512/1496 1523/1514/1498 1521/1522/1506 1505/1539/1523
f 1503/1523/1507 1524/1518/1502 1527/1519/1503 1500/1527/1511
f 1499/1520/1504 1523/1514/1498 1526/1515/1499 1502/1524/1508
f 1531/1544/1528 1528/1545/1529 1529/1546/1530 1530/1547/1531
f 1535/1548/1532 1532/1549/1533 1533/1550/1534 1534/1551/1535
f 1543/1552/1536 1540/1553/1537 1541/1554/1538 1542/1555/1539
f 1539/1556/1540 1536/1557/1541 1537/1558/1542 1538/1559/1543
f 1528/1545/1529 1535/1548/1532 1534/1551/1535 1529/1546/1530
f 1536/1557/1541 1531/1544/1528 1530/1547/1531 1537/1558/1542
f 1538/1559/1543 1541/1554/1538 1540/1553/1537 1539/1556/1540
f 1542/1555/1539 1533/1550/1534 1532/1549/1533 1543/1552/1536
f 1492/1542/1526 1529/1546/1530 1534/1551/1535 1507/1543/1527
f 1493/1536/1520 1530/1547/1531 1529/1546/1530 1492/1542/1526
f 1514/1535/1519 1537/1558/1542 1530/1547/1531 1493/1536/1520
f 1533/1550/1534 1489/1509/1493 1507/1543/1527 1534/1551/1535
f 1489/1509/1493 1533/1550/1534 1542/1555/1539 1513/1510/1494
f 1537/1558/1542 1514/1535/1519 1519/1517/1501 1538/1559/1543
f 1508/1516/1500 1541/1554/1538 1538/1559/1543 1519/1517/1501
f 1541/1554/1538 1508/1516/1500 1513/1510/1494 1542/1555/1539
f 1531/1544/1528 1536/1557/1541 1539/1556/1540 1540/1553/1537 1543/1552/1536 1532/1549/1533 1535/1548/1532 1528/1545/1529
f 1547/1560/1544 1551/1561/1545 1552/1562/1546 1548/1563/1547
f 1549/1564/1548 1552/1562/1546 1551/1561/1545 1550/1565/1549
f 1556/1566/1550 1544/1567/1551 1557/1568/1552
f 1558/1569/1553 1550/1565/1549 1551/1561/1545 1557/1568/1552
f 1553/1570/1554 1554/1571/1555 1555/1572/1556
f 1549/1564/1548 1546/1573/1557 1555/1572/1556 1554/1571/1555 1552/1562/1546
f 1545/1574/1558 1548/1563/1547 1552/1562/1546 1554/1571/1555 1553/1570/1554
f 1544/1567/1551 1558/1569/1553 1557/1568/1552
f 1547/1560/1544 1556/1566/1550 1557/1568/1552 1551/1561/1545
f 1562/1575/1559 1566/1576/1560 1567/1577/1561 1563/1578/1562
f 1564/1579/1563 1567/1577/1561 1566/1576/1560 1565/1580/1564
f 1571/1581/1565 1559/1582/1566 1572/1583/1567
f 1573/1584/1568 1565/1585/1564 1566/1586/1560 1572/1583/1567
f 1568/1587/1569 1569/1588/1570 1570/1589/1571
f 1564/1579/1563 1561/1590/1572 1570/1589/1571 1569/1588/1570 1567/1577/1561
f 1560/1591/1573 1563/1578/1562 1567/1577/1561 1569/1588/1570 1568/1587/1569
f 1559/1582/1566 1573/1584/1568 1572/1583/1567
f 1562/1592/1559 1571/1581/1565 1572/1583/1567 1566/1586/1560
f 1576/1593/1574 1575/1594/1575 1574/1595/1576 1577/1596/1577
f 1582/1597/1578 1581/1598/1579 1576/1593/1574 1577/1596/1577
f 1590/1599/1580 1589/1600/1581 1574/1595/1576 1575/1594/1575
f 1589/1600/1581 1582/1597/1578 1577/1596/1577 1574/1595/1576
f 1581/1598/1579 1590/1599/1580 1575/1594/1575 1576/1593/1574
f 1578/1601/1582 1593/1602/1583 1592/1603/1584 1579/1604/1585
f 1579/1604/1585 1592/1603/1584 1591/1605/1586 1580/1606/1587
f 1580/1606/1587 1591/1605/1586 1590/1599/1580 1581/1598/1579
f 1586/1607/1588 1585/1608/1589 1584/1609/1590 1587/1610/1591
f 1587/1610/1591 1584/1609/1590 1583/1611/1592 1588/1612/1593
f 1588/1612/1593 1583/1611/1592 1582/1597/1578 1589/1600/1581
f 1593/1602/1583 1586/1607/1588 1587/1610/1591 1592/1603/1584
f 1592/1603/1584 1587/1610/1591 1588/1612/1593 1591/1605/1586
f 1591/1605/1586 1588/1612/1593 1589/1600/1581 1590/1599/1580
f 1585/1608/1589 1578/1601/1582 1579/1604/1585 1584/1609/1590
f 1584/1609/1590 1579/1604/1585 1580/1606/1587 1583/1611/1592
f 1583/1611/1592 1580/1606/1587 1581/1598/1579 1582/1597/1578
f 1596/1613/1594 1597/1614/1595 1785/1615/1596 1784/1616/1597
f 1599/1617/1598 1600/1618/1599 1601/1619/1600 1598/1620/1601
f 1603/1621/1602 1601/1619/1600 1600/1618/1599 1602/1622/1603
f 1605/1623/1604 1603/1621/1602 1602/1622/1603 1604/1624/1605
f 1604/1624/1605 1599/1617/1598 1598/1620/1601 1605/1623/1604
f 1598/1620/1601 1601/1619/1600 1595/1625/1606 1594/1626/1607
f 1599/1617/1598 1604/1624/1605 1585/1608/1589 1586/1607/1588
f 1600/1618/1599 1599/1617/1598 1586/1607/1588 1593/1602/1583
f 1605/1623/1604 1598/1620/1601 1594/1626/1607 1597/1614/1595
f 1601/1619/1600 1603/1621/1602 1596/1613/1594 1595/1625/1606
f 1602/1622/1603 1600/1618/1599 1593/1602/1583 1578/1601/1582
f 1603/1621/1602 1605/1623/1604 1597/1614/1595 1596/1613/1594
f 1604/1624/1605 1602/1622/1603 1578/1601/1582 1585/1608/1589
f 1613/1627/1608 1609/1628/1609 1611/1629/1610
f 1615/1630/1611 1612/1631/1612 1610/1632/1613
f 1613/1627/1608 1611/1629/1610 1614/1633/1614
f 1615/1630/1611 1616/1634/1615 1612/1631/1612
f 1613/1627/1608 1614/1633/1614 1609/1628/1609
f 1615/1630/1611 1610/1632/1613 1616/1634/1615
f 1609/1628/1609 1606/1635/1616 1607/1636/1617 1611/1629/1610
f 1614/1633/1614 1608/1637/1618 1606/1635/1616 1609/1628/1609
f 1608/1637/1618 1616/1634/1615 1610/1632/1613 1606/1635/1616
f 1606/1635/1616 1610/1632/1613 1612/1631/1612 1607/1636/1617
f 1611/1629/1610 1607/1636/1617 1608/1637/1618 1614/1633/1614
f 1607/1636/1617 1612/1631/1612 1616/1634/1615 1608/1637/1618
f 1624/1638/1619 1620/1639/1620 1622/1640/1621
f 1626/1641/1622 1623/1642/1623 1621/1643/1624
f 1624/1638/1619 1622/1640/1621 1625/1644/1625
f 1626/1641/1622 1627/1645/1626 1623/1642/1623
f 1624/1638/1619 1625/1644/1625 1620/1639/1620
f 1626/1641/1622 1621/1643/1624 1627/1645/1626
f 1620/1639/1620 1617/1646/1627 1618/1647/1628 1622/1640/1621
f 1625/1644/1625 1619/1648/1629 1617/1646/1627 1620/1639/1620
f 1619/1648/1629 1627/1645/1626 1621/1643/1624 1617/1646/1627
f 1617/1646/1627 1621/1643/1624 1623/1642/1623 1618/1647/1628
f 1622/1640/1621 1618/1647/1628 1619/1648/1629 1625/1644/1625
f 1618/1647/1628 1623/1642/1623 1627/1645/1626 1619/1648/1629
f 1635/1649/1630 1631/1650/1631 1633/1651/1632
f 1637/1652/1633 1634/1653/1634 1632/1654/1635
f 1635/1649/1630 1633/1651/1632 1636/1655/1636
f 1637/1652/1633 1638/1656/1637 1634/1653/1634
f 1635/1649/1630 1636/1655/1636 1631/1650/1631
f 1637/1652/1633 1632/1654/1635 1638/1656/1637
f 1631/1650/1631 1628/1657/1638 1629/1658/1639 1633/1651/1632
f 1636/1655/1636 1630/1659/1640 1628/1657/1638 1631/1650/1631
f 1630/1659/1640 1638/1656/1637 1632/1654/1635 1628/1657/1638
f 1628/1657/1638 1632/1654/1635 1634/1653/1634 1629/1658/1639
f 1633/1651/1632 1629/1658/1639 1630/1659/1640 1636/1655/1636
f 1629/1658/1639 1634/1653/1634 1638/1656/1637 1630/1659/1640
f 1646/1660/1641 1642/1661/1642 1644/1662/1643
f 1648/1663/1644 1645/1664/1645 1643/1665/1646
f 1646/1660/1641 1644/1662/1643 1647/1666/1647
f 1648/1663/1644 1649/1667/1648 1645/1664/1645
f 1646/1660/1641 1647/1666/1647 1642/1661/1642
f 1648/1663/1644 1643/1665/1646 1649/1667/1648
f 1642/1661/1642 1639/1668/1649 1640/1669/1650 1644/1662/1643
f 1647/1666/1647 1641/1670/1651 1639/1668/1649 1642/1661/1642
f 1641/1670/1651 1649/1667/1648 1643/1665/1646 1639/1668/1649
f 1639/1668/1649 1643/1665/1646 1645/1664/1645 1640/1669/1650
f 1644/1662/1643 1640/1669/1650 1641/1670/1651 1647/1666/1647
f 1640/1669/1650 1645/1664/1645 1649/1667/1648 1641/1670/1651
f 1657/1671/1652 1653/1672/1653 1655/1673/1654
f 1659/1674/1655 1656/1675/1656 1654/1676/1657
f 1657/1671/1652 1655/1673/1654 1658/1677/1658
f 1659/1674/1655 1660/1678/1659 1656/1675/1656
f 1657/1671/1652 1658/1677/1658 1653/1672/1653
f 1659/1674/1655 1654/1676/1657 1660/1678/1659
f 1653/1672/1653 1650/1679/1660 1651/1680/1661 1655/1673/1654
f 1658/1677/1658 1652/1681/1662 1650/1679/1660 1653/1672/1653
f 1652/1681/1662 1660/1678/1659 1654/1676/1657 1650/1679/1660
f 1650/1679/1660 1654/1676/1657 1656/1675/1656 1651/1680/1661
f 1655/1673/1654 1651/1680/1661 1652/1681/1662 1658/1677/1658
f 1651/1680/1661 1656/1675/1656 1660/1678/1659 1652/1681/1662
f 1668/1682/1663 1664/1683/1664 1666/1684/1665
f 1670/1685/1666 1667/1686/1667 1665/1687/1668
f 1668/1682/1663 1666/1684/1665 1669/1688/1669
f 1670/1685/1666 1671/1689/1670 1667/1686/1667
f 1668/1682/1663 1669/1688/1669 1664/1683/1664
f 1670/1685/1666 1665/1687/1668 1671/1689/1670
f 1664/1683/1664 1661/1690/1671 1662/1691/1672 1666/1684/1665
f 1669/1688/1669 1663/1692/1673 1661/1690/1671 1664/1683/1664
f 1663/1692/1673 1671/1689/1670 1665/1687/1668 1661/1690/1671
f 1661/1690/1671 1665/1687/1668 1667/1686/1667 1662/1691/1672
f 1666/1684/1665 1662/1691/1672 1663/1692/1673 1669/1688/1669
f 1662/1691/1672 1667/1686/1667 1671/1689/1670 1663/1692/1673
f 1679/1693/1674 1675/1694/1675 1677/1695/1676
f 1681/1696/1677 1678/1697/1678 1676/1698/1679
f 1679/1693/1674 1677/1695/1676 1680/1699/1680
f 1681/1696/1677 1682/1700/1681 1678/1697/1678
f 1679/1693/1674 1680/1699/1680 1675/1694/1675
f 1681/1696/1677 1676/1698/1679 1682/1700/1681
f 1675/1694/1675 1672/1701/1682 1673/1702/1683 1677/1695/1676
f 1680/1699/1680 1674/1703/1684 1672/1701/1682 1675/1694/1675
f 1674/1703/1684 1682/1700/1681 1676/1698/1679 1672/1701/1682
f 1672/1701/1682 1676/1698/1679 1678/1697/1678 1673/1702/1683
f 1677/1695/1676 1673/1702/1683 1674/1703/1684 1680/1699/1680
f 1673/1702/1683 1678/1697/1678 1682/1700/1681 1674/1703/1684
f 1690/1704/1685 1686/1705/1686 1688/1706/1687
f 1692/1707/1688 1689/1708/1689 1687/1709/1690
f 1690/1704/1685 1688/1706/1687 1691/1710/1691
f 1692/1707/1688 1693/1711/1692 1689/1708/1689
f 1690/1704/1685 1691/1710/1691 1686/1705/1686
f 1692/1707/1688 1687/1709/1690 1693/1711/1692
f 1686/1705/1686 1683/1712/1693 1684/1713/1694 1688/1706/1687
f 1691/1710/1691 1685/1714/1695 1683/1712/1693 1686/1705/1686
f 1685/1714/1695 1693/1711/1692 1687/1709/1690 1683/1712/1693
f 1683/1712/1693 1687/1709/1690 1689/1708/1689 1684/1713/1694
f 1688/1706/1687 1684/1713/1694 1685/1714/1695 1691/1710/1691
f 1684/1713/1694 1689/1708/1689 1693/1711/1692 1685/1714/1695
f 1701/1715/1696 1697/1716/1697 1699/1717/1698
f 1703/1718/1699 1700/1719/1700 1698/1720/1701
f 1701/1715/1696 1699/1717/1698 1702/1721/1702
f 1703/1718/1699 1704/1722/1703 1700/1719/1700
f 1701/1715/1696 1702/1721/1702 1697/1716/1697
f 1703/1718/1699 1698/1720/1701 1704/1722/1703
f 1697/1716/1697 1694/1723/1704 1695/1724/1705 1699/1717/1698
f 1702/1721/1702 1696/1725/1706 1694/1723/1704 1697/1716/1697
f 1696/1725/1706 1704/1722/1703 1698/1720/1701 1694/1723/1704
f 1694/1723/1704 1698/1720/1701 1700/1719/1700 1695/1724/1705
f 1699/1717/1698 1695/1724/1705 1696/1725/1706 1702/1721/1702
f 1695/1724/1705 1700/1719/1700 1704/1722/1703 1696/1725/1706
f 1712/1726/1707 1708/1727/1708 1710/1728/1709
f 1714/1729/1710 1711/1730/1711 1709/1731/1712
f 1712/1726/1707 1710/1728/1709 1713/1732/1713
f 1714/1729/1710 1715/1733/1714 1711/1730/1711
f 1712/1726/1707 1713/1732/1713 1708/1727/1708
f 1714/1729/1710 1709/1731/1712 1715/1733/1714
f 1708/1727/1708 1705/1734/1715 1706/1735/1716 1710/1728/1709
f 1713/1732/1713 1707/1736/1717 1705/1734/1715 1708/1727/1708
f 1707/1736/1717 1715/1733/1714 1709/1731/1712 1705/1734/1715
f 1705/1734/1715 1709/1731/1712 1711/1730/1711 1706/1735/1716
f 1710/1728/1709 1706/1735/1716 1707/1736/1717 1713/1732/1713
f 1706/1735/1716 1711/1730/1711 1715/1733/1714 1707/1736/1717
f 1723/1737/1718 1719/1738/1719 1721/1739/1720
f 1725/1740/1721 1722/1741/1722 1720/1742/1723
f 1723/1737/1718 1721/1739/1720 1724/1743/1724
f 1725/1740/1721 1726/1744/1725 1722/1741/1722
f 1723/1737/1718 1724/1743/1724 1719/1738/1719
f 1725/1740/1721 1720/1742/1723 1726/1744/1725
f 1719/1738/1719 1716/1745/1726 1717/1746/1727 1721/1739/1720
f 1724/1743/1724 1718/1747/1728 1716/1745/1726 1719/1738/1719
f 1718/1747/1728 1726/1744/1725 1720/1742/1723 1716/1745/1726
f 1716/1745/1726 1720/1742/1723 1722/1741/1722 1717/1746/1727
f 1721/1739/1720 1717/1746/1727 1718/1747/1728 1724/1743/1724
f 1717/1746/1727 1722/1741/1722 1726/1744/1725 1718/1747/1728
f 1734/1748/1729 1730/1749/1730 1732/1750/1731
f 1736/1751/1732 1733/1752/1733 1731/1753/1734
f 1734/1748/1729 1732/1750/1731 1735/1754/1735
f 1736/1751/1732 1737/1755/1736 1733/1752/1733
f 1734/1748/1729 1735/1754/1735 1730/1749/1730
f 1736/1751/1732 1731/1753/1734 1737/1755/1736
f 1730/1749/1730 1727/1756/1737 1728/1757/1738 1732/1750/1731
f 1735/1754/1735 1729/1758/1739 1727/1756/1737 1730/1749/1730
f 1729/1758/1739 1737/1755/1736 1731/1753/1734 1727/1756/1737
f 1727/1756/1737 1731/1753/1734 1733/1752/1733 1728/1757/1738
f 1732/1750/1731 1728/1757/1738 1729/1758/1739 1735/1754/1735
f 1728/1757/1738 1733/1752/1733 1737/1755/1736 1729/1758/1739
f 1745/1759/1740 1741/1760/1741 1743/1761/1742
f 1747/1762/1743 1744/1763/1744 1742/1764/1745
f 1745/1759/1740 1743/1761/1742 1746/1765/1746
f 1747/1762/1743 1748/1766/1747 1744/1763/1744
f 1745/1759/1740 1746/1765/1746 1741/1760/1741
f 1747/1762/1743 1742/1764/1745 1748/1766/1747
f 1741/1760/1741 1738/1767/1748 1739/1768/1749 1743/1761/1742
f 1746/1765/1746 1740/1769/1750 1738/1767/1748 1741/1760/1741
f 1740/1769/1750 1748/1766/1747 1742/1764/1745 1738/1767/1748
f 1738/1767/1748 1742/1764/1745 1744/1763/1744 1739/1768/1749
f 1743/1761/1742 1739/1768/1749 1740/1769/1750 1746/1765/1746
f 1739/1768/1749 1744/1763/1744 1748/1766/1747 1740/1769/1750
f 1756/1770/1751 1752/1771/1752 1754/1772/1753
f 1758/1773/1754 1755/1774/1755 1753/1775/1756
f 1756/1770/1751 1754/1772/1753 1757/1776/1757
f 1758/1773/1754 1759/1777/1758 1755/1774/1755
f 1756/1770/1751 1757/1776/1757 1752/1771/1752
f 1758/1773/1754 1753/1775/1756 1759/1777/1758
f 1752/1771/1752 1749/1778/1759 1750/1779/1760 1754/1772/1753
f 1757/1776/1757 1751/1780/1761 1749/1778/1759 1752/1771/1752
f 1751/1780/1761 1759/1777/1758 1753/1775/1756 1749/1778/1759
f 1749/1778/1759 1753/1775/1756 1755/1774/1755 1750/1779/1760
f 1754/1772/1753 1750/1779/1760 1751/1780/1761 1757/1776/1757
f 1750/1779/1760 1755/1774/1755 1759/1777/1758 1751/1780/1761
f 1767/1781/1762 1763/1782/1763 1765/1783/1764
f 1769/1784/1765 1766/1785/1766 1764/1786/1767
f 1767/1781/1762 1765/1783/1764 1768/1787/1768
f 1769/1784/1765 1770/1788/1769 1766/1785/1766
f 1767/1781/1762 1768/1787/1768 1763/1782/1763
f 1769/1784/1765 1764/1786/1767 1770/1788/1769
f 1763/1782/1763 1760/1789/1770 1761/1790/1771 1765/1783/1764
f 1768/1787/1768 1762/1791/1772 1760/1789/1770 1763/1782/1763
f 1762/1791/1772 1770/1788/1769 1764/1786/1767 1760/1789/1770
f 1760/1789/1770 1764/1786/1767 1766/1785/1766 1761/1790/1771
f 1765/1783/1764 1761/1790/1771 1762/1791/1772 1768/1787/1768
f 1761/1790/1771 1766/1785/1766 1770/1788/1769 1762/1791/1772
f 1778/1792/1773 1774/1793/1774 1776/1794/1775
f 1780/1795/1776 1777/1796/1777 1775/1797/1778
f 1778/1792/1773 1776/1794/1775 1779/1798/1779
f 1780/1795/1776 1781/1799/1780 1777/1796/1777
f 1778/1792/1773 1779/1798/1779 1774/1793/1774
f 1780/1795/1776 1775/1797/1778 1781/1799/1780
f 1774/1793/1774 1771/1800/1781 1772/1801/1782 1776/1794/1775
f 1779/1798/1779 1773/1802/1783 1771/1800/1781 1774/1793/1774
f 1773/1802/1783 1781/1799/1780 1775/1797/1778 1771/1800/1781
f 1771/1800/1781 1775/1797/1778 1777/1796/1777 1772/1801/1782
f 1776/1794/1775 1772/1801/1782 1773/1802/1783 1779/1798/1779
f 1772/1801/1782 1777/1796/1777 1781/1799/1780 1773/1802/1783
f 1784/1616/1597 1785/1615/1596 1782/1803/1784 1783/1804/1785
f 1594/1626/1607 1595/1625/1606 1783/1804/1785 1782/1803/1784
f 1597/1614/1595 1594/1626/1607 1782/1803/1784 1785/1615/1596
f 1595/1625/1606 1596/1613/1594 1784/1616/1597 1783/1804/1785
f 1788/1805/1786 1787/1806/1787 1786/1807/1788 1789/1808/1789
f 1794/1809/1790 1793/1810/1791 1788/1805/1786 1789/1808/1789
f 1802/1811/1792 1801/1812/1793 1786/1807/1788 1787/1806/1787
f 1801/1812/1793 1794/1809/1790 1789/1808/1789 1786/1807/1788
f 1793/1810/1791 1802/1811/1792 1787/1806/1787 1788/1805/1786
f 1790/1813/1794 1805/1814/1795 1804/1815/1796 1791/1816/1797
f 1791/1816/1797 1804/1815/1796 1803/1817/1798 1792/1818/1799
f 1792/1818/1799 1803/1817/1798 1802/1811/1792 1793/1810/1791
f 1798/1819/1800 1797/1820/1801 1796/1821/1802 1799/1822/1803
f 1799/1822/1803 1796/1821/1802 1795/1823/1804 1800/1824/1805
f 1800/1824/1805 1795/1823/1804 1794/1809/1790 1801/1812/1793
f 1805/1814/1795 1798/1819/1800 1799/1822/1803 1804/1815/1796
f 1804/1815/1796 1799/1822/1803 1800/1824/1805 1803/1817/1798
f 1803/1817/1798 1800/1824/1805 1801/1812/1793 1802/1811/1792
f 1797/1820/1801 1790/1813/1794 1791/1816/1797 1796/1821/1802
f 1796/1821/1802 1791/1816/1797 1792/1818/1799 1795/1823/1804
f 1795/1823/1804 1792/1818/1799 1793/1810/1791 1794/1809/1790
f 1808/1825/1806 1809/1826/1807 2019/1827/1808 2018/1828/1809
f 1811/1829/1810 1812/1830/1811 1813/1831/1812 1810/1832/1813
f 1815/1833/1814 1813/1831/1812 1812/1830/1811 1814/1834/1815
f 1817/1835/1816 1815/1833/1814 1814/1834/1815 1816/1836/1817
f 1816/1836/1817 1811/1829/1810 1810/1832/1813 1817/1835/1816
f 1810/1832/1813 1813/1831/1812 1807/1837/1818 1806/1838/1819
f 1811/1829/1810 1816/1836/1817 1797/1820/1801 1798/1819/1800
f 1812/1830/1811 1811/1829/1810 1798/1819/1800 1805/1814/1795
f 1817/1835/1816 1810/1832/1813 1806/1838/1819 1809/1826/1807
f 1813/1831/1812 1815/1833/1814 1808/1825/1806 1807/1837/1818
f 1814/1834/1815 1812/1830/1811 1805/1814/1795 1790/1813/1794
f 1815/1833/1814 1817/1835/1816 1809/1826/1807 1808/1825/1806
f 1816/1836/1817 1814/1834/1815 1790/1813/1794 1797/1820/1801
f 1825/1839/1820 1821/1840/1821 1823/1841/1822
f 1827/1842/1823 1824/1843/1824 1822/1844/1825
f 1825/1839/1820 1823/1841/1822 1826/1845/1826
f 1827/1842/1823 1828/1846/1827 1824/1843/1824
f 1825/1839/1820 1826/1845/1826 1821/1840/1821
f 1827/1842/1823 1822/1844/1825 1828/1846/1827
f 1821/1840/1821 1818/1847/1828 1819/1848/1829 1823/1841/1822
f 1826/1845/1826 1820/1849/1830 1818/1847/1828 1821/1840/1821
f 1820/1849/1830 1828/1846/1827 1822/1844/1825 1818/1847/1828
f 1818/1847/1828 1822/1844/1825 1824/1843/1824 1819/1848/1829
f 1823/1841/1822 1819/1848/1829 1820/1849/1830 1826/1845/1826
f 1819/1848/1829 1824/1843/1824 1828/1846/1827 1820/1849/1830
f 1836/1850/1831 1832/1851/1832 1834/1852/1833
f 1838/1853/1834 1835/1854/1835 1833/1855/1836
f 1836/1850/1831 1834/1852/1833 1837/1856/1837
f 1838/1853/1834 1839/1857/1838 1835/1854/1835
f 1836/1850/1831 1837/1856/1837 1832/1851/1832
f 1838/1853/1834 1833/1855/1836 1839/1857/1838
f 1832/1851/1832 1829/1858/1839 1830/1859/1840 1834/1852/1833
f 1837/1856/1837 1831/1860/1841 1829/1858/1839 1832/1851/1832
f 1831/1860/1841 1839/1857/1838 1833/1855/1836 1829/1858/1839
f 1829/1858/1839 1833/1855/1836 1835/1854/1835 1830/1859/1840
f 1834/1852/1833 1830/1859/1840 1831/1860/1841 1837/1856/1837
f 1830/1859/1840 1835/1854/1835 1839/1857/1838 1831/1860/1841
f 1847/1861/1842 1843/1862/1843 1845/1863/1844
f 1849/1864/1845 1846/1865/1846 1844/1866/1847
f 1847/1861/1842 1845/1863/1844 1848/1867/1848
f 1849/1864/1845 1850/1868/1849 1846/1865/1846
f 1847/1861/1842 1848/1867/1848 1843/1862/1843
f 1849/1864/1845 1844/1866/1847 1850/1868/1849
f 1843/1862/1843 1840/1869/1850 1841/1870/1851 1845/1863/1844
f 1848/1867/1848 1842/1871/1852 1840/1869/1850 1843/1862/1843
f 1842/1871/1852 1850/1868/1849 1844/1866/1847 1840/1869/1850
f 1840/1869/1850 1844/1866/1847 1846/1865/1846 1841/1870/1851
f 1845/1863/1844 1841/1870/1851 1842/1871/1852 1848/1867/1848
f 1841/1870/1851 1846/1865/1846 1850/1868/1849 1842/1871/1852
f 1858/1872/1853 1854/1873/1854 1856/1874/1855
f 1860/1875/1856 1857/1876/1857 1855/1877/1858
f 1858/1872/1853 1856/1874/1855 1859/1878/1859
f 1860/1875/1856 1861/1879/1860 1857/1876/1857
f 1858/1872/1853 1859/1878/1859 1854/1873/1854
f 1860/1875/1856 1855/1877/1858 1861/1879/1860
f 1854/1873/1854 1851/1880/1861 1852/1881/1862 1856/1874/1855
f 1859/1878/1859 1853/1882/1863 1851/1880/1861 1854/1873/1854
f 1853/1882/1863 1861/1879/1860 1855/1877/1858 1851/1880/1861
f 1851/1880/1861 1855/1877/1858 1857/1876/1857 1852/1881/1862
f 1856/1874/1855 1852/1881/1862 1853/1882/1863 1859/1878/1859
f 1852/1881/1862 1857/1876/1857 1861/1879/1860 1853/1882/1863
f 1869/1883/1864 1865/1884/1865 1867/1885/1866
f 1871/1886/1867 1868/1887/1868 1866/1888/1869
f 1869/1883/1864 1867/1885/1866 1870/1889/1870
f 1871/1886/1867 1872/1890/1871 1868/1887/1868
f 1869/1883/1864 1870/1889/1870 1865/1884/1865
f 1871/1886/1867 1866/1888/1869 1872/1890/1871
f 1865/1884/1865 1862/1891/1872 1863/1892/1873 1867/1885/1866
f 1870/1889/1870 1864/1893/1874 1862/1891/1872 1865/1884/1865
f 1864/1893/1874 1872/1890/1871 1866/1888/1869 1862/1891/1872
f 1862/1891/1872 1866/1888/1869 1868/1887/1868 1863/1892/1873
f 1867/1885/1866 1863/1892/1873 1864/1893/1874 1870/1889/1870
f 1863/1892/1873 1868/1887/1868 1872/1890/1871 1864/1893/1874
f 1880/1894/1875 1876/1895/1876 1878/1896/1877
f 1882/1897/1878 1879/1898/1879 1877/1899/1880
f 1880/1894/1875 1878/1896/1877 1881/1900/1881
f 1882/1897/1878 1883/1901/1882 1879/1898/1879
f 1880/1894/1875 1881/1900/1881 1876/1895/1876
f 1882/1897/1878 1877/1899/1880 1883/1901/1882
f 1876/1895/1876 1873/1902/1883 1874/1903/1884 1878/1896/1877
f 1881/1900/1881 1875/1904/1885 1873/1902/1883 1876/1895/1876
f 1875/1904/1885 1883/1901/1882 1877/1899/1880 1873/1902/1883
f 1873/1902/1883 1877/1899/1880 1879/1898/1879 1874/1903/1884
f 1878/1896/1877 1874/1903/1884 1875/1904/1885 1881/1900/1881
f 1874/1903/1884 1879/1898/1879 1883/1901/1882 1875/1904/1885
f 1891/1905/1886 1887/1906/1887 1889/1907/1888
f 1893/1908/1889 1890/1909/1890 1888/1910/1891
f 1891/1905/1886 1889/1907/1888 1892/1911/1892
f 1893/1908/1889 1894/1912/1893 1890/1909/1890
f 1891/1905/1886 1892/1911/1892 1887/1906/1887
f 1893/1908/1889 1888/1910/1891 1894/1912/1893
f 1887/1906/1887 1884/1913/1894 1885/1914/1895 1889/1907/1888
f 1892/1911/1892 1886/1915/1896 1884/1913/1894 1887/1906/1887
f 1886/1915/1896 1894/1912/1893 1888/1910/1891 1884/1913/1894
f 1884/1913/1894 1888/1910/1891 1890/1909/1890 1885/1914/1895
f 1889/1907/1888 1885/1914/1895 1886/1915/1896 1892/1911/1892
f 1885/1914/1895 1890/1909/1890 1894/1912/1893 1886/1915/1896
f 1902/1916/1897 1898/1917/1898 1900/1918/1899
f 1904/1919/1900 1901/1920/1901 1899/1921/1902
f 1902/1916/1897 1900/1918/1899 1903/1922/1903
f 1904/1919/1900 1905/1923/1904 1901/1920/1901
f 1902/1916/1897 1903/1922/1903 1898/1917/1898
f 1904/1919/1900 1899/1921/1902 1905/1923/1904
f 1898/1917/1898 1895/1924/1905 1896/1925/1906 1900/1918/1899
f 1903/1922/1903 1897/1926/1907 1895/1924/1905 1898/1917/1898
f 1897/1926/1907 1905/1923/1904 1899/1921/1902 1895/1924/1905
f 1895/1924/1905 1899/1921/1902 1901/1920/1901 1896/1925/1906
f 1900/1918/1899 1896/1925/1906 1897/1926/1907 1903/1922/1903
f 1896/1925/1906 1901/1920/1901 1905/1923/1904 1897/1926/1907
f 1913/1927/1908 1909/1928/1909 1911/1929/1910
f 1915/1930/1911 1912/1931/1912 1910/1932/1913
f 1913/1927/1908 1911/1929/1910 1914/1933/1914
f 1915/1930/1911 1916/1934/1915 1912/1931/1912
f 1913/1927/1908 1914/1933/1914 1909/1928/1909
f 1915/1930/1911 1910/1932/1913 1916/1934/1915
f 1909/1928/1909 1906/1935/1916 1907/1936/1917 1911/1929/1910
f 1914/1933/1914 1908/1937/1918 1906/1935/1916 1909/1928/1909
f 1908/1937/1918 1916/1934/1915 1910/1932/1913 1906/1935/1916
f 1906/1935/1916 1910/1932/1913 1912/1931/1912 1907/1936/1917
f 1911/1929/1910 1907/1936/1917 1908/1937/1918 1914/1933/1914
f 1907/1936/1917 1912/1931/1912 1916/1934/1915 1908/1937/1918
f 1924/1938/1919 1920/1939/1920 1922/1940/1921
f 1926/1941/1922 1923/1942/1923 1921/1943/1924
f 1924/1938/1919 1922/1940/1921 1925/1944/1925
f 1926/1941/1922 1927/1945/1926 1923/1942/1923
f 1924/1938/1919 1925/1944/1925 1920/1939/1920
f 1926/1941/1922 1921/1943/1924 1927/1945/1926
f 1920/1939/1920 1917/1946/1927 1918/1947/1928 1922/1940/1921
f 1925/1944/1925 1919/1948/1929 1917/1946/1927 1920/1939/1920
f 1919/1948/1929 1927/1945/1926 1921/1943/1924 1917/1946/1927
f 1917/1946/1927 1921/1943/1924 1923/1942/1923 1918/1947/1928
f 1922/1940/1921 1918/1947/1928 1919/1948/1929 1925/1944/1925
f 1918/1947/1928 1923/1942/1923 1927/1945/1926 1919/1948/1929
f 1935/1949/1930 1931/1950/1931 1933/1951/1932
f 1937/1952/1933 1934/1953/1934 1932/1954/1935
f 1935/1949/1930 1933/1951/1932 1936/1955/1936
f 1937/1952/1933 1938/1956/1937 1934/1953/1934
f 1935/1949/1930 1936/1955/1936 1931/1950/1931
f 1937/1952/1933 1932/1954/1935 1938/1956/1937
f 1931/1950/1931 1928/1957/1938 1929/1958/1939 1933/1951/1932
f 1936/1955/1936 1930/1959/1940 1928/1957/1938 1931/1950/1931
f 1930/1959/1940 1938/1956/1937 1932/1954/1935 1928/1957/1938
f 1928/1957/1938 1932/1954/1935 1934/1953/1934 1929/1958/1939
f 1933/1951/1932 1929/1958/1939 1930/1959/1940 1936/1955/1936
f 1929/1958/1939 1934/1953/1934 1938/1956/1937 1930/1959/1940
f 1946/1960/1941 1942/1961/1942 1944/1962/1943
f 1948/1963/1944 1945/1964/1945 1943/1965/1946
f 1946/1960/1941 1944/1962/1943 1947/1966/1947
f 1948/1963/1944 1949/1967/1948 1945/1964/1945
f 1946/1960/1941 1947/1966/1947 1942/1961/1942
f 1948/1963/1944 1943/1965/1946 1949/1967/1948
f 1942/1961/1942 1939/1968/1949 1940/1969/1950 1944/1962/1943
f 1947/1966/1947 1941/1970/1951 1939/1968/1949 1942/1961/1942
f 1941/1970/1951 1949/1967/1948 1943/1965/1946 1939/1968/1949
f 1939/1968/1949 1943/1965/1946 1945/1964/1945 1940/1969/1950
f 1944/1962/1943 1940/1969/1950 1941/1970/1951 1947/1966/1947
f 1940/1969/1950 1945/1964/1945 1949/1967/1948 1941/1970/1951
f 1957/1971/1952 1953/1972/1953 1955/1973/1954
f 1959/1974/1955 1956/1975/1956 1954/1976/1957
f 1957/1971/1952 1955/1973/1954 1958/1977/1958
f 1959/1974/1955 1960/1978/1959 1956/1975/1956
f 1957/1971/1952 1958/1977/1958 1953/1972/1953
f 1959/1974/1955 1954/1976/1957 1960/1978/1959
f 1953/1972/1953 1950/1979/1960 1951/1980/1961 1955/1973/1954
f 1958/1977/1958 1952/1981/1962 1950/1979/1960 1953/1972/1953
f 1952/1981/1962 1960/1978/1959 1954/1976/1957 1950/1979/1960
f 1950/1979/1960 1954/1976/1957 1956/1975/1956 1951/1980/1961
f 1955/1973/1954 1951/1980/1961 1952/1981/1962 1958/1977/1958
f 1951/1980/1961 1956/1975/1956 1960/1978/1959 1952/1981/1962
f 1968/1982/1963 1964/1983/1964 1966/1984/1965
f 1970/1985/1966 1967/1986/1967 1965/1987/1968
f 1968/1982/1963 1966/1984/1965 1969/1988/1969
f 1970/1985/1966 1971/1989/1970 1967/1986/1967
f 1968/1982/1963 1969/1988/1969 1964/1983/1964
f 1970/1985/1966 1965/1987/1968 1971/1989/1970
f 1964/1983/1964 1961/1990/1971 1962/1991/1972 1966/1984/1965
f 1969/1988/1969 1963/1992/1973 1961/1990/1971 1964/1983/1964
f 1963/1992/1973 1971/1989/1970 1965/1987/1968 1961/1990/1971
f 1961/1990/1971 1965/1987/1968 1967/1986/1967 1962/1991/1972
f 1966/1984/1965 1962/1991/1972 1963/1992/1973 1969/1988/1969
f 1962/1991/1972 1967/1986/1967 1971/1989/1970 1963/1992/1973
f 1979/1993/1974 1975/1994/1975 1977/1995/1976
f 1981/1996/1977 1978/1997/1978 1976/1998/1979
f 1979/1993/1974 1977/1995/1976 1980/1999/1980
f 1981/1996/1977 1982/2000/1981 1978/1997/1978
f 1979/1993/1974 1980/1999/1980 1975/1994/1975
f 1981/1996/1977 1976/1998/1979 1982/2000/1981
f 1975/1994/1975 1972/2001/1982 1973/2002/1983 1977/1995/1976
f 1980/1999/1980 1974/2003/1984 1972/2001/1982 1975/1994/1975
f 1974/2003/1984 1982/2000/1981 1976/1998/1979 1972/2001/1982
f 1972/2001/1982 1976/1998/1979 1978/1997/1978 1973/2002/1983
f 1977/1995/1976 1973/2002/1983 1974/2003/1984 1980/1999/1980
f 1973/2002/1983 1978/1997/1978 1982/2000/1981 1974/2003/1984
f 1990/2004/1985 1986/2005/1986 1988/2006/1987
f 1992/2007/1988 1989/2008/1989 1987/2009/1990
f 1990/2004/1985 1988/2006/1987 1991/2010/1991
f 1992/2007/1988 1993/2011/1992 1989/2008/1989
f 1990/2004/1985 1991/2010/1991 1986/2005/1986
f 1992/2007/1988 1987/2009/1990 1993/2011/1992
f 1986/2005/1986 1983/2012/1993 1984/2013/1994 1988/2006/1987
f 1991/2010/1991 1985/2014/1995 1983/2012/1993 1986/2005/1986
f 1985/2014/1995 1993/2011/1992 1987/2009/1990 1983/2012/1993
f 1983/2012/1993 1987/2009/1990 1989/2008/1989 1984/2013/1994
f 1988/2006/1987 1984/2013/1994 1985/2014/1995 1991/2010/1991
f 1984/2013/1994 1989/2008/1989 1993/2011/1992 1985/2014/1995
f 2001/2015/1996 1997/2016/1997 1999/2017/1998
f 2003/2018/1999 2000/2019/2000 1998/2020/2001
f 2001/2015/1996 1999/2017/1998 2002/2021/2002
f 2003/2018/1999 2004/2022/2003 2000/2019/2000
f 2001/2015/1996 2002/2021/2002 1997/2016/1997
f 2003/2018/1999 1998/2020/2001 2004/2022/2003
f 1997/2016/1997 1994/2023/2004 1995/2024/2005 1999/2017/1998
f 2002/2021/2002 1996/2025/2006 1994/2023/2004 1997/2016/1997
f 1996/2025/2006 2004/2022/2003 1998/2020/2001 1994/2023/2004
f 1994/2023/2004 1998/2020/2001 2000/2019/2000 1995/2024/2005
f 1999/2017/1998 1995/2024/2005 1996/2025/2006 2002/2021/2002
f 1995/2024/2005 2000/2019/2000 2004/2022/2003 1996/2025/2006
f 2012/2026/2007 2008/2027/2008 2010/2028/2009
f 2014/2029/2010 2011/2030/2011 2009/2031/2012
f 2012/2026/2007 2010/2028/2009 2013/2032/2013
f 2014/2029/2010 2015/2033/2014 2011/2030/2011
f 2012/2026/2007 2013/2032/2013 2008/2027/2008
f 2014/2029/2010 2009/2031/2012 2015/2033/2014
f 2008/2027/2008 2005/2034/2015 2006/2035/2016 2010/2028/2009
f 2013/2032/2013 2007/2036/2017 2005/2034/2015 2008/2027/2008
f 2007/2036/2017 2015/2033/2014 2009/2031/2012 2005/2034/2015
f 2005/2034/2015 2009/2031/2012 2011/2030/2011 2006/2035/2016
f 2010/2028/2009 2006/2035/2016 2007/2036/2017 2013/2032/2013
f 2006/2035/2016 2011/2030/2011 2015/2033/2014 2007/2036/2017
f 2018/1828/1809 2019/1827/1808 2016/2037/2018 2017/2038/2019
f 1806/1838/1819 1807/1837/1818 2017/2038/2019 2016/2037/2018
f 1809/1826/1807 1806/1838/1819 2016/2037/2018 2019/1827/1808
f 1807/1837/1818 1808/1825/1806 2018/1828/1809 2017/2038/2019
f 2022/2039/2020 2021/2040/2021 2020/2041/2022 2023/2042/2023
f 2028/2043/2024 2027/2044/2025 2022/2039/2020 2023/2042/2023
f 2036/2045/2026 2035/2046/2027 2020/2041/2022 2021/2040/2021
f 2035/2046/2027 2028/2043/2024 2023/2042/2023 2020/2041/2022
f 2027/2044/2025 2036/2045/2026 2021/2040/2021 2022/2039/2020
f 2024/2047/2028 2039/2048/2029 2038/2049/2030 2025/2050/2031
f 2025/2050/2031 2038/2049/2030 2037/2051/2032 2026/2052/2033
f 2026/2052/2033 2037/2051/2032 2036/2045/2026 2027/2044/2025
f 2032/2053/2034 2031/2054/2035 2030/2055/2036 2033/2056/2037
f 2033/2056/2037 2030/2055/2036 2029/2057/2038 2034/2058/2039
f 2034/2058/2039 2029/2057/2038 2028/2043/2024 2035/2046/2027
f 2039/2048/2029 2032/2053/2034 2033/2056/2037 2038/2049/2030
f 2038/2049/2030 2033/2056/2037 2034/2058/2039 2037/2051/2032
f 2037/2051/2032 2034/2058/2039 2035/2046/2027 2036/2045/2026
f 2031/2054/2035 2024/2047/2028 2025/2050/2031 2030/2055/2036
f 2030/2055/2036 2025/2050/2031 2026/2052/2033 2029/2057/2038
f 2029/2057/2038 2026/2052/2033 2027/2044/2025 2028/2043/2024
f 2042/2059/2040 2043/2060/2041 2264/2061/2042 2263/2062/2043
f 2045/2063/2044 2046/2064/2045 2047/2065/2046 2044/2066/2047
f 2049/2067/2048 2047/2065/2046 2046/2064/2045 2048/2068/2049
f 2051/2069/2050 2049/2067/2048 2048/2068/2049 2050/2070/2051
f 2050/2070/2051 2045/2063/2044 2044/2066/2047 2051/2069/2050
f 2044/2066/2047 2047/2065/2046 2041/2071/2052 2040/2072/2053
f 2045/2063/2044 2050/2070/2051 2031/2054/2035 2032/2053/2034
f 2046/2064/2045 2045/2063/2044 2032/2053/2034 2039/2048/2029
f 2051/2069/2050 2044/2066/2047 2040/2072/2053 2043/2060/2041
f 2047/2065/2046 2049/2067/2048 2042/2059/2040 2041/2071/2052
f 2048/2068/2049 2046/2064/2045 2039/2048/2029 2024/2047/2028
f 2049/2067/2048 2051/2069/2050 2043/2060/2041 2042/2059/2040
f 2050/2070/2051 2048/2068/2049 2024/2047/2028 2031/2054/2035
f 2059/2073/2054 2055/2074/2055 2057/2075/2056
f 2061/2076/2057 2058/2077/2058 2056/2078/2059
f 2059/2073/2054 2057/2075/2056 2060/2079/2060
f 2061/2076/2057 2062/2080/2061 2058/2077/2058
f 2059/2073/2054 2060/2079/2060 2055/2074/2055
f 2061/2076/2057 2056/2078/2059 2062/2080/2061
f 2055/2074/2055 2052/2081/2062 2053/2082/2063 2057/2075/2056
f 2060/2079/2060 2054/2083/2064 2052/2081/2062 2055/2074/2055
f 2054/2083/2064 2062/2080/2061 2056/2078/2059 2052/2081/2062
f 2052/2081/2062 2056/2078/2059 2058/2077/2058 2053/2082/2063
f 2057/2075/2056 2053/2082/2063 2054/2083/2064 2060/2079/2060
f 2053/2082/2063 2058/2077/2058 2062/2080/2061 2054/2083/2064
f 2070/2084/2065 2066/2085/2066 2068/2086/2067
f 2072/2087/2068 2069/2088/2069 2067/2089/2070
f 2070/2084/2065 2068/2086/2067 2071/2090/2071
f 2072/2087/2068 2073/2091/2072 2069/2088/2069
f 2070/2084/2065 2071/2090/2071 2066/2085/2066
f 2072/2087/2068 2067/2089/2070 2073/2091/2072
f 2066/2085/2066 2063/2092/2073 2064/2093/2074 2068/2086/2067
f 2071/2090/2071 2065/2094/2075 2063/2092/2073 2066/2085/2066
f 2065/2094/2075 2073/2091/2072 2067/2089/2070 2063/2092/2073
f 2063/2092/2073 2067/2089/2070 2069/2088/2069 2064/2093/2074
f 2068/2086/2067 2064/2093/2074 2065/2094/2075 2071/2090/2071
f 2064/2093/2074 2069/2088/2069 2073/2091/2072 2065/2094/2075
f 2081/2095/2076 2077/2096/2077 2079/2097/2078
f 2083/2098/2079 2080/2099/2080 2078/2100/2081
f 2081/2095/2076 2079/2097/2078 2082/2101/2082
f 2083/2098/2079 2084/2102/2083 2080/2099/2080
f 2081/2095/2076 2082/2101/2082 2077/2096/2077
f 2083/2098/2079 2078/2100/2081 2084/2102/2083
f 2077/2096/2077 2074/2103/2084 2075/2104/2085 2079/2097/2078
f 2082/2101/2082 2076/2105/2086 2074/2103/2084 2077/2096/2077
f 2076/2105/2086 2084/2102/2083 2078/2100/2081 2074/2103/2084
f 2074/2103/2084 2078/2100/2081 2080/2099/2080 2075/2104/2085
f 2079/2097/2078 2075/2104/2085 2076/2105/2086 2082/2101/2082
f 2075/2104/2085 2080/2099/2080 2084/2102/2083 2076/2105/2086
f 2092/2106/2087 2088/2107/2088 2090/2108/2089
f 2094/2109/2090 2091/2110/2091 2089/2111/2092
f 2092/2106/2087 2090/2108/2089 2093/2112/2093
f 2094/2109/2090 2095/2113/2094 2091/2110/2091
f 2092/2106/2087 2093/2112/2093 2088/2107/2088
f 2094/2109/2090 2089/2111/2092 2095/2113/2094
f 2088/2107/2088 2085/2114/2095 2086/2115/2096 2090/2108/2089
f 2093/2112/2093 2087/2116/2097 2085/2114/2095 2088/2107/2088
f 2087/2116/2097 2095/2113/2094 2089/2111/2092 2085/2114/2095
f 2085/2114/2095 2089/2111/2092 2091/2110/2091 2086/2115/2096
f 2090/2108/2089 2086/2115/2096 2087/2116/2097 2093/2112/2093
f 2086/2115/2096 2091/2110/2091 2095/2113/2094 2087/2116/2097
f 2103/2117/2098 2099/2118/2099 2101/2119/2100
f 2105/2120/2101 2102/2121/2102 2100/2122/2103
f 2103/2117/2098 2101/2119/2100 2104/2123/2104
f 2105/2120/2101 2106/2124/2105 2102/2121/2102
f 2103/2117/2098 2104/2123/2104 2099/2118/2099
f 2105/2120/2101 2100/2122/2103 2106/2124/2105
f 2099/2118/2099 2096/2125/2106 2097/2126/2107 2101/2119/2100
f 2104/2123/2104 2098/2127/2108 2096/2125/2106 2099/2118/2099
f 2098/2127/2108 2106/2124/2105 2100/2122/2103 2096/2125/2106
f 2096/2125/2106 2100/2122/2103 2102/2121/2102 2097/2126/2107
f 2101/2119/2100 2097/2126/2107 2098/2127/2108 2104/2123/2104
f 2097/2126/2107 2102/2121/2102 2106/2124/2105 2098/2127/2108
f 2114/2128/2109 2110/2129/2110 2112/2130/2111
f 2116/2131/2112 2113/2132/2113 2111/2133/2114
f 2114/2128/2109 2112/2130/2111 2115/2134/2115
f 2116/2131/2112 2117/2135/2116 2113/2132/2113
f 2114/2128/2109 2115/2134/2115 2110/2129/2110
f 2116/2131/2112 2111/2133/2114 2117/2135/2116
f 2110/2129/2110 2107/2136/2117 2108/2137/2118 2112/2130/2111
f 2115/2134/2115 2109/2138/2119 2107/2136/2117 2110/2129/2110
f 2109/2138/2119 2117/2135/2116 2111/2133/2114 2107/2136/2117
f 2107/2136/2117 2111/2133/2114 2113/2132/2113 2108/2137/2118
f 2112/2130/2111 2108/2137/2118 2109/2138/2119 2115/2134/2115
f 2108/2137/2118 2113/2132/2113 2117/2135/2116 2109/2138/2119
f 2125/2139/2120 2121/2140/2121 2123/2141/2122
f 2127/2142/2123 2124/2143/2124 2122/2144/2125
f 2125/2139/2120 2123/2141/2122 2126/2145/2126
f 2127/2142/2123 2128/2146/2127 2124/2143/2124
f 2125/2139/2120 2126/2145/2126 2121/2140/2121
f 2127/2142/2123 2122/2144/2125 2128/2146/2127
f 2121/2140/2121 2118/2147/2128 2119/2148/2129 2123/2141/2122
f 2126/2145/2126 2120/2149/2130 2118/2147/2128 2121/2140/2121
f 2120/2149/2130 2128/2146/2127 2122/2144/2125 2118/2147/2128
f 2118/2147/2128 2122/2144/2125 2124/2143/2124 2119/2148/2129
f 2123/2141/2122 2119/2148/2129 2120/2149/2130 2126/2145/2126
f 2119/2148/2129 2124/2143/2124 2128/2146/2127 2120/2149/2130
f 2136/2150/2131 2132/2151/2132 2134/2152/2133
f 2138/2153/2134 2135/2154/2135 2133/2155/2136
f 2136/2150/2131 2134/2152/2133 2137/2156/2137
f 2138/2153/2134 2139/2157/2138 2135/2154/2135
f 2136/2150/2131 2137/2156/2137 2132/2151/2132
f 2138/2153/2134 2133/2155/2136 2139/2157/2138
f 2132/2151/2132 2129/2158/2139 2130/2159/2140 2134/2152/2133
f 2137/2156/2137 2131/2160/2141 2129/2158/2139 2132/2151/2132
f 2131/2160/2141 2139/2157/2138 2133/2155/2136 2129/2158/2139
f 2129/2158/2139 2133/2155/2136 2135/2154/2135 2130/2159/2140
f 2134/2152/2133 2130/2159/2140 2131/2160/2141 2137/2156/2137
f 2130/2159/2140 2135/2154/2135 2139/2157/2138 2131/2160/2141
f 2147/2161/2142 2143/2162/2143 2145/2163/2144
f 2149/2164/2145 2146/2165/2146 2144/2166/2147
f 2147/2161/2142 2145/2163/2144 2148/2167/2148
f 2149/2164/2145 2150/2168/2149 2146/2165/2146
f 2147/2161/2142 2148/2167/2148 2143/2162/2143
f 2149/2164/2145 2144/2166/2147 2150/2168/2149
f 2143/2162/2143 2140/2169/2150 2141/2170/2151 2145/2163/2144
f 2148/2167/2148 2142/2171/2152 2140/2169/2150 2143/2162/2143
f 2142/2171/2152 2150/2168/2149 2144/2166/2147 2140/2169/2150
f 2140/2169/2150 2144/2166/2147 2146/2165/2146 2141/2170/2151
f 2145/2163/2144 2141/2170/2151 2142/2171/2152 2148/2167/2148
f 2141/2170/2151 2146/2165/2146 2150/2168/2149 2142/2171/2152
f 2158/2172/2153 2154/2173/2154 2156/2174/2155
f 2160/2175/2156 2157/2176/2157 2155/2177/2158
f 2158/2172/2153 2156/2174/2155 2159/2178/2159
f 2160/2175/2156 2161/2179/2160 2157/2176/2157
f 2158/2172/2153 2159/2178/2159 2154/2173/2154
f 2160/2175/2156 2155/2177/2158 2161/2179/2160
f 2154/2173/2154 2151/2180/2161 2152/2181/2162 2156/2174/2155
f 2159/2178/2159 2153/2182/2163 2151/2180/2161 2154/2173/2154
f 2153/2182/2163 2161/2179/2160 2155/2177/2158 2151/2180/2161
f 2151/2180/2161 2155/2177/2158 2157/2176/2157 2152/2181/2162
f 2156/2174/2155 2152/2181/2162 2153/2182/2163 2159/2178/2159
f 2152/2181/2162 2157/2176/2157 2161/2179/2160 2153/2182/2163
f 2169/2183/2164 2165/2184/2165 2167/2185/2166
f 2171/2186/2167 2168/2187/2168 2166/2188/2169
f 2169/2183/2164 2167/2185/2166 2170/2189/2170
f 2171/2186/2167 2172/2190/2171 2168/2187/2168
f 2169/2183/2164 2170/2189/2170 2165/2184/2165
f 2171/2186/2167 2166/2188/2169 2172/2190/2171
f 2165/2184/2165 2162/2191/2172 2163/2192/2173 2167/2185/2166
f 2170/2189/2170 2164/2193/2174 2162/2191/2172 2165/2184/2165
f 2164/2193/2174 2172/2190/2171 2166/2188/2169 2162/2191/2172
f 2162/2191/2172 2166/2188/2169 2168/2187/2168 2163/2192/2173
f 2167/2185/2166 2163/2192/2173 2164/2193/2174 2170/2189/2170
f 2163/2192/2173 2168/2187/2168 2172/2190/2171 2164/2193/2174
f 2180/2194/2175 2176/2195/2176 2178/2196/2177
f 2182/2197/2178 2179/2198/2179 2177/2199/2180
f 2180/2194/2175 2178/2196/2177 2181/2200/2181
f 2182/2197/2178 2183/2201/2182 2179/2198/2179
f 2180/2194/2175 2181/2200/2181 2176/2195/2176
f 2182/2197/2178 2177/2199/2180 2183/2201/2182
f 2176/2195/2176 2173/2202/2183 2174/2203/2184 2178/2196/2177
f 2181/2200/2181 2175/2204/2185 2173/2202/2183 2176/2195/2176
f 2175/2204/2185 2183/2201/2182 2177/2199/2180 2173/2202/2183
f 2173/2202/2183 2177/2199/2180 2179/2198/2179 2174/2203/2184
f 2178/2196/2177 2174/2203/2184 2175/2204/2185 2181/2200/2181
f 2174/2203/2184 2179/2198/2179 2183/2201/2182 2175/2204/2185
f 2191/2205/2186 2187/2206/2187 2189/2207/2188
f 2193/2208/2189 2190/2209/2190 2188/2210/2191
f 2191/2205/2186 2189/2207/2188 2192/2211/2192
f 2193/2208/2189 2194/2212/2193 2190/2209/2190
f 2191/2205/2186 2192/2211/2192 2187/2206/2187
f 2193/2208/2189 2188/2210/2191 2194/2212/2193
f 2187/2206/2187 2184/2213/2194 2185/2214/2195 2189/2207/2188
f 2192/2211/2192 2186/2215/2196 2184/2213/2194 2187/2206/2187
f 2186/2215/2196 2194/2212/2193 2188/2210/2191 2184/2213/2194
f 2184/2213/2194 2188/2210/2191 2190/2209/2190 2185/2214/2195
f 2189/2207/2188 2185/2214/2195 2186/2215/2196 2192/2211/2192
f 2185/2214/2195 2190/2209/2190 2194/2212/2193 2186/2215/2196
f 2202/2216/2197 2198/2217/2198 2200/2218/2199
f 2204/2219/2200 2201/2220/2201 2199/2221/2202
f 2202/2216/2197 2200/2218/2199 2203/2222/2203
f 2204/2219/2200 2205/2223/2204 2201/2220/2201
f 2202/2216/2197 2203/2222/2203 2198/2217/2198
f 2204/2219/2200 2199/2221/2202 2205/2223/2204
f 2198/2217/2198 2195/2224/2205 2196/2225/2206 2200/2218/2199
f 2203/2222/2203 2197/2226/2207 2195/2224/2205 2198/2217/2198
f 2197/2226/2207 2205/2223/2204 2199/2221/2202 2195/2224/2205
f 2195/2224/2205 2199/2221/2202 2201/2220/2201 2196/2225/2206
f 2200/2218/2199 2196/2225/2206 2197/2226/2207 2203/2222/2203
f 2196/2225/2206 2201/2220/2201 2205/2223/2204 2197/2226/2207
f 2213/2227/2208 2209/2228/2209 2211/2229/2210
f 2215/2230/2211 2212/2231/2212 2210/2232/2213
f 2213/2227/2208 2211/2229/2210 2214/2233/2214
f 2215/2230/2211 2216/2234/2215 2212/2231/2212
f 2213/2227/2208 2214/2233/2214 2209/2228/2209
f 2215/2230/2211 2210/2232/2213 2216/2234/2215
f 2209/2228/2209 2206/2235/2216 2207/2236/2217 2211/2229/2210
f 2214/2233/2214 2208/2237/2218 2206/2235/2216 2209/2228/2209
f 2208/2237/2218 2216/2234/2215 2210/2232/2213 2206/2235/2216
f 2206/2235/2216 2210/2232/2213 2212/2231/2212 2207/2236/2217
f 2211/2229/2210 2207/2236/2217 2208/2237/2218 2214/2233/2214
f 2207/2236/2217 2212/2231/2212 2216/2234/2215 2208/2237/2218
f 2224/2238/2219 2220/2239/2220 2222/2240/2221
f 2226/2241/2222 2223/2242/2223 2221/2243/2224
f 2224/2238/2219 2222/2240/2221 2225/2244/2225
f 2226/2241/2222 2227/2245/2226 2223/2242/2223
f 2224/2238/2219 2225/2244/2225 2220/2239/2220
f 2226/2241/2222 2221/2243/2224 2227/2245/2226
f 2220/2239/2220 2217/2246/2227 2218/2247/2228 2222/2240/2221
f 2225/2244/2225 2219/2248/2229 2217/2246/2227 2220/2239/2220
f 2219/2248/2229 2227/2245/2226 2221/2243/2224 2217/2246/2227
f 2217/2246/2227 2221/2243/2224 2223/2242/2223 2218/2247/2228
f 2222/2240/2221 2218/2247/2228 2219/2248/2229 2225/2244/2225
f 2218/2247/2228 2223/2242/2223 2227/2245/2226 2219/2248/2229
f 2235/2249/2230 2231/2250/2231 2233/2251/2232
f 2237/2252/2233 2234/2253/2234 2232/2254/2235
f 2235/2249/2230 2233/2251/2232 2236/2255/2236
f 2237/2252/2233 2238/2256/2237 2234/2253/2234
f 2235/2249/2230 2236/2255/2236 2231/2250/2231
f 2237/2252/2233 2232/2254/2235 2238/2256/2237
f 2231/2250/2231 2228/2257/2238 2229/2258/2239 2233/2251/2232
f 2236/2255/2236 2230/2259/2240 2228/2257/2238 2231/2250/2231
f 2230/2259/2240 2238/2256/2237 2232/2254/2235 2228/2257/2238
f 2228/2257/2238 2232/2254/2235 2234/2253/2234 2229/2258/2239
f 2233/2251/2232 2229/2258/2239 2230/2259/2240 2236/2255/2236
f 2229/2258/2239 2234/2253/2234 2238/2256/2237 2230/2259/2240
f 2246/2260/2241 2242/2261/2242 2244/2262/2243
f 2248/2263/2244 2245/2264/2245 2243/2265/2246
f 2246/2260/2241 2244/2262/2243 2247/2266/2247
f 2248/2263/2244 2249/2267/2248 2245/2264/2245
f 2246/2260/2241 2247/2266/2247 2242/2261/2242
f 2248/2263/2244 2243/2265/2246 2249/2267/2248
f 2242/2261/2242 2239/2268/2249 2240/2269/2250 2244/2262/2243
f 2247/2266/2247 2241/2270/2251 2239/2268/2249 2242/2261/2242
f 2241/2270/2251 2249/2267/2248 2243/2265/2246 2239/2268/2249
f 2239/2268/2249 2243/2265/2246 2245/2264/2245 2240/2269/2250
f 2244/2262/2243 2240/2269/2250 2241/2270/2251 2247/2266/2247
f 2240/2269/2250 2245/2264/2245 2249/2267/2248 2241/2270/2251
f 2257/2271/2252 2253/2272/2253 2255/2273/2254
f 2259/2274/2255 2256/2275/2256 2254/2276/2257
f 2257/2271/2252 2255/2273/2254 2258/2277/2258
f 2259/2274/2255 2260/2278/2259 2256/2275/2256
f 2257/2271/2252 2258/2277/2258 2253/2272/2253
f 2259/2274/2255 2254/2276/2257 2260/2278/2259
f 2253/2272/2253 2250/2279/2260 2251/2280/2261 2255/2273/2254
f 2258/2277/2258 2252/2281/2262 2250/2279/2260 2253/2272/2253
f 2252/2281/2262 2260/2278/2259 2254/2276/2257 2250/2279/2260
f 2250/2279/2260 2254/2276/2257 2256/2275/2256 2251/2280/2261
f 2255/2273/2254 2251/2280/2261 2252/2281/2262 2258/2277/2258
f 2251/2280/2261 2256/2275/2256 2260/2278/2259 2252/2281/2262
f 2263/2062/2043 2264/2061/2042 2261/2282/2263 2262/2283/2264
f 2040/2072/2053 2041/2071/2052 2262/2283/2264 2261/2282/2263
f 2043/2060/2041 2040/2072/2053 2261/2282/2263 2264/2061/2042
f 2041/2071/2052 2042/2059/2040 2263/2062/2043 2262/2283/2264
f 2267/1347/2265 2266/1348/2266 2265/1349/2267 2268/1350/2268
f 2273/1351/2269 2272/1352/2270 2267/1347/2265 2268/1350/2268
f 2281/1353/2271 2280/1354/2272 2265/1349/2267 2266/1348/2266
f 2280/1354/2272 2273/1351/2269 2268/1350/2268 2265/1349/2267
f 2272/1352/2270 2281/1353/2271 2266/1348/2266 2267/1347/2265
f 2269/1355/2273 2284/1356/2274 2283/1357/2275 2270/1358/2276
f 2270/1358/2276 2283/1357/2275 2282/1359/2277 2271/1360/2278
f 2271/1360/2278 2282/1359/2277 2281/1353/2271 2272/1352/2270
f 2277/1361/2279 2276/1362/2280 2275/1363/2281 2278/1364/2282
f 2278/1364/2282 2275/1363/2281 2274/1365/2283 2279/1366/2284
f 2279/1366/2284 2274/1365/2283 2273/1351/2269 2280/1354/2272
f 2284/1356/2274 2277/1361/2279 2278/1364/2282 2283/1357/2275
f 2283/1357/2275 2278/1364/2282 2279/1366/2284 2282/1359/2277
f 2282/1359/2277 2279/1366/2284 2280/1354/2272 2281/1353/2271
f 2276/1362/2280 2269/1355/2273 2270/1358/2276 2275/1363/2281
f 2275/1363/2281 2270/1358/2276 2271/1360/2278 2274/1365/2283
f 2274/1365/2283 2271/1360/2278 2272/1352/2270 2273/1351/2269
f 2287/1367/2285 2288/1368/2286 2487/1369/2287 2486/1370/2288
f 2290/1371/2289 2291/1372/2290 2292/1373/2291 2289/1374/2292
f 2294/1375/2293 2292/1373/2291 2291/1372/2290 2293/1376/2294
f 2296/1377/2295 2294/1375/2293 2293/1376/2294 2295/1378/2296
f 2295/1378/2296 2290/1371/2289 2289/1374/2292 2296/1377/2295
f 2289/1374/2292 2292/1373/2291 2286/1379/2297 2285/1380/2298
f 2290/1371/2289 2295/1378/2296 2276/1362/2280 2277/1361/2279
f 2291/1372/2290 2290/1371/2289 2277/1361/2279 2284/1356/2274
f 2296/1377/2295 2289/1374/2292 2285/1380/2298 2288/1368/2286
f 2292/1373/2291 2294/1375/2293 2287/1367/2285 2286/1379/2297
f 2293/1376/2294 2291/1372/2290 2284/1356/2274 2269/1355/2273
f 2294/1375/2293 2296/1377/2295 2288/1368/2286 2287/1367/2285
f 2295/1378/2296 2293/1376/2294 2269/1355/2273 2276/1362/2280
f 2304/2284/2299 2300/2285/2300 2302/2286/2301
f 2306/2287/2302 2303/2288/2303 2301/2289/2304
f 2304/2284/2299 2302/2286/2301 2305/2290/2305
f 2306/2287/2302 2307/2291/2306 2303/2288/2303
f 2304/2284/2299 2305/2290/2305 2300/2285/2300
f 2306/2287/2302 2301/2289/2304 2307/2291/2306
f 2300/2285/2300 2297/2292/2307 2298/2293/2308 2302/2286/2301
f 2305/2290/2305 2299/2294/2309 2297/2292/2307 2300/2285/2300
f 2299/2294/2309 2307/2291/2306 2301/2289/2304 2297/2292/2307
f 2297/2292/2307 2301/2289/2304 2303/2288/2303 2298/2293/2308
f 2302/2286/2301 2298/2293/2308 2299/2294/2309 2305/2290/2305
f 2298/2293/2308 2303/2288/2303 2307/2291/2306 2299/2294/2309
f 2315/2295/2310 2311/2296/2311 2313/2297/2312
f 2317/2298/2313 2314/2299/2314 2312/2300/2315
f 2315/2295/2310 2313/2297/2312 2316/2301/2316
f 2317/2298/2313 2318/2302/2317 2314/2299/2314
f 2315/2295/2310 2316/2301/2316 2311/2296/2311
f 2317/2298/2313 2312/2300/2315 2318/2302/2317
f 2311/2296/2311 2308/2303/2318 2309/2304/2319 2313/2297/2312
f 2316/2301/2316 2310/2305/2320 2308/2303/2318 2311/2296/2311
f 2310/2305/2320 2318/2302/2317 2312/2300/2315 2308/2303/2318
f 2308/2303/2318 2312/2300/2315 2314/2299/2314 2309/2304/2319
f 2313/2297/2312 2309/2304/2319 2310/2305/2320 2316/2301/2316
f 2309/2304/2319 2314/2299/2314 2318/2302/2317 2310/2305/2320
f 2326/1392/2321 2322/1393/2322 2324/1394/2323
f 2328/1395/2324 2325/1396/2325 2323/1397/2326
f 2326/1392/2321 2324/1394/2323 2327/1398/2327
f 2328/1395/2324 2329/1399/2328 2325/1396/2325
f 2326/1392/2321 2327/1398/2327 2322/1393/2322
f 2328/1395/2324 2323/1397/2326 2329/1399/2328
f 2322/1393/2322 2319/1400/2329 2320/1401/2330 2324/1394/2323
f 2327/1398/2327 2321/1402/2331 2319/1400/2329 2322/1393/2322
f 2321/1402/2331 2329/1399/2328 2323/1397/2326 2319/1400/2329
f 2319/1400/2329 2323/1397/2326 2325/1396/2325 2320/1401/2330
f 2324/1394/2323 2320/1401/2330 2321/1402/2331 2327/1398/2327
f 2320/1401/2330 2325/1396/2325 2329/1399/2328 2321/1402/2331
f 2337/2306/2332 2333/2307/2333 2335/2308/2334
f 2339/2309/2335 2336/2310/2336 2334/2311/2337
f 2337/2306/2332 2335/2308/2334 2338/2312/2338
f 2339/2309/2335 2340/2313/2339 2336/2310/2336
f 2337/2306/2332 2338/2312/2338 2333/2307/2333
f 2339/2309/2335 2334/2311/2337 2340/2313/2339
f 2333/2307/2333 2330/2314/2340 2331/2315/2341 2335/2308/2334
f 2338/2312/2338 2332/2316/2342 2330/2314/2340 2333/2307/2333
f 2332/2316/2342 2340/2313/2339 2334/2311/2337 2330/2314/2340
f 2330/2314/2340 2334/2311/2337 2336/2310/2336 2331/2315/2341
f 2335/2308/2334 2331/2315/2341 2332/2316/2342 2338/2312/2338
f 2331/2315/2341 2336/2310/2336 2340/2313/2339 2332/2316/2342
f 2348/2317/2343 2344/2318/2344 2346/2319/2345
f 2350/2320/2346 2347/2321/2347 2345/2322/2348
f 2348/2317/2343 2346/2319/2345 2349/2323/2349
f 2350/2320/2346 2351/2324/2350 2347/2321/2347
f 2348/2317/2343 2349/2323/2349 2344/2318/2344
f 2350/2320/2346 2345/2322/2348 2351/2324/2350
f 2344/2318/2344 2341/2325/2351 2342/2326/2352 2346/2319/2345
f 2349/2323/2349 2343/2327/2353 2341/2325/2351 2344/2318/2344
f 2343/2327/2353 2351/2324/2350 2345/2322/2348 2341/2325/2351
f 2341/2325/2351 2345/2322/2348 2347/2321/2347 2342/2326/2352
f 2346/2319/2345 2342/2326/2352 2343/2327/2353 2349/2323/2349
f 2342/2326/2352 2347/2321/2347 2351/2324/2350 2343/2327/2353
f 2359/2328/2354 2355/2329/2355 2357/2330/2356
f 2361/2331/2357 2358/2332/2358 2356/2333/2359
f 2359/2328/2354 2357/2330/2356 2360/2334/2360
f 2361/2331/2357 2362/2335/2361 2358/2332/2358
f 2359/2328/2354 2360/2334/2360 2355/2329/2355
f 2361/2331/2357 2356/2333/2359 2362/2335/2361
f 2355/2329/2355 2352/2336/2362 2353/2337/2363 2357/2330/2356
f 2360/2334/2360 2354/2338/2364 2352/2336/2362 2355/2329/2355
f 2354/2338/2364 2362/2335/2361 2356/2333/2359 2352/2336/2362
f 2352/2336/2362 2356/2333/2359 2358/2332/2358 2353/2337/2363
f 2357/2330/2356 2353/2337/2363 2354/2338/2364 2360/2334/2360
f 2353/2337/2363 2358/2332/2358 2362/2335/2361 2354/2338/2364
f 2370/2339/2365 2366/2340/2366 2368/2341/2367
f 2372/2342/2368 2369/2343/2369 2367/2344/2370
f 2370/2339/2365 2368/2341/2367 2371/2345/2371
f 2372/2342/2368 2373/2346/2372 2369/2343/2369
f 2370/2339/2365 2371/2345/2371 2366/2340/2366
f 2372/2342/2368 2367/2344/2370 2373/2346/2372
f 2366/2340/2366 2363/2347/2373 2364/2348/2374 2368/2341/2367
f 2371/2345/2371 2365/2349/2375 2363/2347/2373 2366/2340/2366
f 2365/2349/2375 2373/2346/2372 2367/2344/2370 2363/2347/2373
f 2363/2347/2373 2367/2344/2370 2369/2343/2369 2364/2348/2374
f 2368/2341/2367 2364/2348/2374 2365/2349/2375 2371/2345/2371
f 2364/2348/2374 2369/2343/2369 2373/2346/2372 2365/2349/2375
f 2381/2350/2376 2377/2351/2377 2379/2352/2378
f 2383/2353/2379 2380/2354/2380 2378/2355/2381
f 2381/2350/2376 2379/2352/2378 2382/2356/2382
f 2383/2353/2379 2384/2357/2383 2380/2354/2380
f 2381/2350/2376 2382/2356/2382 2377/2351/2377
f 2383/2353/2379 2378/2355/2381 2384/2357/2383
f 2377/2351/2377 2374/2358/2384 2375/2359/2385 2379/2352/2378
f 2382/2356/2382 2376/2360/2386 2374/2358/2384 2377/2351/2377
f 2376/2360/2386 2384/2357/2383 2378/2355/2381 2374/2358/2384
f 2374/2358/2384 2378/2355/2381 2380/2354/2380 2375/2359/2385
f 2379/2352/2378 2375/2359/2385 2376/2360/2386 2382/2356/2382
f 2375/2359/2385 2380/2354/2380 2384/2357/2383 2376/2360/2386
f 2392/2361/2387 2388/2362/2388 2390/2363/2389
f 2394/2364/2390 2391/2365/2391 2389/2366/2392
f 2392/2361/2387 2390/2363/2389 2393/2367/2393
f 2394/2364/2390 2395/2368/2394 2391/2365/2391
f 2392/2361/2387 2393/2367/2393 2388/2362/2388
f 2394/2364/2390 2389/2366/2392 2395/2368/2394
f 2388/2362/2388 2385/2369/2395 2386/2370/2396 2390/2363/2389
f 2393/2367/2393 2387/2371/2397 2385/2369/2395 2388/2362/2388
f 2387/2371/2397 2395/2368/2394 2389/2366/2392 2385/2369/2395
f 2385/2369/2395 2389/2366/2392 2391/2365/2391 2386/2370/2396
f 2390/2363/2389 2386/2370/2396 2387/2371/2397 2393/2367/2393
f 2386/2370/2396 2391/2365/2391 2395/2368/2394 2387/2371/2397
f 2403/2372/2398 2399/2373/2399 2401/2374/2400
f 2405/2375/2401 2402/2376/2402 2400/2377/2403
f 2403/2372/2398 2401/2374/2400 2404/2378/2404
f 2405/2375/2401 2406/2379/2405 2402/2376/2402
f 2403/2372/2398 2404/2378/2404 2399/2373/2399
f 2405/2375/2401 2400/2377/2403 2406/2379/2405
f 2399/2373/2399 2396/2380/2406 2397/2381/2407 2401/2374/2400
f 2404/2378/2404 2398/2382/2408 2396/2380/2406 2399/2373/2399
f 2398/2382/2408 2406/2379/2405 2400/2377/2403 2396/2380/2406
f 2396/2380/2406 2400/2377/2403 2402/2376/2402 2397/2381/2407
f 2401/2374/2400 2397/2381/2407 2398/2382/2408 2404/2378/2404
f 2397/2381/2407 2402/2376/2402 2406/2379/2405 2398/2382/2408
f 2414/2383/2409 2410/2384/2410 2412/2385/2411
f 2416/2386/2412 2413/2387/2413 2411/2388/2414
f 2414/2383/2409 2412/2385/2411 2415/2389/2415
f 2416/2386/2412 2417/2390/2416 2413/2387/2413
f 2414/2383/2409 2415/2389/2415 2410/2384/2410
f 2416/2386/2412 2411/2388/2414 2417/2390/2416
f 2410/2384/2410 2407/2391/2417 2408/2392/2418 2412/2385/2411
f 2415/2389/2415 2409/2393/2419 2407/2391/2417 2410/2384/2410
f 2409/2393/2419 2417/2390/2416 2411/2388/2414 2407/2391/2417
f 2407/2391/2417 2411/2388/2414 2413/2387/2413 2408/2392/2418
f 2412/2385/2411 2408/2392/2418 2409/2393/2419 2415/2389/2415
f 2408/2392/2418 2413/2387/2413 2417/2390/2416 2409/2393/2419
f 2425/2394/2420 2421/2395/2421 2423/2396/2422
f 2427/2397/2423 2424/2398/2424 2422/2399/2425
f 2425/2394/2420 2423/2396/2422 2426/2400/2426
f 2427/2397/2423 2428/2401/2427 2424/2398/2424
f 2425/2394/2420 2426/2400/2426 2421/2395/2421
f 2427/2397/2423 2422/2399/2425 2428/2401/2427
f 2421/2395/2421 2418/2402/2428 2419/2403/2429 2423/2396/2422
f 2426/2400/2426 2420/2404/2430 2418/2402/2428 2421/2395/2421
f 2420/2404/2430 2428/2401/2427 2422/2399/2425 2418/2402/2428
f 2418/2402/2428 2422/2399/2425 2424/2398/2424 2419/2403/2429
f 2423/2396/2422 2419/2403/2429 2420/2404/2430 2426/2400/2426
f 2419/2403/2429 2424/2398/2424 2428/2401/2427 2420/2404/2430
f 2436/2405/2431 2432/2406/2432 2434/2407/2433
f 2438/2408/2434 2435/2409/2435 2433/2410/2436
f 2436/2405/2431 2434/2407/2433 2437/2411/2437
f 2438/2408/2434 2439/2412/2438 2435/2409/2435
f 2436/2405/2431 2437/2411/2437 2432/2406/2432
f 2438/2408/2434 2433/2410/2436 2439/2412/2438
f 2432/2406/2432 2429/2413/2439 2430/2414/2440 2434/2407/2433
f 2437/2411/2437 2431/2415/2441 2429/2413/2439 2432/2406/2432
f 2431/2415/2441 2439/2412/2438 2433/2410/2436 2429/2413/2439
f 2429/2413/2439 2433/2410/2436 2435/2409/2435 2430/2414/2440
f 2434/2407/2433 2430/2414/2440 2431/2415/2441 2437/2411/2437
f 2430/2414/2440 2435/2409/2435 2439/2412/2438 2431/2415/2441
f 2447/2416/2442 2443/2417/2443 2445/2418/2444
f 2449/2419/2445 2446/2420/2446 2444/2421/2447
f 2447/2416/2442 2445/2418/2444 2448/2422/2448
f 2449/2419/2445 2450/2423/2449 2446/2420/2446
f 2447/2416/2442 2448/2422/2448 2443/2417/2443
f 2449/2419/2445 2444/2421/2447 2450/2423/2449
f 2443/2417/2443 2440/2424/2450 2441/2425/2451 2445/2418/2444
f 2448/2422/2448 2442/2426/2452 2440/2424/2450 2443/2417/2443
f 2442/2426/2452 2450/2423/2449 2444/2421/2447 2440/2424/2450
f 2440/2424/2450 2444/2421/2447 2446/2420/2446 2441/2425/2451
f 2445/2418/2444 2441/2425/2451 2442/2426/2452 2448/2422/2448
f 2441/2425/2451 2446/2420/2446 2450/2423/2449 2442/2426/2452
f 2458/2427/2453 2454/2428/2454 2456/2429/2455
f 2460/2430/2456 2457/2431/2457 2455/2432/2458
f 2458/2427/2453 2456/2429/2455 2459/2433/2459
f 2460/2430/2456 2461/2434/2460 2457/2431/2457
f 2458/2427/2453 2459/2433/2459 2454/2428/2454
f 2460/2430/2456 2455/2432/2458 2461/2434/2460
f 2454/2428/2454 2451/2435/2461 2452/2436/2462 2456/2429/2455
f 2459/2433/2459 2453/2437/2463 2451/2435/2461 2454/2428/2454
f 2453/2437/2463 2461/2434/2460 2455/2432/2458 2451/2435/2461
f 2451/2435/2461 2455/2432/2458 2457/2431/2457 2452/2436/2462
f 2456/2429/2455 2452/2436/2462 2453/2437/2463 2459/2433/2459
f 2452/2436/2462 2457/2431/2457 2461/2434/2460 2453/2437/2463
f 2469/2438/2464 2465/2439/2465 2467/2440/2466
f 2471/2441/2467 2468/2442/2468 2466/2443/2469
f 2469/2438/2464 2467/2440/2466 2470/2444/2470
f 2471/2441/2467 2472/2445/2471 2468/2442/2468
f 2469/2438/2464 2470/2444/2470 2465/2439/2465
f 2471/2441/2467 2466/2443/2469 2472/2445/2471
f 2465/2439/2465 2462/2446/2472 2463/2447/2473 2467/2440/2466
f 2470/2444/2470 2464/2448/2474 2462/2446/2472 2465/2439/2465
f 2464/2448/2474 2472/2445/2471 2466/2443/2469 2462/2446/2472
f 2462/2446/2472 2466/2443/2469 2468/2442/2468 2463/2447/2473
f 2467/2440/2466 2463/2447/2473 2464/2448/2474 2470/2444/2470
f 2463/2447/2473 2468/2442/2468 2472/2445/2471 2464/2448/2474
f 2480/2449/2475 2476/2450/2476 2478/2451/2477
f 2482/2452/2478 2479/2453/2479 2477/2454/2480
f 2480/2449/2475 2478/2451/2477 2481/2455/2481
f 2482/2452/2478 2483/2456/2482 2479/2453/2479
f 2480/2449/2475 2481/2455/2481 2476/2450/2476
f 2482/2452/2478 2477/2454/2480 2483/2456/2482
f 2476/2450/2476 2473/2457/2483 2474/2458/2484 2478/2451/2477
f 2481/2455/2481 2475/2459/2485 2473/2457/2483 2476/2450/2476
f 2475/2459/2485 2483/2456/2482 2477/2454/2480 2473/2457/2483
f 2473/2457/2483 2477/2454/2480 2479/2453/2479 2474/2458/2484
f 2478/2451/2477 2474/2458/2484 2475/2459/2485 2481/2455/2481
f 2474/2458/2484 2479/2453/2479 2483/2456/2482 2475/2459/2485
f 2486/1370/2288 2487/1369/2287 2484/1502/2486 2485/1503/2487
f 2285/1380/2298 2286/1379/2297 2485/1503/2487 2484/1502/2486
f 2288/1368/2286 2285/1380/2298 2484/1502/2486 2487/1369/2287
f 2286/1379/2297 2287/1367/2285 2486/1370/2288 2485/1503/2487
f 2510/1504/2488 2509/1505/2489 2518/1506/2490 2517/1507/2491
f 2488/1508/2492 2489/1509/2493 2513/1510/2494 2512/1511/2495
f 2504/1512/2496 2488/1508/2492 2512/1511/2495 2511/1513/2497
f 2523/1514/2498 2504/1512/2496 2511/1513/2497 2526/1515/2499
f 2509/1505/2489 2508/1516/2500 2519/1517/2501 2518/1506/2490
f 2524/1518/2502 2510/1504/2488 2517/1507/2491 2527/1519/2503
f 2523/1514/2498 2499/1520/2504 2498/1521/2505 2521/1522/2506
f 2524/1518/2502 2503/1523/2507 2502/1524/2508 2526/1515/2499
f 2525/1525/2509 2501/1526/2510 2500/1527/2511 2527/1519/2503
f 2498/1521/2505 2499/1520/2504 2502/1524/2508 2503/1523/2507 2500/1527/2511 2501/1526/2510 2496/1528/2512 2497/1529/2513
f 2525/1525/2509 2516/1530/2514 2495/1531/2515 2520/1532/2516
f 2516/1530/2514 2515/1533/2517 2494/1534/2518 2495/1531/2515
f 2515/1533/2517 2514/1535/2519 2493/1536/2520 2494/1534/2518
f 2522/1537/2521 2490/1538/2522 2505/1539/2523 2521/1522/2506
f 2490/1538/2522 2491/1540/2524 2506/1541/2525 2505/1539/2523
f 2491/1540/2524 2492/1542/2526 2507/1543/2527 2506/1541/2525
f 2514/1535/2519 2515/1533/2517 2518/1506/2490 2519/1517/2501
f 2515/1533/2517 2516/1530/2514 2517/1507/2491 2518/1506/2490
f 2508/1516/2500 2509/1505/2489 2512/1511/2495 2513/1510/2494
f 2509/1505/2489 2510/1504/2488 2511/1513/2497 2512/1511/2495
f 2489/1509/2493 2488/1508/2492 2506/1541/2525 2507/1543/2527
f 2488/1508/2492 2504/1512/2496 2505/1539/2523 2506/1541/2525
f 2520/1532/2516 2495/1531/2515 2490/1538/2522 2522/1537/2521
f 2495/1531/2515 2494/1534/2518 2491/1540/2524 2490/1538/2522
f 2494/1534/2518 2493/1536/2520 2492/1542/2526 2491/1540/2524
f 2496/1528/2512 2520/1532/2516 2522/1537/2521 2497/1529/2513
f 2497/1529/2513 2522/1537/2521 2521/1522/2506 2498/1521/2505
f 2501/1526/2510 2525/1525/2509 2520/1532/2516 2496/1528/2512
f 2516/1530/2514 2525/1525/2509 2527/1519/2503 2517/1507/2491
f 2510/1504/2488 2524/1518/2502 2526/1515/2499 2511/1513/2497
f 2504/1512/2496 2523/1514/2498 2521/1522/2506 2505/1539/2523
f 2503/1523/2507 2524/1518/2502 2527/1519/2503 2500/1527/2511
f 2499/1520/2504 2523/1514/2498 2526/1515/2499 2502/1524/2508
f 2531/1544/2528 2528/1545/2529 2529/1546/2530 2530/1547/2531
f 2535/1548/2532 2532/1549/2533 2533/1550/2534 2534/1551/2535
f 2543/1552/2536 2540/1553/2537 2541/1554/2538 2542/1555/2539
f 2539/1556/2540 2536/1557/2541 2537/1558/2542 2538/1559/2543
f 2528/1545/2529 2535/1548/2532 2534/1551/2535 2529/1546/2530
f 2536/1557/2541 2531/1544/2528 2530/1547/2531 2537/1558/2542
f 2538/1559/2543 2541/1554/2538 2540/1553/2537 2539/1556/2540
f 2542/1555/2539 2533/1550/2534 2532/1549/2533 2543/1552/2536
f 2492/1542/2526 2529/1546/2530 2534/1551/2535 2507/1543/2527
f 2493/1536/2520 2530/1547/2531 2529/1546/2530 2492/1542/2526
f 2514/1535/2519 2537/1558/2542 2530/1547/2531 2493/1536/2520
f 2533/1550/2534 2489/1509/2493 2507/1543/2527 2534/1551/2535
f 2489/1509/2493 2533/1550/2534 2542/1555/2539 2513/1510/2494
f 2537/1558/2542 2514/1535/2519 2519/1517/2501 2538/1559/2543
f 2508/1516/2500 2541/1554/2538 2538/1559/2543 2519/1517/2501
f 2541/1554/2538 2508/1516/2500 2513/1510/2494 2542/1555/2539
f 2531/1544/2528 2536/1557/2541 2539/1556/2540 2540/1553/2537 2543/1552/2536 2532/1549/2533 2535/1548/2532 2528/1545/2529
f 2566/1504/2544 2565/1505/2545 2574/1506/2546 2573/1507/2547
f 2544/1508/2548 2545/1509/2549 2569/1510/2550 2568/1511/2551
f 2560/1512/2552 2544/1508/2548 2568/1511/2551 2567/1513/2553
f 2579/1514/2554 2560/1512/2552 2567/1513/2553 2582/1515/2555
f 2565/1505/2545 2564/1516/2556 2575/1517/2557 2574/1506/2546
f 2580/1518/2558 2566/1504/2544 2573/1507/2547 2583/1519/2559
f 2579/1514/2554 2555/1520/2560 2554/1521/2561 2577/1522/2562
f 2580/1518/2558 2559/1523/2563 2558/1524/2564 2582/1515/2555
f 2581/1525/2565 2557/1526/2566 2556/1527/2567 2583/1519/2559
f 2554/1521/2561 2555/1520/2560 2558/1524/2564 2559/1523/2563 2556/1527/2567 2557/1526/2566 2552/1528/2568 2553/1529/2569
f 2581/1525/2565 2572/1530/2570 2551/1531/2571 2576/1532/2572
f 2572/1530/2570 2571/1533/2573 2550/1534/2574 2551/1531/2571
f 2571/1533/2573 2570/1535/2575 2549/1536/2576 2550/1534/2574
f 2578/1537/2577 2546/1538/2578 2561/1539/2579 2577/1522/2562
f 2546/1538/2578 2547/1540/2580 2562/1541/2581 2561/1539/2579
f 2547/1540/2580 2548/1542/2582 2563/1543/2583 2562/1541/2581
f 2570/1535/2575 2571/1533/2573 2574/1506/2546 2575/1517/2557
f 2571/1533/2573 2572/1530/2570 2573/1507/2547 2574/1506/2546
f 2564/1516/2556 2565/1505/2545 2568/1511/2551 2569/1510/2550
f 2565/1505/2545 2566/1504/2544 2567/1513/2553 2568/1511/2551
f 2545/1509/2549 2544/1508/2548 2562/1541/2581 2563/1543/2583
f 2544/1508/2548 2560/1512/2552 2561/1539/2579 2562/1541/2581
f 2576/1532/2572 2551/1531/2571 2546/1538/2578 2578/1537/2577
f 2551/1531/2571 2550/1534/2574 2547/1540/2580 2546/1538/2578
f 2550/1534/2574 2549/1536/2576 2548/1542/2582 2547/1540/2580
f 2552/1528/2568 2576/1532/2572 2578/1537/2577 2553/1529/2569
f 2553/1529/2569 2578/1537/2577 2577/1522/2562 2554/1521/2561
f 2557/1526/2566 2581/1525/2565 2576/1532/2572 2552/1528/2568
f 2572/1530/2570 2581/1525/2565 2583/1519/2559 2573/1507/2547
f 2566/1504/2544 2580/1518/2558 2582/1515/2555 2567/1513/2553
f 2560/1512/2552 2579/1514/2554 2577/1522/2562 2561/1539/2579
f 2559/1523/2563 2580/1518/2558 2583/1519/2559 2556/1527/2567
f 2555/1520/2560 2579/1514/2554 2582/1515/2555 2558/1524/2564
f 2587/1544/2584 2584/1545/2585 2585/1546/2586 2586/1547/2587
f 2591/1548/2588 2588/1549/2589 2589/1550/2590 2590/1551/2591
f 2599/1552/2592 2596/1553/2593 2597/1554/2594 2598/1555/2595
f 2595/1556/2596 2592/1557/2597 2593/1558/2598 2594/1559/2599
f 2584/1545/2585 2591/1548/2588 2590/1551/2591 2585/1546/2586
f 2592/1557/2597 2587/1544/2584 2586/1547/2587 2593/1558/2598
f 2594/1559/2599 2597/1554/2594 2596/1553/2593 2595/1556/2596
f 2598/1555/2595 2589/1550/2590 2588/1549/2589 2599/1552/2592
f 2548/1542/2582 2585/1546/2586 2590/1551/2591 2563/1543/2583
f 2549/1536/2576 2586/1547/2587 2585/1546/2586 2548/1542/2582
f 2570/1535/2575 2593/1558/2598 2586/1547/2587 2549/1536/2576
f 2589/1550/2590 2545/1509/2549 2563/1543/2583 2590/1551/2591
f 2545/1509/2549 2589/1550/2590 2598/1555/2595 2569/1510/2550
f 2593/1558/2598 2570/1535/2575 2575/1517/2557 2594/1559/2599
f 2564/1516/2556 2597/1554/2594 2594/1559/2599 2575/1517/2557
f 2597/1554/2594 2564/1516/2556 2569/1510/2550 2598/1555/2595
f 2587/1544/2584 2592/1557/2597 2595/1556/2596 2596/1553/2593 2599/1552/2592 2588/1549/2589 2591/1548/2588 2584/1545/2585
f 2603/77/2600 2607/78/2601 2608/79/2602 2604/80/2603
f 2605/81/2604 2608/79/2602 2607/78/2601 2606/82/2605
f 2612/83/2606 2600/84/2607 2613/85/2608
f 2614/86/2609 2606/82/2605 2607/78/2601 2613/85/2608
f 2609/87/2610 2610/88/2611 2611/89/2612
f 2605/81/2604 2602/90/2613 2611/89/2612 2610/88/2611 2608/79/2602
f 2601/91/2614 2604/80/2603 2608/79/2602 2610/88/2611 2609/87/2610
f 2600/84/2607 2614/86/2609 2613/85/2608
f 2603/77/2600 2612/83/2606 2613/85/2608 2607/78/2601
