# Blender 4.5.5 LTS
# www.blender.org
o SM_RiceCrop_Ripening.003
v -0.213645 1.418327 0.013016
v -0.137086 1.839708 -0.027059
v -0.151590 0.563480 0.080661
v -0.165688 1.414063 0.025944
v -0.093152 1.831104 -0.016754
v -0.080270 1.827178 -0.034821
v -0.150331 1.411986 0.006689
v -0.125493 0.563382 0.052656
v -0.075161 -0.082671 0.050441
v -0.103336 -0.082671 0.080312
v -0.151114 -0.082671 0.081708
v -0.180985 -0.082671 0.053532
v -0.106428 -0.082671 -0.025512
v -0.076557 -0.082671 0.002663
v -0.182381 -0.082671 0.005755
v -0.154206 -0.082671 -0.024117
v -0.224145 0.563737 0.055603
v -0.196134 0.563639 0.081992
v -0.194277 1.416928 0.028803
v -0.118800 1.836762 -0.013250
v -0.128689 1.834988 -0.071326
v -0.201593 1.415745 -0.035050
v -0.199617 0.563663 -0.017159
v -0.225714 0.563748 0.010837
v -0.216946 1.417793 -0.015813
v -0.141571 1.838911 -0.053267
v -0.084715 1.826372 -0.061050
v -0.153644 1.411455 -0.022134
v -0.127072 0.563390 0.007890
v -0.155087 0.563501 -0.018489
v -0.173018 1.412885 -0.037901
v -0.103002 1.829323 -0.074849
v -0.115466 0.246179 0.050892
v -0.188648 0.238084 0.081187
v -0.142605 0.243119 0.079842
v -0.217441 0.235026 0.053867
v -0.191646 0.238084 -0.021405
v -0.116824 0.246180 0.004577
v -0.218794 0.235026 0.007549
v -0.145608 0.243120 -0.022747
v 0.278243 2.844236 -0.131531
v 0.272790 2.852505 -0.118650
v 0.259590 2.865474 -0.116733
v 0.249016 2.872927 -0.127298
v 0.244664 2.872070 -0.146572
v 0.249966 2.863625 -0.159442
v 0.263169 2.850655 -0.161337
v 0.273894 2.843377 -0.150783
v 0.525783 3.060652 -0.207018
v 0.525301 3.071371 -0.195386
v 0.518996 3.086213 -0.194137
v 0.511796 3.093585 -0.204278
v 0.507368 3.092244 -0.222963
v 0.508833 3.082683 -0.235251
v 0.515175 3.067810 -0.236477
v 0.521367 3.059271 -0.225671
v 0.738431 3.156775 -0.259756
v 0.738342 3.171485 -0.260390
v 0.735413 3.170846 -0.274805
v 0.735502 3.156136 -0.274171
v 0.196741 2.704274 -0.104484
v 0.137284 2.565698 -0.094123
v 0.146088 2.560068 -0.108078
v 0.205053 2.699614 -0.117994
v 0.164999 2.714857 -0.111511
v 0.104250 2.578904 -0.101332
v 0.118403 2.574200 -0.091087
v 0.178665 2.711166 -0.101558
v 0.200681 2.698741 -0.137269
v 0.141612 2.559164 -0.127945
v 0.127405 2.563727 -0.138155
v 0.187086 2.702386 -0.147208
v 0.169007 2.709276 -0.144281
v 0.108516 2.572233 -0.135102
v 0.099769 2.578002 -0.121186
v 0.160623 2.713983 -0.130786
v -0.728575 0.986703 -0.153563
v -0.193959 0.323621 0.055048
v -0.168499 0.328225 -0.010438
v -0.388653 0.817990 0.047755
v -0.299300 0.724297 0.055662
v -0.266171 0.729404 -0.072250
v -0.331795 0.811271 -0.059718
v -0.411961 0.819318 -0.028276
v -0.322716 0.684128 -0.015497
v -0.183561 0.289833 0.037180
v -0.226316 0.298075 0.019046
v -0.171096 0.292784 0.004946
v -0.523316 0.907537 -0.043618
v -0.498983 0.870448 -0.079506
v -0.492824 0.916365 -0.090651
v 0.375606 1.211887 -0.442813
v -0.056877 0.778125 -0.047562
v -0.017736 0.786307 0.010577
v 0.104040 1.305217 -0.215098
v 0.024645 1.157605 -0.148073
v 0.109459 1.164876 -0.048848
v 0.185867 1.307276 -0.123988
v 0.133670 1.247430 -0.162467
v 0.074893 1.098529 -0.105041
v -0.053269 0.743841 -0.023871
v -0.020965 0.735714 -0.039261
v -0.033864 0.748582 0.004594
v 0.259349 1.338412 -0.319774
v 0.253463 1.295705 -0.283063
v 0.296621 1.339669 -0.276464
v -0.482913 1.159323 0.433943
v -0.178760 0.519748 0.070503
v -0.229472 0.529436 0.047180
v -0.261035 1.014947 0.269054
v -0.206294 0.943094 0.197908
v -0.306648 0.954584 0.160922
v -0.320514 1.046369 0.196107
v -0.312344 0.983539 0.241249
v -0.256425 0.895005 0.186128
v -0.187887 0.481042 0.057928
v -0.208234 0.490937 0.082285
v -0.212941 0.486619 0.046569
v -0.366060 1.117706 0.344927
v -0.377114 1.075090 0.327814
v -0.386973 1.125409 0.304666
v -0.623714 2.515866 -0.333102
v -0.214410 0.348250 0.020201
v -0.140484 0.374780 -0.010851
v -0.437028 1.704934 -0.083675
v -0.324249 1.067342 0.011307
v -0.189144 1.113920 -0.061447
v -0.313093 1.748376 -0.151765
v -0.386746 1.658852 -0.155156
v -0.268589 1.021273 -0.064935
v -0.188068 0.293145 0.008561
v -0.197683 0.317719 -0.033390
v -0.151799 0.307422 -0.006663
v -0.508222 2.189567 -0.198242
v -0.492936 2.136649 -0.242113
v -0.450276 2.207851 -0.230092
v 0.188467 1.328885 0.139255
v 0.309397 1.732192 0.227283
v 0.103341 0.474091 0.103608
v 0.212004 1.316021 0.181275
v 0.331624 1.715838 0.264011
v 0.353105 1.710439 0.259866
v 0.236221 1.312063 0.178312
v 0.141439 0.470573 0.102369
v 0.117661 -0.174057 0.040644
v 0.076780 -0.170349 0.041712
v 0.042716 -0.162241 0.009176
v 0.042212 -0.156100 -0.031422
v 0.150391 -0.165912 -0.034249
v 0.150895 -0.172054 0.006349
v 0.075446 -0.154097 -0.065717
v 0.116327 -0.157805 -0.066785
v 0.071090 0.487660 0.035285
v 0.071577 0.481805 0.073319
v 0.190439 1.323617 0.163641
v 0.311893 1.725659 0.249302
v 0.346455 1.727745 0.201606
v 0.230973 1.326060 0.113810
v 0.140142 0.486085 0.001739
v 0.102050 0.489592 0.002971
v 0.206769 1.329987 0.116758
v 0.324978 1.733141 0.205744
v 0.368729 1.711374 0.238341
v 0.254510 1.313171 0.155811
v 0.172390 0.472503 0.070047
v 0.171895 0.478370 0.032020
v 0.252523 1.318469 0.131440
v 0.366226 1.717911 0.216329
v 0.120085 0.156601 0.061292
v 0.047000 0.160009 0.029893
v 0.080296 0.157153 0.061992
v 0.046345 0.162924 -0.009804
v 0.118362 0.164310 -0.043748
v 0.152299 0.158544 0.028043
v 0.078564 0.164866 -0.043051
v 0.151653 0.161456 -0.011651
v 0.678016 2.531168 0.527487
v 0.550478 2.240824 0.427361
v 0.564598 2.235827 0.423883
v 0.688028 2.527488 0.524628
v 0.667360 2.541923 0.510386
v 0.535735 2.255459 0.403436
v 0.537476 2.249713 0.418132
v 0.668689 2.537691 0.521061
v 0.695171 2.527887 0.513514
v 0.574745 2.236430 0.408902
v 0.572951 2.242115 0.394173
v 0.693865 2.532081 0.502875
v 0.684536 2.538604 0.496447
v 0.559896 2.250982 0.384957
v 0.545841 2.256040 0.388468
v 0.674499 2.542323 0.499271
v 0.106126 0.584387 0.734213
v 0.135871 0.123705 0.003866
v 0.078415 0.152408 -0.022657
v 0.175692 0.939749 0.381139
v 0.195499 0.686906 0.197505
v 0.080152 0.736326 0.156758
v 0.066686 0.993350 0.388746
v 0.102868 0.909293 0.361726
v 0.117312 0.650356 0.193078
v 0.114198 0.081874 -0.016070
v 0.092382 0.096401 0.015167
v 0.086033 0.096974 -0.028877
v 0.145108 0.815039 0.534472
v 0.108000 0.812225 0.490068
v 0.093652 0.820196 0.557090
v 1.203572 2.007360 -0.313574
v 1.192638 2.014779 -0.307470
v 1.198151 2.012739 -0.292790
v 1.208921 2.004622 -0.298658
v 0.799557 2.949912 -0.340698
v 0.971442 2.876075 -0.386880
v 1.156781 2.594468 -0.377517
v 1.241635 2.242678 -0.325419
v 1.255092 2.245556 -0.335063
v 1.166895 2.605164 -0.390396
v 0.979427 2.882245 -0.395716
v 0.807233 2.961888 -0.350762
v 0.798378 2.955150 -0.362883
v 0.971053 2.878007 -0.408559
v 1.156908 2.597939 -0.400979
v 1.246198 2.244784 -0.348342
v 1.232279 2.244030 -0.339118
v 1.147985 2.589924 -0.389242
v 0.963159 2.871080 -0.399613
v 0.791153 2.943646 -0.353018
v 0.418835 2.939081 -0.232458
v 0.424663 2.922292 -0.221874
v 0.425814 2.934233 -0.204728
v 0.420006 2.951016 -0.215121
v 0.510030 2.970948 -0.269509
v 0.639035 2.984777 -0.313474
v 0.638699 2.972739 -0.302901
v 0.508371 2.958163 -0.259909
v 0.641578 2.981996 -0.289075
v 0.510848 2.967731 -0.248790
v 0.642014 2.994114 -0.300160
v 0.512540 2.980521 -0.258105
v 1.137439 2.442300 -0.312621
v 1.180324 2.415608 -0.359709
v 1.115368 2.446367 -0.374792
v 1.146992 2.494802 -0.326930
v 1.124054 2.381966 -0.314478
v 1.182148 2.472252 -0.365359
v 1.159391 2.359891 -0.353208
v 1.165327 2.550511 -0.371078
v 1.133882 2.495169 -0.380081
v 1.116370 2.317585 -0.345865
v 1.110951 2.382328 -0.367634
v 1.075162 2.565919 -0.324319
v 1.129192 2.534680 -0.359602
v 1.066678 2.564521 -0.388507
v 1.085448 2.618065 -0.338122
v 1.066649 2.502832 -0.326891
v 1.130192 2.592349 -0.367363
v 1.110829 2.477247 -0.355752
v 1.110323 2.670625 -0.378539
v 1.083937 2.613138 -0.391412
v 1.069899 2.432768 -0.355612
v 1.064673 2.498605 -0.380070
v 1.012588 2.663302 -0.333889
v 1.064070 2.664857 -0.391464
v 0.984882 2.686308 -0.406107
v 1.012429 2.730258 -0.339074
v 1.010069 2.590526 -0.348759
v 1.054481 2.731645 -0.386240
v 1.052908 2.592986 -0.396887
v 1.018750 2.811475 -0.375182
v 0.995875 2.746914 -0.400763
v 1.015542 2.527290 -0.399825
v 0.993369 2.610283 -0.411402
v 0.879920 2.839044 -0.318646
v 0.901491 2.836942 -0.374329
v 0.843750 2.835144 -0.361927
v 0.871193 2.880240 -0.327540
v 0.883194 2.789026 -0.322662
v 0.888852 2.879004 -0.373432
v 0.901067 2.786391 -0.368236
v 0.857941 2.927351 -0.362486
v 0.844941 2.876914 -0.366777
v 0.882813 2.736326 -0.353026
v 0.856945 2.786473 -0.362166
v 0.797146 2.860626 -0.327168
v 0.839647 2.866383 -0.370933
v 0.778073 2.873709 -0.381019
v 0.795149 2.903565 -0.327712
v 0.798279 2.814796 -0.342572
v 0.830063 2.908682 -0.363804
v 0.833237 2.819163 -0.378440
v 0.799448 2.958766 -0.352075
v 0.784315 2.914294 -0.374052
v 0.806124 2.774302 -0.383897
v 0.787560 2.825789 -0.389089
v 0.663916 2.887871 -0.297208
v 0.726026 2.874014 -0.297124
v 0.692369 2.880595 -0.346435
v 0.673605 2.925601 -0.303094
v 0.664469 2.841624 -0.301675
v 0.724618 2.914342 -0.303032
v 0.715457 2.829580 -0.301325
v 0.707763 2.964566 -0.320789
v 0.701864 2.918582 -0.341561
v 0.689676 2.789470 -0.318324
v 0.692766 2.834098 -0.339997
v 1.294089 -0.077486 -0.245081
v 1.325907 -0.025641 -0.287835
v 1.325785 -0.094476 -0.300976
v 1.257769 -0.077330 -0.272622
v 1.346260 -0.077747 -0.229666
v 1.283240 -0.034587 -0.308065
v 1.372589 -0.035129 -0.264763
v 1.229757 -0.067368 -0.329376
v 1.285195 -0.085467 -0.320746
v 1.415609 -0.068567 -0.240534
v 1.374663 -0.086135 -0.277312
v 1.192323 1.972294 -0.261760
v 1.202649 1.966003 -0.320252
v 1.153735 1.988728 -0.298649
v 1.204603 2.008927 -0.269279
v 1.170027 1.933140 -0.266572
v 1.212989 2.003590 -0.317235
v 1.178764 1.928929 -0.315179
v 1.213006 2.055152 -0.302606
v 1.175569 2.021194 -0.303978
v 1.141336 1.898164 -0.298330
v 1.140902 1.946034 -0.301417
v 2.183427 -0.089192 -0.246084
v 2.203475 -0.035931 -0.274766
v 2.204622 -0.094327 -0.297282
v 2.151686 -0.086940 -0.266590
v 2.226982 -0.087547 -0.236762
v 2.168646 -0.043069 -0.289801
v 2.243453 -0.043591 -0.260384
v 2.124412 -0.072639 -0.309943
v 2.169876 -0.086647 -0.309573
v 2.280358 -0.073576 -0.249553
v 2.245596 -0.086320 -0.279573
v 1.174523 2.206418 -0.263721
v 1.198911 2.164228 -0.315963
v 1.149846 2.223070 -0.324822
v 1.201901 2.241803 -0.279302
v 1.139055 2.166528 -0.264466
v 1.221858 2.207374 -0.322272
v 1.159155 2.132199 -0.307579
v 1.234342 2.278229 -0.325859
v 1.185006 2.250813 -0.332272
v 1.104257 2.119134 -0.295670
v 1.122085 2.174722 -0.317099
v 1.259171 2.046210 -0.337329
v 1.208462 2.028991 -0.309891
v 1.255664 2.055256 -0.282571
v 1.244512 2.082579 -0.338032
v 1.270816 2.006370 -0.321810
v 1.202855 2.069043 -0.315712
v 1.229094 1.992337 -0.299271
v 1.212655 2.124536 -0.319498
v 1.236589 2.087285 -0.292099
v 1.266995 1.964818 -0.284455
v 1.263073 2.011836 -0.276273
v 2.008232 -0.087910 -0.433229
v 1.983320 -0.040215 -0.405709
v 1.962697 -0.094259 -0.385249
v 2.037515 -0.087562 -0.406626
v 1.962523 -0.085244 -0.450053
v 2.017531 -0.048524 -0.384298
v 1.941883 -0.045906 -0.427281
v 2.057844 -0.075476 -0.357673
v 1.999792 -0.087857 -0.366497
v 1.899065 -0.070056 -0.445816
v 1.923701 -0.085409 -0.409462
v 1.251081 2.234873 -0.400122
v 1.194574 2.248059 -0.393517
v 1.226903 2.202367 -0.354313
v 1.255183 2.265355 -0.375390
v 1.235538 2.194526 -0.417349
v 1.208821 2.276084 -0.369995
v 1.188921 2.205524 -0.411853
v 1.238819 2.298893 -0.334173
v 1.230735 2.241438 -0.338972
v 1.197276 2.151699 -0.420510
v 1.211058 2.170317 -0.380806
v 1.796167 -0.043397 -0.328740
v 1.827894 -0.095295 -0.346763
v 1.766402 -0.090956 -0.311285
v 1.761273 -0.051967 -0.356499
v 1.830550 -0.049346 -0.294592
v 1.787029 -0.094634 -0.371407
v 1.858305 -0.091085 -0.309690
v 1.720228 -0.087412 -0.390183
v 1.741318 -0.094374 -0.344439
v 1.867036 -0.081428 -0.261995
v 1.811121 -0.090959 -0.283013
v 0.212474 2.776317 -0.160715
v 0.225678 2.760035 -0.152681
v 0.222962 2.768943 -0.131967
v 0.209792 2.785190 -0.139798
v 1.423476 2.407651 -0.078378
v 1.409413 2.409783 -0.075289
v 1.411070 2.405464 -0.060167
v 1.425167 2.402579 -0.063212
v 0.737854 3.170691 -0.086065
v 0.930341 3.163119 -0.081536
v 1.192739 2.952831 -0.055711
v 1.378138 2.638276 -0.036905
v 1.391808 2.647294 -0.040673
v 1.201548 2.968994 -0.062319
v 0.937733 3.173424 -0.085902
v 0.743264 3.186592 -0.090704
v 0.740998 3.181199 -0.106082
v 0.935217 3.170664 -0.101364
v 1.198021 2.962420 -0.076751
v 1.387727 2.647700 -0.056140
v 1.373012 2.640623 -0.052566
v 1.189648 2.949367 -0.070339
v 0.928142 3.159656 -0.096991
v 0.735882 3.165912 -0.101393
v 0.371133 3.025198 -0.119681
v 0.379369 3.008489 -0.110692
v 0.371537 3.015166 -0.092472
v 0.363268 3.031824 -0.101278
v 0.451721 3.090031 -0.117019
v 0.574398 3.150665 -0.110663
v 0.575447 3.136616 -0.103025
v 0.452112 3.075188 -0.110861
v 0.571009 3.142202 -0.087720
v 0.447942 3.081682 -0.098142
v 0.570161 3.156491 -0.095783
v 0.447501 3.096461 -0.104024
v 1.115166 2.889350 -0.039598
v 1.184147 2.885198 -0.058687
v 1.125536 2.903086 -0.102031
v 1.109822 2.944001 -0.040089
v 1.130402 2.829550 -0.055439
v 1.166900 2.940711 -0.055891
v 1.186825 2.826120 -0.071064
v 1.124648 3.010313 -0.060033
v 1.124710 2.953478 -0.090635
v 1.165745 2.773687 -0.092514
v 1.144597 2.839512 -0.105927
v 1.184070 -0.098720 -0.020526
v 1.214978 -0.010596 -0.027575
v 1.233060 -0.068260 -0.080867
v 1.144859 -0.090245 -0.052753
v 1.243093 -0.093579 0.001696
v 1.168978 -0.018827 -0.058607
v 1.270489 -0.020158 -0.003876
v 1.115756 -0.051568 -0.106465
v 1.183935 -0.058414 -0.101021
v 1.325161 -0.055578 0.006210
v 1.286847 -0.061100 -0.045691
v 1.027510 2.964209 -0.053850
v 1.088759 2.995600 -0.088934
v 1.014275 2.997242 -0.126279
v 1.005260 3.027257 -0.047528
v 1.054868 2.900486 -0.080586
v 1.055287 3.053042 -0.076292
v 1.105484 2.927741 -0.109787
v 0.992226 3.113628 -0.065137
v 1.001379 3.054698 -0.107436
v 1.095889 2.857588 -0.136385
v 1.050025 2.931002 -0.140908
v 0.890063 3.068970 -0.122844
v 0.957653 3.068063 -0.109622
v 0.920920 3.103385 -0.162045
v 0.884054 3.111174 -0.105780
v 0.909876 3.027585 -0.150220
v 0.938939 3.111266 -0.094925
v 0.966039 3.025167 -0.139141
v 0.901636 3.166835 -0.090526
v 0.914669 3.137150 -0.134955
v 0.956599 2.994038 -0.183311
v 0.940666 3.054800 -0.179690
v 1.089433 -0.097802 -0.062706
v 1.090328 -0.043601 -0.054784
v 1.097599 -0.066873 -0.103461
v 1.052565 -0.092887 -0.071531
v 1.133934 -0.092010 -0.061272
v 1.053011 -0.048226 -0.065057
v 1.135034 -0.047569 -0.054709
v 1.010930 -0.065755 -0.088981
v 1.058722 -0.063298 -0.102685
v 1.180766 -0.063497 -0.068074
v 1.140796 -0.062649 -0.092334
v 0.842783 3.084988 -0.056382
v 0.878007 3.104154 -0.100679
v 0.823537 3.083033 -0.109510
v 0.822916 3.122918 -0.060744
v 0.864379 3.040908 -0.067297
v 0.851665 3.139137 -0.097211
v 0.893725 3.055812 -0.103629
v 0.804012 3.172093 -0.089740
v 0.811252 3.123162 -0.106610
v 0.890818 3.000475 -0.104251
v 0.852519 3.041937 -0.113280
v 1.126188 -0.082221 -0.089295
v 1.131106 -0.026377 -0.114035
v 1.104836 -0.075289 -0.143433
v 1.084718 -0.072593 -0.083329
v 1.169222 -0.087314 -0.110767
v 1.088381 -0.026563 -0.103717
v 1.173625 -0.041527 -0.131058
v 1.032126 -0.045133 -0.095130
v 1.068545 -0.061814 -0.128074
v 1.207726 -0.075214 -0.152959
v 1.152822 -0.076297 -0.155592
v 0.626297 3.063918 -0.103194
v 0.686780 3.068452 -0.083934
v 0.667746 3.078487 -0.140011
v 0.623326 3.102975 -0.098985
v 0.644254 3.022675 -0.114839
v 0.672961 3.106814 -0.083152
v 0.694064 3.025705 -0.098879
v 0.645056 3.153196 -0.097004
v 0.661581 3.114812 -0.125892
v 0.689688 2.986166 -0.130183
v 0.682681 3.034015 -0.141683
v 0.562981 3.020322 -0.111827
v 0.620828 3.053333 -0.110354
v 0.582677 3.046865 -0.162511
v 0.543763 3.058620 -0.108263
v 0.594377 2.984685 -0.127421
v 0.591096 3.086449 -0.107141
v 0.642155 3.011074 -0.126104
v 0.540702 3.118556 -0.115047
v 0.564711 3.082833 -0.147797
v 0.646724 2.964702 -0.155350
v 0.615535 3.008470 -0.166915
v 1.411608 2.358170 -0.040279
v 1.438995 2.371100 -0.091759
v 1.381313 2.372541 -0.084950
v 1.411787 2.397382 -0.036863
v 1.406699 2.317181 -0.058966
v 1.434233 2.407796 -0.079128
v 1.429241 2.328907 -0.101523
v 1.412152 2.451342 -0.057018
v 1.390918 2.409986 -0.076901
v 1.401931 2.285559 -0.104047
v 1.385568 2.330377 -0.099066
v 1.921628 -0.099017 -0.006141
v 1.927957 -0.043130 -0.036107
v 1.921946 -0.099902 -0.061783
v 1.884436 -0.097173 -0.012953
v 1.965408 -0.095676 -0.013806
v 1.890219 -0.051142 -0.037422
v 1.970581 -0.049560 -0.038464
v 1.842409 -0.081691 -0.041622
v 1.884953 -0.093306 -0.059464
v 2.009578 -0.078187 -0.044644
v 1.966360 -0.090867 -0.060247
v 1.672236 -0.096002 0.026940
v 1.709690 -0.017030 0.010865
v 1.721251 -0.084574 -0.020169
v 1.648283 -0.089330 -0.008065
v 1.715537 -0.094643 0.055086
v 1.678468 -0.024770 -0.021440
v 1.745833 -0.030207 0.041752
v 1.639695 -0.059900 -0.064732
v 1.690315 -0.072695 -0.046487
v 1.779437 -0.071102 0.065330
v 1.756808 -0.078658 0.016477
v 1.313955 2.569436 -0.009211
v 1.364848 2.551521 -0.056041
v 1.302639 2.594448 -0.071387
v 1.330293 2.613894 -0.008222
v 1.296398 2.522994 -0.028823
v 1.371966 2.599382 -0.046731
v 1.338202 2.508653 -0.067397
v 1.359236 2.669115 -0.033908
v 1.326418 2.631833 -0.061472
v 1.290371 2.478077 -0.077577
v 1.292651 2.540070 -0.081925
v 1.249686 2.709286 -0.054847
v 1.300845 2.664983 -0.056302
v 1.278580 2.708658 -0.098526
v 1.270592 2.736920 -0.046244
v 1.235962 2.673758 -0.074866
v 1.312661 2.700915 -0.047528
v 1.278094 2.637419 -0.076096
v 1.314623 2.759331 -0.046598
v 1.298194 2.732495 -0.080643
v 1.244286 2.626216 -0.106403
v 1.263670 2.669261 -0.109274
v 1.035933 -0.045579 -0.132698
v 1.022243 -0.080383 -0.092111
v 1.042840 -0.097201 -0.140857
v 1.070896 -0.052818 -0.120385
v 0.996114 -0.051752 -0.145120
v 1.059718 -0.081526 -0.087024
v 0.984751 -0.080179 -0.111723
v 1.109811 -0.081575 -0.096572
v 1.074887 -0.096378 -0.122762
v 0.954840 -0.080708 -0.147779
v 1.000267 -0.095718 -0.147568
v 1.466103 2.465387 -0.074593
v 1.419255 2.427946 -0.069679
v 1.444874 2.457908 -0.023741
v 1.440387 2.494995 -0.074250
v 1.486304 2.427726 -0.062878
v 1.401748 2.464859 -0.070315
v 1.447721 2.397054 -0.058846
v 1.392065 2.519745 -0.061166
v 1.419129 2.484677 -0.033798
v 1.487305 2.378258 -0.036639
v 1.465047 2.418265 -0.022603
v 1.778166 -0.033029 -0.103910
v 1.760864 -0.087659 -0.115167
v 1.814502 -0.073113 -0.075403
v 1.752052 -0.036907 -0.074574
v 1.814010 -0.042866 -0.131921
v 1.737940 -0.081724 -0.083846
v 1.799625 -0.087946 -0.141145
v 1.723382 -0.065658 -0.036589
v 1.778556 -0.073583 -0.053398
v 1.852199 -0.079017 -0.155222
v 1.840817 -0.079627 -0.110690
v 0.223913 2.798248 -0.151991
v 0.239273 2.784753 -0.142720
v 0.228071 2.786592 -0.123049
v 0.212697 2.800008 -0.132128
v 0.900888 1.990068 -0.317352
v 0.892155 1.994878 -0.311952
v 0.895789 1.990850 -0.300892
v 0.904380 1.985472 -0.306234
v 0.592732 2.718058 -0.200523
v 0.728054 2.666914 -0.240551
v 0.870332 2.448286 -0.271799
v 0.932225 2.170666 -0.286239
v 0.943128 2.174240 -0.292539
v 0.878817 2.458388 -0.279419
v 0.734683 2.672941 -0.245926
v 0.599205 2.728711 -0.205894
v 0.592814 2.725685 -0.216584
v 0.728711 2.671929 -0.256736
v 0.871477 2.454756 -0.289067
v 0.936789 2.175946 -0.303135
v 0.925555 2.174065 -0.296826
v 0.863981 2.446864 -0.281827
v 0.722144 2.665306 -0.251397
v 0.586704 2.715416 -0.211268
v 0.291835 2.697573 -0.135889
v 0.295817 2.682976 -0.130347
v 0.296023 2.689255 -0.115305
v 0.292048 2.703816 -0.120702
v 0.364549 2.726588 -0.155037
v 0.466877 2.742455 -0.180817
v 0.466090 2.731567 -0.174762
v 0.362771 2.715308 -0.149900
v 0.467771 2.736319 -0.162612
v 0.364260 2.720744 -0.139774
v 0.468658 2.747350 -0.169039
v 0.366050 2.731981 -0.144692
v 0.851659 2.322086 -0.248174
v 0.886938 2.308832 -0.286560
v 0.837240 2.335644 -0.295706
v 0.859987 2.364268 -0.250059
v 0.841019 2.276632 -0.260024
v 0.888896 2.352865 -0.281506
v 0.870085 2.265638 -0.291614
v 0.876469 2.413637 -0.273744
v 0.852122 2.373409 -0.290965
v 0.836086 2.232835 -0.294754
v 0.833160 2.285769 -0.300933
v 1.765250 -0.092825 -0.239429
v 1.776257 -0.046821 -0.269118
v 1.756519 -0.098210 -0.288823
v 1.722528 -0.091322 -0.240958
v 1.813220 -0.091335 -0.252071
v 1.731523 -0.053243 -0.265536
v 1.822248 -0.053712 -0.276361
v 1.673256 -0.078264 -0.262047
v 1.717440 -0.091064 -0.282351
v 1.860608 -0.079531 -0.285247
v 1.807681 -0.091524 -0.293284
v 1.531042 -0.099106 -0.181766
v 1.571805 -0.043261 -0.205048
v 1.573807 -0.100495 -0.230735
v 1.503092 -0.092993 -0.209841
v 1.576588 -0.101516 -0.163077
v 1.535427 -0.047592 -0.228866
v 1.611791 -0.055234 -0.182157
v 1.488689 -0.072060 -0.260107
v 1.538699 -0.088715 -0.250694
v 1.645965 -0.088787 -0.163639
v 1.615851 -0.097460 -0.203157
v 0.756632 2.495641 -0.233376
v 0.799203 2.505488 -0.274752
v 0.738369 2.525342 -0.285682
v 0.757082 2.547481 -0.226362
v 0.754950 2.442681 -0.256704
v 0.791861 2.555634 -0.260245
v 0.790389 2.451798 -0.291110
v 0.764000 2.615135 -0.240258
v 0.746997 2.570469 -0.271236
v 0.761118 2.402779 -0.305662
v 0.744809 2.468188 -0.301802
v 0.668116 2.607751 -0.258031
v 0.718711 2.590759 -0.263511
v 0.688965 2.627126 -0.295698
v 0.677642 2.639988 -0.245810
v 0.666171 2.573159 -0.281095
v 0.718948 2.626802 -0.250208
v 0.707845 2.557803 -0.285506
v 0.706569 2.676698 -0.240879
v 0.698651 2.652874 -0.275597
v 0.683765 2.538200 -0.314863
v 0.687525 2.586931 -0.311195
v 0.653693 2.628881 -0.198550
v 0.672899 2.636061 -0.240336
v 0.627439 2.633491 -0.233612
v 0.647509 2.661831 -0.198933
v 0.656157 2.591400 -0.209657
v 0.663247 2.668127 -0.233295
v 0.672041 2.596575 -0.243998
v 0.638977 2.703600 -0.218347
v 0.628794 2.666075 -0.230410
v 0.656919 2.556226 -0.241392
v 0.637461 2.596276 -0.241212
v 1.419076 -0.096620 -0.183275
v 1.424509 -0.047349 -0.182886
v 1.414023 -0.072812 -0.220712
v 1.388763 -0.092328 -0.181169
v 1.453265 -0.091993 -0.194222
v 1.393130 -0.051870 -0.180835
v 1.458278 -0.051492 -0.193797
v 1.353543 -0.068940 -0.186818
v 1.385330 -0.068945 -0.210389
v 1.487874 -0.067485 -0.214368
v 1.450238 -0.068539 -0.223413
v 0.542531 2.664143 -0.138687
v 0.586178 2.648877 -0.173564
v 0.533314 2.648510 -0.187176
v 0.542115 2.696274 -0.153793
v 0.544157 2.621928 -0.135352
v 0.578071 2.684298 -0.182573
v 0.580042 2.609239 -0.164013
v 0.550991 2.727223 -0.191927
v 0.539225 2.682956 -0.195219
v 0.555090 2.571293 -0.154261
v 0.541098 2.607779 -0.176585
v 0.428099 2.648484 -0.173416
v 0.477033 2.659289 -0.186898
v 0.436586 2.664982 -0.216747
v 0.424278 2.681327 -0.168066
v 0.438387 2.615088 -0.190597
v 0.464490 2.690777 -0.179195
v 0.478622 2.623359 -0.201620
v 0.434556 2.726706 -0.175026
v 0.435665 2.695481 -0.203286
v 0.464309 2.588718 -0.222394
v 0.449833 2.628875 -0.225816
v 0.878893 2.064600 -0.248768
v 0.892479 2.027507 -0.278834
v 0.865545 2.066602 -0.289964
v 0.900607 2.080809 -0.260402
v 0.852127 2.042515 -0.247613
v 0.911503 2.049987 -0.284910
v 0.863384 2.011928 -0.272378
v 0.926155 2.091327 -0.291267
v 0.891300 2.079478 -0.295524
v 0.825956 2.012045 -0.265866
v 0.842983 2.040391 -0.282758
v 1.938698 -0.087402 -0.220889
v 1.984671 -0.038962 -0.239122
v 1.983186 -0.096612 -0.249520
v 1.926633 -0.085254 -0.252011
v 1.967599 -0.088304 -0.192899
v 1.963924 -0.045626 -0.267163
v 2.004941 -0.048777 -0.207982
v 1.933306 -0.073261 -0.300287
v 1.965944 -0.087747 -0.276180
v 2.018535 -0.079943 -0.178295
v 2.006236 -0.091179 -0.217232
v 2.048121 -0.066937 -0.248063
v 2.053311 -0.035482 -0.293679
v 2.040741 -0.094224 -0.292830
v 2.011568 -0.068244 -0.252974
v 2.088727 -0.069547 -0.256642
v 2.015725 -0.042565 -0.290453
v 2.092733 -0.043838 -0.294207
v 1.967188 -0.069114 -0.281058
v 2.006217 -0.086556 -0.292484
v 2.128763 -0.070274 -0.289583
v 2.083946 -0.087491 -0.296033
v 0.871008 1.983913 -0.330472
v 0.866829 2.030635 -0.352447
v 0.844311 2.015776 -0.314104
v 0.889340 2.000324 -0.313381
v 0.843143 1.977585 -0.348098
v 0.886011 2.038749 -0.331518
v 0.839611 2.016095 -0.366114
v 0.903719 2.040243 -0.295484
v 0.868153 2.029870 -0.302796
v 0.807165 1.993967 -0.367232
v 0.821760 2.007206 -0.337395
v 0.931410 2.131340 -0.255411
v 0.922776 2.103455 -0.287377
v 0.958371 2.115443 -0.274992
v 0.934656 2.105488 -0.244704
v 0.933024 2.155285 -0.274921
v 0.927671 2.082583 -0.271060
v 0.926046 2.132721 -0.301318
v 0.942334 2.064842 -0.245292
v 0.954953 2.090067 -0.263148
v 0.939466 2.168870 -0.308720
v 0.953512 2.141305 -0.293637
v 0.917763 2.287489 -0.348031
v 0.879667 2.264081 -0.333290
v 0.920968 2.244968 -0.318685
v 0.916088 2.305452 -0.323044
v 0.916799 2.255421 -0.368394
v 0.884912 2.286635 -0.311062
v 0.885377 2.236032 -0.356195
v 0.904378 2.312962 -0.283044
v 0.914866 2.270170 -0.298665
v 0.905319 2.206414 -0.376193
v 0.915464 2.219227 -0.343848
v 0.942805 2.176779 -0.343929
v 0.898636 2.186548 -0.339107
v 0.921826 2.144892 -0.315427
v 0.945068 2.195898 -0.319960
v 0.931263 2.149086 -0.364284
v 0.908830 2.203850 -0.316037
v 0.894824 2.157229 -0.360251
v 0.930708 2.214946 -0.283809
v 0.924335 2.172089 -0.297204
v 0.901424 2.117531 -0.375298
v 0.910498 2.125034 -0.341482
v 0.906079 2.395271 -0.242194
v 0.868852 2.371088 -0.263911
v 0.866418 2.412251 -0.226907
v 0.898250 2.425801 -0.258244
v 0.902344 2.363239 -0.222034
v 0.867626 2.406183 -0.276116
v 0.872585 2.342188 -0.240315
v 0.869437 2.460401 -0.279358
v 0.863493 2.436512 -0.248325
v 0.878579 2.328337 -0.204882
v 0.868260 2.373675 -0.212519
v 0.127359 2.564851 -0.116603
v 0.137191 2.550952 -0.112609
v 0.134218 2.554395 -0.095512
v 0.124402 2.568234 -0.099357
v 1.357219 1.838776 0.874403
v 1.346544 1.842613 0.871913
v 1.342301 1.840780 0.883654
v 1.352862 1.836357 0.886226
v 0.995001 2.520934 0.603354
v 1.130086 2.490639 0.670236
v 1.275077 2.295869 0.786243
v 1.349932 2.029051 0.877396
v 1.362379 2.033870 0.878674
v 1.286111 2.306555 0.783487
v 1.138440 2.497204 0.668951
v 1.002946 2.532082 0.600924
v 1.005230 2.526400 0.589312
v 1.141006 2.493595 0.657057
v 1.287003 2.300225 0.772209
v 1.364350 2.032929 0.866094
v 1.351536 2.029735 0.864230
v 1.276855 2.291883 0.774802
v 1.132761 2.486443 0.658488
v 0.997581 2.515697 0.591842
v 0.719019 2.451214 0.466271
v 0.719350 2.438171 0.476379
v 0.709166 2.446489 0.486669
v 0.708746 2.459517 0.476686
v 0.786569 2.491583 0.491230
v 0.882392 2.523659 0.532908
v 0.878440 2.513462 0.539535
v 0.782476 2.480683 0.496609
v 0.871414 2.520154 0.548884
v 0.776598 2.487748 0.504122
v 0.875681 2.530462 0.542001
v 0.780558 2.498637 0.498929
v 1.246143 2.319533 0.684162
v 1.271033 2.305292 0.728481
v 1.227741 2.293597 0.722937
v 1.255769 2.282204 0.684785
v 1.232755 2.355296 0.696220
v 1.276288 2.269624 0.721503
v 1.253228 2.344614 0.732339
v 1.269192 2.226954 0.706704
v 1.243853 2.259823 0.719678
v 1.222301 2.381320 0.730416
v 1.221146 2.334465 0.730674
v 0.833718 -0.095700 0.821136
v 0.843563 -0.041640 0.817032
v 0.828734 -0.076448 0.772288
v 0.790166 -0.091946 0.815429
v 0.882577 -0.091787 0.815535
v 0.798772 -0.047602 0.812196
v 0.890758 -0.047265 0.812199
v 0.740155 -0.068045 0.796499
v 0.787403 -0.071632 0.776857
v 0.931130 -0.068381 0.795574
v 0.879816 -0.071465 0.776964
v 1.204053 2.258330 0.775820
v 1.258686 2.243963 0.784842
v 1.233215 2.260480 0.733214
v 1.209409 2.301530 0.770818
v 1.210020 2.207955 0.772497
v 1.254640 2.289754 0.778270
v 1.254703 2.196176 0.779870
v 1.237191 2.348955 0.757711
v 1.237393 2.301150 0.738544
v 1.237648 2.155592 0.760166
v 1.237569 2.208050 0.740011
v 1.066870 2.449068 0.703223
v 1.124888 2.409217 0.728324
v 1.097135 2.399099 0.671221
v 1.090933 2.474091 0.681299
v 1.051473 2.405274 0.723076
v 1.138186 2.442495 0.701507
v 1.099379 2.370839 0.744265
v 1.140926 2.483630 0.654130
v 1.120430 2.432917 0.658166
v 1.060050 2.336005 0.741749
v 1.080193 2.360485 0.700957
v 0.433611 -0.095824 0.620920
v 0.429031 -0.056542 0.639543
v 0.447154 -0.062517 0.600519
v 0.407217 -0.089625 0.606944
v 0.466823 -0.092161 0.633843
v 0.403233 -0.057241 0.622181
v 0.463331 -0.059972 0.649248
v 0.377742 -0.064406 0.590776
v 0.417127 -0.059643 0.592718
v 0.502241 -0.069251 0.646653
v 0.477263 -0.062380 0.619798
v 1.046677 2.444026 0.663868
v 1.088866 2.449281 0.642290
v 1.049151 2.438863 0.619119
v 1.040086 2.475636 0.652175
v 1.058256 2.405640 0.665374
v 1.074712 2.480338 0.634306
v 1.093050 2.409255 0.647868
v 1.043723 2.513036 0.622335
v 1.046084 2.472042 0.615065
v 1.082023 2.366461 0.649391
v 1.064279 2.402669 0.628074
v 0.918262 2.465799 0.631232
v 0.976300 2.454308 0.635611
v 0.944144 2.441933 0.591571
v 0.925963 2.495730 0.612058
v 0.919917 2.424469 0.644397
v 0.973770 2.486856 0.615493
v 0.967633 2.414885 0.648039
v 0.956223 2.523184 0.581333
v 0.951957 2.476339 0.581337
v 0.944068 2.373552 0.648264
v 0.945702 2.404243 0.613906
v 0.853056 2.423486 0.535212
v 0.899446 2.441878 0.553526
v 0.887342 2.435759 0.503512
v 0.844517 2.456214 0.529461
v 0.874501 2.389867 0.536095
v 0.882636 2.471889 0.544342
v 0.912640 2.404385 0.551340
v 0.854342 2.502507 0.520364
v 0.875837 2.467797 0.506383
v 0.917372 2.364303 0.534081
v 0.905888 2.401094 0.513137
v 1.337351 1.946495 0.820184
v 1.353596 1.915375 0.849860
v 1.317411 1.934151 0.852840
v 1.326178 1.921157 0.813749
v 1.346805 1.968586 0.838173
v 1.339599 1.896210 0.837957
v 1.360054 1.943027 0.862548
v 1.312716 1.881092 0.821263
v 1.312171 1.908567 0.842166
v 1.355068 1.979210 0.872521
v 1.332760 1.955947 0.866600
v 1.199687 -0.090667 0.900758
v 1.192782 -0.053508 0.871726
v 1.190769 -0.097634 0.857650
v 1.168285 -0.090383 0.901219
v 1.233405 -0.089457 0.887761
v 1.162776 -0.059911 0.877382
v 1.226871 -0.058777 0.863675
v 1.126603 -0.081784 0.883866
v 1.160560 -0.092066 0.864661
v 1.261298 -0.079215 0.855171
v 1.225212 -0.091291 0.851040
v 1.276236 2.117392 0.887692
v 1.298868 2.050484 0.893960
v 1.269426 2.078263 0.849638
v 1.303604 2.122959 0.867847
v 1.244226 2.095764 0.902075
v 1.322417 2.068476 0.872866
v 1.262907 2.041293 0.907071
v 1.340282 2.104732 0.836777
v 1.300460 2.085806 0.838681
v 1.217188 2.048185 0.907012
v 1.241247 2.059378 0.872694
v 1.058600 -0.094548 0.880053
v 1.061236 -0.039990 0.863743
v 1.039519 -0.086586 0.829917
v 1.021087 -0.091753 0.883782
v 1.097312 -0.091660 0.862521
v 1.023119 -0.047054 0.870301
v 1.099184 -0.046879 0.849027
v 0.972003 -0.073302 0.871732
v 1.006320 -0.080201 0.842938
v 1.131733 -0.071321 0.827557
v 1.083194 -0.079906 0.821872
v 1.137586 -0.092425 0.846678
v 1.181237 -0.092074 0.816515
v 1.159074 -0.053725 0.835075
v 1.159713 -0.089890 0.867788
v 1.121893 -0.085789 0.816806
v 1.195649 -0.089723 0.843000
v 1.157841 -0.085370 0.791963
v 1.203145 -0.077823 0.881678
v 1.180878 -0.059693 0.855762
v 1.125304 -0.068377 0.775466
v 1.143062 -0.055350 0.804730
v 0.388581 -0.053643 0.534051
v 0.391369 -0.080880 0.568543
v 0.389714 -0.095024 0.526587
v 0.417860 -0.060295 0.531471
v 0.355444 -0.057559 0.538360
v 0.420204 -0.082765 0.559798
v 0.357672 -0.079799 0.566771
v 0.453344 -0.084168 0.536231
v 0.418983 -0.095147 0.529053
v 0.323986 -0.079566 0.550564
v 0.356652 -0.092739 0.535843
v 1.331305 1.993817 0.909522
v 1.347456 1.960065 0.885730
v 1.366253 1.980535 0.915204
v 1.328335 1.970103 0.925688
v 1.344007 2.015387 0.890102
v 1.341751 1.942385 0.906137
v 1.357434 1.988006 0.870448
v 1.337207 1.930976 0.939328
v 1.357310 1.956163 0.927896
v 1.370569 2.025641 0.865101
v 1.373222 2.002885 0.891897
v 1.396080 1.878661 0.888088
v 1.354838 1.856132 0.878253
v 1.363793 1.881453 0.918397
v 1.382461 1.905089 0.878327
v 1.400662 1.848066 0.905210
v 1.348605 1.887075 0.870090
v 1.366728 1.829638 0.897090
v 1.347888 1.932131 0.870643
v 1.352928 1.904474 0.901234
v 1.385024 1.812437 0.927187
v 1.371327 1.848097 0.927944
v 1.372391 2.134459 0.794151
v 1.334388 2.105758 0.786559
v 1.358074 2.096616 0.828418
v 1.353438 2.155398 0.808256
v 1.387094 2.099570 0.785121
v 1.322371 2.132237 0.801904
v 1.355726 2.075821 0.778909
v 1.317370 2.165994 0.829903
v 1.338515 2.123253 0.834242
v 1.386325 2.047449 0.782911
v 1.372028 2.066516 0.811370
v 0.586257 2.289787 0.406510
v 0.592128 2.278358 0.418991
v 0.578280 2.283510 0.429483
v 0.572326 2.294902 0.417141
v 1.464751 1.977973 0.213282
v 1.454036 1.976583 0.217543
v 1.458177 1.973241 0.228984
v 1.469075 1.974058 0.224710
v 0.787396 2.421181 0.334798
v 0.935848 2.455684 0.314543
v 1.181488 2.348393 0.290778
v 1.388875 2.144876 0.264793
v 1.396933 2.154777 0.260693
v 1.184022 2.362840 0.285450
v 0.938793 2.465272 0.310810
v 0.787660 2.434664 0.331416
v 0.784999 2.430413 0.319283
v 0.935395 2.462996 0.298794
v 1.180767 2.357393 0.274146
v 1.391701 2.154609 0.249047
v 1.382428 2.145986 0.253235
v 1.177906 2.345435 0.279448
v 0.932835 2.452934 0.302454
v 0.784839 2.417463 0.322705
v 0.533783 2.233015 0.344453
v 0.544633 2.221671 0.349552
v 0.539733 2.224719 0.365221
v 0.528894 2.236012 0.360266
v 0.582207 2.299762 0.340523
v 0.663966 2.372031 0.334142
v 0.668631 2.361257 0.339206
v 0.586338 2.288274 0.344456
v 0.666149 2.364249 0.352106
v 0.583531 2.292085 0.355343
v 0.661531 2.375261 0.346697
v 0.579412 2.303506 0.351628
v 0.587099 -0.092385 0.226501
v 0.617730 -0.054712 0.247215
v 0.622416 -0.097231 0.261772
v 0.623291 -0.093319 0.213245
v 0.556203 -0.089351 0.251797
v 0.649390 -0.062393 0.230272
v 0.580320 -0.058254 0.268803
v 0.683752 -0.085945 0.211439
v 0.654650 -0.093463 0.242860
v 0.542096 -0.076297 0.291628
v 0.585994 -0.089038 0.281262
v 1.137567 2.282863 0.309187
v 1.188318 2.294626 0.285555
v 1.134390 2.297129 0.259623
v 1.122325 2.323799 0.312623
v 1.159213 2.240441 0.291407
v 1.164288 2.333644 0.293071
v 1.200730 2.250036 0.272067
v 1.117468 2.378418 0.298986
v 1.125023 2.335448 0.271612
v 1.192531 2.205789 0.254713
v 1.161292 2.252317 0.250554
v 0.923505 2.390768 0.364000
v 0.995418 2.381531 0.345903
v 0.946847 2.359109 0.310244
v 0.919470 2.423547 0.339605
v 0.939886 2.345052 0.377817
v 0.977582 2.416789 0.324876
v 1.000104 2.336066 0.362892
v 0.937478 2.454002 0.294036
v 0.943875 2.399554 0.295681
v 0.982934 2.287274 0.372436
v 0.965657 2.317497 0.334265
v 1.053827 2.322389 0.312970
v 1.089355 2.360262 0.279760
v 1.027460 2.346786 0.259531
v 1.024929 2.366068 0.324304
v 1.084042 2.279761 0.284921
v 1.053903 2.397116 0.297102
v 1.113107 2.312074 0.257389
v 0.995124 2.430210 0.317052
v 1.008466 2.387823 0.279252
v 1.116560 2.256732 0.233564
v 1.066169 2.303689 0.239839
v 0.450912 -0.098262 0.350394
v 0.453690 -0.054719 0.353065
v 0.453075 -0.076356 0.315403
v 0.420879 -0.093780 0.347512
v 0.486293 -0.094904 0.345877
v 0.422932 -0.057894 0.349705
v 0.488866 -0.059209 0.348076
v 0.386506 -0.072005 0.336996
v 0.422588 -0.072304 0.320394
v 0.522987 -0.074043 0.333156
v 0.488564 -0.073625 0.318763
v 0.823977 2.359995 0.324132
v 0.851262 2.392998 0.300533
v 0.807139 2.376244 0.283643
v 0.804093 2.386457 0.333128
v 0.845006 2.335963 0.302466
v 0.826343 2.413854 0.313726
v 0.867603 2.362838 0.283068
v 0.783832 2.430003 0.328333
v 0.793570 2.402306 0.299168
v 0.868993 2.325412 0.263947
v 0.834451 2.352074 0.268455
v 0.767375 2.337999 0.383644
v 0.816946 2.353781 0.355125
v 0.773299 2.327588 0.331981
v 0.750963 2.367887 0.370987
v 0.791641 2.302008 0.383864
v 0.791474 2.381411 0.347494
v 0.832471 2.314862 0.360420
v 0.745646 2.405466 0.336739
v 0.760276 2.361674 0.327742
v 0.830915 2.267362 0.362698
v 0.801246 2.294960 0.340716
v 0.498838 -0.099090 0.327047
v 0.499432 -0.046083 0.323096
v 0.482869 -0.078633 0.286334
v 0.465447 -0.096271 0.334407
v 0.533904 -0.093426 0.308901
v 0.465365 -0.052572 0.331156
v 0.535004 -0.049997 0.305665
v 0.422540 -0.074384 0.332922
v 0.452813 -0.075077 0.302176
v 0.565221 -0.068021 0.279417
v 0.521650 -0.072260 0.276650
v 1.397494 2.019162 0.284355
v 1.432792 1.999400 0.253543
v 1.389388 2.020529 0.240719
v 1.408441 2.046551 0.277846
v 1.386580 1.985747 0.278953
v 1.437381 2.029845 0.252649
v 1.415730 1.969476 0.253582
v 1.427875 2.074231 0.252223
v 1.404977 2.046206 0.240766
v 1.382881 1.948614 0.253462
v 1.383696 1.984810 0.241815
v 1.306828 2.191037 0.331717
v 1.352393 2.141454 0.309499
v 1.295357 2.152370 0.294315
v 1.313774 2.207934 0.302734
v 1.299500 2.157610 0.354700
v 1.351112 2.167730 0.284376
v 1.336723 2.117357 0.336395
v 1.330321 2.207541 0.254062
v 1.309227 2.172825 0.271309
v 1.300391 2.103050 0.361155
v 1.294663 2.123255 0.323197
v 1.274419 2.172959 0.270404
v 1.322124 2.149657 0.260476
v 1.290728 2.179609 0.232507
v 1.285829 2.198402 0.276236
v 1.268563 2.143229 0.254264
v 1.324960 2.179571 0.268027
v 1.307816 2.124152 0.246071
v 1.314693 2.224904 0.271910
v 1.303157 2.201634 0.245573
v 1.280384 2.109168 0.225691
v 1.285984 2.146428 0.223577
v 1.014758 -0.049791 0.194262
v 0.988907 -0.092030 0.175211
v 1.023480 -0.092384 0.208541
v 0.993669 -0.054523 0.216046
v 1.038419 -0.058975 0.171058
v 0.972305 -0.089201 0.200332
v 1.017206 -0.093840 0.155437
v 0.963449 -0.081827 0.239841
v 0.997832 -0.091958 0.225304
v 1.056465 -0.092239 0.146732
v 1.042732 -0.096585 0.180406
v 0.704500 2.345770 0.308668
v 0.719040 2.373173 0.339924
v 0.695640 2.386710 0.304822
v 0.678336 2.349473 0.323155
v 0.733853 2.352990 0.293895
v 0.690223 2.372074 0.348859
v 0.745904 2.375375 0.319594
v 0.649608 2.369825 0.347897
v 0.672899 2.384001 0.323214
v 0.764602 2.378178 0.287345
v 0.728261 2.387835 0.293932
v 0.942337 -0.096785 0.292454
v 0.968273 -0.095417 0.256515
v 0.952042 -0.064005 0.276287
v 0.969024 -0.090880 0.301702
v 0.915862 -0.096085 0.275067
v 0.990301 -0.089634 0.272101
v 0.936790 -0.094882 0.245455
v 1.008691 -0.076189 0.299185
v 0.979404 -0.065008 0.285528
v 0.897517 -0.086472 0.243337
v 0.924734 -0.070224 0.258772
v 1.485911 2.031257 0.214433
v 1.458567 1.992489 0.221814
v 1.478028 2.019805 0.256571
v 1.460388 2.048626 0.219544
v 1.510476 2.006240 0.219007
v 1.437667 2.017227 0.225583
v 1.487921 1.974438 0.225084
v 1.420356 2.057197 0.237140
v 1.451683 2.035237 0.253342
v 1.524772 1.967753 0.236650
v 1.501575 1.993516 0.252715
v 0.832525 -0.095279 0.209558
v 0.807085 -0.054771 0.215687
v 0.786685 -0.094272 0.236188
v 0.848756 -0.088759 0.235838
v 0.801486 -0.098636 0.186314
v 0.828290 -0.055616 0.240799
v 0.780416 -0.065218 0.191403
v 0.852978 -0.069694 0.274574
v 0.810686 -0.084003 0.257271
v 0.752017 -0.089542 0.172453
v 0.762470 -0.093757 0.207820
v 1.400793 2.165200 0.209174
v 1.357037 2.149332 0.206936
v 1.397288 2.121956 0.231503
v 1.389631 2.178925 0.235226
v 1.408332 2.138576 0.184405
v 1.353770 2.165857 0.233352
v 1.372181 2.125548 0.182621
v 1.362946 2.181758 0.270555
v 1.382511 2.143699 0.252477
v 1.401305 2.097375 0.165451
v 1.401313 2.103118 0.201677
v 0.685983 -0.054154 0.322622
v 0.709157 -0.087308 0.292187
v 0.670255 -0.097249 0.332294
v 0.653536 -0.059900 0.307563
v 0.720403 -0.060765 0.339627
v 0.672318 -0.087178 0.282542
v 0.740606 -0.087066 0.314233
v 0.616683 -0.086005 0.284001
v 0.643718 -0.096955 0.312205
v 0.757664 -0.086982 0.349803
v 0.710826 -0.097064 0.343960
v 0.463758 2.028262 0.323748
v 0.479405 2.020881 0.328391
v 0.473120 2.019463 0.345329
v 0.457504 2.026777 0.340834
v 1.282737 1.702183 0.775378
v 1.271652 1.700689 0.772250
v 1.268188 1.696503 0.783637
v 1.279443 1.697423 0.786829
v 0.656186 2.147577 0.494189
v 0.786073 2.180839 0.569436
v 0.999640 2.071236 0.691054
v 1.186597 1.866452 0.781690
v 1.195228 1.876471 0.783904
v 1.004468 2.085968 0.689267
v 0.790405 2.190608 0.568851
v 0.658058 2.161253 0.492527
v 0.663329 2.157887 0.480984
v 0.794962 2.189216 0.557087
v 1.008800 2.081362 0.677951
v 1.198039 1.877187 0.771470
v 1.188349 1.868458 0.768679
v 1.003658 2.069120 0.679682
v 0.790995 2.178973 0.557814
v 0.661502 2.144738 0.482775
v 0.452804 1.963557 0.337375
v 0.458727 1.951707 0.347218
v 0.445324 1.953761 0.356961
v 0.439323 1.965551 0.347235
v 0.492046 2.029579 0.367652
v 0.559255 2.100705 0.416354
v 0.560241 2.089532 0.422493
v 0.493302 2.017780 0.372523
v 0.550432 2.091679 0.431477
v 0.484420 2.020885 0.379761
v 0.549685 2.103111 0.425107
v 0.483043 2.032603 0.375067
v 0.943680 -0.095585 0.721809
v 0.950396 -0.040899 0.721117
v 0.936367 -0.073486 0.674483
v 0.899853 -0.093961 0.717336
v 0.992084 -0.088527 0.715399
v 0.905894 -0.049081 0.716890
v 0.997689 -0.043487 0.714872
v 0.848116 -0.071767 0.701165
v 0.894965 -0.071351 0.680282
v 1.038727 -0.061124 0.695976
v 0.987197 -0.065909 0.678346
v 0.884980 2.045964 0.630388
v 0.932275 2.085403 0.627714
v 0.895306 2.074402 0.573547
v 0.853880 2.089255 0.624900
v 0.927136 2.004840 0.623415
v 0.892518 2.121589 0.622635
v 0.966009 2.038457 0.621024
v 0.832650 2.154243 0.605381
v 0.867163 2.114315 0.580520
v 0.984584 1.984821 0.600520
v 0.939249 2.032094 0.578305
v 0.677888 -0.101033 0.556505
v 0.684989 -0.057697 0.537940
v 0.683554 -0.096992 0.511931
v 0.645720 -0.097440 0.545029
v 0.717982 -0.101087 0.558020
v 0.651176 -0.061749 0.529642
v 0.724526 -0.065572 0.542985
v 0.610951 -0.081133 0.516261
v 0.650895 -0.090122 0.508346
v 0.762343 -0.088488 0.542898
v 0.722568 -0.093551 0.521161
v 0.693507 2.086646 0.503689
v 0.728578 2.120712 0.503407
v 0.703901 2.105907 0.462363
v 0.671488 2.112768 0.500633
v 0.723979 2.063793 0.497492
v 0.700169 2.141042 0.500310
v 0.752949 2.091541 0.497346
v 0.656977 2.156880 0.487469
v 0.683023 2.131076 0.468277
v 0.766561 2.055490 0.480515
v 0.735512 2.082368 0.465093
v 0.688018 -0.097808 0.443245
v 0.687633 -0.062036 0.479280
v 0.682126 -0.053769 0.432394
v 0.656595 -0.097599 0.444088
v 0.722804 -0.084989 0.442814
v 0.656184 -0.068241 0.473676
v 0.723037 -0.055634 0.472577
v 0.618342 -0.078151 0.452291
v 0.651944 -0.059713 0.439100
v 0.756156 -0.051077 0.449909
v 0.718554 -0.047054 0.437947
v 1.158584 -0.077985 0.722113
v 1.182703 -0.052952 0.752189
v 1.178877 -0.093637 0.753090
v 1.185951 -0.078501 0.714429
v 1.135373 -0.078485 0.741140
v 1.205156 -0.058088 0.738985
v 1.155217 -0.058010 0.765838
v 1.228436 -0.076402 0.720210
v 1.204080 -0.088334 0.741575
v 1.123957 -0.076705 0.776175
v 1.153562 -0.088335 0.768292
v 1.185189 1.739566 0.794302
v 1.232439 1.721354 0.789662
v 1.204859 1.744048 0.754746
v 1.197096 1.767144 0.797465
v 1.180621 1.706789 0.781275
v 1.235811 1.751705 0.793680
v 1.219596 1.691793 0.777506
v 1.227252 1.796173 0.790511
v 1.216590 1.769392 0.765812
v 1.193979 1.671553 0.756330
v 1.200629 1.708441 0.749884
v 1.148205 1.798281 0.779034
v 1.203578 1.798725 0.765496
v 1.157830 1.820136 0.730343
v 1.149155 1.835647 0.784675
v 1.153673 1.760638 0.759864
v 1.194521 1.836144 0.773472
v 1.199115 1.761299 0.748659
v 1.166008 1.885991 0.775945
v 1.162084 1.852886 0.745237
v 1.177240 1.728866 0.724423
v 1.166823 1.777229 0.720600
v 1.231043 -0.049933 0.792460
v 1.243762 -0.094352 0.779406
v 1.221256 -0.082846 0.820565
v 1.202199 -0.056619 0.782332
v 1.261966 -0.053480 0.809235
v 1.212172 -0.092964 0.771463
v 1.272325 -0.090002 0.798469
v 1.168094 -0.083692 0.772870
v 1.196315 -0.087089 0.803171
v 1.293308 -0.078150 0.829384
v 1.255494 -0.083602 0.829928
v 1.228947 1.890320 0.745839
v 1.195746 1.875392 0.716749
v 1.213929 1.845718 0.758725
v 1.204013 1.902422 0.760788
v 1.250568 1.865325 0.728900
v 1.176827 1.890128 0.736911
v 1.223097 1.853069 0.704923
v 1.161400 1.903291 0.773103
v 1.188932 1.866228 0.767976
v 1.257454 1.825640 0.706902
v 1.235562 1.828895 0.736149
v 1.026659 2.036730 0.748401
v 1.032938 2.002142 0.711976
v 0.985137 2.027880 0.728509
v 1.017605 2.062794 0.724922
v 1.027150 2.002604 0.767183
v 1.022634 2.034580 0.694895
v 1.033680 1.973685 0.737759
v 0.998109 2.082966 0.682403
v 0.985735 2.052244 0.705842
v 1.019880 1.956613 0.770536
v 0.996076 1.992250 0.748333
v 0.414858 1.761924 0.265540
v 0.424782 1.753976 0.278158
v 0.409632 1.751512 0.287791
v 0.399645 1.759382 0.275305
v -0.030832 1.506919 -0.070080
v -0.090460 1.929131 -0.013417
v -0.077070 0.648754 -0.045477
v -0.076898 1.501188 -0.051909
v -0.131515 1.919303 0.004702
v -0.131051 1.916501 0.027055
v -0.077825 1.500283 -0.027226
v -0.081600 0.650310 -0.007498
v -0.087877 0.005450 0.056055
v -0.082767 0.003691 0.015349
v -0.045069 0.004162 -0.014033
v -0.004379 0.006494 -0.009025
v -0.017903 0.011150 0.098689
v -0.058593 0.008818 0.093681
v 0.024905 0.009862 0.028601
v 0.019794 0.011622 0.069307
v -0.003817 0.651633 -0.068236
v -0.041950 0.649350 -0.072902
v -0.055680 1.504185 -0.071261
v -0.113191 1.925006 -0.013569
v -0.070898 1.927428 0.027409
v -0.012088 1.507571 -0.024140
v 0.019295 0.656370 0.004834
v 0.023831 0.654803 -0.033136
v -0.011152 1.508447 -0.048804
v -0.071356 1.930228 0.005061
v -0.111969 1.917589 0.045575
v -0.058139 1.501815 -0.005963
v -0.053943 0.653477 0.027596
v -0.015815 0.655771 0.032250
v -0.033300 1.504578 -0.004803
v -0.089243 1.921719 0.045719
v -0.072444 0.333915 0.015564
v -0.030883 0.324588 -0.051701
v -0.067469 0.329155 -0.023635
v 0.008589 0.323797 -0.046593
v 0.031999 0.331820 0.029093
v -0.044052 0.337181 0.052036
v 0.036979 0.327062 -0.010116
v -0.004585 0.336388 0.057153
v -0.350563 2.794311 0.206069
v -0.265769 2.481583 0.131224
v -0.264881 2.478244 0.146208
v -0.349561 2.791772 0.216771
v -0.331061 2.801945 0.196955
v -0.238554 2.491878 0.118685
v -0.253887 2.487769 0.118824
v -0.342214 2.798911 0.197126
v -0.339588 2.792129 0.225436
v -0.251503 2.478857 0.158390
v -0.236137 2.482897 0.158212
v -0.328477 2.795132 0.225287
v -0.320126 2.799730 0.216342
v -0.224262 2.489054 0.145759
v -0.225185 2.492466 0.130827
v -0.321085 2.802300 0.205618
v -0.471584 1.990583 0.408840
v 0.004248 0.728912 0.059417
v -0.053364 0.733826 -0.027160
v -0.098635 1.647876 0.180545
v 0.013537 1.270470 0.097255
v -0.109601 1.277479 -0.054206
v -0.215296 1.654473 0.039482
v -0.195113 1.609689 0.139513
v -0.089338 1.230818 0.052475
v -0.012627 0.690450 0.035334
v -0.064023 0.705128 0.054530
v -0.040964 0.693647 -0.007274
v -0.251670 1.836356 0.235310
v -0.301058 1.796157 0.228620
v -0.305865 1.837076 0.169353
v -0.711645 2.444940 -0.458402
v -0.122479 0.749434 -0.062731
v -0.079686 0.767502 -0.114411
v -0.426770 1.828463 -0.235574
v -0.262163 1.328299 -0.123154
v -0.189188 1.357415 -0.229146
v -0.360336 1.855551 -0.333890
v -0.409708 1.781428 -0.299639
v -0.242683 1.280658 -0.192576
v -0.102519 0.703543 -0.073341
v -0.125662 0.717088 -0.104060
v -0.081617 0.713430 -0.098849
v -0.555264 2.202618 -0.357227
v -0.554558 2.153566 -0.388048
v -0.524053 2.213640 -0.402947
v -0.863158 2.233995 0.902035
v -0.858786 2.236117 0.891486
v -0.869942 2.234794 0.885740
v -0.874443 2.232086 0.896234
v -0.470975 2.833814 0.506537
v -0.559118 2.828174 0.632386
v -0.714947 2.666002 0.780145
v -0.844308 2.421036 0.871585
v -0.846792 2.427585 0.883018
v -0.712623 2.677787 0.790109
v -0.558313 2.835663 0.639988
v -0.468486 2.845668 0.513364
v -0.458001 2.839322 0.518072
v -0.547364 2.831376 0.644767
v -0.702342 2.670645 0.793476
v -0.834794 2.425789 0.886998
v -0.831504 2.420740 0.875099
v -0.704375 2.661278 0.784126
v -0.548392 2.823335 0.637319
v -0.460582 2.827958 0.511465
v -0.304828 2.715430 0.265293
v -0.316244 2.703516 0.265630
v -0.324028 2.711276 0.253061
v -0.312723 2.723175 0.252620
v -0.334494 2.766626 0.322863
v -0.385499 2.814961 0.406590
v -0.392577 2.804964 0.402919
v -0.340401 2.755803 0.319331
v -0.400056 2.811462 0.393788
v -0.346195 2.762659 0.311563
v -0.392759 2.821589 0.397794
v -0.340454 2.773470 0.314937
v -0.759905 2.541538 0.767939
v -0.764694 2.537000 0.822645
v -0.714094 2.544060 0.793951
v -0.750275 2.584552 0.768649
v -0.760068 2.493039 0.776982
v -0.754390 2.580317 0.813549
v -0.764064 2.489235 0.822036
v -0.729864 2.634853 0.790647
v -0.714961 2.585910 0.794325
v -0.748882 2.445563 0.807389
v -0.724757 2.494397 0.802664
v -1.167873 -0.086755 0.716594
v -1.160306 -0.104298 0.770516
v -1.173427 -0.049046 0.751485
v -1.211386 -0.081682 0.717429
v -1.118591 -0.085483 0.729004
v -1.205240 -0.096185 0.762060
v -1.112374 -0.099826 0.773111
v -1.261803 -0.071919 0.741000
v -1.214318 -0.054057 0.749882
v -1.069950 -0.078649 0.764283
v -1.121941 -0.057573 0.761006
v -0.587211 2.781599 0.570305
v -0.624432 2.752367 0.628135
v -0.565438 2.733491 0.610905
v -0.566296 2.807560 0.594271
v -0.609359 2.738098 0.557409
v -0.596284 2.784580 0.641304
v -0.640714 2.712493 0.605272
v -0.545561 2.821268 0.646334
v -0.552181 2.768826 0.631700
v -0.636502 2.672588 0.571267
v -0.596528 2.695784 0.594354
v -0.642509 2.675467 0.670013
v -0.642706 2.695229 0.728398
v -0.585354 2.691516 0.694950
v -0.629743 2.725928 0.657278
v -0.644174 2.621667 0.694905
v -0.629816 2.742169 0.705024
v -0.644050 2.639002 0.743345
v -0.602632 2.791424 0.662797
v -0.585550 2.739284 0.682626
v -0.630352 2.580226 0.743039
v -0.598937 2.637385 0.720026
v -0.525046 2.748568 0.616120
v -0.563441 2.749560 0.655429
v -0.508881 2.770190 0.656242
v -0.528825 2.784092 0.607988
v -0.520443 2.712250 0.637969
v -0.559986 2.785565 0.639921
v -0.552597 2.711779 0.670464
v -0.540215 2.829907 0.617402
v -0.520103 2.800458 0.642979
v -0.522977 2.681265 0.680830
v -0.511463 2.729549 0.673298
v -0.919697 -0.095635 0.557153
v -0.929779 -0.080475 0.601218
v -0.914122 -0.051980 0.567077
v -0.950042 -0.081961 0.548691
v -0.883075 -0.100236 0.572886
v -0.958699 -0.069348 0.584834
v -0.890683 -0.088046 0.609269
v -0.987091 -0.051691 0.552355
v -0.946590 -0.046329 0.560708
v -0.846883 -0.089420 0.603357
v -0.880242 -0.064397 0.584884
v -0.489885 2.765262 0.518314
v -0.491333 2.784597 0.563199
v -0.448806 2.774606 0.538613
v -0.482026 2.796880 0.507587
v -0.489402 2.732621 0.538894
v -0.483084 2.813066 0.544452
v -0.490714 2.748239 0.575821
v -0.463694 2.841382 0.511232
v -0.450036 2.806005 0.527800
v -0.478633 2.707976 0.576934
v -0.457348 2.741990 0.559205
v -0.493618 2.771571 0.433605
v -0.507355 2.768457 0.491236
v -0.460841 2.747938 0.467952
v -0.472568 2.800416 0.440513
v -0.511316 2.732199 0.438167
v -0.483649 2.798418 0.487939
v -0.522666 2.729508 0.485558
v -0.443599 2.828819 0.471618
v -0.448116 2.782019 0.473057
v -0.524080 2.685563 0.467372
v -0.487152 2.712970 0.470572
v -0.873107 -0.072222 0.389489
v -0.897421 -0.096638 0.429965
v -0.889000 -0.045623 0.426515
v -0.904419 -0.064087 0.378069
v -0.842428 -0.077522 0.414422
v -0.924955 -0.083964 0.411287
v -0.861824 -0.097802 0.447743
v -0.951413 -0.054924 0.383546
v -0.919406 -0.045584 0.410944
v -0.822351 -0.082895 0.459848
v -0.857072 -0.059161 0.447388
v -0.795251 2.332719 0.877949
v -0.830137 2.306878 0.893057
v -0.825923 2.320792 0.854854
v -0.790111 2.305629 0.871022
v -0.811872 2.357414 0.881804
v -0.818545 2.285006 0.883458
v -0.840513 2.336179 0.894122
v -0.799983 2.264956 0.861473
v -0.817475 2.293878 0.854428
v -0.845675 2.372109 0.883355
v -0.839246 2.345611 0.865178
v -1.329787 -0.097534 0.873898
v -1.338777 -0.075813 0.915354
v -1.346290 -0.056134 0.874057
v -1.360564 -0.103572 0.875549
v -1.298730 -0.079095 0.875541
v -1.367790 -0.085703 0.909544
v -1.306990 -0.061194 0.909826
v -1.403840 -0.095271 0.888619
v -1.374415 -0.069096 0.879862
v -1.276038 -0.043900 0.889377
v -1.313080 -0.044522 0.879750
v -0.834417 2.499193 0.787116
v -0.851076 2.436789 0.816383
v -0.800285 2.456232 0.790983
v -0.818137 2.506589 0.816340
v -0.846424 2.474830 0.756107
v -0.831672 2.455818 0.840562
v -0.859916 2.424051 0.780200
v -0.794719 2.490750 0.859278
v -0.793050 2.466875 0.822200
v -0.852667 2.424679 0.734541
v -0.821064 2.435875 0.762068
v -1.351366 -0.042912 0.852608
v -1.333914 -0.076184 0.876157
v -1.363329 -0.050792 0.887606
v -1.369444 -0.065256 0.850057
v -1.331692 -0.021666 0.865461
v -1.355120 -0.092560 0.869547
v -1.317231 -0.048645 0.884938
v -1.388386 -0.101438 0.861359
v -1.377219 -0.074903 0.879810
v -1.309712 -0.010218 0.894124
v -1.338937 -0.029899 0.895340
v -0.877744 2.279828 0.933258
v -0.864717 2.251147 0.897023
v -0.902716 2.280960 0.896597
v -0.863336 2.303189 0.918227
v -0.898577 2.251799 0.938793
v -0.852429 2.280103 0.888450
v -0.887819 2.228306 0.908970
v -0.847954 2.324516 0.882253
v -0.881785 2.300663 0.885814
v -0.921889 2.216515 0.924355
v -0.916812 2.249923 0.906523
v -0.812304 2.424119 0.922720
v -0.780535 2.418420 0.889111
v -0.826679 2.389471 0.891515
v -0.822990 2.445873 0.902614
v -0.800252 2.391311 0.935271
v -0.796925 2.441133 0.875073
v -0.774050 2.386695 0.907488
v -0.829731 2.463067 0.862276
v -0.831058 2.418380 0.874898
v -0.782502 2.349414 0.929291
v -0.808409 2.363581 0.907534
v -0.777786 2.631297 0.787632
v -0.745291 2.592633 0.784218
v -0.753585 2.635252 0.747672
v -0.751368 2.655893 0.790743
v -0.799118 2.601652 0.774080
v -0.724538 2.624349 0.787901
v -0.773130 2.568999 0.772322
v -0.705272 2.676409 0.783735
v -0.729319 2.654985 0.759056
v -0.805153 2.561866 0.750416
v -0.777381 2.600673 0.743182
v -0.244946 2.532844 0.163644
v -0.259302 2.523484 0.168856
v -0.267114 2.527646 0.153042
v -0.252888 2.536970 0.147732
v -0.212566 2.326254 1.092399
v -0.215402 2.323821 1.081402
v -0.227608 2.322113 1.084106
v -0.224848 2.324003 1.095355
v -0.188367 2.683166 0.356168
v -0.185576 2.735413 0.500741
v -0.208497 2.660538 0.758196
v -0.234349 2.485353 0.990028
v -0.230369 2.495840 0.997372
v -0.202034 2.674656 0.759766
v -0.181271 2.744934 0.503052
v -0.183604 2.696202 0.355328
v -0.171754 2.690554 0.355093
v -0.169218 2.741147 0.501839
v -0.191048 2.667823 0.758966
v -0.218191 2.493919 0.994051
v -0.221947 2.484536 0.985348
v -0.197167 2.656115 0.756780
v -0.173556 2.731203 0.499974
v -0.176513 2.678062 0.355965
v -0.182689 2.464151 0.128530
v -0.190473 2.454880 0.139749
v -0.204868 2.458640 0.132170
v -0.197233 2.467875 0.120945
v -0.178356 2.536192 0.168615
v -0.175703 2.617957 0.241109
v -0.182519 2.608412 0.246200
v -0.184062 2.525769 0.173441
v -0.194536 2.612193 0.241423
v -0.193963 2.530131 0.168558
v -0.187361 2.621948 0.236403
v -0.188481 2.540511 0.163717
v -0.132226 2.649365 0.681544
v -0.159539 2.656942 0.726077
v -0.172825 2.624599 0.697456
v -0.125396 2.622416 0.708257
v -0.151910 2.675230 0.658152
v -0.148004 2.627977 0.745478
v -0.174163 2.682286 0.694109
v -0.134387 2.585618 0.755988
v -0.159949 2.603247 0.725549
v -0.189233 2.697935 0.651266
v -0.186065 2.657461 0.674690
v -0.239048 2.547605 0.821239
v -0.210585 2.563674 0.865600
v -0.187218 2.552799 0.812976
v -0.235297 2.586209 0.800285
v -0.228922 2.506098 0.845907
v -0.212032 2.598953 0.836990
v -0.205515 2.519277 0.882496
v -0.211204 2.637644 0.785975
v -0.192007 2.591686 0.798237
v -0.197307 2.471586 0.879270
v -0.185631 2.511576 0.843867
v -0.846481 -0.082416 0.488827
v -0.845934 -0.075685 0.563249
v -0.817056 -0.033948 0.523783
v -0.878087 -0.056536 0.484684
v -0.803393 -0.100164 0.508258
v -0.878344 -0.050968 0.544754
v -0.801697 -0.094799 0.570692
v -0.909764 -0.013136 0.505694
v -0.856567 -0.017669 0.518250
v -0.751321 -0.103388 0.558243
v -0.778515 -0.061997 0.543536
v -0.793947 -0.054048 0.632698
v -0.835366 -0.025230 0.668101
v -0.813973 0.003587 0.612121
v -0.833888 -0.059338 0.597369
v -0.754928 -0.032405 0.671761
v -0.867826 -0.035713 0.626240
v -0.790126 -0.008423 0.700621
v -0.893703 -0.045397 0.561551
v -0.852664 -0.011574 0.585535
v -0.735244 0.012619 0.714312
v -0.775685 0.015679 0.658287
v -0.159380 2.651315 0.498801
v -0.167552 2.671704 0.549178
v -0.125204 2.683362 0.510787
v -0.170819 2.681726 0.481871
v -0.139206 2.624964 0.525564
v -0.177503 2.698902 0.522530
v -0.146163 2.640687 0.567925
v -0.179237 2.728990 0.478304
v -0.145093 2.708132 0.496334
v -0.113101 2.612064 0.569786
v -0.113171 2.652316 0.539780
v -0.213014 2.653290 0.459836
v -0.175479 2.675075 0.479574
v -0.171557 2.642657 0.445570
v -0.208143 2.675023 0.433695
v -0.206017 2.626553 0.488922
v -0.177227 2.693208 0.449628
v -0.175260 2.643956 0.505693
v -0.183025 2.703736 0.404591
v -0.172070 2.668746 0.424457
v -0.177940 2.602264 0.520180
v -0.169814 2.620789 0.479301
v -0.189702 2.626764 0.401032
v -0.166720 2.660883 0.427457
v -0.145716 2.636876 0.388789
v -0.192865 2.651004 0.376970
v -0.173967 2.603934 0.427871
v -0.173916 2.679291 0.398486
v -0.155129 2.631754 0.449789
v -0.180540 2.690808 0.352607
v -0.156237 2.662162 0.369965
v -0.140594 2.593287 0.458585
v -0.137255 2.615342 0.420812
v -0.184620 2.570023 0.305640
v -0.197544 2.592690 0.349200
v -0.153068 2.590765 0.331449
v -0.185905 2.598192 0.291747
v -0.177014 2.544241 0.331175
v -0.196525 2.616882 0.327460
v -0.187774 2.562396 0.367261
v -0.183923 2.641826 0.292725
v -0.162497 2.616608 0.316136
v -0.165230 2.529922 0.375546
v -0.153678 2.562347 0.355841
v -0.775086 -0.080220 0.339010
v -0.796411 -0.058937 0.390118
v -0.764616 -0.030442 0.354011
v -0.802488 -0.064178 0.321271
v -0.742395 -0.085374 0.367097
v -0.820534 -0.046579 0.362991
v -0.759816 -0.067895 0.409204
v -0.838530 -0.028199 0.316808
v -0.796746 -0.023076 0.337797
v -0.712536 -0.071608 0.413029
v -0.735862 -0.044441 0.383996
v -0.181994 2.399206 0.999227
v -0.198668 2.385670 1.039868
v -0.218949 2.384245 1.004408
v -0.179095 2.370997 1.001258
v -0.195694 2.425721 1.002435
v -0.192659 2.360413 1.034310
v -0.209431 2.414558 1.035746
v -0.188430 2.331424 1.015032
v -0.209615 2.358060 1.009219
v -0.223562 2.444595 1.017537
v -0.226236 2.412724 1.010397
v -0.461621 -0.101674 1.098964
v -0.479122 -0.060233 1.114701
v -0.462881 -0.066422 1.071723
v -0.490674 -0.104367 1.087344
v -0.429746 -0.086860 1.107441
v -0.504882 -0.070346 1.100296
v -0.444951 -0.052603 1.120067
v -0.530550 -0.088244 1.071145
v -0.493489 -0.072690 1.067655
v -0.404688 -0.050979 1.112892
v -0.432919 -0.055136 1.087381
v -0.268534 2.364231 1.010566
v -0.245344 2.346715 1.052294
v -0.224306 2.360552 1.009158
v -0.260681 2.392147 1.019015
v -0.265329 2.329299 1.004704
v -0.241787 2.377295 1.053278
v -0.246245 2.314889 1.039146
v -0.235184 2.419772 1.038692
v -0.223745 2.387997 1.021358
v -0.243779 2.289861 1.009451
v -0.228481 2.324638 1.007694
v -0.283609 2.525867 0.893729
v -0.273575 2.481085 0.947786
v -0.249411 2.482793 0.892868
v -0.254223 2.540865 0.902967
v -0.308841 2.493967 0.887022
v -0.245806 2.504575 0.947236
v -0.300464 2.457618 0.931176
v -0.208704 2.538321 0.926724
v -0.226493 2.502774 0.907552
v -0.321273 2.440832 0.893454
v -0.280910 2.456574 0.891244
v -0.588571 -0.096044 0.963632
v -0.590370 -0.058027 1.006071
v -0.603303 -0.046570 0.947008
v -0.626346 -0.096585 0.962346
v -0.548857 -0.080662 0.964393
v -0.627935 -0.065326 0.997048
v -0.550612 -0.049349 0.999139
v -0.675717 -0.075673 0.966821
v -0.638139 -0.054140 0.953454
v -0.513574 -0.041878 0.972867
v -0.560051 -0.038334 0.955856
v -0.192997 2.302952 1.077193
v -0.165922 2.338612 1.048722
v -0.199957 2.308943 1.032363
v -0.212815 2.326354 1.076067
v -0.169454 2.281222 1.064696
v -0.190509 2.355757 1.052748
v -0.147213 2.310548 1.041140
v -0.230337 2.365470 1.056374
v -0.215562 2.334644 1.038275
v -0.140403 2.272050 1.031594
v -0.172265 2.289431 1.026681
v -0.719655 -0.102001 0.917476
v -0.735133 -0.059512 0.900721
v -0.707080 -0.056020 0.940692
v -0.694548 -0.100075 0.898437
v -0.746746 -0.089904 0.942670
v -0.707176 -0.065595 0.884523
v -0.759505 -0.054777 0.928894
v -0.665735 -0.077539 0.875118
v -0.686158 -0.060154 0.914784
v -0.774398 -0.053675 0.968064
v -0.738562 -0.049178 0.959491
v -0.179080 2.502001 1.007825
v -0.172448 2.480239 0.967158
v -0.205279 2.460870 1.006147
v -0.201645 2.516387 0.991225
v -0.158676 2.474515 1.022222
v -0.196177 2.498485 0.957909
v -0.153251 2.456621 0.988604
v -0.232342 2.518767 0.959283
v -0.221463 2.482224 0.985819
v -0.143533 2.431202 1.023189
v -0.178553 2.440136 1.016940
v -0.251238 2.640025 0.812618
v -0.223042 2.598541 0.805790
v -0.255400 2.625965 0.768085
v -0.230654 2.660125 0.790598
v -0.273281 2.610810 0.825966
v -0.207428 2.626215 0.784803
v -0.249987 2.576383 0.821857
v -0.199676 2.670068 0.751403
v -0.231234 2.644841 0.755142
v -0.287833 2.566463 0.826906
v -0.273646 2.595788 0.791291
v -0.174803 2.250798 0.087612
v -0.182381 2.246044 0.103131
v -0.198317 2.245324 0.094534
v -0.190897 2.250029 0.079030
v -0.770138 2.080238 0.860599
v -0.765662 2.076986 0.850387
v -0.776836 2.073414 0.845741
v -0.781461 2.076128 0.856180
v -0.356594 2.409857 0.235826
v -0.445298 2.466984 0.347661
v -0.607011 2.398607 0.551594
v -0.744878 2.229928 0.745614
v -0.747179 2.241179 0.752536
v -0.604324 2.413635 0.554835
v -0.444266 2.477154 0.350827
v -0.353728 2.423455 0.236276
v -0.343480 2.419803 0.243624
v -0.433484 2.475336 0.357271
v -0.594302 2.408653 0.561376
v -0.735261 2.241144 0.757119
v -0.732103 2.230972 0.749092
v -0.596618 2.396037 0.557536
v -0.434759 2.464758 0.354499
v -0.346421 2.406743 0.243135
v -0.193732 2.186701 0.082541
v -0.205546 2.176694 0.088261
v -0.213021 2.177792 0.073370
v -0.201319 2.187738 0.067565
v -0.221845 2.259871 0.108451
v -0.271469 2.343513 0.158346
v -0.278868 2.333174 0.159710
v -0.228102 2.248837 0.110350
v -0.286092 2.334779 0.148451
v -0.233635 2.251356 0.100154
v -0.278471 2.345385 0.147325
v -0.227543 2.262309 0.098118
v -0.499570 2.397253 0.535098
v -0.548502 2.401872 0.554352
v -0.538701 2.366801 0.527601
v -0.506855 2.372741 0.563953
v -0.504409 2.418724 0.501643
v -0.547492 2.375877 0.580269
v -0.544183 2.423347 0.516958
v -0.538095 2.336697 0.601874
v -0.542579 2.348840 0.560362
v -0.532742 2.434801 0.471731
v -0.539526 2.396241 0.497499
v -0.656106 2.284531 0.598900
v -0.661229 2.306583 0.649136
v -0.610324 2.297781 0.621483
v -0.645032 2.322459 0.579350
v -0.657938 2.246128 0.629815
v -0.649438 2.340115 0.620820
v -0.662211 2.264231 0.671219
v -0.623007 2.376583 0.575303
v -0.609778 2.334822 0.601988
v -0.648464 2.218424 0.679276
v -0.622688 2.258493 0.652460
v -0.592253 2.326184 0.518441
v -0.610766 2.346959 0.568423
v -0.554266 2.343588 0.548843
v -0.581929 2.364091 0.499041
v -0.597024 2.288837 0.552599
v -0.597222 2.381387 0.540358
v -0.612164 2.305807 0.593497
v -0.566188 2.418308 0.496705
v -0.554262 2.379111 0.527917
v -0.596273 2.262297 0.606935
v -0.569021 2.303980 0.580899
v -0.474741 2.397371 0.314497
v -0.513121 2.400079 0.378558
v -0.454741 2.373641 0.373436
v -0.453040 2.430987 0.323713
v -0.498301 2.353595 0.323308
v -0.483945 2.433880 0.375443
v -0.530663 2.354610 0.376986
v -0.432029 2.467130 0.363470
v -0.440368 2.414222 0.375277
v -0.527688 2.303258 0.366004
v -0.487031 2.333486 0.376116
v -1.014996 -0.061231 0.451493
v -0.972283 -0.046887 0.493556
v -0.973315 -0.107817 0.466943
v -0.974320 -0.062627 0.416637
v -1.049754 -0.069373 0.498847
v -0.939297 -0.050961 0.450999
v -1.013439 -0.057508 0.533307
v -0.908536 -0.071048 0.391013
v -0.938582 -0.097458 0.433477
v -1.059091 -0.085524 0.561114
v -1.011815 -0.104636 0.514389
v -0.874699 -0.067239 0.371658
v -0.901133 -0.101946 0.405080
v -0.909136 -0.044719 0.397066
v -0.902278 -0.065375 0.347611
v -0.852701 -0.067442 0.408176
v -0.924324 -0.093425 0.374447
v -0.873516 -0.096763 0.436409
v -0.948384 -0.067937 0.334002
v -0.931165 -0.051448 0.370847
v -0.846481 -0.072216 0.460541
v -0.882503 -0.053075 0.431274
v -0.377848 2.355624 0.278285
v -0.378792 2.393944 0.308636
v -0.336545 2.372307 0.292518
v -0.368889 2.378154 0.254022
v -0.378536 2.336626 0.311867
v -0.369524 2.409893 0.278808
v -0.379444 2.367901 0.336973
v -0.349076 2.418537 0.236518
v -0.336677 2.394859 0.268111
v -0.368734 2.332646 0.357238
v -0.346252 2.353590 0.325929
v -0.465151 -0.064882 0.211256
v -0.484040 -0.104903 0.236151
v -0.492154 -0.059107 0.247716
v -0.492448 -0.062861 0.195798
v -0.441487 -0.069240 0.239463
v -0.508033 -0.095712 0.216180
v -0.456516 -0.102323 0.260133
v -0.535429 -0.069883 0.192308
v -0.515391 -0.062226 0.226703
v -0.429773 -0.083530 0.283862
v -0.464110 -0.068767 0.270588
v -0.381081 2.321159 0.200625
v -0.395108 2.346102 0.252594
v -0.349237 2.315702 0.242681
v -0.359092 2.349229 0.193455
v -0.400114 2.289160 0.222942
v -0.370393 2.370247 0.235959
v -0.411708 2.309558 0.265738
v -0.329285 2.388149 0.207956
v -0.335385 2.347761 0.231288
v -0.414544 2.262302 0.270494
v -0.376722 2.286903 0.261040
v -0.283942 2.245358 0.191670
v -0.305731 2.288102 0.214558
v -0.255909 2.274332 0.218236
v -0.272442 2.266612 0.167317
v -0.292600 2.230796 0.227780
v -0.290101 2.302184 0.185835
v -0.310784 2.265457 0.246903
v -0.258286 2.309505 0.150521
v -0.252542 2.293581 0.190216
v -0.300257 2.235232 0.276945
v -0.272879 2.257521 0.250912
v -0.698855 2.153819 0.793949
v -0.734644 2.139211 0.818823
v -0.729834 2.133245 0.778673
v -0.694610 2.126547 0.800767
v -0.714645 2.177852 0.785341
v -0.723766 2.115085 0.820941
v -0.744028 2.165800 0.805697
v -0.705817 2.086500 0.811420
v -0.722299 2.109114 0.791195
v -0.747937 2.192473 0.779111
v -0.742346 2.160357 0.775765
v -0.796638 2.038009 0.851261
v -0.773378 2.059680 0.886767
v -0.752226 2.041429 0.849771
v -0.793447 2.066275 0.837947
v -0.788058 2.007902 0.869352
v -0.774363 2.083907 0.867136
v -0.768642 2.026536 0.898333
v -0.772937 2.106825 0.831057
v -0.756446 2.071194 0.840339
v -0.761052 1.986347 0.896758
v -0.750818 2.013168 0.871441
v -0.732071 2.258438 0.634419
v -0.750925 2.217839 0.689413
v -0.699422 2.221492 0.658804
v -0.715648 2.278332 0.656964
v -0.744789 2.222643 0.618412
v -0.730971 2.245495 0.702069
v -0.760069 2.189736 0.663408
v -0.692922 2.284069 0.702719
v -0.691936 2.245443 0.681397
v -0.752650 2.168458 0.623036
v -0.720780 2.190462 0.642580
v -1.217162 -0.093654 0.862508
v -1.182663 -0.055105 0.850709
v -1.196990 -0.090475 0.821556
v -1.234952 -0.073839 0.847258
v -1.188551 -0.111700 0.868700
v -1.206614 -0.042052 0.837645
v -1.160116 -0.080008 0.858868
v -1.241706 -0.038818 0.816390
v -1.215808 -0.067459 0.814133
v -1.144782 -0.117203 0.859875
v -1.169317 -0.105417 0.835367
v -0.757556 -0.096241 0.208487
v -0.788574 -0.069490 0.192314
v -0.746583 -0.056847 0.198633
v -0.749163 -0.097492 0.179571
v -0.767461 -0.083729 0.238107
v -0.774619 -0.075439 0.166212
v -0.793040 -0.061865 0.224899
v -0.745399 -0.083478 0.139060
v -0.743681 -0.064225 0.170351
v -0.783288 -0.053919 0.260101
v -0.761839 -0.050170 0.228745
v -1.253016 -0.048701 0.744552
v -1.236776 -0.067326 0.781370
v -1.265355 -0.038723 0.778878
v -1.271830 -0.069069 0.752538
v -1.232678 -0.024464 0.746189
v -1.258502 -0.084274 0.782897
v -1.219203 -0.039394 0.776386
v -1.292021 -0.095031 0.779258
v -1.280025 -0.063248 0.783160
v -1.210420 -0.001430 0.766431
v -1.240298 -0.017356 0.776263
v -0.783272 2.135782 0.866128
v -0.771100 2.093007 0.848038
v -0.808069 2.120117 0.832832
v -0.768033 2.148821 0.842108
v -0.805058 2.114319 0.883874
v -0.757812 2.114088 0.827016
v -0.795000 2.079210 0.868933
v -0.751819 2.150121 0.800622
v -0.786448 2.131764 0.814407
v -0.829500 2.077077 0.887417
v -0.823238 2.097896 0.855997
v -1.125611 -0.044915 0.719738
v -1.116971 -0.090703 0.707311
v -1.162597 -0.082751 0.723181
v -1.133798 -0.038630 0.689904
v -1.123797 -0.064804 0.753147
v -1.126549 -0.075822 0.679602
v -1.116727 -0.102643 0.742912
v -1.148465 -0.050502 0.650843
v -1.161771 -0.072499 0.691240
v -1.128968 -0.107478 0.782713
v -1.152138 -0.099481 0.754836
v -0.712960 2.255962 0.789796
v -0.681289 2.234131 0.763496
v -0.728393 2.211086 0.778440
v -0.722838 2.265888 0.761590
v -0.702066 2.232688 0.816606
v -0.696856 2.247937 0.740073
v -0.675941 2.214727 0.794818
v -0.728859 2.262107 0.717799
v -0.731737 2.228787 0.750040
v -0.685721 2.192474 0.831505
v -0.711062 2.195369 0.805148
v -0.139712 1.976145 0.080570
v -0.154393 1.970778 0.089318
v -0.162007 1.967172 0.073274
v -0.147456 1.972464 0.064453
v -0.841479 2.768623 0.096577
v -0.832560 2.762893 0.091832
v -0.838561 2.761038 0.080889
v -0.847875 2.766317 0.085696
v -0.055555 2.898430 -0.091792
v -0.176089 2.990247 -0.065714
v -0.441483 2.991292 -0.021222
v -0.709880 2.889015 0.029835
v -0.713005 2.901468 0.033700
v -0.437658 3.005744 -0.016745
v -0.174690 3.000351 -0.062477
v -0.050186 2.911013 -0.089314
v -0.048496 2.906536 -0.077089
v -0.171552 2.997383 -0.050542
v -0.435964 2.999901 -0.005298
v -0.707383 2.899680 0.045023
v -0.702645 2.887907 0.040918
v -0.438501 2.987598 -0.009935
v -0.173485 2.987001 -0.053652
v -0.053752 2.894481 -0.079636
v 0.101050 2.624254 -0.102798
v 0.086231 2.618009 -0.106514
v 0.090705 2.618218 -0.122599
v 0.105483 2.624415 -0.119023
v 0.083533 2.704903 -0.100690
v 0.037905 2.804047 -0.094667
v 0.028971 2.795851 -0.098729
v 0.074893 2.695883 -0.103607
v 0.031428 2.797086 -0.111919
v 0.078127 2.697818 -0.114864
v 0.040439 2.805533 -0.107526
v 0.086713 2.706772 -0.112160
v -1.107541 -0.062413 -0.020329
v -1.108346 -0.105257 0.014311
v -1.127758 -0.051479 0.027140
v -1.151122 -0.062234 -0.026964
v -1.063024 -0.062760 0.000932
v -1.151244 -0.097454 0.001504
v -1.063606 -0.098071 0.029447
v -1.207581 -0.071531 -0.014445
v -1.166836 -0.057868 0.013559
v -1.025691 -0.071433 0.043765
v -1.078737 -0.058401 0.041458
v -1.193202 0.005779 -0.037586
v -1.188258 -0.045159 -0.012025
v -1.211711 0.005066 0.010655
v -1.236451 0.005385 -0.044606
v -1.147498 0.001118 -0.015822
v -1.232475 -0.036774 -0.023467
v -1.143428 -0.040542 0.005098
v -1.290211 -0.009094 -0.034963
v -1.249747 -0.000126 -0.004384
v -1.106491 -0.016681 0.024908
v -1.161209 -0.003901 0.024192
v -0.336747 2.915503 -0.048649
v -0.351647 2.965712 -0.016146
v -0.298805 2.929398 0.001486
v -0.293870 2.943475 -0.064478
v -0.379114 2.889680 -0.016167
v -0.305948 2.984576 -0.037864
v -0.390748 2.931988 0.010696
v -0.240606 2.990555 -0.063218
v -0.266687 2.958585 -0.021972
v -0.414006 2.883646 0.038344
v -0.349776 2.906216 0.026145
v -0.189715 2.911632 -0.028343
v -0.233418 2.944955 -0.028407
v -0.184041 2.948480 0.002457
v -0.168829 2.934806 -0.047554
v -0.216543 2.895891 0.000812
v -0.203936 2.962380 -0.047797
v -0.253685 2.922548 0.000888
v -0.155260 2.978163 -0.063476
v -0.169038 2.966292 -0.023536
v -0.254674 2.898511 0.037455
v -0.216198 2.928233 0.024935
v -1.145547 -0.045947 -0.103196
v -1.147438 -0.089493 -0.106520
v -1.148881 -0.068339 -0.068607
v -1.176029 -0.047032 -0.102959
v -1.111288 -0.053341 -0.095771
v -1.177822 -0.082893 -0.105711
v -1.112544 -0.089071 -0.098480
v -1.213402 -0.064887 -0.095842
v -1.179083 -0.068859 -0.076244
v -1.078396 -0.078360 -0.080423
v -1.113764 -0.075035 -0.069006
v -0.166179 2.897839 -0.088797
v -0.169580 2.927415 -0.051558
v -0.145345 2.886996 -0.050279
v -0.134913 2.911421 -0.092961
v -0.198550 2.881313 -0.071800
v -0.137348 2.935919 -0.062394
v -0.202010 2.905293 -0.041090
v -0.094030 2.932475 -0.079260
v -0.118970 2.905742 -0.059204
v -0.227070 2.869490 -0.034355
v -0.182084 2.876023 -0.038076
v -1.123068 -0.058823 -0.075025
v -1.127867 -0.101807 -0.052225
v -1.149878 -0.059525 -0.036716
v -1.154787 -0.064320 -0.086868
v -1.093274 -0.056016 -0.050661
v -1.159044 -0.099726 -0.068150
v -1.096923 -0.091282 -0.031893
v -1.199641 -0.082133 -0.086141
v -1.176179 -0.068994 -0.054686
v -1.072001 -0.065230 -0.010251
v -1.114874 -0.060861 -0.018447
v -0.037015 2.776227 -0.082240
v -0.074945 2.809361 -0.088696
v -0.047838 2.806068 -0.049310
v -0.017024 2.798977 -0.090662
v -0.065672 2.759637 -0.065562
v -0.048099 2.826243 -0.095995
v -0.097271 2.786488 -0.070870
v -0.006057 2.841043 -0.095027
v -0.029153 2.825517 -0.065554
v -0.107872 2.759766 -0.042499
v -0.078158 2.785956 -0.040418
v -0.727931 2.813820 0.095157
v -0.773518 2.811271 0.089835
v -0.745852 2.797998 0.062832
v -0.736467 2.787739 0.102587
v -0.727409 2.838907 0.078683
v -0.773431 2.786072 0.098193
v -0.764810 2.836747 0.074264
v -0.761962 2.753202 0.102431
v -0.754852 2.775182 0.076771
v -0.743496 2.858973 0.052235
v -0.745817 2.826292 0.052856
v -0.940332 -0.085968 0.071279
v -0.962026 -0.087916 0.113669
v -0.936602 -0.051781 0.099630
v -0.966049 -0.069508 0.063923
v -0.911521 -0.097269 0.089975
v -0.983710 -0.071172 0.098743
v -0.930089 -0.098361 0.124877
v -1.001855 -0.042181 0.073067
v -0.965387 -0.042999 0.090302
v -0.889294 -0.099497 0.128002
v -0.911128 -0.070321 0.116291
v -0.621718 2.895785 -0.044482
v -0.681337 2.869509 -0.016490
v -0.623657 2.857272 -0.005257
v -0.619120 2.915181 -0.016361
v -0.630055 2.861339 -0.065536
v -0.667794 2.894047 0.006698
v -0.678647 2.840111 -0.042531
v -0.630634 2.923371 0.033068
v -0.626446 2.882461 0.017055
v -0.653010 2.811490 -0.068247
v -0.636811 2.829196 -0.032109
v -0.594484 2.868686 0.016019
v -0.646591 2.866841 0.030119
v -0.603823 2.882802 0.054228
v -0.595283 2.896317 0.009130
v -0.599666 2.839761 0.033773
v -0.637907 2.895065 0.020742
v -0.642500 2.838333 0.045391
v -0.610839 2.932305 0.013255
v -0.607470 2.907425 0.040419
v -0.621769 2.814440 0.065183
v -0.611950 2.850877 0.065093
v -0.828512 2.743619 0.115652
v -0.785920 2.771644 0.130345
v -0.786859 2.735813 0.098384
v -0.826279 2.763981 0.092803
v -0.816675 2.721225 0.138912
v -0.791311 2.787132 0.104933
v -0.781522 2.744230 0.150940
v -0.802056 2.794159 0.065832
v -0.789546 2.760747 0.080775
v -0.780972 2.705313 0.161180
v -0.779769 2.717845 0.126786
v -0.615140 -0.095542 -0.065279
v -0.619998 -0.065870 -0.097455
v -0.590500 -0.061456 -0.064691
v -0.590863 -0.103199 -0.081409
v -0.637979 -0.076597 -0.049422
v -0.594768 -0.078765 -0.107877
v -0.642119 -0.052297 -0.075862
v -0.558434 -0.097046 -0.109017
v -0.572200 -0.073766 -0.084091
v -0.655607 -0.040969 -0.042889
v -0.619048 -0.046936 -0.052113
v -0.743735 2.858992 0.005899
v -0.760619 2.843601 0.043902
v -0.772017 2.876768 0.023625
v -0.767786 2.844592 -0.000939
v -0.723744 2.878364 0.021025
v -0.781713 2.832060 0.030358
v -0.737388 2.866041 0.052303
v -0.806337 2.828125 0.005245
v -0.791808 2.856889 0.016680
v -0.714637 2.899192 0.051340
v -0.746659 2.891694 0.038639
v -1.125709 -0.097839 0.084536
v -1.120541 -0.051537 0.085410
v -1.082814 -0.085205 0.065006
v -1.139548 -0.091190 0.057041
v -1.100087 -0.098009 0.111418
v -1.135255 -0.053226 0.057802
v -1.095892 -0.059776 0.112070
v -1.145661 -0.067274 0.020178
v -1.105662 -0.076718 0.041831
v -1.063215 -0.080848 0.132682
v -1.065950 -0.083582 0.096209
v -0.508222 2.983917 -0.047694
v -0.505673 2.944702 -0.015785
v -0.471385 2.957302 -0.059217
v -0.477322 2.998428 -0.035563
v -0.533775 2.958088 -0.061748
v -0.474994 2.966326 -0.009353
v -0.533137 2.925985 -0.035032
v -0.430467 2.999147 -0.015589
v -0.448380 2.973562 -0.041490
v -0.549840 2.914859 -0.068995
v -0.505440 2.933715 -0.067338
v 0.085504 2.409584 -0.072278
v 0.067904 2.408906 -0.075541
v 0.071776 2.404422 -0.092667
v 0.089309 2.405044 -0.089546
v 0.047794 1.437512 0.150418
v 0.050813 1.862943 0.104230
v 0.071730 0.592225 0.148367
v 0.071776 1.434618 0.106810
v 0.070936 1.856103 0.063503
v 0.056354 1.854694 0.046381
v 0.056798 1.435144 0.087155
v 0.051082 0.593781 0.116171
v 0.015525 -0.051079 0.115480
v 0.037458 -0.052838 0.150150
v 0.027039 -0.052367 0.196797
v -0.007554 -0.050035 0.218799
v -0.065593 -0.045379 0.127057
v -0.031001 -0.047711 0.105054
v -0.054079 -0.046667 0.208373
v -0.076012 -0.044907 0.173703
v 0.029656 0.595104 0.212505
v 0.062056 0.592821 0.191864
v 0.067712 1.435688 0.135377
v 0.068434 1.859829 0.089618
v 0.009753 1.862944 0.085088
v 0.004129 1.440023 0.126981
v -0.034639 0.599841 0.170795
v -0.014000 0.598273 0.202988
v 0.019087 1.439469 0.146626
v 0.024326 1.864351 0.102208
v 0.029857 1.856097 0.044314
v 0.028095 1.437103 0.083376
v 0.007423 0.596947 0.106665
v -0.024967 0.599242 0.127312
v 0.008197 1.438955 0.098430
v 0.012245 1.859216 0.058930
v 0.029353 0.277386 0.116770
v 0.040035 0.268059 0.195114
v 0.050434 0.272626 0.150190
v 0.006319 0.267268 0.216265
v -0.059867 0.275291 0.172726
v -0.015750 0.280652 0.106667
v -0.038785 0.270533 0.206157
v -0.049468 0.279859 0.127808
v 0.171897 2.565433 -0.070754
v 0.123572 2.248223 0.016614
v 0.113167 2.246723 0.005392
v 0.164167 2.564218 -0.078549
v 0.163268 2.572408 -0.050790
v 0.111384 2.257624 0.044309
v 0.122756 2.253177 0.034165
v 0.171492 2.569138 -0.058226
v 0.151056 2.565858 -0.078865
v 0.095243 2.249123 0.004547
v 0.083862 2.253498 0.014737
v 0.142848 2.569099 -0.071475
v 0.142443 2.572802 -0.058945
v 0.083083 2.258417 0.032321
v 0.093489 2.259995 0.043487
v 0.150156 2.574048 -0.051104
v -0.157814 1.421051 0.184827
v -0.118154 1.846482 0.208691
v -0.166968 0.575763 0.207039
v -0.130060 1.418157 0.226137
v -0.091189 1.839641 0.245249
v -0.069287 1.838232 0.240143
v -0.105725 1.418682 0.221840
v -0.128888 0.577320 0.203454
v -0.111969 -0.067540 0.172172
v -0.152837 -0.069300 0.175765
v -0.189511 -0.068829 0.145115
v -0.193201 -0.066497 0.104284
v -0.085058 -0.061840 0.094778
v -0.081368 -0.064173 0.135609
v -0.162600 -0.063129 0.067721
v -0.121732 -0.061369 0.064128
v -0.204671 0.578642 0.140237
v -0.201186 0.576359 0.178495
v -0.153582 1.419227 0.209425
v -0.113249 1.843367 0.231051
v -0.082314 1.846482 0.180980
v -0.116964 1.423561 0.156772
v -0.138121 0.583379 0.102228
v -0.176194 0.581812 0.105806
v -0.141280 1.423007 0.161056
v -0.104211 1.847889 0.186080
v -0.055299 1.839635 0.217545
v -0.089204 1.420641 0.198065
v -0.100420 0.580486 0.169016
v -0.103915 0.582780 0.130764
v -0.093457 1.422494 0.173479
v -0.060211 1.842754 0.195191
v -0.119456 0.260924 0.183870
v -0.193976 0.251597 0.157436
v -0.158823 0.256165 0.187277
v -0.197310 0.250806 0.117775
v -0.128268 0.258829 0.078923
v -0.089796 0.264190 0.148422
v -0.167644 0.254071 0.082328
v -0.093120 0.263397 0.108764
v -0.018179 2.548971 0.396536
v -0.073659 2.231761 0.313527
v -0.058915 2.230262 0.309427
v -0.007708 2.547756 0.393241
v -0.031963 2.555946 0.379713
v -0.092681 2.241162 0.289996
v -0.088881 2.236715 0.304754
v -0.029127 2.552676 0.390432
v -0.001414 2.549396 0.381735
v -0.049945 2.232661 0.293886
v -0.053781 2.237036 0.279100
v -0.004218 2.552638 0.371052
v -0.015167 2.556340 0.364946
v -0.069050 2.241955 0.270343
v -0.083745 2.243533 0.274470
v -0.025672 2.557586 0.368205
vn -0.4293 -0.0091 -0.9031
vn -0.4878 -0.0020 -0.8730
vn 0.2730 -0.0710 -0.9594
vn 0.3422 0.0042 -0.9396
vn -0.8781 0.1165 0.4641
vn -0.8251 0.2561 0.5037
vn -0.9463 0.2164 -0.2402
vn -0.9574 0.0758 -0.2787
vn -0.9032 0.0061 0.4291
vn -0.9436 -0.0080 -0.3310
vn -0.9121 -0.0631 0.4052
vn -0.9345 -0.0608 -0.3507
vn -0.5153 0.0547 -0.8553
vn 0.2152 -0.1345 -0.9673
vn -0.4191 -0.0195 -0.9077
vn 0.3444 0.0362 -0.9381
vn -0.6743 -0.6690 0.3127
vn -0.2522 -0.6439 0.7223
vn -0.3650 -0.0257 0.9307
vn -0.2939 -0.6439 -0.7064
vn -0.6914 -0.6690 -0.2728
vn 0.9072 0.0732 -0.4143
vn 0.7417 -0.5871 -0.3244
vn 0.3001 -0.6100 -0.7334
vn 0.7593 -0.5871 0.2806
vn 0.3424 -0.6100 0.7146
vn 0.9069 0.0233 -0.4207
vn 0.9388 0.0365 0.3426
vn 0.9315 0.0702 0.3570
vn 0.8757 -0.0882 -0.4748
vn 0.9525 -0.0430 0.3015
vn 0.8195 -0.2415 -0.5197
vn 0.9481 -0.2009 0.2466
vn 0.4003 0.0294 0.9159
vn 0.4214 0.0368 0.9061
vn -0.3415 0.0244 0.9396
vn 0.4493 0.0364 0.8927
vn -0.3084 0.1009 0.9459
vn 0.4955 -0.0306 0.8681
vn -0.2415 0.1574 0.9575
vn -0.7800 0.5912 -0.2052
vn -0.6314 0.6114 0.4770
vn -0.3753 0.8446 0.3819
vn -0.5240 0.8075 -0.2710
vn -0.4030 0.3529 -0.8444
vn 0.3567 0.6577 -0.6635
vn 0.7884 -0.5600 0.2546
vn 0.6388 -0.5902 -0.4935
vn 0.4120 -0.8067 -0.4237
vn 0.5770 -0.7642 0.2882
vn 0.0890 -0.2608 -0.9613
vn -0.0002 -0.3594 -0.9332
vn -0.1493 0.3082 0.9395
vn 0.0045 0.4423 0.8969
vn -0.5201 0.2513 -0.8163
vn 0.4570 -0.1907 0.8688
vn 0.4173 -0.2670 0.8687
vn 0.5915 0.7010 0.3984
vn 0.7946 -0.4122 0.4457
vn 0.5575 -0.4522 -0.6962
vn 0.8919 -0.3980 0.2148
vn 0.4961 -0.1597 0.8534
vn 0.5019 -0.1090 0.8580
vn 0.9224 -0.3171 0.2207
vn -0.1936 0.1795 0.9645
vn -0.7457 0.4090 0.5259
vn -0.7781 0.3461 0.5242
vn -0.2053 0.1652 0.9647
vn -0.8860 0.4136 -0.2096
vn -0.5044 0.1754 -0.8455
vn -0.5109 0.1286 -0.8500
vn -0.9152 0.3351 -0.2238
vn 0.1844 -0.1630 -0.9692
vn 0.7514 -0.3925 -0.5304
vn 0.7754 -0.3250 -0.5414
vn 0.1870 -0.1428 -0.9719
vn -0.7140 -0.6128 0.3386
vn -0.5827 -0.7624 -0.2814
vn -0.8642 -0.4259 -0.2679
vn -0.7870 -0.4114 0.4597
vn -0.4640 -0.2821 -0.8397
vn -0.3798 -0.3950 -0.8365
vn -0.5614 -0.7507 0.3482
vn -0.3303 -0.8761 -0.3513
vn -0.3920 -0.8280 -0.4010
vn 0.0649 -0.4009 -0.9138
vn -0.5750 -0.7833 0.2365
vn -0.8564 -0.4808 -0.1882
vn -0.4132 -0.5964 -0.6881
vn -0.4813 -0.2289 -0.8461
vn -0.8105 -0.1991 0.5509
vn -0.1406 -0.6395 -0.7558
vn 0.5398 -0.6944 -0.4758
vn 0.7118 -0.4171 -0.5651
vn 0.2688 -0.4234 -0.8651
vn 0.8964 -0.4274 -0.1177
vn 0.7395 -0.6550 0.1556
vn -0.6756 -0.4609 -0.5755
vn -0.3214 -0.9172 0.2355
vn 0.0460 -0.9932 -0.1074
vn 0.5576 -0.6488 0.5178
vn 0.0777 -0.8494 -0.5220
vn 0.6233 -0.6117 -0.4872
vn 0.7627 -0.6399 0.0942
vn 0.9550 -0.2967 -0.0054
vn 0.2199 -0.2787 -0.9349
vn 0.1137 -0.5716 0.8126
vn -0.5764 -0.6517 0.4930
vn -0.3615 -0.4178 0.8335
vn 0.1644 -0.4654 0.8697
vn -0.9095 -0.3687 0.1922
vn -0.9176 -0.3602 -0.1680
vn 0.3354 -0.4892 0.8051
vn -0.5052 -0.8465 0.1682
vn -0.5340 -0.7576 0.3752
vn -0.8404 -0.3576 -0.4073
vn -0.0274 -0.7493 0.6617
vn -0.3295 -0.4755 0.8157
vn -0.6677 -0.6190 0.4136
vn -0.8126 -0.2654 0.5189
vn 0.2477 -0.2470 0.9368
vn -0.8969 -0.2320 -0.3765
vn -0.4256 -0.2097 -0.8803
vn -0.4169 -0.1419 -0.8978
vn -0.8699 -0.1929 -0.4539
vn 0.1873 -0.0893 -0.9782
vn 0.2379 -0.1021 -0.9659
vn -0.9532 -0.2955 -0.0631
vn -0.3633 -0.3340 -0.8698
vn -0.4462 -0.2575 -0.8571
vn 0.3570 -0.0883 -0.9299
vn -0.4858 -0.6358 -0.5999
vn -0.3894 -0.2949 -0.8726
vn 0.2074 -0.4209 -0.8831
vn 0.2341 -0.0399 -0.9714
vn -0.8992 -0.1343 -0.4164
vn 0.3486 0.0977 -0.9322
vn 0.2871 0.1136 -0.9511
vn 0.8691 -0.0811 -0.4880
vn 0.9098 -0.0196 -0.4145
vn -0.9290 0.2475 -0.2750
vn -0.9044 0.3805 -0.1930
vn -0.4582 0.3889 -0.7993
vn -0.4560 0.2484 -0.8546
vn -0.9317 0.1444 -0.3334
vn -0.4168 0.1655 -0.8938
vn -0.9271 0.0786 -0.3665
vn -0.4014 0.1127 -0.9089
vn 0.2642 0.1779 -0.9479
vn 0.8315 -0.1314 -0.5398
vn 0.3579 0.0859 -0.9298
vn 0.9133 0.0115 -0.4072
vn -0.7528 -0.5551 -0.3537
vn -0.7516 -0.6177 0.2316
vn -0.9212 0.0027 0.3892
vn 0.2422 -0.5578 -0.7939
vn -0.3455 -0.5306 -0.7740
vn 0.9312 -0.0675 0.3582
vn 0.6908 -0.6927 0.2072
vn 0.6758 -0.6248 -0.3910
vn 0.2700 -0.7181 0.6414
vn -0.3314 -0.6855 0.6483
vn 0.9309 -0.1164 0.3462
vn 0.4079 -0.1370 0.9027
vn 0.3956 -0.1031 0.9126
vn 0.9376 -0.2188 0.2701
vn 0.4394 -0.2161 0.8719
vn 0.9162 -0.3575 0.1813
vn 0.4585 -0.3670 0.8094
vn -0.3759 -0.0732 0.9238
vn -0.3536 -0.0692 0.9328
vn -0.9066 0.0476 0.4193
vn -0.3247 -0.0738 0.9429
vn -0.8811 0.1171 0.4582
vn -0.2835 -0.1435 0.9482
vn -0.8387 0.1665 0.5186
vn 0.6055 0.1887 0.7732
vn 0.0504 0.3834 0.9222
vn -0.2640 -0.1967 0.9443
vn 0.4598 -0.4427 0.7698
vn -0.3716 0.6817 0.6302
vn -0.4302 0.8974 0.0979
vn -0.8858 0.4434 -0.1370
vn -0.8135 0.1713 0.5558
vn -0.1004 0.9150 -0.3908
vn 0.4504 0.7153 -0.5343
vn 0.2712 0.2306 -0.9345
vn -0.4465 0.4739 -0.7590
vn 0.8708 0.4272 -0.2434
vn 0.9339 0.2154 0.2854
vn 0.9005 -0.4110 0.1421
vn 0.8223 -0.1361 -0.5525
vn 0.4535 -0.8795 0.1446
vn -0.6008 -0.7404 0.3013
vn -0.4521 -0.3770 0.8084
vn 0.1590 -0.4810 0.8622
vn -0.8742 -0.2822 0.3952
vn -0.9402 -0.3405 0.0039
vn 0.6046 -0.6097 -0.5126
vn -0.3811 -0.6745 -0.6323
vn -0.3133 -0.7625 -0.5660
vn -0.9552 -0.2305 -0.1858
vn -0.1782 -0.7727 0.6092
vn -0.4465 -0.4538 0.7712
vn -0.8273 -0.4779 0.2953
vn -0.9072 -0.1104 0.4060
vn 0.2302 -0.3305 0.9153
vn -0.3588 -0.3378 0.8701
vn -0.9427 -0.2805 -0.1805
vn 0.0218 -0.6914 -0.7222
vn 0.4769 -0.8334 0.2794
vn 0.9847 0.0553 0.1652
vn -0.1033 0.1501 0.9833
vn -0.9762 -0.0738 -0.2038
vn 0.2703 -0.1440 -0.9519
vn 0.2035 -0.2041 0.9576
vn -0.3249 -0.9251 -0.1966
vn -0.6385 -0.7411 -0.2075
vn 0.0839 -0.0529 0.9951
vn -0.9071 -0.4019 -0.1248
vn -0.0522 0.0644 0.9966
vn -0.1888 0.2930 -0.9373
vn 0.3550 0.9228 0.1497
vn 0.6724 0.7396 0.0276
vn 0.0174 0.2389 -0.9709
vn 0.9037 0.4265 0.0387
vn 0.1597 -0.0391 -0.9864
vn 0.4117 -0.0606 0.9093
vn -0.3323 0.8941 0.3004
vn -0.8518 0.3100 0.4223
vn -0.1579 -0.4913 0.8566
vn -0.2856 0.2361 -0.9288
vn -0.0989 -0.9797 -0.1746
vn 0.1661 -0.9582 -0.2328
vn -0.3833 0.1647 -0.9088
vn 0.3964 -0.0761 0.9149
vn 0.2905 -0.1116 0.9503
vn -0.1413 0.9775 0.1567
vn 0.0891 0.9855 0.1442
vn 0.4240 -0.8542 -0.3009
vn -0.4541 0.1809 -0.8724
vn 0.1972 0.9603 -0.1974
vn -0.1304 0.4738 0.8709
vn 0.9516 0.0087 -0.3073
vn -0.2809 -0.9597 0.0018
vn 0.8172 -0.5332 -0.2190
vn -0.2976 -0.1619 0.9409
vn -0.6318 0.2958 -0.7165
vn -0.7365 -0.1143 -0.6667
vn -0.1772 0.1627 0.9706
vn 0.9362 -0.2301 -0.2655
vn -0.7646 0.1001 -0.6367
vn 0.1926 0.9628 -0.1897
vn -0.3363 0.5034 0.7959
vn 0.9923 0.0462 -0.1148
vn -0.2149 -0.9766 -0.0106
vn 0.8718 -0.4893 -0.0212
vn -0.4871 -0.1407 0.8620
vn -0.4837 0.2389 -0.8420
vn -0.5822 -0.1739 -0.7942
vn -0.4002 0.1847 0.8976
vn 0.9813 -0.1850 -0.0539
vn -0.6274 0.0377 -0.7778
vn -0.0061 0.9996 0.0265
vn -0.1937 0.2425 0.9506
vn 0.9293 0.2516 -0.2703
vn -0.0643 -0.9774 -0.2012
vn 0.9122 -0.2685 -0.3095
vn -0.2311 -0.4133 0.8808
vn -0.6751 0.3175 -0.6659
vn -0.7010 -0.1125 -0.7042
vn -0.1813 -0.0652 0.9813
vn 0.9592 0.0129 -0.2824
vn -0.7695 0.0844 -0.6330
vn -0.1895 0.9746 -0.1191
vn 0.0658 0.4200 0.9052
vn 0.6967 0.3401 -0.6316
vn 0.0430 -0.9988 -0.0254
vn 0.7758 -0.2242 -0.5898
vn 0.1454 -0.2786 0.9493
vn -0.9086 0.0966 -0.4063
vn -0.8610 -0.3331 -0.3844
vn 0.1600 0.0885 0.9831
vn 0.7758 0.0752 -0.6265
vn -0.9434 -0.1300 -0.3051
vn -0.0560 0.9950 0.0825
vn -0.2472 0.2047 0.9471
vn 0.9052 0.3567 -0.2310
vn -0.0177 -0.9604 -0.2779
vn 0.9199 -0.2373 -0.3122
vn -0.2414 -0.5181 0.8205
vn -0.6802 0.3438 -0.6474
vn -0.6722 -0.1225 -0.7301
vn -0.2137 -0.1563 0.9643
vn 0.9616 0.0810 -0.2623
vn -0.7719 0.0901 -0.6294
vn 0.1739 0.9803 -0.0934
vn -0.7575 0.5103 0.4072
vn 0.8730 0.2038 0.4430
vn -0.0611 -0.9956 -0.0710
vn 0.7853 -0.4002 0.4724
vn -0.8673 -0.2591 0.4251
vn 0.0919 0.2244 -0.9702
vn 0.0158 -0.2620 -0.9649
vn -0.8579 0.1343 0.4960
vn 0.8652 -0.0859 0.4940
vn -0.0617 -0.0064 -0.9981
vn -0.8477 -0.0124 -0.5303
vn -0.7555 -0.2731 0.5955
vn -0.1318 0.9141 -0.3834
vn 0.9370 -0.0521 0.3453
vn 0.4142 0.9058 -0.0893
vn -0.0704 -0.2893 0.9547
vn 0.0975 -0.6401 -0.7621
vn 0.5155 -0.6654 -0.5400
vn -0.4539 -0.2543 0.8540
vn 0.1253 0.9628 -0.2393
vn 0.2792 -0.7534 -0.5954
vn 0.3390 0.9346 -0.1080
vn 0.4003 0.2765 0.8737
vn 0.6830 -0.0119 -0.7303
vn -0.4857 -0.8711 -0.0724
vn 0.4390 -0.5405 -0.7177
vn 0.0777 -0.4395 0.8949
vn -0.7570 0.5969 -0.2659
vn -0.9560 0.1690 -0.2397
vn 0.3091 -0.0926 0.9465
vn 0.6049 -0.2893 -0.7419
vn -0.8971 0.4176 -0.1442
vn -0.8847 0.0168 -0.4659
vn -0.6876 -0.4215 0.5912
vn -0.2330 0.9515 -0.2008
vn 0.9675 -0.0454 0.2489
vn 0.3626 0.9300 0.0600
vn 0.0498 -0.4541 0.8896
vn 0.0480 -0.5073 -0.8605
vn 0.5202 -0.5237 -0.6746
vn -0.3554 -0.4404 0.8245
vn 0.0335 0.9974 -0.0642
vn 0.2741 -0.6345 -0.7227
vn 0.5883 0.7719 -0.2411
vn 0.2251 0.4865 0.8442
vn 0.8288 -0.3903 -0.4010
vn -0.6950 -0.7182 0.0342
vn 0.4119 -0.8660 -0.2834
vn -0.2850 -0.0629 0.9565
vn -0.4506 0.6020 -0.6592
vn -0.7806 0.2383 -0.5778
vn 0.0158 0.2023 0.9792
vn 0.6834 -0.6469 -0.3384
vn -0.6860 0.4858 -0.5416
vn -0.3292 0.9391 -0.0986
vn 0.4170 0.3940 -0.8191
vn -0.9954 -0.0479 -0.0824
vn 0.3110 -0.8971 0.3137
vn -0.7839 -0.6202 0.0289
vn 0.6704 -0.3124 -0.6731
vn 0.2385 0.5183 0.8212
vn 0.4219 0.0745 0.9036
vn 0.5435 0.0349 -0.8387
vn -0.9395 -0.3390 -0.0499
vn 0.4462 0.3379 0.8287
vn 0.8020 -0.0184 0.5971
vn 0.7743 -0.4121 -0.4804
vn 0.2202 0.9497 0.2229
vn -0.9049 0.0439 -0.4234
vn -0.2416 0.9660 -0.0916
vn 0.1095 -0.3906 -0.9140
vn -0.2308 -0.4661 0.8541
vn -0.6833 -0.4677 0.5607
vn 0.4923 -0.3914 -0.7775
vn 0.0020 0.9984 0.0558
vn -0.4212 -0.5875 0.6909
vn 0.1662 0.7908 0.5890
vn 0.8685 0.4047 -0.2863
vn -0.7225 0.6758 -0.1459
vn -0.3210 -0.8420 -0.4336
vn -0.8704 0.1747 -0.4604
vn 0.6834 -0.2129 -0.6983
vn 0.0498 -0.2823 0.9580
vn -0.0634 -0.7549 0.6527
vn 0.8156 0.1382 -0.5618
vn -0.8242 0.4502 -0.3435
vn 0.1176 -0.5350 0.8366
vn -0.7589 -0.1174 -0.6405
vn -0.2886 0.9246 -0.2486
vn 0.3744 -0.4929 -0.7854
vn 0.6710 -0.0726 0.7379
vn 0.8368 -0.4214 -0.3494
vn 0.1848 0.9437 0.2745
vn -0.7391 -0.5059 0.4447
vn -0.3955 -0.4898 0.7770
vn -0.0262 0.9989 -0.0390
vn 0.6063 -0.4746 -0.6381
vn -0.6111 -0.4088 0.6778
vn -0.7552 -0.1985 -0.6247
vn -0.0178 -0.9858 -0.1672
vn -0.4397 -0.6471 0.6229
vn -0.6968 -0.4725 -0.5397
vn 0.4590 -0.4352 -0.7745
vn 0.6439 -0.7105 0.2840
vn 0.8177 0.2809 0.5025
vn -0.4130 -0.1569 0.8971
vn -0.7931 -0.2851 -0.5383
vn 0.5519 0.2006 -0.8094
vn -0.0068 -0.3907 0.9205
vn 0.0875 -0.8896 -0.4482
vn -0.2551 -0.8047 -0.5361
vn -0.1773 -0.2949 0.9389
vn -0.6375 -0.5895 -0.4961
vn -0.3408 -0.2253 0.9128
vn -0.0168 0.4712 -0.8819
vn -0.0469 0.9086 0.4150
vn 0.3350 0.8615 0.3815
vn 0.1960 0.4880 -0.8505
vn 0.6492 0.6345 0.4195
vn 0.4254 0.2758 -0.8619
vn 0.1424 -0.1873 0.9719
vn -0.6935 0.6496 0.3114
vn -0.9869 -0.0664 0.1468
vn -0.2021 -0.7287 0.6543
vn -0.0859 0.3895 -0.9170
vn 0.3031 -0.8828 -0.3588
vn 0.5488 -0.7734 -0.3172
vn -0.1537 0.2910 -0.9443
vn 0.1327 -0.2075 0.9692
vn 0.0406 -0.2792 0.9594
vn -0.5126 0.8187 0.2588
vn -0.3057 0.8937 0.3283
vn 0.7618 -0.5872 -0.2735
vn -0.2328 0.2764 -0.9324
vn -0.1140 0.9921 0.0521
vn -0.6949 0.1544 0.7024
vn 0.9040 0.3504 0.2451
vn 0.1534 -0.9568 -0.2469
vn 0.9587 -0.2019 0.2005
vn -0.6216 -0.4990 0.6038
vn -0.2879 0.3133 -0.9050
vn -0.2442 -0.1075 -0.9637
vn -0.6678 -0.1846 0.7211
vn 0.9587 0.1179 0.2590
vn -0.3634 0.0705 -0.9290
vn -0.8154 0.0939 -0.5712
vn -0.6949 -0.6772 0.2420
vn -0.3462 0.9328 0.1001
vn 0.9190 -0.0154 0.3939
vn 0.1853 0.8892 0.4184
vn 0.0187 -0.7453 0.6664
vn 0.2448 -0.0852 -0.9658
vn 0.6703 -0.1468 -0.7274
vn -0.3822 -0.7517 0.5375
vn -0.1212 0.9534 0.2764
vn 0.4542 -0.2365 -0.8589
vn -0.3638 0.9121 0.1890
vn -0.5176 -0.0881 0.8511
vn 0.8177 0.5642 0.1140
vn 0.3405 -0.8640 -0.3710
vn 0.9958 0.0909 -0.0148
vn -0.3016 -0.6839 0.6643
vn -0.5350 0.2846 -0.7955
vn -0.3966 -0.1084 -0.9116
vn -0.4067 -0.3765 0.8324
vn 0.9316 0.3559 0.0733
vn -0.5466 0.0347 -0.8367
vn -0.1928 0.8808 0.4324
vn -0.9303 -0.0363 0.3651
vn 0.6794 0.1498 0.7183
vn 0.2993 -0.7913 -0.5332
vn 0.8001 -0.4051 0.4424
vn -0.7771 -0.6292 0.0152
vn 0.0607 0.7204 -0.6909
vn 0.1761 0.2929 -0.9398
vn -0.8947 -0.3713 0.2484
vn 0.7611 -0.1049 0.6401
vn 0.0139 0.4912 -0.8709
vn -0.9786 0.0492 -0.1997
vn -0.4048 -0.8756 0.2634
vn -0.3645 0.7621 0.5352
vn 0.9964 0.0688 0.0491
vn 0.2048 0.7580 0.6193
vn 0.3068 -0.8792 0.3646
vn -0.1098 0.1878 -0.9760
vn 0.3534 0.1754 -0.9189
vn -0.0625 -0.9229 0.3799
vn -0.0892 0.7835 0.6149
vn 0.1221 0.0806 -0.9892
vn -0.4797 0.8773 -0.0131
vn -0.3350 0.1600 0.9285
vn 0.6766 0.6788 -0.2854
vn 0.3962 -0.9013 -0.1751
vn 0.9343 0.1697 -0.3135
vn -0.0304 -0.4733 0.8804
vn -0.7372 -0.0544 -0.6735
vn -0.5496 -0.4429 -0.7084
vn -0.1555 -0.1402 0.9778
vn 0.8391 0.4554 -0.2975
vn -0.7164 -0.3003 -0.6298
vn -0.9584 0.1784 0.2227
vn -0.2151 -0.5257 0.8230
vn -0.0773 0.9842 0.1595
vn 0.8918 -0.1606 -0.4229
vn 0.4873 0.8732 -0.0095
vn 0.4667 -0.6610 0.5876
vn -0.5712 -0.2683 -0.7758
vn -0.1301 -0.3513 -0.9272
vn 0.1393 -0.5966 0.7904
vn 0.2002 0.9742 0.1040
vn -0.3567 -0.4226 -0.8332
vn -0.1631 0.9770 0.1374
vn -0.9687 0.1486 0.1990
vn 0.5898 0.3112 0.7451
vn 0.3143 -0.9151 -0.2527
vn 0.7154 -0.2776 0.6412
vn -0.8017 -0.5958 0.0491
vn 0.2677 0.4952 -0.8265
vn 0.3690 0.0244 -0.9291
vn -0.9507 -0.2499 0.1835
vn 0.6707 0.0283 0.7412
vn 0.2187 0.2473 -0.9439
vn -0.5137 0.8468 0.1383
vn -0.8523 -0.2192 0.4750
vn 0.5793 0.6214 0.5276
vn 0.5759 -0.7605 -0.3001
vn 0.9023 0.1122 0.4163
vn -0.4529 -0.8345 0.3137
vn -0.1851 0.4152 -0.8907
vn 0.0713 0.0169 -0.9973
vn -0.6832 -0.5587 0.4702
vn 0.7641 0.3905 0.5135
vn -0.1519 0.1551 -0.9761
vn 0.0048 0.9848 0.1734
vn 0.0235 0.1297 0.9913
vn 0.8149 0.3774 -0.4399
vn -0.1093 -0.9184 -0.3802
vn 0.7786 -0.1811 -0.6009
vn -0.0197 -0.6257 0.7798
vn -0.8153 0.4108 -0.4080
vn -0.8505 -0.0460 -0.5239
vn 0.0517 -0.2555 0.9654
vn 0.8455 0.1032 -0.5239
vn -0.9111 0.1736 -0.3739
vn -0.9954 -0.0009 -0.0958
vn -0.4012 -0.4921 0.7726
vn -0.3156 0.9486 -0.0251
vn 0.9904 -0.0101 -0.1379
vn 0.3348 0.9422 -0.0102
vn 0.3949 -0.5044 0.7679
vn -0.2692 -0.4506 -0.8512
vn 0.2385 -0.4537 -0.8587
vn -0.0050 -0.5079 0.8614
vn -0.0184 0.9998 0.0042
vn -0.0046 -0.5740 -0.8189
vn -0.6497 0.0710 -0.7569
vn -0.8314 -0.5368 0.1436
vn -0.1956 0.9620 -0.1908
vn 0.7986 -0.1004 0.5935
vn 0.3209 0.8930 0.3156
vn -0.2033 -0.6156 0.7614
vn 0.4207 -0.3243 -0.8472
vn 0.7668 -0.3949 -0.5060
vn -0.6018 -0.5990 0.5283
vn 0.0295 0.9973 0.0667
vn 0.5658 -0.4993 -0.6562
vn 0.3215 0.9405 0.1097
vn -0.1991 0.2823 0.9384
vn 0.9887 -0.0198 -0.1485
vn -0.3796 -0.8648 -0.3287
vn 0.7504 -0.6062 -0.2636
vn -0.4936 -0.3966 0.7740
vn -0.4356 0.6075 -0.6642
vn -0.6256 0.1584 -0.7639
vn -0.3235 -0.0745 0.9433
vn 0.9315 -0.3137 -0.1839
vn -0.6377 0.4030 -0.6565
vn 0.5111 0.8089 0.2906
vn -0.5816 0.6152 0.5322
vn 0.8101 -0.2879 0.5108
vn -0.4055 -0.7878 -0.4636
vn 0.4536 -0.8514 0.2635
vn -0.9720 -0.0102 0.2346
vn 0.3199 0.5098 -0.7986
vn 0.0556 0.1173 -0.9915
vn -0.8350 0.3013 0.4605
vn 0.6759 -0.5869 0.4457
vn 0.0790 0.3819 -0.9208
vn 0.9452 -0.0823 0.3160
vn 0.4702 0.8554 -0.2172
vn -0.0256 -0.1703 0.9851
vn -0.9400 -0.1075 -0.3237
vn -0.5848 -0.1518 0.7968
vn -0.2416 0.8536 -0.4615
vn 0.4266 -0.7783 -0.4607
vn -0.0507 -0.7795 -0.6243
vn 0.1277 0.9394 -0.3180
vn -0.3033 -0.1521 0.9407
vn 0.2191 -0.7317 -0.6455
vn -0.5979 0.8001 -0.0484
vn 0.4582 0.7012 -0.5462
vn -0.8525 -0.2994 -0.4285
vn 0.5083 -0.8248 0.2477
vn -0.4923 -0.7979 -0.3480
vn 0.8935 0.0815 -0.4416
vn -0.1920 0.3216 0.9272
vn 0.1057 -0.0585 0.9927
vn 0.7030 0.4110 -0.5804
vn -0.7089 -0.5608 -0.4277
vn 0.0553 0.2112 0.9759
vn -0.6795 -0.0261 0.7332
vn -0.3589 0.9276 0.1037
vn -0.7540 -0.5979 -0.2720
vn 0.7377 -0.1757 -0.6518
vn -0.3189 -0.6421 -0.6971
vn 0.1734 0.8792 -0.4438
vn 0.4199 -0.3053 0.8547
vn 0.8314 -0.3193 0.4548
vn -0.1407 0.9668 -0.2134
vn -0.5694 -0.6306 -0.5273
vn 0.6578 -0.2079 0.7239
vn -0.4367 -0.2243 -0.8712
vn 0.3759 -0.8679 -0.3249
vn -0.4095 -0.5060 0.7592
vn -0.9329 -0.2192 -0.2857
vn 0.0578 -0.5250 -0.8491
vn 0.4549 -0.8820 0.1231
vn 0.9742 0.0015 0.2257
vn -0.1575 -0.0573 0.9859
vn -0.9637 -0.0116 -0.2668
vn 0.3225 0.0537 -0.9450
vn 0.1480 -0.4038 0.9028
vn -0.3194 -0.8573 -0.4038
vn -0.6307 -0.6694 -0.3925
vn 0.0274 -0.2617 0.9648
vn -0.9013 -0.3502 -0.2549
vn -0.1078 -0.1449 0.9836
vn -0.1338 0.4863 -0.8635
vn 0.3522 0.8643 0.3591
vn 0.6747 0.7050 0.2184
vn 0.0736 0.4367 -0.8966
vn 0.9029 0.3923 0.1758
vn 0.2147 0.1655 -0.9625
vn 0.3594 -0.2572 0.8970
vn -0.3428 0.8172 0.4633
vn -0.8721 0.2302 0.4317
vn -0.2091 -0.6569 0.7244
vn -0.2313 0.4306 -0.8724
vn -0.0954 -0.9194 -0.3817
vn 0.1726 -0.8911 -0.4198
vn -0.3304 0.3584 -0.8731
vn 0.3437 -0.2734 0.8984
vn 0.2358 -0.3135 0.9198
vn -0.1434 0.9254 0.3508
vn 0.0873 0.9316 0.3527
vn 0.4346 -0.7798 -0.4506
vn -0.4031 0.3680 -0.8379
vn 0.2144 0.9766 0.0197
vn -0.1760 0.2831 0.9428
vn 0.9674 0.0555 -0.2472
vn -0.2869 -0.9335 -0.2150
vn 0.8246 -0.4903 -0.2820
vn -0.3512 -0.3499 0.8685
vn -0.5885 0.4509 -0.6711
vn -0.6985 0.0414 -0.7144
vn -0.2305 -0.0410 0.9722
vn 0.9482 -0.1865 -0.2574
vn -0.7269 0.2452 -0.6415
vn -0.9989 0.0371 0.0276
vn -0.2613 -0.4289 0.8647
vn -0.2229 0.9736 -0.0492
vn 0.9724 -0.0529 -0.2271
vn 0.3322 0.9401 -0.0769
vn 0.3972 -0.4741 0.7858
vn -0.3374 -0.4999 -0.7977
vn 0.0862 -0.5309 -0.8431
vn 0.0778 -0.4420 0.8936
vn 0.0148 0.9991 -0.0389
vn -0.1073 -0.6101 -0.7850
vn -0.7667 0.1166 -0.6313
vn -0.8436 -0.3833 0.3760
vn -0.0965 0.9754 -0.1981
vn 0.8863 -0.1220 0.4468
vn 0.4075 0.8996 0.1567
vn -0.1694 -0.4947 0.8524
vn 0.2112 -0.4253 -0.8801
vn 0.6078 -0.5155 -0.6040
vn -0.5592 -0.4407 0.7022
vn 0.1270 0.9917 -0.0194
vn 0.3755 -0.5844 -0.7193
vn -0.0010 0.9718 0.2356
vn -0.2453 0.0415 0.9686
vn 0.9447 0.2856 -0.1612
vn -0.0594 -0.9123 -0.4053
vn 0.9264 -0.2144 -0.3096
vn -0.2830 -0.5844 0.7605
vn -0.6345 0.4622 -0.6195
vn -0.6610 0.0504 -0.7487
vn -0.2366 -0.2660 0.9345
vn 0.9736 0.0542 -0.2215
vn -0.7321 0.2293 -0.6415
vn 0.2165 0.8814 0.4199
vn -0.7474 0.2337 0.6219
vn 0.8730 -0.0895 0.4794
vn -0.1228 -0.8246 -0.5522
vn 0.7349 -0.6443 0.2117
vn -0.8892 -0.3645 0.2763
vn 0.0675 0.6931 -0.7177
vn -0.0293 0.2601 -0.9651
vn -0.8499 -0.0918 0.5188
vn 0.8477 -0.3538 0.3952
vn -0.0967 0.4956 -0.8632
vn -0.1761 0.9813 0.0784
vn 0.0176 0.2197 0.9754
vn 0.7334 0.4521 -0.5078
vn 0.0377 -0.9719 -0.2324
vn 0.8062 -0.1098 -0.5813
vn 0.0899 -0.4739 0.8760
vn -0.8836 0.1962 -0.4251
vn -0.8402 -0.2293 -0.4914
vn 0.1050 -0.1224 0.9869
vn 0.8103 0.1906 -0.5542
vn -0.9256 -0.0460 -0.3757
vn -0.9902 0.0641 0.1242
vn -0.3288 -0.8225 0.4642
vn -0.1941 0.8305 0.5221
vn 0.9579 0.0546 -0.2818
vn 0.4079 0.8111 0.4191
vn 0.4337 -0.8446 0.3140
vn -0.4359 0.0949 -0.8950
vn 0.0455 0.0745 -0.9962
vn 0.0659 -0.8821 0.4664
vn 0.0990 0.8541 0.5106
vn -0.2018 -0.0306 -0.9790
vn -0.0348 0.9384 -0.3438
vn -0.3522 0.5998 0.7184
vn 0.9244 0.2534 -0.2851
vn -0.0136 -0.9900 0.1405
vn 0.9332 -0.3418 -0.1111
vn -0.3463 -0.1453 0.9268
vn -0.5890 0.0333 -0.8075
vn -0.6009 -0.4226 -0.6785
vn -0.3295 0.2520 0.9099
vn 0.9806 -0.0255 -0.1941
vn -0.7000 -0.1845 -0.6899
vn -0.1715 0.9569 0.2345
vn -0.6991 0.0318 0.7143
vn 0.8674 0.3970 0.3001
vn 0.2061 -0.8876 -0.4120
vn 0.9750 -0.1816 0.1281
vn -0.5687 -0.6692 0.4783
vn -0.3059 0.4842 -0.8197
vn -0.2241 0.0311 -0.9741
vn -0.6489 -0.3425 0.6795
vn 0.9617 0.1217 0.2457
vn -0.3789 0.2296 -0.8965
vn 0.7435 0.5941 -0.3069
vn 0.2643 0.6054 0.7508
vn 0.7667 -0.5753 -0.2850
vn -0.8146 -0.5738 0.0849
vn 0.2630 -0.9562 -0.1286
vn -0.3615 0.1436 0.9213
vn -0.2934 0.5533 -0.7796
vn -0.6911 0.2553 -0.6761
vn -0.0257 0.3800 0.9246
vn 0.5734 -0.7937 -0.2031
vn -0.5579 0.4947 -0.6663
vn -0.4796 0.0195 -0.8773
vn -0.9554 -0.2874 0.0676
vn 0.0979 0.9018 -0.4208
vn 0.6394 -0.1209 0.7594
vn 0.4909 0.8506 0.1881
vn -0.4764 -0.3445 0.8090
vn 0.4489 -0.6109 -0.6521
vn 0.7055 -0.6678 -0.2372
vn -0.8143 -0.2998 0.4970
vn 0.2806 0.9505 -0.1336
vn 0.5105 -0.7598 -0.4027
vn -0.9985 -0.0348 -0.0416
vn -0.3423 -0.0472 0.9384
vn -0.2952 0.8537 -0.4290
vn 0.9828 -0.1003 -0.1548
vn 0.3476 0.8298 -0.4366
vn 0.4132 -0.0993 0.9052
vn -0.3092 -0.7820 -0.5412
vn 0.1875 -0.8099 -0.5558
vn 0.0300 -0.0245 0.9993
vn 0.0022 0.9030 -0.4297
vn -0.0520 -0.8846 -0.4634
vn 0.6644 0.4649 0.5852
vn 0.6636 -0.6731 0.3264
vn 0.4371 0.7431 -0.5067
vn -0.8261 -0.2228 -0.5176
vn -0.0225 0.5221 -0.8526
vn 0.0138 -0.9856 -0.1687
vn -0.4680 0.4070 0.7845
vn -0.8197 0.2299 0.5246
vn 0.4176 -0.9070 0.0546
vn 0.2409 0.6470 -0.7234
vn -0.6422 0.2080 0.7377
vn 0.0930 -0.8674 0.4889
vn -0.2264 0.1635 0.9602
vn -0.5957 -0.6710 -0.4415
vn 0.0445 0.8020 -0.5956
vn -0.6097 -0.1744 -0.7732
vn -0.2574 0.7914 0.5546
vn 0.9486 -0.3036 -0.0894
vn 0.9401 0.0892 -0.3292
vn -0.3011 0.4903 0.8179
vn -0.6468 -0.4267 -0.6321
vn 0.9910 -0.0569 -0.1213
vn -0.0236 0.6591 0.7517
vn 0.4303 0.8571 -0.2833
vn -0.9629 0.1701 0.2093
vn -0.0106 -0.7960 -0.6052
vn -0.9568 -0.2155 -0.1953
vn 0.4402 0.2980 -0.8470
vn 0.4197 -0.4053 0.8121
vn 0.4425 -0.7864 0.4311
vn 0.4294 0.6437 -0.6335
vn -1.0000 -0.0081 -0.0022
vn 0.5521 -0.5575 0.6200
vn 0.1380 0.6467 0.7501
vn 0.8859 0.4397 -0.1478
vn -0.7086 0.7045 -0.0391
vn -0.3017 -0.7264 -0.6175
vn -0.8419 0.2832 -0.4594
vn 0.7202 -0.0744 -0.6898
vn -0.0061 -0.4776 0.8786
vn -0.1050 -0.8736 0.4751
vn 0.8468 0.2379 -0.4757
vn -0.8005 0.5272 -0.2849
vn 0.0668 -0.7005 0.7105
vn -0.1479 0.8653 -0.4790
vn 0.9079 0.4027 -0.1159
vn -0.4129 -0.2374 -0.8793
vn -0.0543 -0.8142 0.5780
vn -0.3254 -0.7742 -0.5429
vn 0.9394 -0.1669 0.2995
vn -0.5935 0.5895 0.5479
vn -0.5658 0.1861 0.8033
vn 0.9933 0.1086 0.0406
vn -0.3824 -0.4930 -0.7815
vn -0.4988 0.4232 0.7564
vn -0.7202 -0.0494 -0.6920
vn -0.0149 -0.9284 -0.3713
vn -0.7718 -0.4702 0.4282
vn -0.5118 -0.4262 -0.7459
vn 0.6243 -0.6113 -0.4863
vn 0.3194 -0.7569 0.5702
vn 0.5951 0.2142 0.7746
vn -0.7535 0.0436 0.6559
vn -0.5599 -0.2275 -0.7967
vn 0.8529 -0.0108 -0.5219
vn -0.4467 -0.2471 0.8599
vn 0.0695 -0.9474 -0.3125
vn -0.1859 -0.8216 -0.5389
vn -0.5870 -0.1233 0.8001
vn -0.4998 -0.5437 -0.6742
vn -0.7090 -0.0326 0.7044
vn 0.4272 0.3351 -0.8398
vn -0.0161 0.9545 0.2977
vn 0.3297 0.8417 0.4275
vn 0.6093 0.3215 -0.7248
vn 0.5496 0.5747 0.6064
vn 0.7755 0.0755 -0.6268
vn -0.2909 -0.0654 0.9545
vn -0.6093 0.7917 -0.0454
vn -0.9563 0.1166 -0.2682
vn -0.5879 -0.5839 0.5599
vn 0.3621 0.2615 -0.8947
vn 0.2293 -0.9628 -0.1429
vn 0.4561 -0.8899 -0.0113
vn 0.2915 0.1724 -0.9409
vn -0.3028 -0.0838 0.9494
vn -0.3963 -0.1404 0.9073
vn -0.3914 0.9197 -0.0300
vn -0.2175 0.9695 0.1134
vn 0.6686 -0.7364 0.1037
vn 0.2129 0.1727 -0.9617
vn 0.2406 -0.9657 -0.0972
vn 0.0848 -0.1530 -0.9846
vn 0.8591 -0.1105 0.4997
vn -0.3279 0.8999 0.2876
vn 0.7015 0.3712 0.6083
vn -0.1460 0.5478 -0.8238
vn -0.7234 -0.5268 0.4463
vn -0.8329 -0.1373 0.5361
vn 0.0222 0.1900 -0.9815
vn 0.8120 0.1447 0.5654
vn -0.8470 -0.3406 0.4082
vn -0.9959 0.0599 -0.0679
vn -0.3414 -0.7716 0.5367
vn -0.2320 0.8853 0.4030
vn 0.9910 0.0084 -0.1335
vn 0.3321 0.8501 0.4088
vn 0.3186 -0.7977 0.5121
vn -0.2389 -0.0486 -0.9698
vn 0.1868 -0.0662 -0.9802
vn -0.0184 -0.8022 0.5967
vn 0.0082 0.8995 0.4369
vn -0.0131 -0.1535 -0.9881
vn 0.0828 0.9944 -0.0653
vn -0.8658 0.3650 0.3423
vn 0.7875 0.2308 0.5715
vn 0.0361 -0.9945 -0.0979
vn 0.7396 -0.3236 0.5901
vn -0.8968 -0.2988 0.3262
vn 0.1603 0.2216 -0.9619
vn 0.1354 -0.2047 -0.9694
vn -0.9190 0.0324 0.3930
vn 0.7830 -0.0030 0.6221
vn 0.0518 -0.0066 -0.9986
vn 0.5157 0.6843 -0.5156
vn -0.5147 0.8525 -0.0908
vn 0.8743 0.1467 0.4627
vn -0.4035 -0.8270 0.3914
vn 0.5748 -0.3109 0.7569
vn -0.9241 0.2398 0.2977
vn 0.2393 -0.3576 -0.9027
vn -0.0176 -0.7206 -0.6931
vn -0.7763 0.6096 0.1605
vn 0.7658 -0.0495 0.6412
vn 0.0100 -0.5116 -0.8592
vn -0.8814 0.1183 -0.4573
vn -0.3919 -0.9097 -0.1370
vn -0.5619 0.5678 0.6016
vn 0.9320 0.0397 0.3602
vn -0.0420 0.5321 0.8456
vn 0.2590 -0.9517 0.1649
vn 0.1590 0.4763 -0.8648
vn 0.5860 0.4419 -0.6791
vn -0.0945 -0.9939 0.0565
vn -0.3235 0.5610 0.7620
vn 0.3929 0.3756 -0.8394
vn -0.2435 0.9323 -0.2674
vn -0.6303 0.3449 0.6956
vn 0.8589 0.5115 -0.0260
vn 0.2372 -0.9694 0.0636
vn 0.9956 -0.0313 0.0882
vn -0.4694 -0.3297 0.8191
vn -0.4092 -0.0309 -0.9119
vn -0.3077 -0.4456 -0.8407
vn -0.5507 0.0298 0.8342
vn 0.9631 0.2653 0.0447
vn -0.4585 -0.2680 -0.8473
vn 0.1395 0.8619 -0.4876
vn -0.7683 0.6117 0.1886
vn 0.8722 0.3832 0.3040
vn -0.0417 -0.9478 0.3161
vn 0.8022 -0.1717 0.5719
vn -0.8537 -0.0852 0.5137
vn 0.0719 -0.1840 -0.9803
vn 0.0068 -0.6132 -0.7899
vn -0.8539 0.3025 0.4236
vn 0.8729 0.1342 0.4690
vn -0.0755 -0.4016 -0.9127
vn -0.3395 0.9298 -0.1418
vn -0.9954 -0.0070 0.0956
vn 0.4419 0.5889 0.6767
vn 0.4764 -0.8791 0.0146
vn 0.6697 0.0234 0.7422
vn -0.7016 -0.6957 0.1541
vn 0.2681 0.3064 -0.9134
vn 0.4573 -0.1394 -0.8783
vn -0.9122 -0.3665 0.1834
vn 0.5654 0.3314 0.7553
vn 0.2774 0.0349 -0.9601
vn -0.4163 -0.8388 -0.3508
vn -0.1577 0.1074 -0.9816
vn 0.6123 -0.7647 0.2009
vn 0.3061 0.7742 0.5540
vn 0.8262 -0.2801 0.4888
vn 0.1609 0.7879 -0.5944
vn -0.8596 -0.1628 0.4843
vn -0.6850 0.2202 0.6944
vn 0.0339 0.4594 -0.8876
vn 0.7697 -0.5387 0.3427
vn -0.8584 0.0969 0.5037
vn -0.9952 -0.0267 0.0943
vn -0.2056 -0.3793 0.9021
vn -0.3344 0.9382 -0.0896
vn 0.9439 0.0188 -0.3297
vn 0.2344 0.9483 -0.2139
vn 0.5635 -0.3627 0.7423
vn -0.3861 -0.5593 -0.7336
vn 0.0780 -0.5624 -0.8232
vn 0.1808 -0.3587 0.9158
vn -0.0542 0.9893 -0.1352
vn -0.1531 -0.6701 -0.7263
vn 0.7882 0.2942 -0.5405
vn 0.1927 0.9776 0.0853
vn 0.7942 -0.5658 0.2216
vn -0.8451 -0.4011 0.3533
vn 0.1973 -0.8046 0.5600
vn -0.5311 0.6838 0.5004
vn -0.1568 -0.1887 -0.9694
vn -0.5724 -0.3314 -0.7500
vn -0.1542 0.9166 0.3690
vn 0.5595 -0.7104 0.4270
vn -0.4381 -0.1396 -0.8880
vn -0.9854 0.0160 0.1696
vn -0.1897 -0.6308 0.7524
vn -0.2249 0.9353 0.2731
vn 0.9175 0.0059 -0.3976
vn 0.3968 0.9114 0.1094
vn 0.5333 -0.6619 0.5267
vn -0.5096 -0.2500 -0.8233
vn -0.0321 -0.2701 -0.9623
vn 0.1865 -0.6583 0.7293
vn 0.0726 0.9688 0.2370
vn -0.2622 -0.3828 -0.8859
vn 0.6607 0.0342 0.7499
vn -0.4106 -0.4254 0.8065
vn 0.8477 -0.4544 -0.2737
vn -0.4873 0.1864 -0.8531
vn 0.4853 -0.4136 -0.7703
vn -0.9230 -0.3716 0.0997
vn 0.2243 0.9519 0.2089
vn -0.0606 0.9843 -0.1658
vn -0.7133 -0.4900 0.5011
vn 0.6915 -0.4830 -0.5372
vn -0.0217 0.9937 0.1096
vn 0.9882 -0.1121 -0.1048
vn 0.3608 0.8383 -0.4088
vn 0.3825 -0.1646 0.9092
vn -0.9920 -0.0778 0.0991
vn -0.2035 -0.1285 0.9706
vn -0.3878 0.8589 -0.3345
vn 0.1737 -0.7943 -0.5822
vn -0.3282 -0.7804 -0.5322
vn 0.0100 0.9331 -0.3594
vn 0.1121 -0.1374 0.9841
vn -0.0906 -0.7416 -0.6647
vn -0.1932 -0.7628 0.6171
vn -0.8026 0.2423 0.5450
vn -0.1275 -0.8230 -0.5536
vn 0.3707 0.7111 -0.5974
vn 0.0465 -0.3857 -0.9215
vn -0.6017 0.7945 0.0820
vn 0.7976 -0.1288 0.5893
vn 0.9225 0.2205 0.3169
vn -0.7871 0.5277 0.3194
vn -0.0578 -0.6197 -0.7827
vn 0.8357 0.1150 0.5371
vn -0.3517 0.8710 -0.3431
vn 0.7696 0.5311 -0.3545
vn -0.6590 -0.2160 -0.7205
vn 0.1883 -0.8517 0.4890
vn -0.4706 -0.7492 -0.4660
vn 0.9908 -0.1293 -0.0391
vn -0.4681 0.4792 0.7425
vn -0.3053 0.0694 0.9497
vn 0.9424 0.2032 -0.2656
vn -0.5847 -0.4943 -0.6433
vn -0.2881 0.3383 0.8958
vn -0.5434 0.7355 0.4047
vn 0.4590 0.8781 -0.1352
vn -0.8780 0.0119 -0.4785
vn 0.4309 -0.8560 -0.2855
vn -0.5887 -0.4152 -0.6936
vn 0.8645 0.2619 -0.4291
vn -0.1814 -0.2093 0.9609
vn 0.1051 -0.6258 0.7729
vn 0.6974 0.6243 -0.3518
vn -0.7587 -0.1963 -0.6211
vn 0.0527 -0.3577 0.9324
vn -0.0975 -0.2741 -0.9567
vn 0.2844 -0.9551 -0.0831
vn -0.1506 -0.7587 0.6338
vn -0.6329 -0.6226 -0.4602
vn 0.4197 -0.2752 -0.8649
vn 0.8416 -0.5242 0.1302
vn 0.7908 0.4708 0.3912
vn -0.2046 -0.2874 0.9357
vn -0.7722 -0.4673 -0.4306
vn 0.3404 0.3635 -0.8672
vn 0.2459 -0.4065 0.8799
vn 0.2357 -0.8211 -0.5198
vn -0.1269 -0.8267 -0.5481
vn 0.0621 -0.3597 0.9310
vn -0.5393 -0.7211 -0.4349
vn -0.1157 -0.3348 0.9352
vn -0.2824 0.4768 -0.8324
vn -0.2074 0.8511 0.4822
vn 0.1629 0.9073 0.3877
vn -0.0788 0.5481 -0.8327
vn 0.5263 0.7699 0.3609
vn 0.1919 0.4042 -0.8943
vn 0.3447 -0.1728 0.9227
vn -0.7746 0.4343 0.4598
vn -0.8989 -0.3284 0.2901
vn 0.1018 -0.7758 0.6227
vn -0.3332 0.3809 -0.8625
vn 0.4542 -0.7605 -0.4640
vn 0.6673 -0.5916 -0.4525
vn -0.3773 0.2690 -0.8862
vn 0.3401 -0.1947 0.9200
vn 0.2691 -0.2878 0.9191
vn -0.6541 0.6466 0.3926
vn -0.4645 0.7713 0.4352
vn 0.8300 -0.3573 -0.4283
vn -0.4469 0.2337 -0.8635
vn 0.8978 -0.0824 -0.4326
vn -0.1751 -0.4099 -0.8952
vn 0.3577 0.9326 -0.0477
vn -0.7817 0.0769 0.6189
vn -0.0740 0.9687 0.2370
vn -0.8023 -0.3574 -0.4780
vn 0.5681 -0.5515 0.6108
vn 0.2215 -0.5062 0.8335
vn -0.5021 -0.3752 -0.7792
vn 0.1354 0.9866 0.0914
vn 0.3682 -0.6273 0.6862
vn -0.3528 0.9250 0.1409
vn -0.5848 -0.0555 0.8093
vn 0.8125 0.5684 0.1294
vn 0.3491 -0.8746 -0.3364
vn 0.9980 0.0516 0.0370
vn -0.3648 -0.6632 0.6535
vn -0.5043 0.2539 -0.8254
vn -0.3652 -0.1385 -0.9206
vn -0.4694 -0.3759 0.7990
vn 0.9262 0.3582 0.1179
vn -0.5183 0.0006 -0.8552
vn -0.1682 0.8341 -0.5254
vn -0.7535 0.5303 0.3887
vn 0.8475 0.5303 -0.0247
vn 0.2355 -0.9135 0.3317
vn 0.9651 -0.0080 0.2618
vn -0.6052 -0.1943 0.7720
vn -0.1932 -0.2276 -0.9544
vn -0.1275 -0.6637 -0.7371
vn -0.7134 0.2001 0.6716
vn 0.9418 0.3093 0.1314
vn -0.2794 -0.4672 -0.8388
vn -0.5477 0.7779 0.3080
vn -0.3294 -0.2472 0.9112
vn 0.6541 0.7559 0.0289
vn 0.4830 -0.7321 -0.4803
vn 0.9230 0.3503 -0.1596
vn -0.0028 -0.7591 0.6510
vn -0.7142 0.1578 -0.6819
vn -0.5015 -0.1811 -0.8460
vn -0.1533 -0.4955 0.8550
vn 0.8090 0.5862 -0.0436
vn -0.6684 -0.0850 -0.7389
vn -0.9960 0.0708 -0.0553
vn -0.3829 -0.8376 0.3897
vn -0.2596 0.8132 0.5208
vn 0.9938 0.0349 -0.1052
vn 0.3155 0.7941 0.5194
vn 0.3355 -0.8602 0.3840
vn -0.2511 0.1180 -0.9607
vn 0.2149 0.0925 -0.9722
vn -0.0282 -0.8888 0.4574
vn 0.0250 0.8303 0.5568
vn -0.0267 0.0015 -0.9996
vn -0.5892 0.7294 0.3477
vn -0.3537 -0.3023 0.8852
vn 0.5754 0.8129 0.0901
vn 0.5158 -0.6679 -0.5365
vn 0.9126 0.3798 -0.1515
vn 0.0475 -0.8253 0.5626
vn -0.7334 0.1695 -0.6583
vn -0.4709 -0.1655 -0.8665
vn -0.1306 -0.5774 0.8060
vn 0.7733 0.6340 -0.0050
vn -0.6736 -0.0830 -0.7344
vn -0.4971 0.8249 -0.2692
vn -0.6925 0.2061 0.6913
vn 0.6674 0.7381 -0.0988
vn 0.5057 -0.8608 0.0572
vn 0.9762 0.2151 0.0264
vn -0.3092 -0.4498 0.8379
vn -0.4259 -0.1487 -0.8925
vn -0.2045 -0.5583 -0.8040
vn -0.5068 -0.1048 0.8557
vn 0.8548 0.5186 -0.0218
vn -0.4141 -0.4080 -0.8136
vn -0.9611 0.0078 0.2761
vn -0.1701 -0.7952 0.5819
vn -0.1697 0.8623 0.4770
vn 0.8955 0.0742 -0.4387
vn 0.4113 0.8670 0.2812
vn 0.5328 -0.7844 0.3174
vn -0.5722 -0.0293 -0.8196
vn -0.1186 -0.0243 -0.9926
vn 0.2040 -0.8251 0.5268
vn 0.1180 0.9006 0.4182
vn -0.3451 -0.1421 -0.9277
vn 0.3353 0.9338 -0.1247
vn -0.1830 0.5256 0.8309
vn 0.9806 -0.0397 -0.1917
vn -0.3824 -0.9181 -0.1039
vn 0.7473 -0.6459 -0.1561
vn -0.4765 -0.2142 0.8527
vn -0.4608 0.4369 -0.7725
vn -0.6445 -0.0363 -0.7638
vn -0.3228 0.1580 0.9332
vn 0.9276 -0.3364 -0.1623
vn -0.6626 0.2323 -0.7120
vn 0.1666 0.6069 -0.7772
vn -0.1812 0.9616 0.2060
vn 0.9238 -0.1466 -0.3536
vn -0.2727 -0.7311 0.6254
vn 0.7641 -0.6217 0.1723
vn -0.3706 0.3819 0.8466
vn -0.5865 -0.2551 -0.7687
vn -0.7158 -0.5650 -0.4104
vn -0.2548 0.7566 0.6022
vn 0.9207 -0.3775 -0.0990
vn -0.7668 -0.3358 -0.5470
vn 0.3289 0.9057 0.2675
vn -0.6226 0.4238 0.6579
vn 0.9298 -0.0799 0.3592
vn -0.2624 -0.8522 -0.4526
vn 0.6928 -0.7095 0.1288
vn -0.8845 -0.2730 0.3785
vn 0.0423 0.6002 -0.7988
vn -0.1414 0.1580 -0.9773
vn -0.7958 0.0566 0.6029
vn 0.8675 -0.4015 0.2937
vn -0.1748 0.4172 -0.8919
vn -0.6844 -0.0565 0.7269
vn -0.1352 0.9140 0.3826
vn -0.8489 -0.3847 -0.3624
vn 0.7043 -0.2362 -0.6695
vn -0.4171 -0.4323 -0.7994
vn 0.4742 0.8467 -0.2412
vn 0.3232 -0.6133 0.7207
vn 0.6587 -0.6432 0.3903
vn 0.1403 0.9886 0.0545
vn -0.6768 -0.4017 -0.6169
vn 0.5634 -0.5360 0.6288
vn -0.8828 0.0128 0.4696
vn -0.4501 -0.8763 -0.1717
vn 0.1789 0.1414 0.9736
vn 0.8656 0.1764 -0.4687
vn 0.6993 0.1640 0.6958
vn 0.2100 -0.8222 -0.5290
vn -0.5409 0.7636 -0.3527
vn -0.0982 0.7998 -0.5921
vn -0.1248 -0.9355 -0.3306
vn 0.4460 0.1422 0.8837
vn -0.3646 0.7358 -0.5707
vn 0.8903 0.1573 0.4274
vn -0.0247 -0.4004 0.9160
vn 0.7027 -0.3975 -0.5901
vn -0.8582 0.0044 -0.5134
vn 0.1815 -0.4411 -0.8789
vn -0.6801 -0.4706 0.5621
vn 0.1456 0.9879 0.0534
vn -0.2645 0.9523 -0.1523
vn -0.3496 -0.5049 0.7892
vn 0.4501 -0.4576 -0.7668
vn -0.1066 0.9931 0.0489
vn -0.7816 0.6155 0.1015
vn 0.1671 0.8134 -0.5571
vn -0.8069 -0.5001 -0.3144
vn 0.7356 -0.6690 0.1067
vn -0.3233 -0.8883 -0.3261
vn 0.7572 0.3273 -0.5653
vn -0.1111 0.2312 0.9665
vn 0.2803 -0.0588 0.9581
vn 0.4686 0.5991 -0.6492
vn -0.6033 -0.7144 -0.3544
vn 0.1608 0.1885 0.9688
vn 0.5952 0.1677 0.7859
vn 0.8807 -0.4539 -0.1354
vn 0.1448 0.9881 0.0512
vn -0.7439 -0.1117 -0.6589
vn -0.2064 0.9036 -0.3753
vn 0.3697 -0.5734 -0.7311
vn -0.4670 -0.2817 0.8382
vn -0.8154 -0.3785 0.4380
vn 0.6967 -0.5182 -0.4961
vn -0.0158 0.9841 -0.1769
vn -0.6019 -0.4487 0.6605
vn -0.3108 0.4948 0.8115
vn 0.5207 0.8526 0.0440
vn -0.9674 0.2300 -0.1060
vn 0.2027 -0.6679 -0.7161
vn -0.8084 -0.1258 -0.5751
vn 0.7151 0.4216 -0.5576
vn 0.1591 -0.5446 0.8235
vn 0.3316 -0.8640 0.3789
vn 0.6309 0.7153 -0.3006
vn -0.9232 0.0727 -0.3773
vn 0.3575 -0.6671 0.6536
vn -0.9003 -0.0820 -0.4274
vn -0.4182 0.9052 0.0762
vn 0.1680 -0.2493 -0.9537
vn 0.8592 -0.1354 0.4935
vn 0.7298 -0.2094 -0.6508
vn 0.1833 0.8769 0.4443
vn -0.5380 -0.6922 0.4811
vn -0.1152 -0.7001 0.7047
vn -0.1129 0.9686 0.2214
vn 0.4305 -0.2305 -0.8727
vn -0.3559 -0.6313 0.6891
vn -0.5034 -0.3047 -0.8086
vn 0.5254 -0.7279 -0.4405
vn -0.4800 -0.7975 0.3655
vn -0.2127 -0.5788 -0.7873
vn 0.8621 -0.2226 -0.4551
vn 0.6090 -0.5462 0.5752
vn 0.3845 0.4294 0.8172
vn -0.7173 -0.3471 0.6042
vn -0.3461 -0.4235 -0.8372
vn 0.7826 0.4160 -0.4632
vn -0.3204 -0.4698 0.8225
vn 0.5229 -0.7876 -0.3260
vn 0.2501 -0.7851 -0.5666
vn -0.4993 -0.4234 0.7559
vn -0.1504 -0.6804 -0.7172
vn -0.6446 -0.3958 0.6541
vn 0.2607 0.5373 -0.8021
vn -0.4785 0.8196 0.3150
vn -0.1273 0.8758 0.4656
vn 0.4218 0.6050 -0.6754
vn 0.1831 0.7344 0.6536
vn 0.6791 0.4610 -0.5712
vn -0.2735 -0.2413 0.9311
vn -0.9071 0.4150 -0.0706
vn -0.8837 -0.3320 -0.3299
vn -0.2711 -0.8182 0.5070
vn 0.2408 0.4446 -0.8628
vn 0.6624 -0.7347 -0.1463
vn 0.8212 -0.5706 0.0017
vn 0.2229 0.3353 -0.9154
vn -0.2750 -0.2628 0.9248
vn -0.3286 -0.3545 0.8754
vn -0.7762 0.6293 -0.0379
vn -0.6536 0.7476 0.1179
vn 0.9303 -0.3413 0.1339
vn 0.1546 0.2997 -0.9414
vn -0.9991 0.0072 -0.0416
vn -0.2840 -0.8234 0.4913
vn -0.2703 0.8423 0.4664
vn 0.9852 0.0738 -0.1546
vn 0.2949 0.8390 0.4573
vn 0.3756 -0.8100 0.4503
vn -0.2610 0.0016 -0.9653
vn 0.1647 0.0091 -0.9863
vn 0.0417 -0.8394 0.5419
vn -0.0305 0.8679 0.4958
vn -0.0302 -0.0888 -0.9956
vn -0.6440 0.7643 -0.0330
vn -0.8035 -0.3032 0.5124
vn 0.4849 0.7408 0.4649
vn 0.6945 -0.7057 -0.1402
vn 0.8240 0.3445 0.4498
vn -0.3721 -0.8016 0.4679
vn -0.1660 0.2162 -0.9621
vn 0.1118 -0.1143 -0.9871
vn -0.6221 -0.5500 0.5572
vn 0.6568 0.5739 0.4891
vn -0.0885 -0.0229 -0.9958
vn -0.9629 0.0536 -0.2645
vn -0.5117 -0.5523 0.6581
vn -0.2430 0.9691 0.0424
vn 0.9966 -0.0558 0.0601
vn 0.3162 0.9360 0.1547
vn 0.1807 -0.6008 0.7787
vn -0.0879 -0.3354 -0.9380
vn 0.3385 -0.3625 -0.8684
vn -0.1871 -0.5764 0.7954
vn 0.0228 0.9931 0.1150
vn 0.1251 -0.4551 -0.8816
vn -0.6996 0.7139 -0.0294
vn -0.8057 -0.3559 0.4735
vn 0.3837 0.7949 0.4701
vn 0.7526 -0.6384 -0.1612
vn 0.8100 0.3736 0.4520
vn -0.2771 -0.8625 0.4234
vn -0.1958 0.2266 -0.9541
vn 0.1481 -0.0978 -0.9841
vn -0.5723 -0.6288 0.5264
vn 0.6038 0.6196 0.5015
vn -0.0954 -0.0211 -0.9952
vn -0.9962 -0.0862 0.0132
vn -0.2554 -0.9247 -0.2823
vn -0.3176 0.2132 0.9239
vn 0.9589 0.2799 -0.0464
vn 0.2872 0.2989 0.9100
vn 0.5114 -0.8006 -0.3123
vn -0.3948 0.6773 -0.6209
vn 0.0906 0.7556 -0.6488
vn 0.1428 -0.9509 -0.2746
vn -0.0291 0.2512 0.9675
vn -0.1433 0.6578 -0.7394
vn 0.9172 -0.0525 -0.3949
vn -0.0840 -0.1319 -0.9877
vn 0.4902 0.8417 0.2265
vn -0.8074 -0.0366 0.5889
vn -0.0260 0.8426 0.5378
vn -0.8165 -0.1127 -0.5662
vn 0.4918 -0.7618 0.4217
vn 0.0810 -0.7549 0.6508
vn -0.4775 -0.0913 -0.8739
vn 0.2284 0.8950 0.3831
vn 0.2514 -0.8589 0.4463
vn 0.3173 0.9343 0.1625
vn -0.6593 0.4706 0.5864
vn 0.9001 -0.0432 0.4335
vn -0.2182 -0.9022 -0.3720
vn 0.7088 -0.6464 0.2825
vn -0.8868 -0.2638 0.3795
vn 0.0833 0.4965 -0.8640
vn -0.0558 0.0270 -0.9981
vn -0.8224 0.0994 0.5601
vn 0.8482 -0.3404 0.4059
vn -0.1087 0.2917 -0.9503
vn -0.0359 0.9756 0.2167
vn -0.6756 0.1258 0.7265
vn 0.9096 0.2497 0.3321
vn 0.0663 -0.8957 -0.4397
vn 0.9213 -0.3635 0.1380
vn -0.6634 -0.5858 0.4655
vn -0.2305 0.5389 -0.8102
vn -0.2225 0.0685 -0.9725
vn -0.6853 -0.2495 0.6842
vn 0.9579 -0.0439 0.2837
vn -0.3489 0.2896 -0.8913
vn -0.9290 -0.1244 -0.3485
vn -0.3477 0.8913 -0.2909
vn 0.0603 -0.6381 -0.7676
vn 0.8745 -0.0405 0.4834
vn 0.6233 -0.5913 -0.5117
vn 0.3468 0.9376 0.0254
vn -0.5681 -0.4010 0.7186
vn -0.1314 -0.3484 0.9281
vn 0.0109 0.9803 -0.1971
vn 0.3485 -0.6331 -0.6911
vn -0.3900 -0.2681 0.8809
vn -0.7490 0.4435 0.4922
vn 0.3665 0.8386 0.4030
vn -0.7160 0.2532 -0.6505
vn 0.6101 -0.6208 -0.4923
vn -0.2976 -0.0724 -0.9519
vn 0.8948 0.4464 0.0125
vn -0.3521 -0.6022 0.7165
vn 0.0613 -0.8934 0.4450
vn 0.6652 0.7232 0.1857
vn -0.5136 0.1141 -0.8504
vn -0.0882 -0.7162 0.6923
vn -0.1937 0.7629 -0.6168
vn 0.3758 0.8112 0.4481
vn 0.4795 -0.2052 -0.8532
vn -0.0094 -0.8416 0.5400
vn 0.5711 -0.6894 -0.4456
vn 0.4001 0.2540 0.8806
vn -0.9878 0.0812 -0.1332
vn -0.9416 -0.3020 0.1493
vn 0.4651 0.5705 0.6770
vn 0.5587 -0.4272 -0.7109
vn -0.9919 -0.0590 0.1126
vn 0.0912 -0.2401 -0.9665
vn 0.7043 -0.7050 -0.0828
vn 0.8788 0.0594 0.4734
vn 0.9079 0.0651 0.4141
vn 0.3490 -0.0068 0.9371
vn 0.2776 0.0660 0.9584
vn 0.4284 0.0941 -0.8987
vn 0.3588 0.2361 -0.9031
vn 0.8934 0.2499 -0.3732
vn 0.9323 0.1065 -0.3457
vn 0.4750 -0.0132 -0.8799
vn 0.9563 0.0265 -0.2913
vn 0.4998 -0.0805 -0.8624
vn 0.9632 -0.0249 -0.2675
vn 0.9150 0.1257 0.3834
vn 0.3998 -0.0661 0.9142
vn 0.8739 0.0492 0.4836
vn 0.2733 0.0979 0.9569
vn 0.3935 -0.6812 -0.6174
vn -0.1895 -0.6900 -0.6986
vn -0.2529 -0.0865 -0.9636
vn 0.6862 -0.5893 0.4265
vn 0.7524 -0.6399 -0.1562
vn -0.4910 0.0913 0.8664
vn -0.3767 -0.5717 0.7289
vn 0.2214 -0.5606 0.7980
vn -0.7476 -0.6144 0.2524
vn -0.6661 -0.6627 -0.3424
vn -0.4844 0.0419 0.8738
vn -0.9607 0.0012 0.2777
vn -0.9650 0.0339 0.2601
vn -0.4217 -0.0651 0.9044
vn -0.9434 -0.0753 0.3229
vn -0.3465 -0.2128 0.9136
vn -0.9010 -0.2273 0.3694
vn -0.8641 -0.0397 -0.5018
vn -0.8757 -0.0319 -0.4818
vn -0.2797 -0.0375 -0.9594
vn -0.8902 -0.0317 -0.4545
vn -0.3140 0.0379 -0.9487
vn -0.9087 -0.0943 -0.4066
vn -0.3740 0.0979 -0.9223
vn -0.8255 0.3376 0.4524
vn -0.8727 0.4682 -0.1384
vn -0.9134 -0.1446 -0.3804
vn -0.8706 -0.3054 0.3858
vn -0.4934 0.6794 -0.5432
vn 0.0622 0.8363 -0.5448
vn 0.3080 0.3057 -0.9010
vn -0.4137 0.1094 -0.9038
vn 0.4986 0.8541 -0.1483
vn 0.5404 0.7184 0.4380
vn 0.9065 0.1799 0.3819
vn 0.8615 0.3390 -0.3781
vn 0.1635 0.5170 0.8402
vn -0.3889 0.3643 0.8462
vn -0.3115 -0.2713 0.9107
vn 0.4130 -0.0732 0.9078
vn -0.1836 -0.3478 0.9194
vn -0.7016 -0.4327 0.5662
vn -0.7768 -0.1967 0.5983
vn -0.2734 -0.1924 0.9425
vn -0.9771 -0.2083 0.0434
vn -0.9330 -0.3595 -0.0160
vn 0.0997 -0.4582 0.8833
vn -0.4715 -0.7854 0.4011
vn -0.5716 -0.6565 0.4923
vn -0.8745 -0.4546 -0.1691
vn -0.3225 -0.6193 0.7158
vn -0.7448 -0.3236 0.5836
vn -0.8736 -0.4842 0.0481
vn -0.9963 -0.0853 0.0124
vn -0.2564 -0.0515 0.9652
vn -0.9468 -0.3131 0.0739
vn -0.7266 -0.3723 -0.5775
vn -0.7320 -0.3087 -0.6073
vn -0.9575 -0.2880 -0.0126
vn -0.2210 -0.2596 -0.9401
vn -0.1689 -0.2690 -0.9482
vn -0.8642 -0.3205 0.3879
vn -0.6542 -0.4915 -0.5749
vn -0.7314 -0.4156 -0.5407
vn -0.0473 -0.2467 -0.9679
vn -0.6274 -0.7423 -0.2353
vn -0.6827 -0.4541 -0.5725
vn -0.1334 -0.5683 -0.8119
vn -0.1803 -0.2089 -0.9612
vn -0.9742 -0.2242 0.0241
vn -0.3639 -0.5294 -0.7663
vn 0.7596 -0.5568 -0.3362
vn 0.3239 -0.5628 0.7605
vn -0.6887 -0.6524 0.3165
vn -0.8226 0.3614 0.4389
vn -0.5346 0.0005 -0.8451
vn 0.8380 -0.3718 -0.3994
vn 0.3923 0.0574 0.9180
vn -0.8102 -0.2265 -0.5406
vn 0.1943 -0.9536 0.2299
vn 0.4668 -0.8844 -0.0008
vn -0.7181 -0.1287 -0.6839
vn 0.6744 -0.6647 -0.3213
vn -0.5969 -0.0643 -0.7998
vn 0.8028 0.3126 0.5078
vn -0.1864 0.9665 -0.1762
vn -0.3752 0.9136 0.1566
vn 0.6625 0.3341 0.6704
vn -0.6114 0.6959 0.3769
vn 0.5158 0.1226 0.8479
vn -0.9054 -0.0177 -0.4242
vn 0.2169 0.6949 -0.6856
vn 0.4113 -0.0382 -0.9107
vn -0.5319 -0.6050 -0.5925
vn 0.8580 0.2262 0.4612
vn 0.0032 -0.9320 0.3625
vn -0.1503 -0.8176 0.5559
vn 0.9036 0.1246 0.4098
vn -0.9007 -0.0380 -0.4328
vn -0.8523 -0.1102 -0.5113
vn 0.1850 0.8520 -0.4897
vn 0.0249 0.9375 -0.3471
vn -0.2766 -0.6270 0.7282
vn 0.9352 0.1124 0.3359
vn 0.1624 0.9865 -0.0189
vn -0.3811 0.3069 -0.8721
vn -0.5000 0.3576 0.7888
vn 0.0264 -0.9928 0.1167
vn -0.5596 -0.2043 0.8032
vn -0.4221 -0.3519 -0.8355
vn 0.9863 0.1442 0.0801
vn 0.9545 -0.2803 0.1021
vn -0.4695 -0.0108 -0.8829
vn -0.5605 0.1242 0.8188
vn 0.9958 -0.0919 -0.0004
vn -0.9969 0.0737 -0.0281
vn -0.2578 -0.1985 -0.9456
vn -0.3270 -0.6794 0.6568
vn 0.9830 0.0695 0.1698
vn 0.2291 -0.7027 0.6736
vn 0.4050 -0.1924 -0.8939
vn -0.2364 0.9309 0.2785
vn 0.1897 0.9328 0.3064
vn 0.0787 -0.2477 -0.9656
vn -0.0945 -0.7339 0.6727
vn 0.0035 0.9787 0.2050
vn 0.5094 0.6983 0.5029
vn 0.2549 0.7636 -0.5932
vn -0.5624 0.3044 0.7688
vn -0.4186 -0.8352 -0.3567
vn -0.8597 -0.1610 0.4848
vn -0.1366 0.1388 -0.9809
vn 0.8155 -0.4019 0.4164
vn 0.6059 -0.7759 0.1758
vn 0.0180 0.5112 -0.8593
vn -0.7442 0.1123 0.6585
vn 0.7882 -0.5809 0.2033
vn 0.1741 0.9317 -0.3186
vn -0.4294 0.0606 -0.9011
vn -0.4622 0.5737 0.6761
vn -0.0046 -0.9156 0.4021
vn -0.5214 0.0850 0.8491
vn -0.4791 -0.5589 -0.6768
vn 0.9894 0.1447 0.0101
vn 0.9530 -0.2627 0.1507
vn -0.5161 -0.2269 -0.8259
vn -0.5210 0.3613 0.7733
vn 0.9941 -0.1086 -0.0014
vn -0.1246 0.9425 -0.3102
vn 0.2048 0.0289 -0.9784
vn -0.9432 0.2697 0.1941
vn 0.1620 -0.8718 0.4623
vn -0.8613 -0.3246 0.3908
vn 0.3242 -0.6157 -0.7182
vn 0.6385 0.5907 0.4933
vn 0.7192 0.1265 0.6832
vn 0.2335 -0.3212 -0.9178
vn -0.9599 0.0052 0.2801
vn 0.7798 0.3341 0.5295
vn -0.8902 0.3342 -0.3097
vn -0.2758 -0.5801 -0.7665
vn -0.6136 -0.0852 0.7850
vn 0.9312 -0.1332 0.3393
vn -0.0940 -0.2381 0.9667
vn 0.3715 -0.7505 -0.5467
vn 0.0969 0.9614 -0.2575
vn 0.4945 0.8610 -0.1191
vn 0.0246 -0.7402 -0.6719
vn -0.3835 -0.1795 0.9059
vn 0.3372 0.8966 -0.2873
vn 0.1736 0.9048 -0.3888
vn -0.3948 0.0078 -0.9187
vn -0.4504 0.6600 0.6013
vn 0.0141 -0.8759 0.4823
vn -0.5195 0.1171 0.8464
vn -0.4520 -0.6540 -0.6066
vn 0.9861 0.1657 -0.0146
vn 0.9468 -0.2597 0.1901
vn -0.4982 -0.3212 -0.8054
vn -0.5231 0.4238 0.7395
vn 0.9945 -0.1045 -0.0072
vn 0.5542 0.8253 0.1082
vn -0.0106 0.5169 -0.8560
vn -0.3801 0.5232 0.7628
vn -0.4086 -0.9124 0.0243
vn -0.6944 -0.0097 0.7195
vn -0.3945 -0.1530 -0.9061
vn 0.9344 -0.2603 0.2433
vn 0.7094 -0.6754 0.2017
vn -0.2635 0.2215 -0.9389
vn -0.5698 0.2924 0.7680
vn 0.8649 -0.4887 0.1144
vn -0.8780 0.2244 -0.4228
vn 0.1288 0.0550 -0.9901
vn -0.6505 -0.7140 0.2588
vn 0.8128 -0.1175 0.5705
vn -0.1189 -0.8332 0.5400
vn 0.7747 -0.0716 -0.6283
vn -0.3218 0.8730 0.3665
vn 0.0964 0.7940 0.6002
vn 0.4737 -0.0570 -0.8789
vn -0.4118 -0.8194 0.3987
vn -0.0527 0.9081 0.4155
vn 0.3122 -0.9155 -0.2537
vn 0.9999 -0.0038 -0.0167
vn -0.3674 -0.6538 0.6615
vn -0.5038 0.8552 0.1222
vn -0.6279 -0.1209 0.7689
vn 0.6482 0.7456 0.1546
vn -0.3733 -0.2329 -0.8980
vn -0.5628 0.1875 -0.8050
vn 0.9188 0.3778 0.1145
vn -0.5044 -0.3968 0.7669
vn -0.3641 0.0252 -0.9310
vn -0.9645 -0.2639 0.0049
vn -0.0780 -0.8604 -0.5036
vn -0.2764 -0.1063 0.9552
vn 0.8741 0.4851 0.0259
vn 0.2628 0.1137 0.9581
vn 0.6525 -0.5712 -0.4980
vn -0.5429 0.7263 -0.4216
vn -0.1019 0.8960 -0.4322
vn 0.3056 -0.8084 -0.5031
vn -0.0049 -0.0198 0.9998
vn -0.3206 0.7763 -0.5428
vn 0.4530 0.3479 0.8208
vn -0.0044 0.9983 0.0585
vn -0.3917 -0.4312 0.8128
vn -0.2725 -0.4780 -0.8350
vn -0.6667 -0.7169 0.2040
vn -0.3430 0.6482 -0.6799
vn 0.9554 -0.2948 0.0179
vn 0.7825 -0.4719 -0.4063
vn -0.2413 0.9169 -0.3180
vn -0.5765 -0.5870 0.5684
vn 0.9203 -0.2769 -0.2764
vn -0.6633 -0.7231 -0.1928
vn -0.3968 0.1799 -0.9001
vn 0.4728 -0.8792 0.0588
vn 0.6133 0.6978 0.3700
vn 0.8581 -0.4574 0.2335
vn 0.0908 0.7102 -0.6981
vn -0.7062 0.0336 0.7072
vn -0.4177 0.3706 0.8296
vn -0.1458 0.4433 -0.8844
vn 0.7106 -0.6899 0.1380
vn -0.6336 0.2747 0.7233
vn 0.4822 0.7811 -0.3968
vn 0.2984 0.5959 0.7455
vn 0.7782 -0.3669 -0.5097
vn -0.6007 -0.7709 0.2118
vn 0.4430 -0.8448 -0.3000
vn -0.1152 0.0026 0.9933
vn -0.6124 0.4766 -0.6307
vn -0.8839 0.1129 -0.4538
vn 0.1508 0.3036 0.9408
vn 0.6614 -0.6246 -0.4153
vn -0.8040 0.3758 -0.4608
vn -0.3573 0.7329 -0.5790
vn -0.3784 0.6987 0.6071
vn 0.7535 0.4087 -0.5150
vn 0.3609 -0.8490 0.3860
vn 0.9731 -0.0762 -0.2174
vn -0.0898 0.1028 0.9906
vn -0.7118 -0.3510 -0.6084
vn -0.5184 -0.7986 -0.3057
vn -0.2103 0.4611 0.8621
vn 0.9147 0.1848 -0.3594
vn -0.7301 -0.5522 -0.4025
vn 0.6946 0.7034 0.1510
vn -0.4263 0.6753 0.6018
vn 0.7671 -0.4600 0.4472
vn -0.5994 -0.7145 -0.3610
vn 0.3142 -0.8935 0.3208
vn -0.9011 0.2005 0.3844
vn 0.2626 0.4055 -0.8755
vn -0.0528 0.0669 -0.9964
vn -0.6829 0.4476 0.5773
vn 0.5988 -0.6771 0.4277
vn 0.0089 0.3059 -0.9520
vn 0.9252 -0.3699 0.0843
vn -0.0625 -0.9116 0.4064
vn -0.6853 -0.7118 -0.1540
vn 0.4741 -0.7412 -0.4753
vn 0.7620 -0.2929 0.5776
vn -0.3039 -0.3920 0.8683
vn -0.4449 0.6065 0.6589
vn -0.9233 -0.2268 -0.3100
vn 0.4814 -0.6041 -0.6351
vn 0.8451 0.3264 0.4235
vn -0.9448 -0.2887 0.1547
vn 0.3887 -0.8253 0.4096
vn 0.4670 -0.8823 0.0590
vn -0.9641 -0.2626 -0.0390
vn 0.4252 -0.8235 -0.3756
vn -0.9404 -0.2616 -0.2171
vn 0.9109 0.3574 -0.2063
vn -0.3524 0.8554 -0.3797
vn -0.3054 0.9522 -0.0088
vn 0.8903 0.4552 -0.0151
vn -0.3452 0.8632 0.3683
vn 0.8971 0.3442 0.2772
vn -0.9753 -0.0408 0.2170
vn -0.2959 0.3655 -0.8825
vn -0.1947 -0.4191 -0.8868
vn -0.7117 -0.6957 0.0973
vn 0.9372 0.2532 -0.2400
vn 0.3096 -0.7310 0.6081
vn 0.2867 -0.5345 0.7950
vn 0.9545 0.1346 -0.2661
vn -0.9745 -0.0633 0.2155
vn -0.9737 -0.1648 0.1572
vn -0.2237 0.5852 -0.7795
vn -0.2786 0.7376 -0.6151
vn 0.2656 -0.2792 0.9228
vn 0.9382 0.0924 -0.3337
vn 0.2741 -0.7203 0.6372
vn 0.9289 -0.2525 -0.2709
vn -0.0554 0.4148 0.9082
vn -0.4773 0.6526 -0.5885
vn -0.2625 0.7654 0.5876
vn 0.6246 0.2574 -0.7373
vn -0.6752 -0.7332 -0.0810
vn -0.8364 -0.4404 -0.3262
vn 0.8698 0.0094 -0.4933
vn -0.1562 0.6199 0.7690
vn -0.7116 -0.6420 -0.2854
vn 0.0184 0.8810 -0.4727
vn -0.8468 0.0247 -0.5313
vn 0.0194 0.6828 0.7304
vn 0.1915 -0.8784 0.4379
vn 0.0375 0.1777 0.9834
vn -0.7907 -0.5645 -0.2369
vn 0.8271 0.0230 -0.5615
vn 0.8580 -0.3564 -0.3699
vn -0.8916 -0.2600 -0.3707
vn 0.0121 0.4866 0.8735
vn 0.8122 -0.2251 -0.5382
vn -0.7977 0.5742 -0.1843
vn -0.4392 -0.2517 -0.8624
vn -0.6309 -0.0841 0.7713
vn 0.8715 -0.3958 0.2896
vn -0.1162 -0.4041 0.9073
vn 0.2548 -0.6786 -0.6889
vn 0.2660 0.9639 -0.0155
vn 0.6868 0.7237 0.0679
vn -0.1214 -0.5490 -0.8269
vn -0.4259 -0.2605 0.8664
vn 0.5125 0.8541 -0.0890
vn -0.7090 -0.1941 -0.6779
vn 0.2707 -0.8596 -0.4335
vn -0.8316 -0.1000 0.5464
vn 0.6745 0.3757 0.6355
vn -0.4593 0.0313 0.8877
vn 0.7424 -0.6698 -0.0117
vn -0.0564 0.7868 -0.6146
vn 0.2563 0.9048 -0.3401
vn 0.4961 -0.8393 -0.2223
vn -0.6813 -0.0577 0.7298
vn 0.1798 0.8276 -0.5318
vn -0.3782 0.7764 -0.5041
vn -0.4076 -0.3524 -0.8424
vn -0.6753 0.4511 0.5835
vn 0.4896 -0.6620 0.5675
vn -0.4336 -0.0385 0.9003
vn -0.0934 -0.8710 -0.4823
vn 0.7414 0.6320 -0.2256
vn 0.9648 0.2602 0.0387
vn -0.3131 -0.6579 -0.6849
vn -0.6115 0.2402 0.7539
vn 0.9028 0.3882 -0.1853
vn 0.0528 0.6296 -0.7752
vn -0.9291 0.0977 -0.3567
vn 0.3617 0.8572 0.3665
vn 0.1294 -0.6983 0.7041
vn 0.3657 0.4813 0.7967
vn -0.9116 -0.3771 0.1634
vn 0.6347 -0.3810 -0.6723
vn 0.6508 -0.6724 -0.3526
vn -0.9912 -0.1084 -0.0766
vn 0.3654 0.7108 0.6011
vn 0.5750 -0.5968 -0.5596
vn -0.1795 0.6716 -0.7189
vn -0.8542 -0.2662 -0.4466
vn -0.0809 0.8878 0.4530
vn 0.3824 -0.6378 0.6685
vn 0.0620 0.4842 0.8728
vn -0.6504 -0.7573 0.0592
vn 0.7696 0.0089 -0.6385
vn 0.9009 -0.3049 -0.3089
vn -0.8377 -0.5147 -0.1826
vn -0.0348 0.7295 0.6831
vn 0.8085 -0.2390 -0.5378
vn -0.0762 0.8524 -0.5173
vn -0.2309 -0.2095 -0.9501
vn -0.6948 0.5689 0.4401
vn 0.2021 -0.7480 0.6322
vn -0.6266 0.0636 0.7768
vn -0.1260 -0.8466 -0.5171
vn 0.8700 0.4906 0.0489
vn 0.9440 0.0854 0.3187
vn -0.2424 -0.5721 -0.7835
vn -0.7070 0.3375 0.6215
vn 0.9676 0.2338 0.0953
vn -0.7521 0.3703 -0.5452
vn -0.1303 -0.5714 -0.8102
vn -0.8134 0.0236 0.5812
vn 0.7903 -0.1633 0.5906
vn -0.3350 -0.1653 0.9276
vn 0.4704 -0.7974 -0.3780
vn 0.2155 0.9405 -0.2627
vn 0.5930 0.8052 -0.0099
vn 0.1523 -0.7729 -0.6160
vn -0.6202 -0.0885 0.7794
vn 0.4700 0.8516 -0.2322
vn 0.1983 -0.9798 -0.0252
vn 0.7969 -0.1502 -0.5851
vn 0.1563 -0.3150 0.9361
vn -0.4231 0.9040 0.0616
vn -0.0461 0.2520 0.9666
vn 0.5360 0.6524 -0.5358
vn -0.8000 -0.4839 -0.3547
vn -0.9420 -0.0360 -0.3338
vn 0.7687 0.2605 -0.5842
vn 0.0807 -0.0208 0.9965
vn -0.8384 -0.2588 -0.4797
vn -0.9152 -0.1724 -0.3641
vn -0.1360 -0.9906 -0.0124
vn -0.6535 0.4536 0.6059
vn 0.8946 0.3775 0.2392
vn -0.1215 0.6135 0.7803
vn 0.5815 -0.7806 0.2293
vn -0.0704 0.3949 -0.9160
vn 0.3668 0.5098 -0.7782
vn 0.2104 -0.9647 0.1586
vn -0.4105 0.5378 0.7363
vn 0.1852 0.3591 -0.9148
vn 0.1775 0.9554 0.2359
vn -0.7344 0.5688 -0.3702
vn 0.0462 0.0759 0.9960
vn 0.0559 -0.9669 -0.2488
vn -0.0221 -0.5505 0.8345
vn -0.7953 -0.1988 -0.5727
vn 0.8727 0.2993 -0.3857
vn 0.8384 -0.1916 -0.5103
vn -0.8555 0.1965 -0.4790
vn -0.0076 -0.2215 0.9751
vn 0.8193 0.0756 -0.5683
vn 0.8075 0.5512 0.2100
vn -0.0722 0.9430 -0.3248
vn 0.2019 -0.0519 0.9780
vn -0.6568 -0.7018 -0.2758
vn -0.3450 -0.4949 0.7975
vn -0.7392 0.4032 -0.5394
vn 0.8112 -0.4001 -0.4265
vn 0.4429 -0.6911 -0.5711
vn -0.4741 0.7664 -0.4333
vn -0.0735 -0.2572 0.9635
vn 0.6096 -0.4841 -0.6277
vn -0.9931 -0.1035 -0.0552
vn -0.1931 -0.9413 -0.2769
vn -0.3532 0.1647 0.9209
vn 0.9464 0.3216 -0.0305
vn 0.2806 0.2753 0.9195
vn 0.5479 -0.7824 -0.2962
vn -0.3938 0.6575 -0.6423
vn 0.0944 0.7536 -0.6505
vn 0.1843 -0.9486 -0.2575
vn -0.0592 0.1989 0.9782
vn -0.1283 0.6462 -0.7523
vn -0.6797 0.7317 0.0512
vn -0.5306 -0.1157 0.8397
vn 0.4555 0.8895 -0.0368
vn 0.6735 -0.6562 -0.3404
vn 0.8776 0.4551 -0.1504
vn 0.0720 -0.7293 0.6804
vn -0.6145 -0.0546 -0.7870
vn -0.2968 -0.3935 -0.8701
vn -0.2311 -0.4293 0.8731
vn 0.7024 0.7085 -0.0679
vn -0.5465 -0.3143 -0.7762
vn 0.7872 -0.0391 -0.6155
vn 0.2562 -0.9521 -0.1670
vn -0.2825 0.4197 -0.8626
vn -0.7292 0.2320 0.6437
vn -0.7188 0.4655 -0.5163
vn -0.3576 -0.8735 0.3303
vn 0.7448 0.5514 0.3758
vn 0.3373 0.5996 0.7257
vn -0.0884 -0.9948 0.0510
vn -0.5245 0.4449 -0.7260
vn 0.6143 0.4942 0.6152
vn -0.7007 0.5195 -0.4890
vn -0.0235 0.9155 0.4015
vn 0.2657 0.0869 -0.9601
vn 0.6032 -0.6962 0.3891
vn 0.6660 -0.2850 -0.6894
vn 0.4939 0.4622 0.7365
vn -0.8921 -0.4417 0.0949
vn -0.5138 -0.7737 0.3707
vn 0.2850 0.7638 0.5791
vn 0.5092 -0.0868 -0.8562
vn -0.7663 -0.5511 0.3303
vn 0.5757 0.6056 -0.5495
vn -0.0628 0.8988 0.4338
vn 0.9263 -0.3725 0.0563
vn -0.6200 -0.7044 0.3456
vn 0.5322 -0.7541 0.3848
vn -0.5234 0.4495 0.7239
vn -0.3399 0.0240 -0.9402
vn -0.6297 -0.2875 -0.7217
vn -0.2606 0.7159 0.6477
vn 0.8017 -0.5562 0.2191
vn -0.5787 -0.0596 -0.8133
vn 0.8333 -0.4415 -0.3328
vn 0.2801 -0.6871 0.6704
vn -0.3791 -0.8188 -0.4312
vn 0.7414 -0.6708 -0.0181
vn 0.3021 -0.1444 0.9423
vn -0.7114 -0.4050 0.5744
vn -0.8114 0.5492 0.1999
vn -0.5314 -0.3848 -0.7547
vn 0.8263 -0.5401 -0.1599
vn 0.3909 0.4743 0.7888
vn -0.8155 -0.4327 -0.3843
vn 0.1612 -0.7360 0.6575
vn 0.4366 -0.7920 0.4267
vn -0.7197 -0.4170 -0.5550
vn 0.6527 -0.7563 0.0444
vn -0.5960 -0.4186 -0.6852
vn 0.8112 0.4931 0.3145
vn -0.1531 0.7726 -0.6161
vn -0.3447 0.8890 -0.3016
vn 0.6712 0.5930 0.4448
vn -0.5888 0.8082 -0.0090
vn 0.5168 0.4950 0.6985
vn -0.9040 -0.1910 -0.3824
vn 0.2425 0.2808 -0.9286
vn 0.4129 -0.4765 -0.7762
vn -0.5500 -0.7982 -0.2456
vn 0.8636 0.3934 0.3154
vn -0.0295 -0.6488 0.7604
vn -0.1797 -0.4521 0.8737
vn 0.9059 0.2784 0.3191
vn -0.9000 -0.2131 -0.3803
vn -0.8538 -0.3152 -0.4143
vn 0.2154 0.5129 -0.8310
vn 0.0577 0.6601 -0.7489
vn -0.3001 -0.1992 0.9329
vn 0.9373 0.2317 0.2603
vn -0.0763 -0.6430 0.7621
vn 0.9311 -0.1077 0.3486
vn -0.6252 0.4324 0.6497
vn -0.1076 0.5450 -0.8315
vn -0.6409 0.7330 0.2278
vn 0.9058 0.3290 -0.2670
vn -0.4117 -0.8356 -0.3638
vn -0.4287 -0.5818 -0.6912
vn 0.9858 0.1330 0.1023
vn -0.6466 0.6133 0.4537
vn -0.3304 -0.7589 -0.5611
vn 0.1957 0.8549 -0.4805
vn -0.3676 -0.1322 -0.9205
vn -0.4902 0.7025 0.5160
vn -0.0075 -0.8194 0.5732
vn -0.5689 0.2163 0.7935
vn -0.4310 -0.6936 -0.5773
vn 0.9903 0.1371 0.0210
vn 0.9441 -0.2252 0.2406
vn -0.4667 -0.4145 -0.7813
vn -0.5587 0.5130 0.6517
vn 0.9921 -0.1091 0.0620
vn 0.1945 0.8505 -0.4886
vn -0.1625 -0.2015 -0.9659
vn -0.6368 0.6687 0.3837
vn -0.0512 -0.7864 0.6156
vn -0.7276 0.1929 0.6583
vn -0.2372 -0.7572 -0.6086
vn 0.9518 0.2404 0.1905
vn 0.9018 -0.1192 0.4154
vn -0.2522 -0.5000 -0.8285
vn -0.7192 0.4787 0.5036
vn 0.9704 -0.0092 0.2414
vn 0.5310 0.8385 0.1220
vn 0.2825 0.3840 -0.8790
vn -0.5544 0.6480 0.5223
vn -0.4454 -0.8923 0.0733
vn -0.8663 0.1121 0.4869
vn -0.1285 -0.3386 -0.9321
vn 0.8001 -0.1795 0.5724
vn 0.5787 -0.6168 0.5335
vn 0.0381 0.0425 -0.9984
vn -0.7422 0.4317 0.5127
vn 0.7674 -0.4373 0.4689
vn 0.6954 0.0199 -0.7183
vn -0.4793 0.2841 -0.8304
vn 0.6489 0.6926 0.3152
vn -0.5941 -0.1646 0.7874
vn 0.2962 0.6523 0.6977
vn -0.9165 0.2097 -0.3407
vn 0.4207 -0.9063 -0.0409
vn 0.1291 -0.9527 0.2751
vn -0.7141 0.3057 -0.6298
vn 0.4956 0.7101 0.5001
vn 0.2033 -0.9767 0.0690
vn -0.6920 0.0187 -0.7216
vn 0.4713 0.1356 -0.8715
vn -0.5000 -0.8656 0.0254
vn 0.5667 0.0412 0.8229
vn -0.0636 -0.8741 0.4815
vn 0.9285 0.1599 -0.3350
vn -0.6218 0.7652 0.1670
vn -0.2948 0.7776 0.5554
vn 0.7507 0.1075 -0.6518
vn -0.3150 -0.9218 0.2261
vn -0.3907 0.8620 0.3230
vn 0.2054 0.6074 -0.7674
vn -0.3913 -0.4172 -0.8203
vn -0.4298 0.8785 0.2087
vn -0.0171 -0.5429 0.8396
vn -0.5180 0.5186 0.6802
vn -0.4718 -0.8503 -0.2333
vn 0.9912 0.1111 -0.0726
vn 0.9368 -0.1653 0.3083
vn -0.5060 -0.6502 -0.5667
vn -0.5109 0.7380 0.4408
vn 0.9904 -0.1234 0.0619
vn -0.8186 0.0890 -0.5675
vn 0.2477 0.4175 -0.8743
vn -0.3973 -0.9103 -0.1162
vn 0.6897 -0.0769 0.7200
vn 0.0830 -0.9626 0.2577
vn 0.8492 0.3614 -0.3850
vn -0.6706 0.5652 0.4804
vn -0.2897 0.5386 0.7912
vn 0.6052 0.3766 -0.7013
vn -0.1676 -0.9845 0.0520
vn -0.4414 0.6617 0.6061
vn 0.5814 0.7622 -0.2848
vn 0.0097 0.0499 -0.9987
vn -0.3648 0.8325 0.4170
vn -0.4393 -0.7801 0.4455
vn -0.6968 0.3518 0.6251
vn -0.3964 -0.5527 -0.7330
vn 0.9242 -0.1402 0.3551
vn 0.6855 -0.5189 0.5107
vn -0.2528 -0.2423 -0.9367
vn -0.5622 0.6372 0.5272
vn 0.8475 -0.4004 0.3485
vn 0.3191 0.5477 -0.7734
vn 0.0442 -0.5869 -0.8084
vn -0.6406 0.7589 -0.1168
vn -0.2063 -0.4306 0.8786
vn -0.8174 0.4377 0.3746
vn -0.1526 -0.9693 -0.1926
vn 0.9014 0.3739 0.2185
vn 0.7770 0.1258 0.6168
vn -0.1048 -0.8258 -0.5542
vn -0.7716 0.6260 0.1131
vn 0.9071 0.1582 0.3901
vn 0.2820 -0.9348 0.2158
vn 0.9992 -0.0395 0.0061
vn -0.3915 -0.2518 0.8851
vn -0.4750 0.8248 -0.3067
vn -0.6342 0.2755 0.7224
vn 0.6725 0.7113 -0.2045
vn -0.3779 -0.6199 -0.6877
vn -0.5535 -0.2004 -0.8084
vn 0.9306 0.3609 -0.0606
vn -0.5201 0.0282 0.8537
vn -0.3599 -0.4085 -0.8388
vn 0.0287 0.8827 -0.4691
vn -0.7986 0.0468 -0.6000
vn -0.0244 0.7125 0.7013
vn 0.2092 -0.8483 0.4864
vn 0.0289 0.2033 0.9787
vn -0.7349 -0.6401 -0.2240
vn 0.8544 0.0726 -0.5145
vn 0.8882 -0.3475 -0.3005
vn -0.8607 -0.2896 -0.4188
vn -0.0209 0.4827 0.8755
vn 0.8378 -0.1850 -0.5136
vn 0.4617 0.6823 0.5668
vn 0.0292 0.9066 -0.4210
vn -0.4088 0.0165 0.9125
vn -0.2856 -0.8086 -0.5144
vn -0.6912 -0.5156 0.5063
vn -0.3186 0.2582 -0.9120
vn 0.9448 -0.2779 0.1734
vn 0.7674 -0.6299 -0.1197
vn -0.2091 0.6633 -0.7186
vn -0.5979 -0.2313 0.7675
vn 0.9113 -0.4006 -0.0950
vn -0.6552 0.6128 -0.4417
vn -0.9065 -0.1704 0.3862
vn 0.2879 0.9498 0.1226
vn 0.8122 -0.5497 0.1952
vn 0.7408 0.5861 0.3283
vn -0.2624 -0.6832 0.6815
vn -0.0223 -0.1818 -0.9831
vn 0.3184 -0.4673 -0.8248
vn -0.6518 -0.4297 0.6249
vn 0.5239 0.8104 0.2623
vn 0.0545 -0.4264 -0.9029
vn 0.2912 -0.1514 -0.9446
vn 0.3960 -0.9166 -0.0543
vn -0.8078 0.0910 -0.5824
vn -0.2705 0.3354 0.9024
vn -0.9772 0.2100 -0.0296
vn 0.1857 -0.7401 0.6463
vn 0.6683 0.7017 -0.2469
vn 0.5271 0.8201 0.2228
vn 0.2761 -0.9156 0.2923
vn -0.9325 0.1373 -0.3340
vn 0.6968 0.7165 0.0330
vn -0.6867 -0.7091 0.1599
vn -0.3875 -0.2568 -0.8854
vn 0.4427 -0.7594 0.4769
vn 0.6353 0.7723 0.0072
vn 0.8413 -0.3161 0.4384
vn 0.1171 0.2919 -0.9493
vn -0.7071 0.3845 0.5935
vn -0.4077 0.7309 0.5473
vn -0.1278 -0.0246 -0.9915
vn 0.6865 -0.5620 0.4615
vn -0.6264 0.6022 0.4950
vn 0.5096 0.4860 -0.7100
vn 0.3159 0.8693 0.3802
vn 0.7670 -0.5864 -0.2605
vn -0.6271 -0.5614 0.5400
vn 0.4152 -0.8982 0.1440
vn -0.1183 0.4760 0.8714
vn -0.5938 0.1380 -0.7927
vn -0.8781 -0.0907 -0.4698
vn 0.1579 0.7086 0.6877
vn 0.6413 -0.7651 -0.0576
vn -0.7893 0.1351 -0.5990
vn -0.2157 0.2895 -0.9326
vn 0.1938 0.9750 -0.1086
vn 0.5931 -0.5224 -0.6127
vn 0.0974 -0.4490 0.8882
vn 0.7024 -0.7053 -0.0959
vn 0.3373 0.7048 0.6241
vn -0.9461 -0.2428 -0.2141
vn -0.8614 -0.4178 0.2889
vn 0.3366 0.9024 0.2690
vn 0.6864 -0.6256 -0.3708
vn -0.9720 -0.2263 0.0628
vn -0.3304 0.3809 -0.8635
vn -0.3566 0.9133 0.1968
vn 0.7686 0.0946 -0.6327
vn 0.3307 -0.5746 0.7486
vn 0.9707 -0.1974 -0.1369
vn -0.0895 0.5623 0.8221
vn -0.7212 -0.5771 -0.3832
vn -0.5441 -0.8332 0.0990
vn -0.1975 0.8201 0.5370
vn 0.9216 -0.0333 -0.3867
vn -0.7470 -0.6562 -0.1069
vn 0.9119 -0.3117 0.2668
vn -0.0947 -0.6082 0.7882
vn -0.2123 -0.7800 -0.5887
vn 0.3677 -0.8051 0.4653
vn -0.4259 -0.0497 0.9034
vn -0.9878 -0.1482 -0.0479
vn -0.5670 0.7321 -0.3776
vn 0.0005 -0.3820 -0.9241
vn 0.5544 -0.7199 0.4176
vn -0.0999 0.5033 0.8583
vn -0.4544 -0.3086 -0.8356
vn -0.5009 -0.6368 0.5861
vn -0.1693 -0.7860 0.5946
vn -0.2717 -0.3413 -0.8998
vn 0.2411 -0.8589 0.4519
vn -0.0995 -0.3898 -0.9155
vn 0.5121 0.3564 0.7815
vn 0.4898 0.6771 -0.5491
vn 0.1808 0.8805 -0.4382
vn 0.3541 0.5032 0.7883
vn -0.2041 0.9013 -0.3821
vn 0.0542 0.4823 0.8743
vn -0.4554 -0.0567 -0.8885
vn 0.8451 0.0693 -0.5301
vn 0.6695 -0.6719 -0.3167
vn -0.4491 -0.6942 -0.5625
vn 0.5228 0.2495 0.8151
vn -0.6811 -0.4961 0.5385
vn -0.8099 -0.2566 0.5275
vn 0.5205 0.1303 0.8438
vn -0.4597 -0.0785 -0.8846
vn -0.4316 -0.1921 -0.8814
vn 0.8242 0.3146 -0.4708
vn 0.6970 0.5029 -0.5111
vn -0.8677 0.0221 0.4967
vn 0.5685 0.0692 0.8198
vn -0.9765 -0.0088 -0.2151
vn -0.0606 0.3483 -0.9354
vn -0.2706 -0.9598 0.0746
vn 0.9100 0.0630 0.4098
vn 0.2746 -0.9356 0.2217
vn 0.5669 0.3813 -0.7303
vn -0.4618 0.5768 0.6739
vn -0.0555 0.5956 0.8014
vn 0.2675 0.3395 -0.9017
vn -0.0356 -0.9912 0.1275
vn -0.2333 0.6735 0.7014
vn -0.9750 -0.0028 -0.2221
vn -0.0873 0.5435 -0.8349
vn -0.2334 -0.9647 -0.1222
vn 0.9106 -0.0061 0.4132
vn 0.3061 -0.9519 0.0149
vn 0.5439 0.5582 -0.6266
vn -0.4823 0.4041 0.7772
vn -0.0753 0.4161 0.9062
vn 0.2512 0.5498 -0.7966
vn 0.0017 -0.9959 -0.0903
vn -0.2535 0.5080 0.8232
vn 0.7856 0.4808 -0.3895
vn 0.1325 -0.3942 -0.9094
vn -0.3008 0.9527 -0.0434
vn -0.6949 -0.4579 0.5545
vn -0.6929 0.6965 0.1865
vn -0.3490 -0.7219 -0.5976
vn 0.7688 -0.1144 0.6292
vn 0.4525 -0.3331 0.8272
vn -0.1226 -0.5488 -0.8269
vn -0.5041 0.8623 0.0488
vn 0.6350 -0.3161 0.7048
vn 0.5789 0.5638 -0.5891
vn 0.5926 -0.6130 -0.5225
vn -0.5944 0.5431 -0.5931
vn -0.5805 -0.4271 0.6933
vn -0.9576 0.1875 -0.2187
vn 0.1994 -0.9778 -0.0646
vn 0.5596 0.5988 0.5729
vn 0.2716 0.3389 0.9008
vn 0.3894 -0.8512 -0.3519
vn -0.7925 0.3964 -0.4634
vn 0.4984 0.3912 0.7736
vn -0.9987 0.0418 -0.0307
vn -0.2516 0.8798 -0.4034
vn -0.3030 -0.7729 -0.5576
vn 0.9709 -0.1483 0.1882
vn 0.2684 -0.8190 -0.5071
vn 0.4616 0.8208 -0.3364
vn -0.3449 -0.0993 0.9334
vn 0.1184 -0.1269 0.9848
vn 0.1110 0.8912 -0.4397
vn -0.0200 -0.8216 -0.5697
vn -0.1130 -0.0094 0.9936
vn 0.9005 0.3810 -0.2097
vn 0.1274 -0.0865 -0.9881
vn -0.0283 0.9533 0.3005
vn -0.8068 -0.4520 0.3804
vn -0.5267 0.7193 0.4530
vn -0.4773 -0.3877 -0.7886
vn 0.6854 -0.5052 0.5243
vn 0.3152 -0.6895 0.6521
vn -0.2032 -0.2073 -0.9570
vn -0.2844 0.8817 0.3764
vn 0.5092 -0.6835 0.5231
vn -0.8955 -0.1222 -0.4280
vn 0.0265 0.4722 -0.8811
vn -0.1302 -0.9851 -0.1125
vn 0.7839 0.1258 0.6080
vn 0.3893 -0.9042 0.1759
vn 0.6469 0.5737 -0.5023
vn -0.7045 0.3729 0.6038
vn -0.3034 0.4341 0.8483
vn 0.3694 0.5183 -0.7713
vn 0.1272 -0.9919 0.0052
vn -0.4952 0.5146 0.6999
vn 0.6860 0.6574 -0.3118
vn 0.7743 -0.4933 -0.3965
vn -0.4347 0.6124 -0.6603
vn -0.7347 -0.5142 0.4425
vn -0.8637 0.2333 -0.4468
vn 0.2302 -0.9672 -0.1071
vn 0.2986 0.5538 0.7772
vn -0.0404 0.2513 0.9671
vn 0.5214 -0.7920 -0.3177
vn -0.6673 0.4431 -0.5986
vn 0.2125 0.3303 0.9196
vn -0.1829 -0.9255 0.3316
vn 0.7046 -0.2465 0.6654
vn -0.9166 -0.0172 0.3994
vn 0.0733 0.8451 -0.5295
vn -0.8474 0.5158 0.1263
vn 0.8033 0.5117 0.3048
vn 0.0058 -0.6300 -0.7766
vn 0.0679 -0.2084 -0.9757
vn 0.8039 0.1431 0.5772
vn -0.9149 0.2746 0.2957
vn 0.1716 -0.4545 -0.8741
vn -0.8081 0.4968 -0.3166
vn -0.1018 -0.1850 -0.9775
vn -0.7829 -0.3384 0.5220
vn 0.8094 -0.3271 0.4877
vn -0.3067 -0.5782 0.7560
vn 0.5392 -0.5157 -0.6659
vn 0.1206 0.9760 0.1816
vn 0.5136 0.7804 0.3568
vn 0.1980 -0.4134 -0.8888
vn -0.5769 -0.4937 0.6507
vn 0.3706 0.9137 0.1666
vn 0.1486 0.6530 0.7426
vn 0.5311 0.7997 -0.2799
vn -0.8757 0.2496 0.4133
vn -0.0890 -0.8032 -0.5890
vn -0.9588 -0.2701 -0.0875
vn 0.4247 0.1678 -0.8896
vn 0.4950 -0.4379 0.7505
vn 0.4625 -0.7876 0.4072
vn 0.4864 0.5668 -0.6649
vn -0.9842 0.0268 0.1750
vn 0.6107 -0.5927 0.5251
vn 0.0376 0.9503 -0.3092
vn 0.6865 0.1127 -0.7184
vn -0.9101 0.2849 -0.3010
vn -0.0628 -0.8674 0.4936
vn -0.9251 -0.3774 -0.0422
vn 0.6714 -0.6189 -0.4076
vn 0.2613 0.5980 0.7577
vn 0.2679 0.1267 0.9551
vn 0.7036 -0.2906 -0.6485
vn -0.9755 -0.0320 -0.2176
vn 0.3946 0.3472 0.8507
vn -0.0257 0.6567 -0.7538
vn -0.9453 0.0884 -0.3140
vn 0.3796 0.8753 0.2995
vn 0.3136 -0.6687 0.6742
vn 0.4771 0.4631 0.7469
vn -0.8071 -0.4932 0.3246
vn 0.5672 -0.3301 -0.7545
vn 0.6352 -0.6511 -0.4155
vn -0.9839 -0.1764 0.0289
vn 0.4228 0.7141 0.5579
vn 0.5063 -0.5690 -0.6480
vn 0.7761 -0.3602 -0.5176
vn 0.0775 -0.9757 0.2051
vn -0.1831 0.1626 -0.9696
vn -0.6854 0.5265 0.5030
vn -0.6286 0.4026 -0.6655
vn -0.4771 -0.6477 0.5939
vn 0.8250 0.4965 0.2700
vn 0.4530 0.7164 0.5306
vn -0.2312 -0.8933 0.3854
vn -0.4202 0.2737 -0.8652
vn 0.6696 0.5502 0.4989
vn -0.7843 -0.5139 -0.3475
vn 0.2219 -0.3100 -0.9245
vn -0.1885 -0.7476 0.6368
vn 0.6567 0.6127 0.4398
vn 0.2402 -0.4101 0.8798
vn 0.7710 0.1030 -0.6284
vn -0.7882 0.6152 -0.0166
vn -0.4515 0.8790 0.1532
vn 0.5383 -0.1578 -0.8279
vn 0.0490 -0.6109 0.7902
vn -0.6093 0.7923 -0.0331
vn -0.4879 0.1556 -0.8589
vn -0.7041 -0.7064 -0.0723
vn -0.4537 0.8904 0.0366
vn 0.6384 -0.0139 0.7695
vn -0.1087 0.8368 0.5366
vn -0.2883 -0.7718 0.5667
vn 0.6293 -0.0592 -0.7749
vn 0.9440 -0.1352 -0.3010
vn -0.5725 -0.7683 0.2863
vn -0.3122 0.8946 0.3199
vn 0.7804 -0.2169 -0.5865
vn 0.8136 0.4664 0.3471
vn -0.1858 0.9774 -0.1008
vn 0.0805 -0.2626 0.9615
vn -0.6602 -0.6232 -0.4192
vn -0.4235 -0.5643 0.7087
vn -0.6880 0.5946 -0.4160
vn 0.7988 -0.2767 -0.5342
vn 0.4417 -0.5346 -0.7205
vn -0.4822 0.8484 -0.2184
vn -0.1503 -0.4011 0.9036
vn 0.5993 -0.3395 -0.7249
vn 0.4023 -0.4485 0.7981
vn -0.7351 -0.4387 0.5169
vn -0.9783 0.0669 0.1961
vn -0.9680 0.0486 0.2462
vn -0.8584 -0.0115 -0.5128
vn -0.8267 0.0378 -0.5614
vn 0.2476 0.0840 0.9652
vn 0.2876 0.0993 0.9526
vn -0.4670 0.1526 0.8710
vn -0.5034 0.0880 0.8596
vn 0.1962 0.0325 0.9800
vn -0.5484 0.0644 0.8337
vn 0.1687 -0.0001 0.9857
vn -0.5738 0.0420 0.8179
vn -0.9523 0.1254 0.2783
vn -0.8830 0.0356 -0.4681
vn -0.9829 0.0637 0.1730
vn -0.8172 0.0521 -0.5740
vn 0.0932 -0.6359 0.7661
vn 0.5972 -0.6652 0.4483
vn 0.8150 -0.0394 0.5782
vn -0.8020 -0.5827 0.1310
vn -0.4856 -0.6019 0.6340
vn -0.1746 0.0129 -0.9846
vn -0.1722 -0.6169 -0.7680
vn -0.6720 -0.5889 -0.4491
vn 0.4075 -0.6513 -0.6401
vn 0.7282 -0.6717 -0.1361
vn -0.1856 -0.0051 -0.9826
vn 0.5635 -0.0364 -0.8253
vn 0.5706 -0.0311 -0.8206
vn -0.2466 -0.0555 -0.9675
vn 0.5137 -0.0580 -0.8560
vn -0.3183 -0.0636 -0.9458
vn 0.4428 -0.1192 -0.8887
vn 0.9836 -0.0528 -0.1725
vn 0.9823 -0.0383 -0.1833
vn 0.8264 -0.0097 0.5630
vn 0.9722 -0.0174 -0.2337
vn 0.8536 0.0411 0.5193
vn 0.9530 -0.0943 -0.2879
vn 0.8755 -0.0019 0.4833
vn 0.3863 0.3684 -0.8456
vn 0.8058 0.4263 -0.4110
vn 0.9393 -0.1920 -0.2842
vn 0.4199 -0.2246 -0.8794
vn 0.7867 0.5969 0.1573
vn 0.3733 0.7664 0.5227
vn 0.3427 0.1549 0.9266
vn 0.8871 -0.0319 0.4604
vn -0.2111 0.8424 0.4957
vn -0.6241 0.7790 0.0607
vn -0.9218 0.2366 0.3070
vn -0.4015 0.2678 0.8759
vn -0.6043 0.6178 -0.5032
vn -0.1957 0.4530 -0.8698
vn -0.3488 -0.1073 -0.9310
vn -0.8944 0.0811 -0.4398
vn 0.2744 0.0669 -0.9593
vn 0.2251 0.0486 -0.9731
vn 0.8494 -0.0115 -0.5277
vn 0.8780 0.0378 -0.4772
vn -0.9713 0.0840 -0.2226
vn -0.9784 0.0993 -0.1812
vn -0.5599 0.1526 -0.8144
vn -0.5330 0.0880 -0.8415
vn -0.9609 0.0325 -0.2750
vn -0.4894 0.0644 -0.8697
vn -0.9533 -0.0001 -0.3021
vn -0.4637 0.0420 -0.8850
vn 0.1894 0.1254 -0.9739
vn 0.8209 0.0356 -0.5700
vn 0.2970 0.0637 -0.9527
vn 0.8848 0.0521 -0.4630
vn -0.7236 -0.6359 -0.2685
vn -0.6722 -0.6652 0.3251
vn -0.8875 -0.0394 0.4591
vn 0.2514 -0.5827 -0.7728
vn -0.3407 -0.6019 -0.7222
vn 0.9550 0.0129 0.2963
vn 0.7614 -0.6169 0.1992
vn 0.7073 -0.5889 -0.3912
vn 0.3819 -0.6514 0.6557
vn -0.2130 -0.6717 0.7095
vn 0.9583 -0.0051 0.2857
vn 0.4750 -0.0364 0.8792
vn 0.4676 -0.0311 0.8834
vn 0.9729 -0.0555 0.2245
vn 0.5251 -0.0580 0.8491
vn 0.9865 -0.0636 0.1509
vn 0.5867 -0.1192 0.8010
vn -0.2977 -0.0528 0.9532
vn -0.2875 -0.0383 0.9570
vn -0.8793 -0.0097 0.4763
vn -0.2381 -0.0174 0.9711
vn -0.8529 0.0411 0.5204
vn -0.1812 -0.0943 0.9789
vn -0.8309 -0.0019 0.5564
vn 0.5743 0.3684 0.7311
vn -0.0043 0.4263 0.9046
vn -0.1782 -0.1920 0.9651
vn 0.5889 -0.2246 0.7764
vn -0.5005 0.5969 0.6270
vn -0.6357 0.7664 0.0920
vn -0.9806 0.1549 -0.1204
vn -0.8160 -0.0319 0.5772
vn -0.3437 0.8424 -0.4149
vn 0.2323 0.7790 -0.5825
vn 0.1499 0.2366 -0.9600
vn -0.5942 0.2678 -0.7584
vn 0.7243 0.6178 -0.3063
vn 0.8627 0.4530 0.2250
vn 0.9873 -0.1073 0.1170
vn 0.8010 0.0811 -0.5931
vt 0.115224 0.569991
vt 0.116691 0.633438
vt 0.117081 0.633198
vt 0.115839 0.569938
vt 0.116529 0.633642
vt 0.118326 0.664945
vt 0.118263 0.664890
vt 0.116482 0.633605
vt 0.114885 0.570020
vt 0.114863 0.570022
vt 0.114401 0.545538
vt 0.114382 0.545540
vt 0.118434 0.664586
vt 0.118779 0.664141
vt 0.114763 0.545742
vt 0.115408 0.546074
vt 0.114347 0.521849
vt 0.114760 0.521821
vt 0.114804 0.545739
vt 0.114718 0.521824
vt 0.114328 0.521850
vt 0.115811 0.546275
vt 0.115791 0.521752
vt 0.115378 0.521779
vt 0.115810 0.521750
vt 0.115421 0.521776
vt 0.116226 0.569903
vt 0.116248 0.569901
vt 0.115830 0.546273
vt 0.117346 0.633074
vt 0.117393 0.633110
vt 0.119027 0.663904
vt 0.119089 0.663960
vt 0.115449 0.546071
vt 0.115887 0.569933
vt 0.115272 0.569986
vt 0.117184 0.633279
vt 0.116794 0.633519
vt 0.118918 0.664264
vt 0.118574 0.664709
vt 0.125414 0.741457
vt 0.125475 0.741517
vt 0.129495 0.757702
vt 0.129431 0.757606
vt 0.129435 0.756893
vt 0.132721 0.763246
vt 0.125829 0.739353
vt 0.125767 0.739293
vt 0.129567 0.755138
vt 0.129630 0.755236
vt 0.125632 0.739845
vt 0.129496 0.755779
vt 0.125608 0.740952
vt 0.129581 0.757146
vt 0.125472 0.740823
vt 0.125768 0.739974
vt 0.129642 0.756035
vt 0.132763 0.763290
vt 0.132738 0.762195
vt 0.132697 0.762150
vt 0.124564 0.728654
vt 0.124457 0.729008
vt 0.123392 0.718746
vt 0.123504 0.718318
vt 0.124219 0.729538
vt 0.124037 0.729826
vt 0.122959 0.719760
vt 0.123146 0.719396
vt 0.123975 0.729765
vt 0.124082 0.729407
vt 0.123006 0.719259
vt 0.122895 0.719697
vt 0.124320 0.728877
vt 0.124502 0.728592
vt 0.123440 0.718255
vt 0.123252 0.718608
vt 0.133529 0.566767
vt 0.133140 0.563878
vt 0.134985 0.538011
vt 0.135379 0.540980
vt 0.135846 0.541330
vt 0.133942 0.567103
vt 0.131760 0.585864
vt 0.129233 0.598581
vt 0.131357 0.583183
vt 0.131952 0.585939
vt 0.136217 0.508523
vt 0.135640 0.509176
vt 0.136394 0.508731
vt 0.136492 0.511367
vt 0.136132 0.511048
vt 0.123888 0.643041
vt 0.124932 0.638844
vt 0.121494 0.617547
vt 0.120374 0.621930
vt 0.122186 0.622230
vt 0.125602 0.643276
vt 0.126838 0.650920
vt 0.130243 0.652555
vt 0.127229 0.647103
vt 0.127621 0.650879
vt 0.117358 0.583284
vt 0.118059 0.582631
vt 0.117796 0.583609
vt 0.118219 0.586393
vt 0.117338 0.585843
vt 0.478774 0.269449
vt 0.478476 0.263738
vt 0.478984 0.209786
vt 0.479310 0.215620
vt 0.478716 0.217480
vt 0.478225 0.271189
vt 0.444377 0.187856
vt 0.444275 0.194763
vt 0.444344 0.186382
vt 0.477950 0.310058
vt 0.478082 0.303860
vt 0.478150 0.068773
vt 0.478029 0.070088
vt 0.478002 0.069514
vt 0.477904 0.075204
vt 0.478204 0.073916
vt 0.444309 0.188025
vt 0.478205 0.309421
vt 0.107076 0.600348
vt 0.107605 0.597355
vt 0.108048 0.556397
vt 0.107455 0.559395
vt 0.109133 0.562271
vt 0.108616 0.603033
vt 0.106961 0.631466
vt 0.106079 0.652471
vt 0.107063 0.628062
vt 0.107678 0.632591
vt 0.107907 0.509667
vt 0.107830 0.511250
vt 0.108360 0.510553
vt 0.108596 0.514861
vt 0.107677 0.513220
vt 0.119784 0.563898
vt 0.122513 0.626356
vt 0.122797 0.625771
vt 0.120209 0.563294
vt 0.121930 0.626607
vt 0.124309 0.656523
vt 0.124526 0.656579
vt 0.122185 0.626671
vt 0.118832 0.564080
vt 0.119264 0.564195
vt 0.117921 0.539923
vt 0.118369 0.540038
vt 0.124814 0.656158
vt 0.125070 0.655407
vt 0.118918 0.539959
vt 0.119374 0.539716
vt 0.117304 0.516173
vt 0.117300 0.515716
vt 0.117924 0.539706
vt 0.118325 0.515977
vt 0.117767 0.516291
vt 0.119377 0.539498
vt 0.118778 0.514884
vt 0.118782 0.515342
vt 0.118315 0.514766
vt 0.117757 0.515080
vt 0.120206 0.562857
vt 0.119775 0.562742
vt 0.118929 0.539384
vt 0.122815 0.625375
vt 0.122561 0.625309
vt 0.125093 0.654918
vt 0.124875 0.654863
vt 0.118380 0.539462
vt 0.119254 0.563039
vt 0.118829 0.563644
vt 0.122233 0.625627
vt 0.121948 0.626212
vt 0.124588 0.655285
vt 0.124332 0.656034
vt 0.130938 0.715386
vt 0.130806 0.715670
vt 0.128534 0.694170
vt 0.128720 0.693785
vt 0.130688 0.716164
vt 0.130677 0.716480
vt 0.128355 0.695274
vt 0.128369 0.694844
vt 0.130777 0.716504
vt 0.130909 0.716217
vt 0.128682 0.694918
vt 0.128496 0.695307
vt 0.131026 0.715723
vt 0.131037 0.715409
vt 0.128861 0.693820
vt 0.128847 0.694245
vt 0.121572 0.648551
vt 0.120518 0.645874
vt 0.119854 0.609469
vt 0.120986 0.612118
vt 0.119548 0.615901
vt 0.120241 0.652056
vt 0.121520 0.676131
vt 0.121315 0.693610
vt 0.120931 0.672843
vt 0.120894 0.677648
vt 0.119124 0.567122
vt 0.118803 0.568227
vt 0.118782 0.568271
vt 0.118766 0.572407
vt 0.119466 0.570219
vt 0.137086 0.676583
vt 0.137013 0.676740
vt 0.137151 0.676177
vt 0.137221 0.675968
vt 0.138281 0.693865
vt 0.138090 0.693663
vt 0.137963 0.693772
vt 0.138157 0.693816
vt 0.133220 0.746735
vt 0.133093 0.746276
vt 0.135343 0.740713
vt 0.135467 0.741077
vt 0.137405 0.719606
vt 0.137535 0.719936
vt 0.133213 0.747126
vt 0.133347 0.747620
vt 0.135588 0.741529
vt 0.135465 0.741221
vt 0.137693 0.720723
vt 0.137542 0.720194
vt 0.128027 0.745917
vt 0.127976 0.747172
vt 0.124779 0.735021
vt 0.124933 0.733799
vt 0.131063 0.749481
vt 0.131037 0.748585
vt 0.129210 0.747622
vt 0.129255 0.748572
vt 0.129261 0.748331
vt 0.131093 0.749272
vt 0.129307 0.749282
vt 0.131120 0.750174
vt 0.127990 0.745029
vt 0.127939 0.746284
vt 0.432181 0.178927
vt 0.432247 0.182374
vt 0.432164 0.183770
vt 0.432387 0.193340
vt 0.432261 0.190723
vt 0.432345 0.189356
vt 0.432281 0.182351
vt 0.432379 0.189333
vt 0.432290 0.185623
vt 0.432188 0.187275
vt 0.432346 0.185371
vt 0.432283 0.171493
vt 0.432365 0.174745
vt 0.432258 0.176337
vt 0.432468 0.186211
vt 0.432347 0.183460
vt 0.432453 0.181876
vt 0.432371 0.175050
vt 0.432460 0.182137
vt 0.432410 0.177972
vt 0.432280 0.179906
vt 0.432432 0.178058
vt 0.432473 0.162775
vt 0.432517 0.167801
vt 0.432407 0.167716
vt 0.432577 0.180361
vt 0.432458 0.176296
vt 0.432570 0.176448
vt 0.432554 0.166770
vt 0.432607 0.175225
vt 0.432539 0.171944
vt 0.432405 0.171849
vt 0.432603 0.170520
vt 0.432851 0.155602
vt 0.432832 0.158517
vt 0.432787 0.158594
vt 0.432851 0.167423
vt 0.432787 0.164326
vt 0.432832 0.164162
vt 0.432901 0.158723
vt 0.432901 0.164320
vt 0.432824 0.161067
vt 0.432768 0.161197
vt 0.432919 0.161308
vt 0.432992 0.153657
vt 0.433022 0.157073
vt 0.432929 0.156757
vt 0.433037 0.165072
vt 0.432951 0.162296
vt 0.433043 0.162566
vt 0.433046 0.156409
vt 0.433068 0.161886
vt 0.433031 0.159730
vt 0.432919 0.159374
vt 0.433076 0.158920
vt 0.433227 0.153296
vt 0.433329 0.155707
vt 0.433201 0.156405
vt 0.433334 0.164132
vt 0.433253 0.161650
vt 0.433381 0.160904
vt 0.433258 0.156142
vt 0.433310 0.161370
vt 0.433367 0.158042
vt 0.433211 0.158900
vt 0.433296 0.158493
vt 0.306888 0.588794
vt 0.305814 0.588801
vt 0.304970 0.588728
vt 0.299926 0.588744
vt 0.301623 0.588704
vt 0.302499 0.588777
vt 0.304766 0.588806
vt 0.301414 0.588782
vt 0.304453 0.588791
vt 0.303395 0.588702
vt 0.303223 0.588809
vt 0.436728 0.140629
vt 0.436746 0.141246
vt 0.436736 0.141317
vt 0.436840 0.142725
vt 0.436790 0.142314
vt 0.436800 0.142258
vt 0.436779 0.141082
vt 0.436833 0.142085
vt 0.436766 0.141735
vt 0.436755 0.141819
vt 0.436811 0.141516
vt 0.276051 0.587884
vt 0.275859 0.587931
vt 0.274163 0.587903
vt 0.272540 0.588065
vt 0.272481 0.587990
vt 0.274169 0.588018
vt 0.275438 0.587952
vt 0.273710 0.588038
vt 0.275207 0.587970
vt 0.273159 0.587935
vt 0.274879 0.588000
vt 0.436667 0.137651
vt 0.436712 0.138137
vt 0.436693 0.138597
vt 0.436850 0.139774
vt 0.436781 0.139600
vt 0.436800 0.139142
vt 0.436731 0.138017
vt 0.436820 0.139032
vt 0.436751 0.138609
vt 0.436728 0.139173
vt 0.436778 0.138387
vt 0.432202 0.205288
vt 0.432134 0.207885
vt 0.432247 0.208722
vt 0.432115 0.215173
vt 0.432204 0.213469
vt 0.432092 0.212601
vt 0.432153 0.207594
vt 0.432110 0.212263
vt 0.432108 0.210136
vt 0.432246 0.211200
vt 0.432114 0.209576
vt 0.317564 0.591057
vt 0.317401 0.591048
vt 0.317234 0.591077
vt 0.316278 0.591061
vt 0.316621 0.591079
vt 0.316794 0.591050
vt 0.317096 0.591048
vt 0.316480 0.591050
vt 0.317164 0.591048
vt 0.316956 0.591083
vt 0.316797 0.591043
vt 0.432076 0.194499
vt 0.432045 0.196574
vt 0.432161 0.195910
vt 0.432233 0.203607
vt 0.432237 0.200276
vt 0.432119 0.200957
vt 0.432116 0.198054
vt 0.432191 0.202455
vt 0.432065 0.198461
vt 0.432208 0.197644
vt 0.432139 0.200472
vt 0.319068 0.591089
vt 0.318765 0.591061
vt 0.318524 0.591091
vt 0.317889 0.591077
vt 0.317952 0.591084
vt 0.318208 0.591055
vt 0.318893 0.591093
vt 0.318333 0.591087
vt 0.318490 0.591053
vt 0.318194 0.591089
vt 0.318693 0.591089
vt 0.124801 0.734358
vt 0.124955 0.733133
vt 0.140718 0.705625
vt 0.140703 0.705949
vt 0.140893 0.705777
vt 0.140908 0.705398
vt 0.140876 0.723650
vt 0.140671 0.722991
vt 0.140604 0.723171
vt 0.140820 0.723684
vt 0.132755 0.763232
vt 0.132719 0.762878
vt 0.135366 0.762232
vt 0.135402 0.762488
vt 0.138611 0.746330
vt 0.138660 0.746585
vt 0.132816 0.764011
vt 0.132857 0.764411
vt 0.135522 0.763249
vt 0.135483 0.763045
vt 0.138810 0.747781
vt 0.138750 0.747295
vt 0.127418 0.751994
vt 0.127333 0.753242
vt 0.124845 0.736122
vt 0.125034 0.735108
vt 0.130460 0.761893
vt 0.130450 0.760846
vt 0.128637 0.756388
vt 0.128658 0.757493
vt 0.128591 0.756875
vt 0.130398 0.761266
vt 0.128611 0.757976
vt 0.130412 0.762331
vt 0.127515 0.751489
vt 0.127430 0.752741
vt 0.432131 0.150472
vt 0.432192 0.154576
vt 0.432045 0.154780
vt 0.432105 0.165116
vt 0.432032 0.161872
vt 0.432177 0.161658
vt 0.432150 0.153989
vt 0.432137 0.161042
vt 0.432197 0.157958
vt 0.432019 0.158216
vt 0.432165 0.157108
vt 0.314220 0.588529
vt 0.313211 0.588588
vt 0.312157 0.588473
vt 0.306381 0.588518
vt 0.308356 0.588467
vt 0.309536 0.588585
vt 0.311680 0.588535
vt 0.307829 0.588530
vt 0.311759 0.588598
vt 0.310416 0.588456
vt 0.309859 0.588546
vt 0.432440 0.144077
vt 0.432435 0.149422
vt 0.432297 0.147827
vt 0.432257 0.159923
vt 0.432209 0.155582
vt 0.432349 0.157267
vt 0.432436 0.147724
vt 0.432351 0.155379
vt 0.432399 0.153324
vt 0.432229 0.151382
vt 0.432422 0.151279
vt 0.432656 0.140783
vt 0.432721 0.144227
vt 0.432579 0.144222
vt 0.432572 0.151477
vt 0.432537 0.149550
vt 0.432682 0.149400
vt 0.432633 0.142620
vt 0.432593 0.147716
vt 0.432720 0.146839
vt 0.432545 0.146896
vt 0.432628 0.144709
vt 0.315275 0.588891
vt 0.313412 0.588879
vt 0.314389 0.588826
vt 0.310182 0.588707
vt 0.311920 0.588738
vt 0.310968 0.588791
vt 0.313882 0.588837
vt 0.311411 0.588749
vt 0.312187 0.588845
vt 0.313362 0.588781
vt 0.312625 0.588800
vt 0.432908 0.140456
vt 0.432875 0.143499
vt 0.432795 0.142496
vt 0.432741 0.151077
vt 0.432714 0.147653
vt 0.432796 0.148575
vt 0.432906 0.143484
vt 0.432826 0.148511
vt 0.432837 0.145847
vt 0.432739 0.144661
vt 0.432887 0.145967
vt 0.315090 0.588845
vt 0.312889 0.588821
vt 0.313798 0.588763
vt 0.309105 0.588692
vt 0.310885 0.588689
vt 0.310003 0.588748
vt 0.313617 0.588825
vt 0.310744 0.588752
vt 0.311419 0.588788
vt 0.312509 0.588717
vt 0.312220 0.588802
vt 0.433326 0.141622
vt 0.433400 0.144730
vt 0.433270 0.144493
vt 0.433267 0.151960
vt 0.433242 0.149513
vt 0.433372 0.149699
vt 0.433296 0.143998
vt 0.433269 0.148998
vt 0.433405 0.147147
vt 0.433247 0.146867
vt 0.433293 0.146246
vt 0.433609 0.143764
vt 0.433621 0.147473
vt 0.433489 0.145752
vt 0.433386 0.153287
vt 0.433382 0.150417
vt 0.433515 0.152050
vt 0.433558 0.145975
vt 0.433452 0.150578
vt 0.433584 0.149844
vt 0.433423 0.147802
vt 0.433524 0.148202
vt 0.436424 0.135340
vt 0.436433 0.136060
vt 0.436404 0.135921
vt 0.436462 0.137553
vt 0.436422 0.136975
vt 0.436452 0.137131
vt 0.436456 0.135892
vt 0.436475 0.136955
vt 0.436439 0.136584
vt 0.436404 0.136411
vt 0.436474 0.136392
vt 0.318516 0.590907
vt 0.318314 0.590935
vt 0.318057 0.590910
vt 0.317404 0.590979
vt 0.317523 0.590945
vt 0.317776 0.590970
vt 0.318292 0.590933
vt 0.317747 0.590968
vt 0.318079 0.590952
vt 0.317772 0.590922
vt 0.318081 0.590953
vt 0.320074 0.590958
vt 0.320157 0.590979
vt 0.319653 0.590954
vt 0.319208 0.591026
vt 0.319236 0.590987
vt 0.319739 0.591012
vt 0.319801 0.590988
vt 0.319392 0.591021
vt 0.320030 0.590993
vt 0.319411 0.590963
vt 0.319654 0.591008
vt 0.436453 0.132432
vt 0.436497 0.133170
vt 0.436449 0.133363
vt 0.436567 0.134983
vt 0.436504 0.134575
vt 0.436553 0.134383
vt 0.436499 0.132930
vt 0.436555 0.134155
vt 0.436524 0.133763
vt 0.436465 0.134002
vt 0.436534 0.133429
vt 0.431723 0.166007
vt 0.431845 0.167393
vt 0.431748 0.169622
vt 0.431951 0.174243
vt 0.431859 0.173550
vt 0.431956 0.171301
vt 0.431775 0.167667
vt 0.431886 0.171580
vt 0.431909 0.169103
vt 0.431791 0.171845
vt 0.431834 0.169142
vt 0.314036 0.589129
vt 0.312684 0.589072
vt 0.313655 0.589050
vt 0.312830 0.588885
vt 0.313037 0.588932
vt 0.312078 0.588954
vt 0.314315 0.589072
vt 0.313726 0.588954
vt 0.312153 0.589018
vt 0.313329 0.588991
vt 0.314103 0.589021
vt 0.431604 0.180834
vt 0.431487 0.182367
vt 0.431597 0.184231
vt 0.431405 0.189591
vt 0.431501 0.188427
vt 0.431390 0.186530
vt 0.431545 0.183005
vt 0.431449 0.187115
vt 0.431430 0.184199
vt 0.431564 0.186515
vt 0.431488 0.184662
vt 0.296693 0.587785
vt 0.296124 0.587723
vt 0.295955 0.587796
vt 0.292046 0.587704
vt 0.293732 0.587757
vt 0.293896 0.587684
vt 0.294671 0.587753
vt 0.292431 0.587714
vt 0.295279 0.587698
vt 0.295076 0.587786
vt 0.293436 0.587725
vt 0.124997 0.735980
vt 0.125186 0.734961
vt 0.132868 0.675235
vt 0.132825 0.675538
vt 0.132937 0.675172
vt 0.132978 0.674827
vt 0.133844 0.688846
vt 0.133687 0.688590
vt 0.133601 0.688849
vt 0.133760 0.688979
vt 0.129955 0.729665
vt 0.129867 0.729474
vt 0.131651 0.725616
vt 0.131736 0.725730
vt 0.133228 0.709219
vt 0.133319 0.709319
vt 0.129969 0.730232
vt 0.130063 0.730452
vt 0.131838 0.726173
vt 0.131753 0.726103
vt 0.133454 0.710063
vt 0.133346 0.709800
vt 0.125803 0.727797
vt 0.125774 0.728885
vt 0.123218 0.718947
vt 0.123330 0.717907
vt 0.128258 0.731599
vt 0.128228 0.730789
vt 0.126771 0.729675
vt 0.126816 0.730513
vt 0.126801 0.730078
vt 0.128259 0.731141
vt 0.126846 0.730913
vt 0.128291 0.731962
vt 0.125789 0.727330
vt 0.125760 0.728420
vt 0.432976 0.187392
vt 0.433036 0.190447
vt 0.432965 0.191153
vt 0.433142 0.198580
vt 0.433043 0.196551
vt 0.433114 0.195870
vt 0.433053 0.189881
vt 0.433132 0.195304
vt 0.433072 0.193057
vt 0.432985 0.193878
vt 0.433104 0.192218
vt 0.289763 0.588577
vt 0.288027 0.588603
vt 0.287447 0.588543
vt 0.282846 0.588598
vt 0.284096 0.588554
vt 0.284674 0.588612
vt 0.288213 0.588602
vt 0.284880 0.588612
vt 0.286457 0.588609
vt 0.285752 0.588538
vt 0.286815 0.588617
vt 0.295617 0.588776
vt 0.295167 0.588809
vt 0.293773 0.588737
vt 0.289820 0.588803
vt 0.290956 0.588750
vt 0.292461 0.588823
vt 0.293821 0.588802
vt 0.290979 0.588817
vt 0.294150 0.588819
vt 0.292397 0.588731
vt 0.292560 0.588821
vt 0.433200 0.174921
vt 0.433241 0.179108
vt 0.433148 0.178604
vt 0.433279 0.188062
vt 0.433187 0.185029
vt 0.433282 0.185593
vt 0.433259 0.177685
vt 0.433299 0.184014
vt 0.433259 0.182315
vt 0.433146 0.181707
vt 0.433297 0.180477
vt 0.433328 0.171110
vt 0.433415 0.173382
vt 0.433313 0.174199
vt 0.433434 0.179681
vt 0.433365 0.178468
vt 0.433468 0.177517
vt 0.433356 0.172585
vt 0.433408 0.176665
vt 0.433451 0.175376
vt 0.433325 0.176429
vt 0.433390 0.174178
vt 0.433494 0.169445
vt 0.433486 0.172030
vt 0.433443 0.171640
vt 0.433497 0.178565
vt 0.433444 0.176068
vt 0.433487 0.176388
vt 0.433533 0.171767
vt 0.433534 0.176086
vt 0.433481 0.174069
vt 0.433429 0.173625
vt 0.433548 0.173783
vt 0.298025 0.589108
vt 0.296821 0.589146
vt 0.296472 0.589082
vt 0.293015 0.589109
vt 0.294043 0.589083
vt 0.294417 0.589147
vt 0.296841 0.589109
vt 0.294422 0.589110
vt 0.295712 0.589154
vt 0.295282 0.589076
vt 0.295790 0.589116
vt 0.433714 0.167981
vt 0.433748 0.169897
vt 0.433658 0.170638
vt 0.433756 0.177631
vt 0.433679 0.175283
vt 0.433767 0.174497
vt 0.433760 0.170721
vt 0.433780 0.175373
vt 0.433757 0.171885
vt 0.433649 0.172830
vt 0.433787 0.172852
vt 0.434016 0.168012
vt 0.434058 0.170820
vt 0.433951 0.170235
vt 0.433986 0.176551
vt 0.433937 0.174407
vt 0.434044 0.174919
vt 0.434024 0.169944
vt 0.434010 0.174066
vt 0.434059 0.172852
vt 0.433929 0.172184
vt 0.434032 0.171831
vt 0.437071 0.140145
vt 0.437104 0.140285
vt 0.437095 0.140697
vt 0.437205 0.141203
vt 0.437160 0.141205
vt 0.437168 0.140796
vt 0.437115 0.140303
vt 0.437180 0.140825
vt 0.437132 0.140502
vt 0.437122 0.140997
vt 0.437148 0.140475
vt 0.280186 0.588408
vt 0.280665 0.588418
vt 0.278639 0.588398
vt 0.277870 0.588491
vt 0.277523 0.588437
vt 0.279548 0.588458
vt 0.279583 0.588455
vt 0.278494 0.588495
vt 0.280365 0.588431
vt 0.277878 0.588407
vt 0.279293 0.588482
vt 0.278159 0.588379
vt 0.276850 0.588416
vt 0.276118 0.588386
vt 0.273495 0.588520
vt 0.273913 0.588454
vt 0.274640 0.588485
vt 0.277441 0.588436
vt 0.275206 0.588504
vt 0.275757 0.588446
vt 0.274858 0.588409
vt 0.276620 0.588476
vt 0.437106 0.140827
vt 0.437130 0.141360
vt 0.437128 0.140847
vt 0.437231 0.141444
vt 0.437188 0.141149
vt 0.437190 0.141663
vt 0.437151 0.140965
vt 0.437211 0.141268
vt 0.437155 0.141579
vt 0.437152 0.140955
vt 0.437182 0.141153
vt 0.437055 0.140499
vt 0.437058 0.139956
vt 0.437070 0.140262
vt 0.437042 0.139110
vt 0.437064 0.139592
vt 0.437052 0.139291
vt 0.437036 0.140162
vt 0.437030 0.139478
vt 0.437058 0.139611
vt 0.437073 0.139983
vt 0.437028 0.139823
vt 0.432938 0.193623
vt 0.432910 0.194088
vt 0.432997 0.195252
vt 0.432972 0.200216
vt 0.433013 0.198383
vt 0.432925 0.197184
vt 0.432925 0.196271
vt 0.432941 0.199423
vt 0.432912 0.195199
vt 0.433019 0.196647
vt 0.432918 0.197831
vt 0.437046 0.138495
vt 0.437031 0.138749
vt 0.437074 0.138643
vt 0.437097 0.139795
vt 0.437098 0.139265
vt 0.437055 0.139374
vt 0.437060 0.139067
vt 0.437084 0.139695
vt 0.437037 0.139004
vt 0.437089 0.138874
vt 0.437068 0.139430
vt 0.437081 0.135217
vt 0.437052 0.135679
vt 0.437092 0.135941
vt 0.437091 0.136980
vt 0.437096 0.136796
vt 0.437057 0.136515
vt 0.437092 0.135536
vt 0.437096 0.136375
vt 0.437047 0.136087
vt 0.437096 0.136410
vt 0.437093 0.135860
vt 0.123253 0.718692
vt 0.123365 0.717648
vt 0.138777 0.663644
vt 0.138839 0.663777
vt 0.138980 0.663481
vt 0.138915 0.663305
vt 0.139393 0.678003
vt 0.139213 0.677656
vt 0.139236 0.677705
vt 0.139419 0.677931
vt 0.135169 0.714612
vt 0.135196 0.714220
vt 0.137013 0.711915
vt 0.136983 0.712230
vt 0.138664 0.697294
vt 0.138646 0.697592
vt 0.135320 0.715009
vt 0.135299 0.715434
vt 0.137110 0.712711
vt 0.137140 0.712440
vt 0.138817 0.698378
vt 0.138818 0.697905
vt 0.131088 0.709335
vt 0.131105 0.710306
vt 0.128930 0.698176
vt 0.128993 0.697322
vt 0.133618 0.714920
vt 0.133545 0.714164
vt 0.132161 0.711813
vt 0.132237 0.712621
vt 0.132092 0.712345
vt 0.133460 0.714669
vt 0.132166 0.713152
vt 0.133537 0.715432
vt 0.131214 0.708707
vt 0.131232 0.709678
vt 0.436633 0.138335
vt 0.436640 0.137598
vt 0.436617 0.137766
vt 0.436665 0.136274
vt 0.436634 0.136764
vt 0.436657 0.136622
vt 0.436658 0.137896
vt 0.436674 0.136900
vt 0.436646 0.137099
vt 0.436618 0.137289
vt 0.436673 0.137445
vt 0.316272 0.591000
vt 0.315873 0.591019
vt 0.315792 0.590987
vt 0.314726 0.591007
vt 0.315047 0.590990
vt 0.315125 0.591023
vt 0.315890 0.591004
vt 0.315142 0.591008
vt 0.315521 0.591024
vt 0.315428 0.590984
vt 0.315557 0.591009
vt 0.432063 0.191401
vt 0.432151 0.194335
vt 0.432038 0.195064
vt 0.432127 0.203366
vt 0.432069 0.200855
vt 0.432181 0.200126
vt 0.432079 0.194359
vt 0.432110 0.200120
vt 0.432179 0.197008
vt 0.432043 0.197898
vt 0.432103 0.196876
vt 0.432267 0.183065
vt 0.432400 0.183655
vt 0.432288 0.185610
vt 0.432527 0.192199
vt 0.432413 0.190044
vt 0.432525 0.187913
vt 0.432337 0.186203
vt 0.432466 0.190685
vt 0.432471 0.185203
vt 0.432334 0.187670
vt 0.432409 0.188295
vt 0.290884 0.588357
vt 0.289496 0.588369
vt 0.290109 0.588328
vt 0.286512 0.588268
vt 0.287992 0.588285
vt 0.287400 0.588327
vt 0.289593 0.588320
vt 0.287475 0.588278
vt 0.288493 0.588357
vt 0.289227 0.588307
vt 0.288514 0.588301
vt 0.432509 0.181244
vt 0.432531 0.183558
vt 0.432440 0.183268
vt 0.432459 0.190315
vt 0.432416 0.187667
vt 0.432508 0.187890
vt 0.432517 0.183781
vt 0.432493 0.188074
vt 0.432525 0.185514
vt 0.432414 0.185190
vt 0.432520 0.185834
vt 0.432732 0.180614
vt 0.432820 0.182313
vt 0.432699 0.182863
vt 0.432815 0.189874
vt 0.432739 0.187316
vt 0.432860 0.186723
vt 0.432759 0.183513
vt 0.432800 0.187975
vt 0.432850 0.184165
vt 0.432704 0.184877
vt 0.432791 0.185642
vt 0.433004 0.181892
vt 0.433045 0.184757
vt 0.432941 0.183788
vt 0.432887 0.190446
vt 0.432886 0.187965
vt 0.432989 0.188863
vt 0.432960 0.184041
vt 0.432904 0.188169
vt 0.433034 0.186782
vt 0.432907 0.185645
vt 0.432941 0.186023
vt 0.432025 0.220355
vt 0.431977 0.217875
vt 0.431950 0.219419
vt 0.431882 0.214283
vt 0.431882 0.216523
vt 0.431907 0.214941
vt 0.432017 0.218654
vt 0.431948 0.215723
vt 0.431939 0.216308
vt 0.431908 0.218234
vt 0.431995 0.217071
vt 0.266106 0.587659
vt 0.264618 0.587677
vt 0.264630 0.587628
vt 0.261106 0.587668
vt 0.262251 0.587632
vt 0.262202 0.587682
vt 0.264914 0.587679
vt 0.262517 0.587684
vt 0.263458 0.587680
vt 0.263480 0.587621
vt 0.263831 0.587690
vt 0.431878 0.206516
vt 0.431967 0.205387
vt 0.431937 0.208759
vt 0.432216 0.210013
vt 0.432100 0.210440
vt 0.432130 0.207069
vt 0.431988 0.207686
vt 0.432150 0.209321
vt 0.432040 0.205731
vt 0.432004 0.209872
vt 0.432071 0.208152
vt 0.314601 0.590961
vt 0.314307 0.590989
vt 0.314136 0.590960
vt 0.313427 0.591012
vt 0.313579 0.590986
vt 0.313749 0.591014
vt 0.314374 0.590977
vt 0.313811 0.591002
vt 0.314042 0.591003
vt 0.313832 0.590968
vt 0.314154 0.590992
vt 0.313276 0.590962
vt 0.312912 0.590961
vt 0.313197 0.590955
vt 0.312674 0.590982
vt 0.312904 0.590964
vt 0.312618 0.590970
vt 0.313129 0.590979
vt 0.312836 0.590988
vt 0.312732 0.590962
vt 0.313079 0.590956
vt 0.312965 0.590987
vt 0.290638 0.588535
vt 0.289325 0.588490
vt 0.290144 0.588485
vt 0.288740 0.588339
vt 0.289201 0.588390
vt 0.288391 0.588396
vt 0.290562 0.588478
vt 0.289640 0.588384
vt 0.288699 0.588448
vt 0.289691 0.588441
vt 0.290164 0.588433
vt 0.436597 0.142287
vt 0.436602 0.141765
vt 0.436590 0.142135
vt 0.436542 0.141023
vt 0.436563 0.141526
vt 0.436575 0.141160
vt 0.436569 0.141951
vt 0.436542 0.141327
vt 0.436594 0.141448
vt 0.436580 0.141899
vt 0.436554 0.141626
vt 0.436584 0.142272
vt 0.436546 0.142633
vt 0.436590 0.142873
vt 0.436558 0.143870
vt 0.436577 0.143640
vt 0.436533 0.143394
vt 0.436582 0.142641
vt 0.436569 0.143394
vt 0.436534 0.142986
vt 0.436588 0.143287
vt 0.436573 0.142948
vt 0.431917 0.202724
vt 0.431827 0.203380
vt 0.431915 0.204813
vt 0.431778 0.210061
vt 0.431848 0.208305
vt 0.431759 0.206836
vt 0.431877 0.205369
vt 0.431809 0.208881
vt 0.431785 0.204676
vt 0.431893 0.206452
vt 0.431835 0.207018
vt 0.129114 0.697782
vt 0.129175 0.696926
vt 0.140611 0.673399
vt 0.140560 0.673651
vt 0.140710 0.673745
vt 0.140763 0.673449
vt 0.140083 0.686973
vt 0.139954 0.686243
vt 0.139867 0.686332
vt 0.140010 0.686965
vt 0.132125 0.707378
vt 0.132083 0.707103
vt 0.134191 0.709607
vt 0.134237 0.709809
vt 0.137390 0.701373
vt 0.137444 0.701590
vt 0.132108 0.708068
vt 0.132152 0.708382
vt 0.134295 0.710520
vt 0.134244 0.710353
vt 0.137505 0.702664
vt 0.137450 0.702261
vt 0.128357 0.692981
vt 0.128227 0.693832
vt 0.126873 0.678319
vt 0.127076 0.677760
vt 0.130332 0.703834
vt 0.130378 0.703027
vt 0.129112 0.697670
vt 0.129076 0.698529
vt 0.129080 0.697956
vt 0.130349 0.703252
vt 0.129043 0.698810
vt 0.130304 0.704076
vt 0.128419 0.692749
vt 0.128289 0.693604
vt 0.433538 0.190445
vt 0.433533 0.190630
vt 0.433213 0.187154
vt 0.433205 0.186924
vt 0.281347 0.588029
vt 0.282961 0.588104
vt 0.282907 0.588040
vt 0.285753 0.588174
vt 0.285043 0.588112
vt 0.285034 0.588174
vt 0.282032 0.588069
vt 0.284162 0.588140
vt 0.284052 0.588143
vt 0.284020 0.588066
vt 0.282897 0.588109
vt 0.432363 0.189575
vt 0.432369 0.192955
vt 0.432257 0.192347
vt 0.432227 0.200259
vt 0.432191 0.197521
vt 0.432302 0.198115
vt 0.432358 0.192235
vt 0.432292 0.197380
vt 0.432344 0.195489
vt 0.432208 0.194762
vt 0.432347 0.194606
vt 0.432804 0.184895
vt 0.432861 0.186780
vt 0.432713 0.187199
vt 0.432743 0.195214
vt 0.432682 0.192195
vt 0.432835 0.191638
vt 0.432806 0.188265
vt 0.432778 0.193343
vt 0.432862 0.188808
vt 0.432679 0.189381
vt 0.432812 0.190768
vt 0.432663 0.186369
vt 0.432607 0.190338
vt 0.432522 0.188417
vt 0.432407 0.197106
vt 0.432397 0.193681
vt 0.432483 0.195680
vt 0.432643 0.188992
vt 0.432522 0.194199
vt 0.432547 0.193042
vt 0.432442 0.190698
vt 0.432607 0.191532
vt 0.286775 0.588678
vt 0.285348 0.588649
vt 0.286380 0.588617
vt 0.283643 0.588494
vt 0.284857 0.588529
vt 0.283842 0.588561
vt 0.285955 0.588629
vt 0.284430 0.588541
vt 0.284538 0.588612
vt 0.285783 0.588573
vt 0.285147 0.588591
vt 0.433211 0.186378
vt 0.433173 0.189073
vt 0.433106 0.187378
vt 0.433025 0.192852
vt 0.433016 0.190536
vt 0.433084 0.192198
vt 0.433195 0.188092
vt 0.433106 0.191201
vt 0.433131 0.190711
vt 0.433049 0.188669
vt 0.433169 0.189705
vt 0.131520 0.706247
vt 0.131528 0.703444
vt 0.132111 0.704413
vt 0.433144 0.196443
vt 0.433124 0.193504
vt 0.433234 0.194299
vt 0.433318 0.187896
vt 0.433208 0.189385
vt 0.433295 0.190606
vt 0.433211 0.194735
vt 0.433317 0.190221
vt 0.433285 0.192071
vt 0.433151 0.191095
vt 0.433273 0.192715
vt 0.283503 0.588848
vt 0.281791 0.588816
vt 0.282966 0.588773
vt 0.279934 0.588664
vt 0.281210 0.588684
vt 0.280072 0.588728
vt 0.282691 0.588811
vt 0.280962 0.588722
vt 0.280840 0.588777
vt 0.282248 0.588724
vt 0.281808 0.588777
vt 0.436464 0.140375
vt 0.436492 0.140744
vt 0.436460 0.140968
vt 0.436539 0.142052
vt 0.436496 0.141773
vt 0.436528 0.141556
vt 0.436497 0.140749
vt 0.436532 0.141569
vt 0.436510 0.141110
vt 0.436470 0.141374
vt 0.436520 0.141092
vt 0.436562 0.138595
vt 0.436582 0.138589
vt 0.436543 0.139126
vt 0.436615 0.139990
vt 0.436568 0.139799
vt 0.436607 0.139261
vt 0.436593 0.139058
vt 0.436618 0.139720
vt 0.436593 0.138815
vt 0.436545 0.139477
vt 0.436613 0.139331
vt 0.436578 0.138363
vt 0.436617 0.138717
vt 0.436573 0.138968
vt 0.436638 0.139908
vt 0.436602 0.139708
vt 0.436647 0.139453
vt 0.436596 0.138674
vt 0.436625 0.139411
vt 0.436635 0.139056
vt 0.436581 0.139368
vt 0.436614 0.138968
vt 0.271449 0.587546
vt 0.269983 0.587521
vt 0.271268 0.587562
vt 0.268468 0.587610
vt 0.269823 0.587592
vt 0.268540 0.587551
vt 0.270449 0.587579
vt 0.269004 0.587610
vt 0.269192 0.587525
vt 0.270752 0.587575
vt 0.269587 0.587593
vt 0.433579 0.190100
vt 0.433512 0.191360
vt 0.433473 0.189961
vt 0.433278 0.189585
vt 0.433328 0.189758
vt 0.433367 0.191143
vt 0.433514 0.189223
vt 0.433369 0.188987
vt 0.433445 0.191589
vt 0.433398 0.189894
vt 0.433454 0.189056
vt 0.314574 0.590879
vt 0.314823 0.590900
vt 0.314669 0.590893
vt 0.315370 0.590917
vt 0.315051 0.590912
vt 0.315203 0.590918
vt 0.314828 0.590880
vt 0.315219 0.590898
vt 0.315004 0.590911
vt 0.314815 0.590903
vt 0.315035 0.590886
vt 0.431687 0.209458
vt 0.431586 0.209989
vt 0.431655 0.211932
vt 0.431446 0.214995
vt 0.431539 0.214581
vt 0.431470 0.212613
vt 0.431613 0.210818
vt 0.431498 0.213400
vt 0.431525 0.211065
vt 0.431609 0.213463
vt 0.431550 0.211773
vt 0.280189 0.587823
vt 0.280426 0.587795
vt 0.279122 0.587817
vt 0.277340 0.587701
vt 0.277776 0.587759
vt 0.279103 0.587737
vt 0.279113 0.587764
vt 0.277758 0.587706
vt 0.280033 0.587771
vt 0.278426 0.587797
vt 0.278544 0.587728
vt 0.431793 0.201749
vt 0.431725 0.201925
vt 0.431823 0.202733
vt 0.431722 0.206972
vt 0.431788 0.205228
vt 0.431690 0.204422
vt 0.431756 0.204105
vt 0.431721 0.206616
vt 0.431701 0.202774
vt 0.431820 0.203756
vt 0.431725 0.205451
vt 0.284228 0.588017
vt 0.283556 0.587948
vt 0.282422 0.587965
vt 0.279690 0.587882
vt 0.280235 0.587899
vt 0.281396 0.587885
vt 0.283147 0.588004
vt 0.280994 0.587940
vt 0.282629 0.587910
vt 0.281238 0.587929
vt 0.282291 0.587979
vt 0.126962 0.678424
vt 0.127165 0.677860
vt 0.137499 0.652971
vt 0.137555 0.653279
vt 0.137711 0.653380
vt 0.137657 0.653028
vt 0.136807 0.666439
vt 0.136670 0.665701
vt 0.136697 0.665849
vt 0.136847 0.666490
vt 0.129831 0.687128
vt 0.129900 0.686912
vt 0.131750 0.689340
vt 0.131685 0.689484
vt 0.134497 0.680962
vt 0.134445 0.681123
vt 0.129948 0.687889
vt 0.129881 0.688145
vt 0.131762 0.690207
vt 0.131822 0.690099
vt 0.134537 0.682216
vt 0.134589 0.681869
vt 0.126577 0.672894
vt 0.126514 0.673778
vt 0.125604 0.658463
vt 0.125728 0.657868
vt 0.128409 0.683729
vt 0.128403 0.682896
vt 0.127352 0.677616
vt 0.127355 0.678496
vt 0.127235 0.677855
vt 0.128271 0.683065
vt 0.127236 0.678729
vt 0.128281 0.683917
vt 0.126758 0.672729
vt 0.126697 0.673616
vt 0.272416 0.588203
vt 0.270303 0.588194
vt 0.270753 0.588127
vt 0.265987 0.588041
vt 0.267663 0.588049
vt 0.267196 0.588115
vt 0.270804 0.588166
vt 0.267697 0.588088
vt 0.268765 0.588162
vt 0.269335 0.588082
vt 0.269342 0.588137
vt 0.433178 0.203443
vt 0.433144 0.207465
vt 0.433033 0.205465
vt 0.432841 0.213930
vt 0.432871 0.210611
vt 0.432983 0.212690
vt 0.433102 0.205915
vt 0.432942 0.211004
vt 0.433078 0.210145
vt 0.432943 0.207705
vt 0.433042 0.208385
vt 0.276828 0.588727
vt 0.275471 0.588700
vt 0.276269 0.588658
vt 0.272599 0.588548
vt 0.274213 0.588572
vt 0.273449 0.588615
vt 0.275526 0.588687
vt 0.273526 0.588602
vt 0.274518 0.588664
vt 0.275475 0.588612
vt 0.274474 0.588653
vt 0.433632 0.203278
vt 0.433609 0.206007
vt 0.433526 0.204258
vt 0.433382 0.209554
vt 0.433405 0.207322
vt 0.433490 0.209039
vt 0.433573 0.204875
vt 0.433454 0.207890
vt 0.433561 0.207624
vt 0.433459 0.205517
vt 0.433528 0.206433
vt 0.275083 0.588877
vt 0.273476 0.588874
vt 0.273921 0.588834
vt 0.270718 0.588733
vt 0.271796 0.588765
vt 0.271374 0.588806
vt 0.274192 0.588825
vt 0.272077 0.588757
vt 0.272388 0.588850
vt 0.272925 0.588801
vt 0.273237 0.588794
vt 0.260271 0.587827
vt 0.261848 0.587844
vt 0.261213 0.587806
vt 0.264169 0.587862
vt 0.263077 0.587823
vt 0.263736 0.587861
vt 0.261132 0.587853
vt 0.263017 0.587870
vt 0.262871 0.587853
vt 0.262072 0.587806
vt 0.262051 0.587870
vt 0.436752 0.144087
vt 0.436793 0.144474
vt 0.436749 0.144680
vt 0.436812 0.145750
vt 0.436778 0.145480
vt 0.436823 0.145280
vt 0.436769 0.144444
vt 0.436798 0.145258
vt 0.436812 0.144842
vt 0.436757 0.145086
vt 0.436787 0.144782
vt 0.432404 0.220049
vt 0.432465 0.223164
vt 0.432347 0.223134
vt 0.432428 0.229773
vt 0.432360 0.227766
vt 0.432478 0.227806
vt 0.432425 0.222098
vt 0.432439 0.226779
vt 0.432480 0.225476
vt 0.432336 0.225450
vt 0.432447 0.224124
vt 0.312369 0.591046
vt 0.312304 0.591014
vt 0.312050 0.591030
vt 0.311633 0.590984
vt 0.311698 0.591000
vt 0.311955 0.590984
vt 0.312178 0.591034
vt 0.311835 0.591004
vt 0.312163 0.590997
vt 0.311850 0.591016
vt 0.312048 0.591020
vt 0.436815 0.142656
vt 0.436763 0.142668
vt 0.436798 0.142832
vt 0.436711 0.143693
vt 0.436748 0.143327
vt 0.436713 0.143163
vt 0.436787 0.143151
vt 0.436737 0.143650
vt 0.436735 0.142830
vt 0.436778 0.143029
vt 0.436760 0.143425
vt 0.436985 0.140257
vt 0.436964 0.140526
vt 0.436963 0.140903
vt 0.436978 0.141944
vt 0.436959 0.141716
vt 0.436962 0.141330
vt 0.437005 0.140667
vt 0.437002 0.141468
vt 0.436957 0.140874
vt 0.436955 0.141336
vt 0.437009 0.140992
vt 0.125819 0.658638
vt 0.125942 0.658038
vt 0.118412 0.576690
vt 0.119471 0.640098
vt 0.119173 0.639895
vt 0.117926 0.576678
vt 0.119211 0.640068
vt 0.119127 0.671560
vt 0.119393 0.671624
vt 0.119486 0.640163
vt 0.118084 0.576359
vt 0.118472 0.576569
vt 0.117681 0.551937
vt 0.118079 0.552154
vt 0.119395 0.671415
vt 0.119131 0.671007
vt 0.118019 0.552513
vt 0.117521 0.552887
vt 0.116945 0.528323
vt 0.116378 0.528188
vt 0.117137 0.552033
vt 0.117288 0.528682
vt 0.117356 0.528547
vt 0.116977 0.552983
vt 0.116200 0.528547
vt 0.116766 0.528682
vt 0.115789 0.528323
vt 0.115857 0.528188
vt 0.117395 0.576543
vt 0.117007 0.576333
vt 0.116578 0.552766
vt 0.118825 0.639713
vt 0.118550 0.639617
vt 0.118810 0.670721
vt 0.118544 0.670658
vt 0.116639 0.552407
vt 0.117067 0.576213
vt 0.117553 0.576225
vt 0.118564 0.639684
vt 0.118863 0.639887
vt 0.118543 0.670867
vt 0.118806 0.671274
vt 0.117059 0.736033
vt 0.117050 0.736223
vt 0.117673 0.712859
vt 0.117680 0.712609
vt 0.117173 0.736558
vt 0.117333 0.736773
vt 0.118068 0.713600
vt 0.117848 0.713308
vt 0.117471 0.736791
vt 0.117480 0.736598
vt 0.118260 0.713376
vt 0.118253 0.713631
vt 0.117356 0.736264
vt 0.117198 0.736050
vt 0.117866 0.712642
vt 0.118085 0.712929
vt 0.118521 0.650626
vt 0.117121 0.647873
vt 0.117918 0.619564
vt 0.119410 0.622420
vt 0.117720 0.623057
vt 0.116920 0.651226
vt 0.116736 0.664803
vt 0.113967 0.676492
vt 0.115983 0.661856
vt 0.115989 0.664907
vt 0.118031 0.579257
vt 0.117346 0.580398
vt 0.117645 0.579522
vt 0.117544 0.582525
vt 0.118331 0.582105
vt 0.474746 0.307528
vt 0.474857 0.300678
vt 0.475940 0.227754
vt 0.475814 0.234692
vt 0.476287 0.238932
vt 0.475177 0.311472
vt 0.443239 0.201793
vt 0.442970 0.211144
vt 0.443240 0.199900
vt 0.443293 0.202218
vt 0.443574 0.188399
vt 0.443489 0.185539
vt 0.475384 0.064647
vt 0.475234 0.066620
vt 0.475520 0.066087
vt 0.475532 0.073961
vt 0.475255 0.071330
vt 0.443460 0.187354
vt 0.108889 0.695047
vt 0.109046 0.695135
vt 0.108982 0.694982
vt 0.108822 0.694850
vt 0.109547 0.709381
vt 0.109570 0.708891
vt 0.109747 0.708857
vt 0.109710 0.709236
vt 0.115455 0.739277
vt 0.115588 0.738831
vt 0.114366 0.738569
vt 0.114226 0.738939
vt 0.111926 0.726648
vt 0.111788 0.727010
vt 0.115644 0.739675
vt 0.115510 0.740157
vt 0.114251 0.739496
vt 0.114394 0.739167
vt 0.111841 0.727885
vt 0.111970 0.727344
vt 0.117271 0.730016
vt 0.117448 0.730891
vt 0.117948 0.716971
vt 0.117735 0.716290
vt 0.116603 0.737793
vt 0.116488 0.737056
vt 0.117123 0.733346
vt 0.117223 0.734147
vt 0.117055 0.733863
vt 0.116396 0.737547
vt 0.117153 0.734662
vt 0.116514 0.738293
vt 0.117365 0.729431
vt 0.117544 0.730307
vt 0.437066 0.173677
vt 0.437136 0.176790
vt 0.437148 0.177052
vt 0.437179 0.185390
vt 0.437204 0.182688
vt 0.437192 0.182452
vt 0.437044 0.176706
vt 0.437100 0.182369
vt 0.437176 0.179451
vt 0.437190 0.179732
vt 0.437056 0.179296
vt 0.297396 0.590987
vt 0.295543 0.591001
vt 0.295361 0.591023
vt 0.290245 0.590991
vt 0.291901 0.591026
vt 0.292086 0.591004
vt 0.295561 0.590957
vt 0.292119 0.590960
vt 0.293933 0.591007
vt 0.293708 0.591035
vt 0.294016 0.590948
vt 0.436525 0.162144
vt 0.436584 0.162992
vt 0.436669 0.164414
vt 0.436811 0.171343
vt 0.436809 0.168874
vt 0.436719 0.167290
vt 0.436560 0.165389
vt 0.436700 0.169909
vt 0.436647 0.164598
vt 0.436753 0.166407
vt 0.436607 0.167576
vt 0.436683 0.163990
vt 0.436776 0.168043
vt 0.436770 0.167038
vt 0.436827 0.177059
vt 0.436842 0.173422
vt 0.436848 0.174494
vt 0.436657 0.167217
vt 0.436726 0.173522
vt 0.436826 0.171165
vt 0.436820 0.169942
vt 0.436672 0.170173
vt 0.436509 0.161610
vt 0.436494 0.164445
vt 0.436575 0.164353
vt 0.436514 0.170808
vt 0.436581 0.168920
vt 0.436497 0.168891
vt 0.436466 0.163432
vt 0.436468 0.167820
vt 0.436497 0.166643
vt 0.436596 0.166581
vt 0.436447 0.165305
vt 0.302036 0.590727
vt 0.300733 0.590773
vt 0.301022 0.590754
vt 0.296893 0.590779
vt 0.298529 0.590780
vt 0.298278 0.590799
vt 0.300505 0.590717
vt 0.298072 0.590742
vt 0.299636 0.590793
vt 0.299971 0.590770
vt 0.299306 0.590724
vt 0.436306 0.160901
vt 0.436369 0.163654
vt 0.436366 0.162653
vt 0.436390 0.169156
vt 0.436408 0.166664
vt 0.436410 0.167631
vt 0.436283 0.163090
vt 0.436323 0.167052
vt 0.436400 0.165611
vt 0.436397 0.164414
vt 0.436290 0.165033
vt 0.436258 0.161678
vt 0.436343 0.163436
vt 0.436373 0.163559
vt 0.436515 0.170542
vt 0.436497 0.167823
vt 0.436467 0.167656
vt 0.436286 0.164574
vt 0.436410 0.168847
vt 0.436407 0.165220
vt 0.436444 0.165413
vt 0.436330 0.166683
vt 0.300343 0.590522
vt 0.298609 0.590534
vt 0.299433 0.590566
vt 0.295590 0.590559
vt 0.297109 0.590585
vt 0.296326 0.590552
vt 0.299119 0.590505
vt 0.296824 0.590523
vt 0.297460 0.590545
vt 0.298438 0.590585
vt 0.297981 0.590504
vt 0.437373 0.196566
vt 0.437334 0.194049
vt 0.437414 0.195325
vt 0.437455 0.189934
vt 0.437454 0.192158
vt 0.437373 0.190844
vt 0.437409 0.194776
vt 0.437447 0.191574
vt 0.437338 0.192373
vt 0.437437 0.193971
vt 0.437421 0.193111
vt 0.316334 0.592583
vt 0.316012 0.592598
vt 0.316032 0.592584
vt 0.315226 0.592573
vt 0.315505 0.592579
vt 0.315477 0.592594
vt 0.316049 0.592571
vt 0.315517 0.592566
vt 0.315759 0.592600
vt 0.315784 0.592583
vt 0.315802 0.592568
vt 0.437283 0.182593
vt 0.437338 0.181613
vt 0.437391 0.184755
vt 0.437456 0.186681
vt 0.437475 0.186720
vt 0.437422 0.183578
vt 0.437287 0.184071
vt 0.437370 0.185989
vt 0.437383 0.182070
vt 0.437447 0.185932
vt 0.437309 0.184729
vt 0.316794 0.592617
vt 0.317087 0.592603
vt 0.316866 0.592593
vt 0.317533 0.592558
vt 0.317222 0.592564
vt 0.317440 0.592574
vt 0.317009 0.592609
vt 0.317373 0.592580
vt 0.317268 0.592589
vt 0.316999 0.592577
vt 0.317204 0.592598
vt 0.437477 0.192880
vt 0.437524 0.194199
vt 0.437504 0.195628
vt 0.437705 0.199562
vt 0.437613 0.198833
vt 0.437633 0.197379
vt 0.437573 0.194355
vt 0.437681 0.197495
vt 0.437570 0.195645
vt 0.437545 0.197420
vt 0.437634 0.195574
vt 0.437383 0.184306
vt 0.437371 0.185370
vt 0.437305 0.185664
vt 0.437299 0.191340
vt 0.437265 0.189033
vt 0.437331 0.188747
vt 0.437402 0.187071
vt 0.437361 0.190463
vt 0.437351 0.186716
vt 0.437271 0.187070
vt 0.437400 0.188860
vt 0.436988 0.171106
vt 0.437115 0.172375
vt 0.437056 0.174327
vt 0.437286 0.178193
vt 0.437201 0.177751
vt 0.437257 0.175731
vt 0.437058 0.172431
vt 0.437201 0.175791
vt 0.437192 0.173896
vt 0.437120 0.176290
vt 0.437128 0.173652
vt 0.118051 0.716656
vt 0.117836 0.715973
vt 0.117921 0.700949
vt 0.118093 0.701065
vt 0.118136 0.701244
vt 0.117963 0.701087
vt 0.118188 0.713887
vt 0.118114 0.713110
vt 0.118284 0.713038
vt 0.118353 0.713733
vt 0.119097 0.727796
vt 0.119252 0.727405
vt 0.119386 0.731359
vt 0.119227 0.731684
vt 0.118928 0.725790
vt 0.118779 0.726130
vt 0.119339 0.728331
vt 0.119185 0.728762
vt 0.119303 0.732389
vt 0.119463 0.732095
vt 0.118893 0.727175
vt 0.119033 0.726656
vt 0.118475 0.711094
vt 0.118597 0.711774
vt 0.118302 0.695548
vt 0.118191 0.695204
vt 0.119157 0.722929
vt 0.119046 0.722224
vt 0.118880 0.716073
vt 0.118977 0.716843
vt 0.118751 0.716406
vt 0.118887 0.722517
vt 0.118845 0.717174
vt 0.119003 0.723237
vt 0.118667 0.710800
vt 0.118791 0.711483
vt 0.435539 0.176733
vt 0.435503 0.174456
vt 0.435560 0.174112
vt 0.435643 0.169782
vt 0.435609 0.170751
vt 0.435554 0.171188
vt 0.435599 0.175642
vt 0.435649 0.172287
vt 0.435512 0.172788
vt 0.435580 0.172319
vt 0.435625 0.174320
vt 0.435721 0.173513
vt 0.435800 0.176695
vt 0.435736 0.175907
vt 0.435741 0.183789
vt 0.435746 0.180838
vt 0.435811 0.181653
vt 0.435686 0.176357
vt 0.435697 0.181314
vt 0.435823 0.179084
vt 0.435744 0.178090
vt 0.435687 0.178764
vt 0.298203 0.590189
vt 0.297138 0.590255
vt 0.297132 0.590247
vt 0.292523 0.590323
vt 0.294385 0.590312
vt 0.294463 0.590320
vt 0.296224 0.590193
vt 0.293426 0.590259
vt 0.296027 0.590295
vt 0.295988 0.590284
vt 0.294791 0.590216
vt 0.297691 0.590239
vt 0.295491 0.590258
vt 0.296696 0.590222
vt 0.291599 0.590138
vt 0.293712 0.590175
vt 0.292461 0.590211
vt 0.296061 0.590183
vt 0.293104 0.590136
vt 0.293981 0.590247
vt 0.295452 0.590204
vt 0.294571 0.590157
vt 0.435607 0.167860
vt 0.435601 0.170785
vt 0.435612 0.169722
vt 0.435475 0.175097
vt 0.435551 0.173325
vt 0.435538 0.174299
vt 0.435525 0.169152
vt 0.435461 0.172606
vt 0.435582 0.172667
vt 0.435596 0.171406
vt 0.435482 0.170685
vt 0.435625 0.169423
vt 0.435700 0.171200
vt 0.435614 0.170075
vt 0.435646 0.175703
vt 0.435625 0.173123
vt 0.435711 0.174199
vt 0.435609 0.171589
vt 0.435619 0.174556
vt 0.435720 0.172544
vt 0.435615 0.171197
vt 0.435616 0.173203
vt 0.435623 0.170223
vt 0.435668 0.172686
vt 0.435610 0.170936
vt 0.435552 0.176259
vt 0.435577 0.173878
vt 0.435635 0.175599
vt 0.435570 0.171996
vt 0.435536 0.174894
vt 0.435668 0.174186
vt 0.435597 0.172075
vt 0.435551 0.173561
vt 0.435648 0.173254
vt 0.435668 0.175954
vt 0.435689 0.174798
vt 0.435638 0.180180
vt 0.435685 0.178170
vt 0.435663 0.179293
vt 0.435601 0.174815
vt 0.435597 0.178173
vt 0.435674 0.177698
vt 0.435700 0.176295
vt 0.435586 0.176414
vt 0.295578 0.590209
vt 0.294329 0.590263
vt 0.294956 0.590237
vt 0.290983 0.590270
vt 0.292742 0.590267
vt 0.292139 0.590294
vt 0.294000 0.590198
vt 0.291781 0.590229
vt 0.293348 0.590287
vt 0.294087 0.590255
vt 0.292818 0.590208
vt 0.435765 0.192463
vt 0.435727 0.190014
vt 0.435766 0.190669
vt 0.435818 0.185459
vt 0.435791 0.187318
vt 0.435752 0.186627
vt 0.435811 0.190814
vt 0.435836 0.187431
vt 0.435725 0.188268
vt 0.435773 0.189106
vt 0.435826 0.189194
vt 0.284102 0.590221
vt 0.282654 0.590245
vt 0.283092 0.590192
vt 0.279288 0.590156
vt 0.280799 0.590160
vt 0.280325 0.590214
vt 0.282672 0.590195
vt 0.280356 0.590164
vt 0.281559 0.590239
vt 0.282100 0.590174
vt 0.281509 0.590183
vt 0.438429 0.135756
vt 0.438464 0.136125
vt 0.438444 0.136323
vt 0.438460 0.137490
vt 0.438459 0.137156
vt 0.438480 0.136964
vt 0.438420 0.136180
vt 0.438436 0.137026
vt 0.438478 0.136497
vt 0.438453 0.136731
vt 0.438425 0.136546
vt 0.438378 0.134173
vt 0.438433 0.134139
vt 0.438428 0.134624
vt 0.438530 0.135474
vt 0.438502 0.135250
vt 0.438507 0.134765
vt 0.438405 0.134648
vt 0.438479 0.135264
vt 0.438471 0.134339
vt 0.438466 0.134937
vt 0.438436 0.134914
vt 0.289589 0.590259
vt 0.287799 0.590290
vt 0.287771 0.590240
vt 0.283426 0.590197
vt 0.284833 0.590211
vt 0.284854 0.590260
vt 0.288122 0.590223
vt 0.285156 0.590194
vt 0.286383 0.590287
vt 0.286345 0.590227
vt 0.286797 0.590209
vt 0.435862 0.190355
vt 0.435830 0.192776
vt 0.435762 0.190957
vt 0.435661 0.196138
vt 0.435665 0.193755
vt 0.435733 0.195570
vt 0.435834 0.192263
vt 0.435737 0.195062
vt 0.435786 0.194225
vt 0.435704 0.192018
vt 0.435802 0.193854
vt 0.292420 0.590244
vt 0.292616 0.590188
vt 0.291258 0.590192
vt 0.289615 0.590102
vt 0.289929 0.590123
vt 0.291311 0.590119
vt 0.291472 0.590226
vt 0.290137 0.590156
vt 0.292211 0.590150
vt 0.290538 0.590155
vt 0.290948 0.590198
vt 0.438410 0.134434
vt 0.438373 0.134466
vt 0.438369 0.134705
vt 0.438316 0.135604
vt 0.438324 0.135264
vt 0.438327 0.135025
vt 0.438402 0.134922
vt 0.438357 0.135484
vt 0.438348 0.134658
vt 0.438343 0.134949
vt 0.438386 0.135207
vt 0.435680 0.171506
vt 0.435763 0.172121
vt 0.435715 0.174220
vt 0.435943 0.177916
vt 0.435842 0.177303
vt 0.435891 0.175172
vt 0.435770 0.173067
vt 0.435897 0.176102
vt 0.435824 0.173365
vt 0.435764 0.175932
vt 0.435839 0.174235
vt 0.118526 0.695590
vt 0.118413 0.695243
vt 0.109893 0.682944
vt 0.110054 0.683200
vt 0.109998 0.683446
vt 0.109834 0.683151
vt 0.110597 0.695408
vt 0.110609 0.694568
vt 0.110788 0.694634
vt 0.110762 0.695394
vt 0.116292 0.707603
vt 0.116427 0.707362
vt 0.115308 0.711764
vt 0.115166 0.711939
vt 0.112950 0.706798
vt 0.112811 0.706999
vt 0.116491 0.708331
vt 0.116355 0.708613
vt 0.115198 0.712696
vt 0.115344 0.712550
vt 0.112874 0.708115
vt 0.113004 0.707735
vt 0.117870 0.690190
vt 0.118049 0.690919
vt 0.118416 0.674840
vt 0.118205 0.674460
vt 0.117352 0.702583
vt 0.117232 0.701821
vt 0.117786 0.695494
vt 0.117892 0.696309
vt 0.117714 0.695687
vt 0.117135 0.701947
vt 0.117817 0.696496
vt 0.117259 0.702730
vt 0.117971 0.690101
vt 0.118152 0.690835
vt 0.436670 0.192131
vt 0.436577 0.189901
vt 0.436681 0.189706
vt 0.436623 0.186060
vt 0.436656 0.186769
vt 0.436555 0.187055
vt 0.436677 0.191379
vt 0.436653 0.188446
vt 0.436549 0.188384
vt 0.436675 0.188097
vt 0.436661 0.190268
vt 0.438907 0.136331
vt 0.438942 0.137054
vt 0.438945 0.136818
vt 0.438963 0.138443
vt 0.438972 0.137831
vt 0.438970 0.138073
vt 0.438897 0.136889
vt 0.438925 0.137908
vt 0.438961 0.137560
vt 0.438964 0.137266
vt 0.438904 0.137383
vt 0.436715 0.187080
vt 0.436774 0.190435
vt 0.436808 0.189364
vt 0.436846 0.196734
vt 0.436872 0.194041
vt 0.436839 0.195092
vt 0.436697 0.189506
vt 0.436761 0.194155
vt 0.436814 0.192781
vt 0.436855 0.191495
vt 0.436709 0.191704
vt 0.436351 0.184061
vt 0.436417 0.186297
vt 0.436496 0.186118
vt 0.436654 0.194200
vt 0.436644 0.191022
vt 0.436561 0.191086
vt 0.436390 0.187335
vt 0.436538 0.192330
vt 0.436485 0.188377
vt 0.436584 0.188209
vt 0.436441 0.189846
vt 0.287622 0.590650
vt 0.285388 0.590686
vt 0.286774 0.590692
vt 0.282100 0.590680
vt 0.284061 0.590708
vt 0.282628 0.590702
vt 0.286234 0.590620
vt 0.283546 0.590635
vt 0.283961 0.590703
vt 0.285652 0.590710
vt 0.284874 0.590616
vt 0.288021 0.590552
vt 0.286328 0.590529
vt 0.286977 0.590581
vt 0.284219 0.590516
vt 0.285074 0.590564
vt 0.284478 0.590511
vt 0.287481 0.590519
vt 0.285668 0.590502
vt 0.285294 0.590520
vt 0.286066 0.590584
vt 0.286705 0.590500
vt 0.436152 0.187069
vt 0.436217 0.189568
vt 0.436208 0.187604
vt 0.436232 0.192384
vt 0.436248 0.190202
vt 0.436256 0.192138
vt 0.436128 0.188535
vt 0.436167 0.191088
vt 0.436248 0.190962
vt 0.436237 0.188591
vt 0.436135 0.189930
vt 0.284518 0.590355
vt 0.282890 0.590341
vt 0.283565 0.590394
vt 0.280602 0.590371
vt 0.281655 0.590402
vt 0.281000 0.590349
vt 0.283747 0.590342
vt 0.281846 0.590349
vt 0.281874 0.590343
vt 0.282692 0.590407
vt 0.282869 0.590335
vt 0.436111 0.188950
vt 0.436201 0.191358
vt 0.436224 0.190057
vt 0.436375 0.196737
vt 0.436351 0.193812
vt 0.436328 0.195075
vt 0.436140 0.191449
vt 0.436268 0.195215
vt 0.436268 0.193095
vt 0.436296 0.191551
vt 0.436187 0.193433
vt 0.435953 0.193818
vt 0.436005 0.196472
vt 0.436038 0.194270
vt 0.436087 0.198414
vt 0.436104 0.196543
vt 0.436069 0.198688
vt 0.435944 0.194804
vt 0.436009 0.197035
vt 0.436042 0.197787
vt 0.436084 0.195142
vt 0.435959 0.195995
vt 0.439053 0.140204
vt 0.439033 0.139669
vt 0.439070 0.139822
vt 0.439088 0.138789
vt 0.439087 0.139145
vt 0.439049 0.138984
vt 0.439070 0.139902
vt 0.439086 0.139218
vt 0.439034 0.139305
vt 0.439080 0.139500
vt 0.439075 0.139580
vt 0.439131 0.139932
vt 0.439163 0.140473
vt 0.439137 0.140238
vt 0.439136 0.141541
vt 0.439139 0.141004
vt 0.439166 0.141253
vt 0.439117 0.140408
vt 0.439119 0.141183
vt 0.439171 0.140851
vt 0.439139 0.140562
vt 0.439117 0.140805
vt 0.439006 0.137566
vt 0.439035 0.137643
vt 0.439059 0.138081
vt 0.439097 0.139109
vt 0.439103 0.138825
vt 0.439079 0.138386
vt 0.439011 0.138082
vt 0.439055 0.138816
vt 0.439058 0.137908
vt 0.439087 0.138450
vt 0.439024 0.138401
vt 0.275026 0.591029
vt 0.273712 0.591013
vt 0.274905 0.590973
vt 0.272085 0.590863
vt 0.273481 0.590894
vt 0.272291 0.590933
vt 0.273952 0.590984
vt 0.272527 0.590904
vt 0.272968 0.590981
vt 0.274415 0.590934
vt 0.273088 0.590950
vt 0.283417 0.590287
vt 0.282891 0.590290
vt 0.283718 0.590334
vt 0.284526 0.590352
vt 0.284228 0.590366
vt 0.283407 0.590322
vt 0.284140 0.590288
vt 0.284667 0.590319
vt 0.282938 0.590304
vt 0.283942 0.590357
vt 0.284416 0.590293
vt 0.276172 0.591114
vt 0.277147 0.591086
vt 0.276576 0.591063
vt 0.279686 0.591001
vt 0.278261 0.591009
vt 0.278821 0.591032
vt 0.277365 0.591100
vt 0.279088 0.591045
vt 0.277911 0.591060
vt 0.277212 0.591031
vt 0.278286 0.591081
vt 0.437287 0.203673
vt 0.437329 0.203753
vt 0.437315 0.205903
vt 0.437513 0.208192
vt 0.437423 0.208061
vt 0.437437 0.205888
vt 0.437383 0.204809
vt 0.437490 0.206904
vt 0.437373 0.204560
vt 0.437356 0.207207
vt 0.437443 0.205529
vt 0.316729 0.592441
vt 0.316825 0.592430
vt 0.316524 0.592425
vt 0.316267 0.592427
vt 0.316306 0.592418
vt 0.316613 0.592423
vt 0.316550 0.592451
vt 0.316332 0.592444
vt 0.316774 0.592424
vt 0.316403 0.592418
vt 0.316467 0.592452
vt 0.439053 0.137859
vt 0.439045 0.137809
vt 0.439017 0.138048
vt 0.439012 0.138789
vt 0.438997 0.138492
vt 0.439026 0.138252
vt 0.439062 0.138304
vt 0.439042 0.138750
vt 0.439035 0.137941
vt 0.439000 0.138233
vt 0.439061 0.138540
vt 0.118529 0.675107
vt 0.118317 0.674721
vt 0.314970 0.591253
vt 0.314521 0.591256
vt 0.314605 0.591223
vt 0.313590 0.591188
vt 0.313937 0.591191
vt 0.313854 0.591224
vt 0.314637 0.591236
vt 0.313972 0.591205
vt 0.314190 0.591245
vt 0.314291 0.591205
vt 0.314333 0.591225
vt 0.433334 0.201939
vt 0.433334 0.204729
vt 0.433245 0.204083
vt 0.433090 0.208985
vt 0.433126 0.207607
vt 0.433218 0.208149
vt 0.433258 0.202963
vt 0.433142 0.206321
vt 0.433293 0.206571
vt 0.433183 0.205824
vt 0.433210 0.204352
vt 0.276516 0.588832
vt 0.275055 0.588816
vt 0.276064 0.588794
vt 0.273332 0.588675
vt 0.274516 0.588719
vt 0.273525 0.588740
vt 0.275721 0.588776
vt 0.274171 0.588700
vt 0.274226 0.588787
vt 0.275443 0.588761
vt 0.274914 0.588739
vt 0.433514 0.202931
vt 0.433493 0.205169
vt 0.433410 0.203854
vt 0.433289 0.209905
vt 0.433301 0.207245
vt 0.433386 0.208504
vt 0.433469 0.205078
vt 0.433363 0.208377
vt 0.433449 0.206739
vt 0.433348 0.205164
vt 0.433432 0.206812
vt 0.276617 0.588796
vt 0.274961 0.588766
vt 0.276023 0.588726
vt 0.272812 0.588607
vt 0.274165 0.588634
vt 0.273123 0.588675
vt 0.275648 0.588751
vt 0.273821 0.588660
vt 0.273981 0.588727
vt 0.275260 0.588678
vt 0.274704 0.588714
vt 0.433790 0.205805
vt 0.433812 0.208454
vt 0.433739 0.207722
vt 0.433625 0.213003
vt 0.433660 0.211226
vt 0.433734 0.211922
vt 0.433720 0.207274
vt 0.433641 0.210764
vt 0.433791 0.210249
vt 0.433701 0.209364
vt 0.433684 0.208850
vt 0.432303 0.230242
vt 0.432306 0.227642
vt 0.432254 0.228689
vt 0.432298 0.223816
vt 0.432251 0.225616
vt 0.432303 0.224530
vt 0.432333 0.228822
vt 0.432330 0.225714
vt 0.432303 0.225955
vt 0.432239 0.227274
vt 0.432345 0.227306
vt 0.311975 0.591027
vt 0.311626 0.591024
vt 0.311755 0.591003
vt 0.310959 0.590994
vt 0.311272 0.590988
vt 0.311134 0.591009
vt 0.311696 0.591026
vt 0.311207 0.591010
vt 0.311384 0.591017
vt 0.311544 0.590992
vt 0.311452 0.591023
vt 0.432445 0.217282
vt 0.432556 0.217445
vt 0.432460 0.219890
vt 0.432703 0.224152
vt 0.432585 0.223203
vt 0.432680 0.220756
vt 0.432525 0.219475
vt 0.432650 0.222738
vt 0.432620 0.218603
vt 0.432504 0.221619
vt 0.432595 0.220820
vt 0.432500 0.216269
vt 0.432574 0.217892
vt 0.432485 0.219062
vt 0.432529 0.223182
vt 0.432501 0.222372
vt 0.432590 0.221187
vt 0.432489 0.217582
vt 0.432504 0.220879
vt 0.432595 0.219426
vt 0.432487 0.220874
vt 0.432500 0.218873
vt 0.432251 0.228972
vt 0.432200 0.231294
vt 0.432212 0.229090
vt 0.432228 0.233427
vt 0.432200 0.231252
vt 0.432188 0.233453
vt 0.432285 0.230529
vt 0.432273 0.232691
vt 0.432181 0.232498
vt 0.432196 0.229823
vt 0.432288 0.231863
vt 0.274399 0.588971
vt 0.273682 0.588907
vt 0.274455 0.588921
vt 0.274794 0.588771
vt 0.274618 0.588824
vt 0.273854 0.588811
vt 0.274978 0.588922
vt 0.275162 0.588825
vt 0.273564 0.588860
vt 0.274501 0.588877
vt 0.275113 0.588876
vt 0.432307 0.227171
vt 0.432363 0.225251
vt 0.432301 0.226315
vt 0.432302 0.220809
vt 0.432300 0.223260
vt 0.432361 0.222215
vt 0.432279 0.225179
vt 0.432278 0.222056
vt 0.432375 0.223820
vt 0.432301 0.225122
vt 0.432278 0.223550
vt 0.313364 0.591095
vt 0.313357 0.591064
vt 0.313258 0.591084
vt 0.312736 0.591025
vt 0.312958 0.591050
vt 0.313057 0.591030
vt 0.313064 0.591075
vt 0.312762 0.591041
vt 0.313260 0.591045
vt 0.313138 0.591070
vt 0.312898 0.591057
vt 0.432773 0.207857
vt 0.432729 0.209105
vt 0.432725 0.210852
vt 0.432759 0.215676
vt 0.432717 0.214620
vt 0.432725 0.212830
vt 0.432815 0.209758
vt 0.432809 0.213471
vt 0.432714 0.210719
vt 0.432710 0.212859
vt 0.432825 0.211266
s 1
f 23/1/1 22/2/2 31/3/3
f 23/1/1 31/3/3 30/4/4
f 1/5/5 2/6/6 26/7/7
f 1/5/5 26/7/7 25/8/8
f 17/9/9 1/5/5 25/8/8
f 17/9/9 25/8/8 24/10/10
f 36/11/11 17/9/9 24/10/10
f 36/11/11 24/10/10 39/12/12
f 22/2/2 21/13/13 32/14/14
f 22/2/2 32/14/14 31/3/3
f 37/15/15 23/1/1 30/4/4
f 37/15/15 30/4/4 40/16/16
f 36/11/11 12/17/17 11/18/18
f 36/11/11 11/18/18 34/19/19
f 37/15/15 16/20/20 15/21/21
f 37/15/15 15/21/21 39/12/12
f 38/22/22 14/23/23 13/24/24
f 38/22/22 13/24/24 40/16/16
f 11/18/18 12/17/17 15/21/21
f 11/18/18 15/21/21 16/20/20
f 11/18/18 16/20/20 13/24/24
f 11/18/18 13/24/24 14/23/23
f 11/18/18 14/23/23 9/25/25
f 11/18/18 9/25/25 10/26/26
f 38/22/22 29/27/27 8/28/28
f 38/22/22 8/28/28 33/29/29
f 29/27/27 28/30/30 7/31/31
f 29/27/27 7/31/31 8/28/28
f 28/30/30 27/32/32 6/33/33
f 28/30/30 6/33/33 7/31/31
f 35/34/34 3/35/35 18/36/36
f 35/34/34 18/36/36 34/19/19
f 3/35/35 4/37/37 19/38/38
f 3/35/35 19/38/38 18/36/36
f 4/37/37 5/39/39 20/40/40
f 4/37/37 20/40/40 19/38/38
f 27/32/32 28/30/30 31/3/3
f 27/32/32 31/3/3 32/14/14
f 28/30/30 29/27/27 30/4/4
f 28/30/30 30/4/4 31/3/3
f 21/13/13 22/2/2 25/8/8
f 21/13/13 25/8/8 26/7/7
f 22/2/2 23/1/1 24/10/10
f 22/2/2 24/10/10 25/8/8
f 2/6/6 1/5/5 19/38/38
f 2/6/6 19/38/38 20/40/40
f 1/5/5 17/9/9 18/36/36
f 1/5/5 18/36/36 19/38/38
f 33/29/29 8/28/28 3/35/35
f 33/29/29 3/35/35 35/34/34
f 8/28/28 7/31/31 4/37/37
f 8/28/28 4/37/37 3/35/35
f 7/31/31 6/33/33 5/39/39
f 7/31/31 5/39/39 4/37/37
f 9/25/25 33/29/29 35/34/34
f 9/25/25 35/34/34 10/26/26
f 10/26/26 35/34/34 34/19/19
f 10/26/26 34/19/19 11/18/18
f 14/23/23 38/22/22 33/29/29
f 14/23/23 33/29/29 9/25/25
f 29/27/27 38/22/22 40/16/16
f 29/27/27 40/16/16 30/4/4
f 23/1/1 37/15/15 39/12/12
f 23/1/1 39/12/12 24/10/10
f 17/9/9 36/11/11 34/19/19
f 17/9/9 34/19/19 18/36/36
f 16/20/20 37/15/15 40/16/16
f 16/20/20 40/16/16 13/24/24
f 12/17/17 36/11/11 39/12/12
f 12/17/17 39/12/12 15/21/21
f 45/41/41 44/42/42 52/43/43
f 45/41/41 52/43/43 53/44/44
f 54/45/45 53/44/44 59/46/46
f 41/47/47 48/48/48 56/49/49
f 41/47/47 56/49/49 49/50/50
f 48/48/48 47/51/51 55/52/52
f 48/48/48 55/52/52 56/49/49
f 44/42/42 43/53/53 51/54/54
f 44/42/42 51/54/54 52/43/43
f 47/51/51 46/55/55 54/45/45
f 47/51/51 54/45/45 55/52/52
f 43/53/53 42/56/56 50/57/57
f 43/53/53 50/57/57 51/54/54
f 46/55/55 45/41/41 53/44/44
f 46/55/55 53/44/44 54/45/45
f 42/56/56 41/47/47 49/50/50
f 42/56/56 49/50/50 50/57/57
f 59/46/46 58/58/58 57/59/59
f 59/46/46 57/59/59 60/60/60
f 50/57/57 49/50/50 57/59/59
f 53/44/44 52/43/43 58/58/58
f 53/44/44 58/58/58 59/46/46
f 49/50/50 56/49/49 60/60/60
f 49/50/50 60/60/60 57/59/59
f 56/49/49 55/52/52 60/60/60
f 52/43/43 51/54/54 58/58/58
f 55/52/52 54/45/45 59/46/46
f 55/52/52 59/46/46 60/60/60
f 51/54/54 50/57/57 57/59/59
f 51/54/54 57/59/59 58/58/58
f 64/61/61 61/62/62 62/63/63
f 64/61/61 62/63/63 63/64/64
f 68/65/65 65/66/66 66/67/67
f 68/65/65 66/67/67 67/68/68
f 76/69/69 73/70/70 74/71/71
f 76/69/69 74/71/71 75/72/72
f 72/73/73 69/74/74 70/75/75
f 72/73/73 70/75/75 71/76/76
f 61/62/62 68/65/65 67/68/68
f 61/62/62 67/68/68 62/63/63
f 69/74/74 64/61/61 63/64/64
f 69/74/74 63/64/64 70/75/75
f 71/76/76 74/71/71 73/70/70
f 71/76/76 73/70/70 72/73/73
f 75/72/72 66/67/67 65/66/66
f 75/72/72 65/66/66 76/69/69
f 5/39/39 62/63/63 67/68/68
f 5/39/39 67/68/68 20/40/40
f 68/65/65 61/62/62 42/56/56
f 68/65/65 42/56/56 43/53/53
f 6/33/33 63/64/64 62/63/63
f 6/33/33 62/63/63 5/39/39
f 61/62/62 64/61/61 41/47/47
f 61/62/62 41/47/47 42/56/56
f 27/32/32 70/75/75 63/64/64
f 27/32/32 63/64/64 6/33/33
f 64/61/61 69/74/74 48/48/48
f 64/61/61 48/48/48 41/47/47
f 66/67/67 2/6/6 20/40/40
f 66/67/67 20/40/40 67/68/68
f 65/66/66 68/65/65 43/53/53
f 65/66/66 43/53/53 44/42/42
f 2/6/6 66/67/67 75/72/72
f 2/6/6 75/72/72 26/7/7
f 76/69/69 65/66/66 44/42/42
f 76/69/69 44/42/42 45/41/41
f 69/74/74 72/73/73 47/51/51
f 69/74/74 47/51/51 48/48/48
f 70/75/75 27/32/32 32/14/14
f 70/75/75 32/14/14 71/76/76
f 21/13/13 74/71/71 71/76/76
f 21/13/13 71/76/76 32/14/14
f 72/73/73 73/70/70 46/55/55
f 72/73/73 46/55/55 47/51/51
f 73/70/70 76/69/69 45/41/41
f 73/70/70 45/41/41 46/55/55
f 74/71/71 21/13/13 26/7/7
f 74/71/71 26/7/7 75/72/72
f 80/77/77 84/78/78 85/79/79
f 80/77/77 85/79/79 81/80/80
f 82/81/81 85/79/79 84/78/78
f 82/81/81 84/78/78 83/82/82
f 89/83/83 77/84/84 90/85/85
f 91/86/86 83/82/82 84/78/78
f 91/86/86 84/78/78 90/85/85
f 86/87/87 87/88/88 88/89/89
f 82/81/81 79/90/90 88/89/89
f 82/81/81 88/89/89 87/88/88
f 82/81/81 87/88/88 85/79/79
f 78/91/91 81/80/80 85/79/79
f 78/91/91 85/79/79 87/88/88
f 78/91/91 87/88/88 86/87/87
f 77/84/84 91/86/86 90/85/85
f 80/77/77 89/83/83 90/85/85
f 80/77/77 90/85/85 84/78/78
f 95/92/92 99/93/93 100/94/94
f 95/92/92 100/94/94 96/95/95
f 97/96/96 100/94/94 99/93/93
f 97/96/96 99/93/93 98/97/97
f 104/98/98 92/99/99 105/100/100
f 106/101/101 98/97/97 99/93/93
f 106/101/101 99/93/93 105/100/100
f 101/102/102 102/103/103 103/104/104
f 97/96/96 94/105/105 103/104/104
f 97/96/96 103/104/104 102/103/103
f 97/96/96 102/103/103 100/94/94
f 93/106/106 96/95/95 100/94/94
f 93/106/106 100/94/94 102/103/103
f 93/106/106 102/103/103 101/102/102
f 92/99/99 106/101/101 105/100/100
f 95/92/92 104/98/98 105/100/100
f 95/92/92 105/100/100 99/93/93
f 110/107/107 114/108/108 115/109/109
f 110/107/107 115/109/109 111/110/110
f 112/111/111 115/109/109 114/108/108
f 112/111/111 114/108/108 113/112/112
f 119/113/113 107/114/114 120/115/115
f 121/116/116 113/112/112 114/108/108
f 121/116/116 114/108/108 120/117/115
f 116/118/117 117/119/118 118/120/119
f 112/111/111 109/121/120 118/120/119
f 112/111/111 118/120/119 117/119/118
f 112/111/111 117/119/118 115/109/109
f 108/122/121 111/110/110 115/109/109
f 108/122/121 115/109/109 117/119/118
f 108/122/121 117/119/118 116/118/117
f 107/114/114 121/123/116 120/115/115
f 110/107/107 119/124/113 120/117/115
f 110/107/107 120/117/115 114/108/108
f 125/125/122 129/126/123 130/127/124
f 125/125/122 130/127/124 126/128/125
f 127/129/126 130/127/124 129/126/123
f 127/129/126 129/126/123 128/130/127
f 134/131/128 122/132/129 135/133/130
f 136/134/131 128/130/127 129/126/123
f 136/134/131 129/126/123 135/133/130
f 131/135/132 132/136/133 133/137/134
f 127/129/126 124/138/135 133/137/134
f 127/129/126 133/137/134 132/136/133
f 127/129/126 132/136/133 130/127/124
f 123/139/136 126/128/125 130/127/124
f 123/139/136 130/127/124 132/136/133
f 123/139/136 132/136/133 131/135/132
f 122/132/129 136/134/131 135/133/130
f 125/125/122 134/131/128 135/133/130
f 125/125/122 135/133/130 129/126/123
f 159/140/137 158/141/138 167/142/139
f 159/140/137 167/142/139 166/143/140
f 137/144/141 138/145/142 162/146/143
f 137/144/141 162/146/143 161/147/144
f 153/148/145 137/144/141 161/147/144
f 153/148/145 161/147/144 160/149/146
f 172/150/147 153/148/145 160/149/146
f 172/150/147 160/149/146 175/151/148
f 158/141/138 157/152/149 168/153/150
f 158/141/138 168/153/150 167/142/139
f 173/154/151 159/140/137 166/143/140
f 173/154/151 166/143/140 176/155/152
f 172/150/147 148/156/153 147/157/154
f 172/150/147 147/157/154 170/158/155
f 173/154/151 152/159/156 151/160/157
f 173/154/151 151/160/157 175/151/148
f 174/161/158 150/162/159 149/163/160
f 174/161/158 149/163/160 176/155/152
f 147/157/154 148/156/153 151/160/157
f 147/157/154 151/160/157 152/159/156
f 147/157/154 152/159/156 149/163/160
f 147/157/154 149/163/160 150/162/159
f 147/157/154 150/162/159 145/164/161
f 147/157/154 145/164/161 146/165/162
f 174/161/158 165/166/163 144/167/164
f 174/161/158 144/167/164 169/168/165
f 165/166/163 164/169/166 143/170/167
f 165/166/163 143/170/167 144/167/164
f 164/169/166 163/171/168 142/172/169
f 164/169/166 142/172/169 143/170/167
f 171/173/170 139/174/171 154/175/172
f 171/173/170 154/175/172 170/158/155
f 139/174/171 140/176/173 155/177/174
f 139/174/171 155/177/174 154/175/172
f 140/176/173 141/178/175 156/179/176
f 140/176/173 156/179/176 155/177/174
f 163/171/168 164/169/166 167/142/139
f 163/171/168 167/142/139 168/153/150
f 164/169/166 165/166/163 166/143/140
f 164/169/166 166/143/140 167/142/139
f 157/152/149 158/141/138 161/147/144
f 157/152/149 161/147/144 162/146/143
f 158/141/138 159/140/137 160/149/146
f 158/141/138 160/149/146 161/147/144
f 138/145/142 137/144/141 155/177/174
f 138/145/142 155/177/174 156/179/176
f 137/144/141 153/148/145 154/175/172
f 137/144/141 154/175/172 155/177/174
f 169/168/165 144/167/164 139/174/171
f 169/168/165 139/174/171 171/173/170
f 144/167/164 143/170/167 140/176/173
f 144/167/164 140/176/173 139/174/171
f 143/170/167 142/172/169 141/178/175
f 143/170/167 141/178/175 140/176/173
f 145/164/161 169/168/165 171/173/170
f 145/164/161 171/173/170 146/165/162
f 146/165/162 171/173/170 170/158/155
f 146/165/162 170/158/155 147/157/154
f 150/162/159 174/161/158 169/168/165
f 150/162/159 169/168/165 145/164/161
f 165/166/163 174/161/158 176/155/152
f 165/166/163 176/155/152 166/143/140
f 159/140/137 173/154/151 175/151/148
f 159/140/137 175/151/148 160/149/146
f 153/148/145 172/150/147 170/158/155
f 153/148/145 170/158/155 154/175/172
f 152/159/156 173/154/151 176/155/152
f 152/159/156 176/155/152 149/163/160
f 148/156/153 172/150/147 175/151/148
f 148/156/153 175/151/148 151/160/157
f 180/180/177 177/181/178 178/182/179
f 180/180/177 178/182/179 179/183/180
f 184/184/181 181/185/182 182/186/183
f 184/184/181 182/186/183 183/187/184
f 192/188/185 189/189/186 190/190/187
f 192/188/185 190/190/187 191/191/188
f 188/192/189 185/193/190 186/194/191
f 188/192/189 186/194/191 187/195/192
f 177/181/178 184/184/181 183/187/184
f 177/181/178 183/187/184 178/182/179
f 185/193/190 180/180/177 179/183/180
f 185/193/190 179/183/180 186/194/191
f 187/195/192 190/190/187 189/189/186
f 187/195/192 189/189/186 188/192/189
f 191/191/188 182/186/183 181/185/182
f 191/191/188 181/185/182 192/188/185
f 141/178/175 178/182/179 183/187/184
f 141/178/175 183/187/184 156/179/176
f 142/172/169 179/183/180 178/182/179
f 142/172/169 178/182/179 141/178/175
f 163/171/168 186/194/191 179/183/180
f 163/171/168 179/183/180 142/172/169
f 182/186/183 138/145/142 156/179/176
f 182/186/183 156/179/176 183/187/184
f 138/145/142 182/186/183 191/191/188
f 138/145/142 191/191/188 162/146/143
f 186/194/191 163/171/168 168/153/150
f 186/194/191 168/153/150 187/195/192
f 157/152/149 190/190/187 187/195/192
f 157/152/149 187/195/192 168/153/150
f 190/190/187 157/152/149 162/146/143
f 190/190/187 162/146/143 191/191/188
f 180/180/177 185/193/190 188/192/189
f 180/180/177 188/192/189 189/189/186
f 180/180/177 189/189/186 192/188/185
f 180/180/177 192/188/185 181/185/182
f 180/180/177 181/185/182 184/184/181
f 180/180/177 184/184/181 177/181/178
f 196/196/193 200/197/194 201/198/195
f 196/196/193 201/198/195 197/199/196
f 198/200/197 201/198/195 200/197/194
f 198/200/197 200/197/194 199/201/198
f 205/202/199 193/203/200 206/204/201
f 207/205/202 199/201/198 200/197/194
f 207/205/202 200/197/194 206/204/201
f 202/206/203 203/207/204 204/208/205
f 198/200/197 195/209/206 204/208/205
f 198/200/197 204/208/205 203/207/204
f 198/200/197 203/207/204 201/198/195
f 194/210/207 197/199/196 201/198/195
f 194/210/207 201/198/195 203/207/204
f 194/210/207 203/207/204 202/206/203
f 193/203/200 207/205/202 206/204/201
f 196/196/193 205/202/199 206/204/201
f 196/196/193 206/204/201 200/197/194
f 210/211/208 209/212/209 208/213/210
f 210/211/208 208/213/210 211/214/211
f 216/215/212 215/216/213 210/211/208
f 216/215/212 210/211/208 211/214/211
f 224/217/214 223/218/215 208/213/210
f 224/217/214 208/213/210 209/212/209
f 223/218/215 216/215/212 211/214/211
f 223/218/215 211/214/211 208/213/210
f 215/216/213 224/217/214 209/212/209
f 215/216/213 209/212/209 210/211/208
f 212/219/216 227/220/217 226/221/218
f 212/219/216 226/221/218 213/222/219
f 213/222/219 226/221/218 225/223/220
f 213/222/219 225/223/220 214/224/221
f 214/224/221 225/223/220 224/217/214
f 214/224/221 224/217/214 215/216/213
f 220/225/222 219/226/223 218/227/224
f 220/225/222 218/227/224 221/228/225
f 221/228/225 218/227/224 217/229/226
f 221/228/225 217/229/226 222/230/227
f 222/230/227 217/229/226 216/215/212
f 222/230/227 216/215/212 223/218/215
f 227/220/217 220/225/222 221/228/225
f 227/220/217 221/228/225 226/221/218
f 226/221/218 221/228/225 222/230/227
f 226/221/218 222/230/227 225/223/220
f 225/223/220 222/230/227 223/218/215
f 225/223/220 223/218/215 224/217/214
f 219/226/223 212/219/216 213/222/219
f 219/226/223 213/222/219 218/227/224
f 218/227/224 213/222/219 214/224/221
f 218/227/224 214/224/221 217/229/226
f 217/229/226 214/224/221 215/216/213
f 217/229/226 215/216/213 216/215/212
f 230/231/228 231/232/229 397/233/230
f 230/231/228 397/233/230 396/234/231
f 233/235/232 234/236/233 235/237/234
f 233/235/232 235/237/234 232/238/235
f 237/239/236 235/237/234 234/236/233
f 237/239/236 234/236/233 236/240/237
f 239/241/238 237/239/236 236/240/237
f 239/241/238 236/240/237 238/242/239
f 238/242/239 233/235/232 232/238/235
f 238/242/239 232/238/235 239/241/238
f 232/238/235 235/237/234 229/243/240
f 232/238/235 229/243/240 228/244/241
f 233/235/232 238/242/239 219/226/223
f 233/235/232 219/226/223 220/225/222
f 234/236/233 233/235/232 220/225/222
f 234/236/233 220/225/222 227/220/217
f 239/241/238 232/238/235 228/244/241
f 239/241/238 228/244/241 231/232/229
f 235/237/234 237/239/236 230/231/228
f 235/237/234 230/231/228 229/243/240
f 236/240/237 234/236/233 227/220/217
f 236/240/237 227/220/217 212/219/216
f 237/239/236 239/241/238 231/232/229
f 237/239/236 231/232/229 230/231/228
f 238/242/239 236/240/237 212/219/216
f 238/242/239 212/219/216 219/226/223
f 247/245/242 243/246/243 245/247/244
f 249/248/245 246/249/246 244/250/247
f 247/245/242 245/247/244 248/251/248
f 249/248/245 250/252/249 246/249/246
f 247/245/242 248/251/248 243/246/243
f 249/248/245 244/250/247 250/252/249
f 243/246/243 240/253/250 241/254/251
f 243/246/243 241/254/251 245/247/244
f 248/251/248 242/255/252 240/253/250
f 248/251/248 240/253/250 243/246/243
f 242/255/252 250/252/249 244/250/247
f 242/255/252 244/250/247 240/253/250
f 240/253/250 244/250/247 246/249/246
f 240/253/250 246/249/246 241/254/251
f 245/247/244 241/254/251 242/255/252
f 245/247/244 242/255/252 248/251/248
f 241/254/251 246/249/246 250/252/249
f 241/254/251 250/252/249 242/255/252
f 258/256/253 254/257/254 256/258/255
f 260/259/256 257/260/257 255/261/258
f 258/256/253 256/258/255 259/262/259
f 260/259/256 261/263/260 257/260/257
f 258/256/253 259/262/259 254/257/254
f 260/259/256 255/261/258 261/263/260
f 254/257/254 251/264/261 252/265/262
f 254/257/254 252/265/262 256/258/255
f 259/262/259 253/266/263 251/264/261
f 259/262/259 251/264/261 254/257/254
f 253/266/263 261/263/260 255/261/258
f 253/266/263 255/261/258 251/264/261
f 251/264/261 255/261/258 257/260/257
f 251/264/261 257/260/257 252/265/262
f 256/258/255 252/265/262 253/266/263
f 256/258/255 253/266/263 259/262/259
f 252/265/262 257/260/257 261/263/260
f 252/265/262 261/263/260 253/266/263
f 269/267/264 265/268/265 267/269/266
f 271/270/267 268/271/268 266/272/269
f 269/267/264 267/269/266 270/273/270
f 271/270/267 272/274/271 268/271/268
f 269/267/264 270/273/270 265/268/265
f 271/270/267 266/272/269 272/274/271
f 265/268/265 262/275/272 263/276/273
f 265/268/265 263/276/273 267/269/266
f 270/273/270 264/277/274 262/275/272
f 270/273/270 262/275/272 265/268/265
f 264/277/274 272/274/271 266/272/269
f 264/277/274 266/272/269 262/275/272
f 262/275/272 266/272/269 268/271/268
f 262/275/272 268/271/268 263/276/273
f 267/269/266 263/276/273 264/277/274
f 267/269/266 264/277/274 270/273/270
f 263/276/273 268/271/268 272/274/271
f 263/276/273 272/274/271 264/277/274
f 280/278/275 276/279/276 278/280/277
f 282/281/278 279/282/279 277/283/280
f 280/278/275 278/280/277 281/284/281
f 282/281/278 283/285/282 279/282/279
f 280/278/275 281/284/281 276/279/276
f 282/281/278 277/283/280 283/285/282
f 276/279/276 273/286/283 274/287/284
f 276/279/276 274/287/284 278/280/277
f 281/284/281 275/288/285 273/286/283
f 281/284/281 273/286/283 276/279/276
f 275/288/285 283/285/282 277/283/280
f 275/288/285 277/283/280 273/286/283
f 273/286/283 277/283/280 279/282/279
f 273/286/283 279/282/279 274/287/284
f 278/280/277 274/287/284 275/288/285
f 278/280/277 275/288/285 281/284/281
f 274/287/284 279/282/279 283/285/282
f 274/287/284 283/285/282 275/288/285
f 291/289/286 287/290/287 289/291/288
f 293/292/289 290/293/290 288/294/291
f 291/289/286 289/291/288 292/295/292
f 293/292/289 294/296/293 290/293/290
f 291/289/286 292/295/292 287/290/287
f 293/292/289 288/294/291 294/296/293
f 287/290/287 284/297/294 285/298/295
f 287/290/287 285/298/295 289/291/288
f 292/295/292 286/299/296 284/297/294
f 292/295/292 284/297/294 287/290/287
f 286/299/296 294/296/293 288/294/291
f 286/299/296 288/294/291 284/297/294
f 284/297/294 288/294/291 290/293/290
f 284/297/294 290/293/290 285/298/295
f 289/291/288 285/298/295 286/299/296
f 289/291/288 286/299/296 292/295/292
f 285/298/295 290/293/290 294/296/293
f 285/298/295 294/296/293 286/299/296
f 302/300/297 298/301/298 300/302/299
f 304/303/300 301/304/301 299/305/302
f 302/300/297 300/302/299 303/306/303
f 304/303/300 305/307/304 301/304/301
f 302/300/297 303/306/303 298/301/298
f 304/303/300 299/305/302 305/307/304
f 298/301/298 295/308/305 296/309/306
f 298/301/298 296/309/306 300/302/299
f 303/306/303 297/310/307 295/308/305
f 303/306/303 295/308/305 298/301/298
f 297/310/307 305/307/304 299/305/302
f 297/310/307 299/305/302 295/308/305
f 295/308/305 299/305/302 301/304/301
f 295/308/305 301/304/301 296/309/306
f 300/302/299 296/309/306 297/310/307
f 300/302/299 297/310/307 303/306/303
f 296/309/306 301/304/301 305/307/304
f 296/309/306 305/307/304 297/310/307
f 313/311/308 309/312/309 311/313/310
f 315/314/311 312/315/312 310/316/313
f 313/311/308 311/313/310 314/317/314
f 315/314/311 316/318/315 312/315/312
f 313/311/308 314/317/314 309/312/309
f 315/314/311 310/316/313 316/318/315
f 309/312/309 306/319/316 307/320/317
f 309/312/309 307/320/317 311/313/310
f 314/317/314 308/321/318 306/319/316
f 314/317/314 306/319/316 309/312/309
f 308/321/318 316/318/315 310/316/313
f 308/321/318 310/316/313 306/319/316
f 306/319/316 310/316/313 312/315/312
f 306/319/316 312/315/312 307/320/317
f 311/313/310 307/320/317 308/321/318
f 311/313/310 308/321/318 314/317/314
f 307/320/317 312/315/312 316/318/315
f 307/320/317 316/318/315 308/321/318
f 324/322/319 320/323/320 322/324/321
f 326/325/322 323/326/323 321/327/324
f 324/322/319 322/324/321 325/328/325
f 326/325/322 327/329/326 323/326/323
f 324/322/319 325/328/325 320/323/320
f 326/325/322 321/327/324 327/329/326
f 320/323/320 317/330/327 318/331/328
f 320/323/320 318/331/328 322/324/321
f 325/328/325 319/332/329 317/330/327
f 325/328/325 317/330/327 320/323/320
f 319/332/329 327/329/326 321/327/324
f 319/332/329 321/327/324 317/330/327
f 317/330/327 321/327/324 323/326/323
f 317/330/327 323/326/323 318/331/328
f 322/324/321 318/331/328 319/332/329
f 322/324/321 319/332/329 325/328/325
f 318/331/328 323/326/323 327/329/326
f 318/331/328 327/329/326 319/332/329
f 335/333/330 331/334/331 333/335/332
f 337/336/333 334/337/334 332/338/335
f 335/333/330 333/335/332 336/339/336
f 337/336/333 338/340/337 334/337/334
f 335/333/330 336/339/336 331/334/331
f 337/336/333 332/338/335 338/340/337
f 331/334/331 328/341/338 329/342/339
f 331/334/331 329/342/339 333/335/332
f 336/339/336 330/343/340 328/341/338
f 336/339/336 328/341/338 331/334/331
f 330/343/340 338/340/337 332/338/335
f 330/343/340 332/338/335 328/341/338
f 328/341/338 332/338/335 334/337/334
f 328/341/338 334/337/334 329/342/339
f 333/335/332 329/342/339 330/343/340
f 333/335/332 330/343/340 336/339/336
f 329/342/339 334/337/334 338/340/337
f 329/342/339 338/340/337 330/343/340
f 346/344/341 342/345/342 344/346/343
f 348/347/344 345/348/345 343/349/346
f 346/344/341 344/346/343 347/350/347
f 348/347/344 349/351/348 345/348/345
f 346/344/341 347/350/347 342/345/342
f 348/347/344 343/349/346 349/351/348
f 342/345/342 339/352/349 340/353/350
f 342/345/342 340/353/350 344/346/343
f 347/350/347 341/354/351 339/352/349
f 347/350/347 339/352/349 342/345/342
f 341/354/351 349/351/348 343/349/346
f 341/354/351 343/349/346 339/352/349
f 339/352/349 343/349/346 345/348/345
f 339/352/349 345/348/345 340/353/350
f 344/346/343 340/353/350 341/354/351
f 344/346/343 341/354/351 347/350/347
f 340/353/350 345/348/345 349/351/348
f 340/353/350 349/351/348 341/354/351
f 357/355/352 353/356/353 355/357/354
f 359/358/355 356/359/356 354/360/357
f 357/355/352 355/357/354 358/361/358
f 359/358/355 360/362/359 356/359/356
f 357/355/352 358/361/358 353/356/353
f 359/358/355 354/360/357 360/362/359
f 353/356/353 350/363/360 351/364/361
f 353/356/353 351/364/361 355/357/354
f 358/361/358 352/365/362 350/363/360
f 358/361/358 350/363/360 353/356/353
f 352/365/362 360/362/359 354/360/357
f 352/365/362 354/360/357 350/363/360
f 350/363/360 354/360/357 356/359/356
f 350/363/360 356/359/356 351/364/361
f 355/357/354 351/364/361 352/365/362
f 355/357/354 352/365/362 358/361/358
f 351/364/361 356/359/356 360/362/359
f 351/364/361 360/362/359 352/365/362
f 368/366/363 364/367/364 366/368/365
f 370/369/366 367/370/367 365/371/368
f 368/366/363 366/368/365 369/372/369
f 370/369/366 371/373/370 367/370/367
f 368/366/363 369/372/369 364/367/364
f 370/369/366 365/371/368 371/373/370
f 364/367/364 361/374/371 362/375/372
f 364/367/364 362/375/372 366/368/365
f 369/372/369 363/376/373 361/374/371
f 369/372/369 361/374/371 364/367/364
f 363/376/373 371/373/370 365/371/368
f 363/376/373 365/371/368 361/374/371
f 361/374/371 365/371/368 367/370/367
f 361/374/371 367/370/367 362/375/372
f 366/368/365 362/375/372 363/376/373
f 366/368/365 363/376/373 369/372/369
f 362/375/372 367/370/367 371/373/370
f 362/375/372 371/373/370 363/376/373
f 379/377/374 375/378/375 377/379/376
f 381/380/377 378/381/378 376/382/379
f 379/377/374 377/379/376 380/383/380
f 381/380/377 382/384/381 378/381/378
f 379/377/374 380/383/380 375/378/375
f 381/380/377 376/382/379 382/384/381
f 375/378/375 372/385/382 373/386/383
f 375/378/375 373/386/383 377/379/376
f 380/383/380 374/387/384 372/385/382
f 380/383/380 372/385/382 375/378/375
f 374/387/384 382/384/381 376/382/379
f 374/387/384 376/382/379 372/385/382
f 372/385/382 376/382/379 378/381/378
f 372/385/382 378/381/378 373/386/383
f 377/379/376 373/386/383 374/387/384
f 377/379/376 374/387/384 380/383/380
f 373/386/383 378/381/378 382/384/381
f 373/386/383 382/384/381 374/387/384
f 390/388/385 386/389/386 388/390/387
f 392/391/388 389/392/389 387/393/390
f 390/388/385 388/390/387 391/394/391
f 392/391/388 393/395/392 389/392/389
f 390/388/385 391/394/391 386/389/386
f 392/391/388 387/393/390 393/395/392
f 386/389/386 383/396/393 384/397/394
f 386/389/386 384/397/394 388/390/387
f 391/394/391 385/398/395 383/396/393
f 391/394/391 383/396/393 386/389/386
f 385/398/395 393/395/392 387/393/390
f 385/398/395 387/393/390 383/396/393
f 383/396/393 387/393/390 389/392/389
f 383/396/393 389/392/389 384/397/394
f 388/390/387 384/397/394 385/398/395
f 388/390/387 385/398/395 391/394/391
f 384/397/394 389/392/389 393/395/392
f 384/397/394 393/395/392 385/398/395
f 396/234/231 397/233/230 394/399/396
f 396/234/231 394/399/396 395/400/397
f 228/244/241 229/243/240 395/400/397
f 228/244/241 395/400/397 394/399/396
f 231/232/229 228/244/241 394/399/396
f 231/232/229 394/399/396 397/233/230
f 229/243/240 230/231/228 396/234/231
f 229/243/240 396/234/231 395/400/397
f 400/401/398 399/402/399 398/403/400
f 400/401/398 398/403/400 401/404/401
f 406/405/402 405/406/403 400/401/398
f 406/405/402 400/401/398 401/404/401
f 414/407/404 413/408/405 398/403/400
f 414/407/404 398/403/400 399/402/399
f 413/408/405 406/405/402 401/404/401
f 413/408/405 401/404/401 398/403/400
f 405/406/403 414/407/404 399/402/399
f 405/406/403 399/402/399 400/401/398
f 402/409/406 417/410/407 416/411/408
f 402/409/406 416/411/408 403/412/409
f 403/412/409 416/411/408 415/413/410
f 403/412/409 415/413/410 404/414/411
f 404/414/411 415/413/410 414/407/404
f 404/414/411 414/407/404 405/406/403
f 410/415/412 409/416/413 408/417/414
f 410/415/412 408/417/414 411/418/415
f 411/418/415 408/417/414 407/419/416
f 411/418/415 407/419/416 412/420/417
f 412/420/417 407/419/416 406/405/402
f 412/420/417 406/405/402 413/408/405
f 417/410/407 410/415/412 411/418/415
f 417/410/407 411/418/415 416/411/408
f 416/411/408 411/418/415 412/420/417
f 416/411/408 412/420/417 415/413/410
f 415/413/410 412/420/417 413/408/405
f 415/413/410 413/408/405 414/407/404
f 409/416/413 402/409/406 403/412/409
f 409/416/413 403/412/409 408/417/414
f 408/417/414 403/412/409 404/414/411
f 408/417/414 404/414/411 407/419/416
f 407/419/416 404/414/411 405/406/403
f 407/419/416 405/406/403 406/405/402
f 420/421/418 421/422/419 620/423/420
f 420/421/418 620/423/420 619/424/421
f 423/425/422 424/426/423 425/427/424
f 423/425/422 425/427/424 422/428/425
f 427/429/426 425/427/424 424/426/423
f 427/429/426 424/426/423 426/430/427
f 429/431/428 427/429/426 426/430/427
f 429/431/428 426/430/427 428/432/429
f 428/432/429 423/425/422 422/428/425
f 428/432/429 422/428/425 429/431/428
f 422/428/425 425/427/424 419/433/430
f 422/428/425 419/433/430 418/434/431
f 423/425/422 428/432/429 409/416/413
f 423/425/422 409/416/413 410/415/412
f 424/426/423 423/425/422 410/415/412
f 424/426/423 410/415/412 417/410/407
f 429/431/428 422/428/425 418/434/431
f 429/431/428 418/434/431 421/422/419
f 425/427/424 427/429/426 420/421/418
f 425/427/424 420/421/418 419/433/430
f 426/430/427 424/426/423 417/410/407
f 426/430/427 417/410/407 402/409/406
f 427/429/426 429/431/428 421/422/419
f 427/429/426 421/422/419 420/421/418
f 428/432/429 426/430/427 402/409/406
f 428/432/429 402/409/406 409/416/413
f 437/435/432 433/436/433 435/437/434
f 439/438/435 436/439/436 434/440/437
f 437/435/432 435/437/434 438/441/438
f 439/438/435 440/442/439 436/439/436
f 437/435/432 438/441/438 433/436/433
f 439/438/435 434/440/437 440/442/439
f 433/436/433 430/443/440 431/444/441
f 433/436/433 431/444/441 435/437/434
f 438/441/438 432/445/442 430/443/440
f 438/441/438 430/443/440 433/436/433
f 432/445/442 440/442/439 434/440/437
f 432/445/442 434/440/437 430/443/440
f 430/443/440 434/440/437 436/439/436
f 430/443/440 436/439/436 431/444/441
f 435/437/434 431/444/441 432/445/442
f 435/437/434 432/445/442 438/441/438
f 431/444/441 436/439/436 440/442/439
f 431/444/441 440/442/439 432/445/442
f 448/446/443 444/447/444 446/448/445
f 450/449/446 447/450/447 445/451/448
f 448/446/443 446/448/445 449/452/449
f 450/449/446 451/453/450 447/450/447
f 448/446/443 449/452/449 444/447/444
f 450/449/446 445/451/448 451/453/450
f 444/447/444 441/454/451 442/455/452
f 444/447/444 442/455/452 446/448/445
f 449/452/449 443/456/453 441/454/451
f 449/452/449 441/454/451 444/447/444
f 443/456/453 451/453/450 445/451/448
f 443/456/453 445/451/448 441/454/451
f 441/454/451 445/451/448 447/450/447
f 441/454/451 447/450/447 442/455/452
f 446/448/445 442/455/452 443/456/453
f 446/448/445 443/456/453 449/452/449
f 442/455/452 447/450/447 451/453/450
f 442/455/452 451/453/450 443/456/453
f 459/457/454 455/458/455 457/459/456
f 461/460/457 458/461/458 456/462/459
f 459/457/454 457/459/456 460/463/460
f 461/460/457 462/464/461 458/461/458
f 459/457/454 460/463/460 455/458/455
f 461/460/457 456/462/459 462/464/461
f 455/458/455 452/465/462 453/466/463
f 455/458/455 453/466/463 457/459/456
f 460/463/460 454/467/464 452/465/462
f 460/463/460 452/465/462 455/458/455
f 454/467/464 462/464/461 456/462/459
f 454/467/464 456/462/459 452/465/462
f 452/465/462 456/462/459 458/461/458
f 452/465/462 458/461/458 453/466/463
f 457/459/456 453/466/463 454/467/464
f 457/459/456 454/467/464 460/463/460
f 453/466/463 458/461/458 462/464/461
f 453/466/463 462/464/461 454/467/464
f 470/468/465 466/469/466 468/470/467
f 472/471/468 469/472/469 467/473/470
f 470/468/465 468/470/467 471/474/471
f 472/471/468 473/475/472 469/472/469
f 470/468/465 471/474/471 466/469/466
f 472/471/468 467/473/470 473/475/472
f 466/469/466 463/476/473 464/477/474
f 466/469/466 464/477/474 468/470/467
f 471/474/471 465/478/475 463/476/473
f 471/474/471 463/476/473 466/469/466
f 465/478/475 473/475/472 467/473/470
f 465/478/475 467/473/470 463/476/473
f 463/476/473 467/473/470 469/472/469
f 463/476/473 469/472/469 464/477/474
f 468/470/467 464/477/474 465/478/475
f 468/470/467 465/478/475 471/474/471
f 464/477/474 469/472/469 473/475/472
f 464/477/474 473/475/472 465/478/475
f 481/479/476 477/480/477 479/481/478
f 483/482/479 480/483/480 478/484/481
f 481/479/476 479/481/478 482/485/482
f 483/482/479 484/486/483 480/483/480
f 481/479/476 482/485/482 477/480/477
f 483/482/479 478/484/481 484/486/483
f 477/480/477 474/487/484 475/488/485
f 477/480/477 475/488/485 479/481/478
f 482/485/482 476/489/486 474/487/484
f 482/485/482 474/487/484 477/480/477
f 476/489/486 484/486/483 478/484/481
f 476/489/486 478/484/481 474/487/484
f 474/487/484 478/484/481 480/483/480
f 474/487/484 480/483/480 475/488/485
f 479/481/478 475/488/485 476/489/486
f 479/481/478 476/489/486 482/485/482
f 475/488/485 480/483/480 484/486/483
f 475/488/485 484/486/483 476/489/486
f 492/490/487 488/491/488 490/492/489
f 494/493/490 491/494/491 489/495/492
f 492/490/487 490/492/489 493/496/493
f 494/493/490 495/497/494 491/494/491
f 492/490/487 493/496/493 488/491/488
f 494/493/490 489/495/492 495/497/494
f 488/491/488 485/498/495 486/499/496
f 488/491/488 486/499/496 490/492/489
f 493/496/493 487/500/497 485/498/495
f 493/496/493 485/498/495 488/491/488
f 487/500/497 495/497/494 489/495/492
f 487/500/497 489/495/492 485/498/495
f 485/498/495 489/495/492 491/494/491
f 485/498/495 491/494/491 486/499/496
f 490/492/489 486/499/496 487/500/497
f 490/492/489 487/500/497 493/496/493
f 486/499/496 491/494/491 495/497/494
f 486/499/496 495/497/494 487/500/497
f 503/501/498 499/502/499 501/503/500
f 505/504/501 502/505/502 500/506/503
f 503/501/498 501/503/500 504/507/504
f 505/504/501 506/508/505 502/505/502
f 503/501/498 504/507/504 499/502/499
f 505/504/501 500/506/503 506/508/505
f 499/502/499 496/509/506 497/510/507
f 499/502/499 497/510/507 501/503/500
f 504/507/504 498/511/508 496/509/506
f 504/507/504 496/509/506 499/502/499
f 498/511/508 506/508/505 500/506/503
f 498/511/508 500/506/503 496/509/506
f 496/509/506 500/506/503 502/505/502
f 496/509/506 502/505/502 497/510/507
f 501/503/500 497/510/507 498/511/508
f 501/503/500 498/511/508 504/507/504
f 497/510/507 502/505/502 506/508/505
f 497/510/507 506/508/505 498/511/508
f 514/512/509 510/513/510 512/514/511
f 516/515/512 513/516/513 511/517/514
f 514/512/509 512/514/511 515/518/515
f 516/515/512 517/519/516 513/516/513
f 514/512/509 515/518/515 510/513/510
f 516/515/512 511/517/514 517/519/516
f 510/513/510 507/520/517 508/521/518
f 510/513/510 508/521/518 512/514/511
f 515/518/515 509/522/519 507/520/517
f 515/518/515 507/520/517 510/513/510
f 509/522/519 517/519/516 511/517/514
f 509/522/519 511/517/514 507/520/517
f 507/520/517 511/517/514 513/516/513
f 507/520/517 513/516/513 508/521/518
f 512/514/511 508/521/518 509/522/519
f 512/514/511 509/522/519 515/518/515
f 508/521/518 513/516/513 517/519/516
f 508/521/518 517/519/516 509/522/519
f 525/523/520 521/524/521 523/525/522
f 527/526/523 524/527/524 522/528/525
f 525/523/520 523/525/522 526/529/526
f 527/526/523 528/530/527 524/527/524
f 525/523/520 526/529/526 521/524/521
f 527/526/523 522/528/525 528/530/527
f 521/524/521 518/531/528 519/532/529
f 521/524/521 519/532/529 523/525/522
f 526/529/526 520/533/530 518/531/528
f 526/529/526 518/531/528 521/524/521
f 520/533/530 528/530/527 522/528/525
f 520/533/530 522/528/525 518/531/528
f 518/531/528 522/528/525 524/527/524
f 518/531/528 524/527/524 519/532/529
f 523/525/522 519/532/529 520/533/530
f 523/525/522 520/533/530 526/529/526
f 519/532/529 524/527/524 528/530/527
f 519/532/529 528/530/527 520/533/530
f 536/534/531 532/535/532 534/536/533
f 538/537/534 535/538/535 533/539/536
f 536/534/531 534/536/533 537/540/537
f 538/537/534 539/541/538 535/538/535
f 536/534/531 537/540/537 532/535/532
f 538/537/534 533/539/536 539/541/538
f 532/535/532 529/542/539 530/543/540
f 532/535/532 530/543/540 534/536/533
f 537/540/537 531/544/541 529/542/539
f 537/540/537 529/542/539 532/535/532
f 531/544/541 539/541/538 533/539/536
f 531/544/541 533/539/536 529/542/539
f 529/542/539 533/539/536 535/538/535
f 529/542/539 535/538/535 530/543/540
f 534/536/533 530/543/540 531/544/541
f 534/536/533 531/544/541 537/540/537
f 530/543/540 535/538/535 539/541/538
f 530/543/540 539/541/538 531/544/541
f 547/545/542 543/546/543 545/547/544
f 549/548/545 546/549/546 544/550/547
f 547/545/542 545/547/544 548/551/548
f 549/548/545 550/552/549 546/549/546
f 547/545/542 548/551/548 543/546/543
f 549/548/545 544/550/547 550/552/549
f 543/546/543 540/553/550 541/554/551
f 543/546/543 541/554/551 545/547/544
f 548/551/548 542/555/552 540/553/550
f 548/551/548 540/553/550 543/546/543
f 542/555/552 550/552/549 544/550/547
f 542/555/552 544/550/547 540/553/550
f 540/553/550 544/550/547 546/549/546
f 540/553/550 546/549/546 541/554/551
f 545/547/544 541/554/551 542/555/552
f 545/547/544 542/555/552 548/551/548
f 541/554/551 546/549/546 550/552/549
f 541/554/551 550/552/549 542/555/552
f 558/556/553 554/557/554 556/558/555
f 560/559/556 557/560/557 555/561/558
f 558/556/553 556/558/555 559/562/559
f 560/559/556 561/563/560 557/560/557
f 558/556/553 559/562/559 554/557/554
f 560/559/556 555/561/558 561/563/560
f 554/557/554 551/564/561 552/565/562
f 554/557/554 552/565/562 556/558/555
f 559/562/559 553/566/563 551/564/561
f 559/562/559 551/564/561 554/557/554
f 553/566/563 561/563/560 555/561/558
f 553/566/563 555/561/558 551/564/561
f 551/564/561 555/561/558 557/560/557
f 551/564/561 557/560/557 552/565/562
f 556/558/555 552/565/562 553/566/563
f 556/558/555 553/566/563 559/562/559
f 552/565/562 557/560/557 561/563/560
f 552/565/562 561/563/560 553/566/563
f 569/567/564 565/568/565 567/569/566
f 571/570/567 568/571/568 566/572/569
f 569/567/564 567/569/566 570/573/570
f 571/570/567 572/574/571 568/571/568
f 569/567/564 570/573/570 565/568/565
f 571/570/567 566/572/569 572/574/571
f 565/568/565 562/575/572 563/576/573
f 565/568/565 563/576/573 567/569/566
f 570/573/570 564/577/574 562/575/572
f 570/573/570 562/575/572 565/568/565
f 564/577/574 572/574/571 566/572/569
f 564/577/574 566/572/569 562/575/572
f 562/575/572 566/572/569 568/571/568
f 562/575/572 568/571/568 563/576/573
f 567/569/566 563/576/573 564/577/574
f 567/569/566 564/577/574 570/573/570
f 563/576/573 568/571/568 572/574/571
f 563/576/573 572/574/571 564/577/574
f 580/578/575 576/579/576 578/580/577
f 582/581/578 579/582/579 577/583/580
f 580/578/575 578/580/577 581/584/581
f 582/581/578 583/585/582 579/582/579
f 580/578/575 581/584/581 576/579/576
f 582/581/578 577/583/580 583/585/582
f 576/579/576 573/586/583 574/587/584
f 576/579/576 574/587/584 578/580/577
f 581/584/581 575/588/585 573/586/583
f 581/584/581 573/586/583 576/579/576
f 575/588/585 583/585/582 577/583/580
f 575/588/585 577/583/580 573/586/583
f 573/586/583 577/583/580 579/582/579
f 573/586/583 579/582/579 574/587/584
f 578/580/577 574/587/584 575/588/585
f 578/580/577 575/588/585 581/584/581
f 574/587/584 579/582/579 583/585/582
f 574/587/584 583/585/582 575/588/585
f 591/589/586 587/590/587 589/591/588
f 593/592/589 590/593/590 588/594/591
f 591/589/586 589/591/588 592/595/592
f 593/592/589 594/596/593 590/593/590
f 591/589/586 592/595/592 587/590/587
f 593/592/589 588/594/591 594/596/593
f 587/590/587 584/597/594 585/598/595
f 587/590/587 585/598/595 589/591/588
f 592/595/592 586/599/596 584/597/594
f 592/595/592 584/597/594 587/590/587
f 586/599/596 594/596/593 588/594/591
f 586/599/596 588/594/591 584/597/594
f 584/597/594 588/594/591 590/593/590
f 584/597/594 590/593/590 585/598/595
f 589/591/588 585/598/595 586/599/596
f 589/591/588 586/599/596 592/595/592
f 585/598/595 590/593/590 594/596/593
f 585/598/595 594/596/593 586/599/596
f 602/600/597 598/601/598 600/602/599
f 604/603/600 601/604/601 599/605/602
f 602/600/597 600/602/599 603/606/603
f 604/603/600 605/607/604 601/604/601
f 602/600/597 603/606/603 598/601/598
f 604/603/600 599/605/602 605/607/604
f 598/601/598 595/608/605 596/609/606
f 598/601/598 596/609/606 600/602/599
f 603/606/603 597/610/607 595/608/605
f 603/606/603 595/608/605 598/601/598
f 597/610/607 605/607/604 599/605/602
f 597/610/607 599/605/602 595/608/605
f 595/608/605 599/605/602 601/604/601
f 595/608/605 601/604/601 596/609/606
f 600/602/599 596/609/606 597/610/607
f 600/602/599 597/610/607 603/606/603
f 596/609/606 601/604/601 605/607/604
f 596/609/606 605/607/604 597/610/607
f 613/611/608 609/612/609 611/613/610
f 615/614/611 612/615/612 610/616/613
f 613/611/608 611/613/610 614/617/614
f 615/614/611 616/618/615 612/615/612
f 613/611/608 614/617/614 609/612/609
f 615/614/611 610/616/613 616/618/615
f 609/612/609 606/619/616 607/620/617
f 609/612/609 607/620/617 611/613/610
f 614/617/614 608/621/618 606/619/616
f 614/617/614 606/619/616 609/612/609
f 608/621/618 616/618/615 610/616/613
f 608/621/618 610/616/613 606/619/616
f 606/619/616 610/616/613 612/615/612
f 606/619/616 612/615/612 607/620/617
f 611/613/610 607/620/617 608/621/618
f 611/613/610 608/621/618 614/617/614
f 607/620/617 612/615/612 616/618/615
f 607/620/617 616/618/615 608/621/618
f 619/424/421 620/423/420 617/622/619
f 619/424/421 617/622/619 618/623/620
f 418/434/431 419/433/430 618/623/620
f 418/434/431 618/623/620 617/622/619
f 421/422/419 418/434/431 617/622/619
f 421/422/419 617/622/619 620/423/420
f 419/433/430 420/421/418 619/424/421
f 419/433/430 619/424/421 618/623/620
f 623/624/621 622/625/622 621/626/623
f 623/624/621 621/626/623 624/627/624
f 629/628/625 628/629/626 623/624/621
f 629/628/625 623/624/621 624/627/624
f 637/630/627 636/631/628 621/626/623
f 637/630/627 621/626/623 622/625/622
f 636/631/628 629/628/625 624/627/624
f 636/631/628 624/627/624 621/626/623
f 628/629/626 637/630/627 622/625/622
f 628/629/626 622/625/622 623/624/621
f 625/632/629 640/633/630 639/634/631
f 625/632/629 639/634/631 626/635/632
f 626/635/632 639/634/631 638/636/633
f 626/635/632 638/636/633 627/637/634
f 627/637/634 638/636/633 637/630/627
f 627/637/634 637/630/627 628/629/626
f 633/638/635 632/639/636 631/640/637
f 633/638/635 631/640/637 634/641/638
f 634/641/638 631/640/637 630/642/639
f 634/641/638 630/642/639 635/643/640
f 635/643/640 630/642/639 629/628/625
f 635/643/640 629/628/625 636/631/628
f 640/633/630 633/638/635 634/641/638
f 640/633/630 634/641/638 639/634/631
f 639/634/631 634/641/638 635/643/640
f 639/634/631 635/643/640 638/636/633
f 638/636/633 635/643/640 636/631/628
f 638/636/633 636/631/628 637/630/627
f 632/639/636 625/632/629 626/635/632
f 632/639/636 626/635/632 631/640/637
f 631/640/637 626/635/632 627/637/634
f 631/640/637 627/637/634 630/642/639
f 630/642/639 627/637/634 628/629/626
f 630/642/639 628/629/626 629/628/625
f 643/644/641 644/645/642 843/646/643
f 643/644/641 843/646/643 842/647/644
f 646/648/645 647/649/646 648/650/647
f 646/648/645 648/650/647 645/651/648
f 650/652/649 648/650/647 647/649/646
f 650/652/649 647/649/646 649/653/650
f 652/654/651 650/652/649 649/653/650
f 652/654/651 649/653/650 651/655/652
f 651/655/652 646/648/645 645/651/648
f 651/655/652 645/651/648 652/654/651
f 645/651/648 648/650/647 642/656/653
f 645/651/648 642/656/653 641/657/654
f 646/648/645 651/655/652 632/639/636
f 646/648/645 632/639/636 633/638/635
f 647/649/646 646/648/645 633/638/635
f 647/649/646 633/638/635 640/633/630
f 652/654/651 645/651/648 641/657/654
f 652/654/651 641/657/654 644/645/642
f 648/650/647 650/652/649 643/644/641
f 648/650/647 643/644/641 642/656/653
f 649/653/650 647/649/646 640/633/630
f 649/653/650 640/633/630 625/632/629
f 650/652/649 652/654/651 644/645/642
f 650/652/649 644/645/642 643/644/641
f 651/655/652 649/653/650 625/632/629
f 651/655/652 625/632/629 632/639/636
f 660/658/655 656/659/656 658/660/657
f 662/661/658 659/662/659 657/663/660
f 660/658/655 658/660/657 661/664/661
f 662/661/658 663/665/662 659/662/659
f 660/658/655 661/664/661 656/659/656
f 662/661/658 657/663/660 663/665/662
f 656/659/656 653/666/663 654/667/664
f 656/659/656 654/667/664 658/660/657
f 661/664/661 655/668/665 653/666/663
f 661/664/661 653/666/663 656/659/656
f 655/668/665 663/665/662 657/663/660
f 655/668/665 657/663/660 653/666/663
f 653/666/663 657/663/660 659/662/659
f 653/666/663 659/662/659 654/667/664
f 658/660/657 654/667/664 655/668/665
f 658/660/657 655/668/665 661/664/661
f 654/667/664 659/662/659 663/665/662
f 654/667/664 663/665/662 655/668/665
f 671/669/666 667/670/667 669/671/668
f 673/672/669 670/673/670 668/674/671
f 671/669/666 669/671/668 672/675/672
f 673/672/669 674/676/673 670/673/670
f 671/669/666 672/675/672 667/670/667
f 673/672/669 668/674/671 674/676/673
f 667/670/667 664/677/674 665/678/675
f 667/670/667 665/678/675 669/671/668
f 672/675/672 666/679/676 664/677/674
f 672/675/672 664/677/674 667/670/667
f 666/679/676 674/676/673 668/674/671
f 666/679/676 668/674/671 664/677/674
f 664/677/674 668/674/671 670/673/670
f 664/677/674 670/673/670 665/678/675
f 669/671/668 665/678/675 666/679/676
f 669/671/668 666/679/676 672/675/672
f 665/678/675 670/673/670 674/676/673
f 665/678/675 674/676/673 666/679/676
f 682/680/677 678/681/678 680/682/679
f 684/683/680 681/684/681 679/685/682
f 682/680/677 680/682/679 683/686/683
f 684/683/680 685/687/684 681/684/681
f 682/680/677 683/686/683 678/681/678
f 684/683/680 679/685/682 685/687/684
f 678/681/678 675/688/685 676/689/686
f 678/681/678 676/689/686 680/682/679
f 683/686/683 677/690/687 675/688/685
f 683/686/683 675/688/685 678/681/678
f 677/690/687 685/687/684 679/685/682
f 677/690/687 679/685/682 675/688/685
f 675/688/685 679/685/682 681/684/681
f 675/688/685 681/684/681 676/689/686
f 680/682/679 676/689/686 677/690/687
f 680/682/679 677/690/687 683/686/683
f 676/689/686 681/684/681 685/687/684
f 676/689/686 685/687/684 677/690/687
f 693/691/688 689/692/689 691/693/690
f 695/694/691 692/695/692 690/696/693
f 693/691/688 691/693/690 694/697/694
f 695/694/691 696/698/695 692/695/692
f 693/691/688 694/697/694 689/692/689
f 695/694/691 690/696/693 696/698/695
f 689/692/689 686/699/696 687/700/697
f 689/692/689 687/700/697 691/693/690
f 694/697/694 688/701/698 686/699/696
f 694/697/694 686/699/696 689/692/689
f 688/701/698 696/698/695 690/696/693
f 688/701/698 690/696/693 686/699/696
f 686/699/696 690/696/693 692/695/692
f 686/699/696 692/695/692 687/700/697
f 691/693/690 687/700/697 688/701/698
f 691/693/690 688/701/698 694/697/694
f 687/700/697 692/695/692 696/698/695
f 687/700/697 696/698/695 688/701/698
f 704/702/699 700/703/700 702/704/701
f 706/705/702 703/706/703 701/707/704
f 704/702/699 702/704/701 705/708/705
f 706/705/702 707/709/706 703/706/703
f 704/702/699 705/708/705 700/703/700
f 706/705/702 701/707/704 707/709/706
f 700/703/700 697/710/707 698/711/708
f 700/703/700 698/711/708 702/704/701
f 705/708/705 699/712/709 697/710/707
f 705/708/705 697/710/707 700/703/700
f 699/712/709 707/709/706 701/707/704
f 699/712/709 701/707/704 697/710/707
f 697/710/707 701/707/704 703/706/703
f 697/710/707 703/706/703 698/711/708
f 702/704/701 698/711/708 699/712/709
f 702/704/701 699/712/709 705/708/705
f 698/711/708 703/706/703 707/709/706
f 698/711/708 707/709/706 699/712/709
f 715/713/710 711/714/711 713/715/712
f 717/716/713 714/717/714 712/718/715
f 715/713/710 713/715/712 716/719/716
f 717/716/713 718/720/717 714/717/714
f 715/713/710 716/719/716 711/714/711
f 717/716/713 712/718/715 718/720/717
f 711/714/711 708/721/718 709/722/719
f 711/714/711 709/722/719 713/715/712
f 716/719/716 710/723/720 708/721/718
f 716/719/716 708/721/718 711/714/711
f 710/723/720 718/720/717 712/718/715
f 710/723/720 712/718/715 708/721/718
f 708/721/718 712/718/715 714/717/714
f 708/721/718 714/717/714 709/722/719
f 713/715/712 709/722/719 710/723/720
f 713/715/712 710/723/720 716/719/716
f 709/722/719 714/717/714 718/720/717
f 709/722/719 718/720/717 710/723/720
f 726/724/721 722/725/722 724/726/723
f 728/727/724 725/728/725 723/729/726
f 726/724/721 724/726/723 727/730/727
f 728/727/724 729/731/728 725/728/725
f 726/724/721 727/730/727 722/725/722
f 728/727/724 723/729/726 729/731/728
f 722/725/722 719/732/729 720/733/730
f 722/725/722 720/733/730 724/726/723
f 727/730/727 721/734/731 719/732/729
f 727/730/727 719/732/729 722/725/722
f 721/734/731 729/731/728 723/729/726
f 721/734/731 723/729/726 719/732/729
f 719/732/729 723/729/726 725/728/725
f 719/732/729 725/728/725 720/733/730
f 724/726/723 720/733/730 721/734/731
f 724/726/723 721/734/731 727/730/727
f 720/733/730 725/728/725 729/731/728
f 720/733/730 729/731/728 721/734/731
f 737/735/732 733/736/733 735/737/734
f 739/738/735 736/739/736 734/740/737
f 737/735/732 735/737/734 738/741/738
f 739/738/735 740/742/739 736/739/736
f 737/735/732 738/741/738 733/736/733
f 739/738/735 734/740/737 740/742/739
f 733/736/733 730/743/740 731/744/741
f 733/736/733 731/744/741 735/737/734
f 738/741/738 732/745/742 730/743/740
f 738/741/738 730/743/740 733/736/733
f 732/745/742 740/742/739 734/740/737
f 732/745/742 734/740/737 730/743/740
f 730/743/740 734/740/737 736/739/736
f 730/743/740 736/739/736 731/744/741
f 735/737/734 731/744/741 732/745/742
f 735/737/734 732/745/742 738/741/738
f 731/744/741 736/739/736 740/742/739
f 731/744/741 740/742/739 732/745/742
f 748/746/743 744/747/744 746/748/745
f 750/749/746 747/750/747 745/751/748
f 748/746/743 746/748/745 749/752/749
f 750/749/746 751/753/750 747/750/747
f 748/746/743 749/752/749 744/747/744
f 750/749/746 745/751/748 751/753/750
f 744/747/744 741/754/751 742/755/752
f 744/747/744 742/755/752 746/748/745
f 749/752/749 743/756/753 741/754/751
f 749/752/749 741/754/751 744/747/744
f 743/756/753 751/753/750 745/751/748
f 743/756/753 745/751/748 741/754/751
f 741/754/751 745/751/748 747/750/747
f 741/754/751 747/750/747 742/755/752
f 746/748/745 742/755/752 743/756/753
f 746/748/745 743/756/753 749/752/749
f 742/755/752 747/750/747 751/753/750
f 742/755/752 751/753/750 743/756/753
f 759/757/754 755/758/755 757/759/756
f 761/760/757 758/761/758 756/762/759
f 759/757/754 757/759/756 760/763/760
f 761/760/757 762/764/761 758/761/758
f 759/757/754 760/763/760 755/758/755
f 761/760/757 756/762/759 762/764/761
f 755/758/755 752/765/762 753/766/763
f 755/758/755 753/766/763 757/759/756
f 760/763/760 754/767/764 752/765/762
f 760/763/760 752/765/762 755/758/755
f 754/767/764 762/764/761 756/762/759
f 754/767/764 756/762/759 752/765/762
f 752/765/762 756/762/759 758/761/758
f 752/765/762 758/761/758 753/766/763
f 757/759/756 753/766/763 754/767/764
f 757/759/756 754/767/764 760/763/760
f 753/766/763 758/761/758 762/764/761
f 753/766/763 762/764/761 754/767/764
f 770/768/765 766/769/766 768/770/767
f 772/771/768 769/772/769 767/773/770
f 770/768/765 768/770/767 771/774/771
f 772/771/768 773/775/772 769/772/769
f 770/768/765 771/774/771 766/769/766
f 772/771/768 767/773/770 773/775/772
f 766/769/766 763/776/773 764/777/774
f 766/769/766 764/777/774 768/770/767
f 771/774/771 765/778/775 763/776/773
f 771/774/771 763/776/773 766/769/766
f 765/778/775 773/775/772 767/773/770
f 765/778/775 767/773/770 763/776/773
f 763/776/773 767/773/770 769/772/769
f 763/776/773 769/772/769 764/777/774
f 768/770/767 764/777/774 765/778/775
f 768/770/767 765/778/775 771/774/771
f 764/777/774 769/772/769 773/775/772
f 764/777/774 773/775/772 765/778/775
f 781/779/776 777/780/777 779/781/778
f 783/782/779 780/783/780 778/784/781
f 781/779/776 779/781/778 782/785/782
f 783/782/779 784/786/783 780/783/780
f 781/779/776 782/785/782 777/780/777
f 783/782/779 778/784/781 784/786/783
f 777/780/777 774/787/784 775/788/785
f 777/780/777 775/788/785 779/781/778
f 782/785/782 776/789/786 774/787/784
f 782/785/782 774/787/784 777/780/777
f 776/789/786 784/786/783 778/784/781
f 776/789/786 778/784/781 774/787/784
f 774/787/784 778/784/781 780/783/780
f 774/787/784 780/783/780 775/788/785
f 779/781/778 775/788/785 776/789/786
f 779/781/778 776/789/786 782/785/782
f 775/788/785 780/783/780 784/786/783
f 775/788/785 784/786/783 776/789/786
f 792/790/787 788/791/788 790/792/789
f 794/793/790 791/794/791 789/795/792
f 792/790/787 790/792/789 793/796/793
f 794/793/790 795/797/794 791/794/791
f 792/790/787 793/796/793 788/791/788
f 794/793/790 789/795/792 795/797/794
f 788/791/788 785/798/795 786/799/796
f 788/791/788 786/799/796 790/792/789
f 793/796/793 787/800/797 785/798/795
f 793/796/793 785/798/795 788/791/788
f 787/800/797 795/797/794 789/795/792
f 787/800/797 789/795/792 785/798/795
f 785/798/795 789/795/792 791/794/791
f 785/798/795 791/794/791 786/799/796
f 790/792/789 786/799/796 787/800/797
f 790/792/789 787/800/797 793/796/793
f 786/799/796 791/794/791 795/797/794
f 786/799/796 795/797/794 787/800/797
f 803/801/798 799/802/799 801/803/800
f 805/804/801 802/805/802 800/806/803
f 803/801/798 801/803/800 804/807/804
f 805/804/801 806/808/805 802/805/802
f 803/801/798 804/807/804 799/802/799
f 805/804/801 800/806/803 806/808/805
f 799/802/799 796/809/806 797/810/807
f 799/802/799 797/810/807 801/803/800
f 804/807/804 798/811/808 796/809/806
f 804/807/804 796/809/806 799/802/799
f 798/811/808 806/808/805 800/806/803
f 798/811/808 800/806/803 796/809/806
f 796/809/806 800/806/803 802/805/802
f 796/809/806 802/805/802 797/810/807
f 801/803/800 797/810/807 798/811/808
f 801/803/800 798/811/808 804/807/804
f 797/810/807 802/805/802 806/808/805
f 797/810/807 806/808/805 798/811/808
f 814/812/809 810/813/810 812/814/811
f 816/815/812 813/816/813 811/817/814
f 814/812/809 812/814/811 815/818/815
f 816/815/812 817/819/816 813/816/813
f 814/812/809 815/818/815 810/813/810
f 816/815/812 811/817/814 817/819/816
f 810/813/810 807/820/817 808/821/818
f 810/813/810 808/821/818 812/814/811
f 815/818/815 809/822/819 807/820/817
f 815/818/815 807/820/817 810/813/810
f 809/822/819 817/819/816 811/817/814
f 809/822/819 811/817/814 807/820/817
f 807/820/817 811/817/814 813/816/813
f 807/820/817 813/816/813 808/821/818
f 812/814/811 808/821/818 809/822/819
f 812/814/811 809/822/819 815/818/815
f 808/821/818 813/816/813 817/819/816
f 808/821/818 817/819/816 809/822/819
f 825/823/820 821/824/821 823/825/822
f 827/826/823 824/827/824 822/828/825
f 825/823/820 823/825/822 826/829/826
f 827/826/823 828/830/827 824/827/824
f 825/823/820 826/829/826 821/824/821
f 827/826/823 822/828/825 828/830/827
f 821/824/821 818/831/828 819/832/829
f 821/824/821 819/832/829 823/825/822
f 826/829/826 820/833/830 818/831/828
f 826/829/826 818/831/828 821/824/821
f 820/833/830 828/830/827 822/828/825
f 820/833/830 822/828/825 818/831/828
f 818/831/828 822/828/825 824/827/824
f 818/831/828 824/827/824 819/832/829
f 823/825/822 819/832/829 820/833/830
f 823/825/822 820/833/830 826/829/826
f 819/832/829 824/827/824 828/830/827
f 819/832/829 828/830/827 820/833/830
f 836/834/831 832/835/832 834/836/833
f 838/837/834 835/838/835 833/839/836
f 836/834/831 834/836/833 837/840/837
f 838/837/834 839/841/838 835/838/835
f 836/834/831 837/840/837 832/835/832
f 838/837/834 833/839/836 839/841/838
f 832/835/832 829/842/839 830/843/840
f 832/835/832 830/843/840 834/836/833
f 837/840/837 831/844/841 829/842/839
f 837/840/837 829/842/839 832/835/832
f 831/844/841 839/841/838 833/839/836
f 831/844/841 833/839/836 829/842/839
f 829/842/839 833/839/836 835/838/835
f 829/842/839 835/838/835 830/843/840
f 834/836/833 830/843/840 831/844/841
f 834/836/833 831/844/841 837/840/837
f 830/843/840 835/838/835 839/841/838
f 830/843/840 839/841/838 831/844/841
f 842/647/644 843/646/643 840/845/842
f 842/647/644 840/845/842 841/846/843
f 641/657/654 642/656/653 841/846/843
f 641/657/654 841/846/843 840/845/842
f 644/645/642 641/657/654 840/845/842
f 644/645/642 840/845/842 843/646/643
f 642/656/653 643/644/641 842/647/644
f 642/656/653 842/647/644 841/846/843
f 846/847/844 845/848/845 844/849/846
f 846/847/844 844/849/846 847/850/847
f 852/851/848 851/852/849 846/847/844
f 852/851/848 846/847/844 847/850/847
f 860/853/850 859/854/851 844/849/846
f 860/853/850 844/849/846 845/848/845
f 859/854/851 852/851/848 847/850/847
f 859/854/851 847/850/847 844/849/846
f 851/852/849 860/853/850 845/848/845
f 851/852/849 845/848/845 846/847/844
f 848/855/852 863/856/853 862/857/854
f 848/855/852 862/857/854 849/858/855
f 849/858/855 862/857/854 861/859/856
f 849/858/855 861/859/856 850/860/857
f 850/860/857 861/859/856 860/853/850
f 850/860/857 860/853/850 851/852/849
f 856/861/858 855/862/859 854/863/860
f 856/861/858 854/863/860 857/864/861
f 857/864/861 854/863/860 853/865/862
f 857/864/861 853/865/862 858/866/863
f 858/866/863 853/865/862 852/851/848
f 858/866/863 852/851/848 859/854/851
f 863/856/853 856/861/858 857/864/861
f 863/856/853 857/864/861 862/857/854
f 862/857/854 857/864/861 858/866/863
f 862/857/854 858/866/863 861/859/856
f 861/859/856 858/866/863 859/854/851
f 861/859/856 859/854/851 860/853/850
f 855/862/859 848/855/852 849/858/855
f 855/862/859 849/858/855 854/863/860
f 854/863/860 849/858/855 850/860/857
f 854/863/860 850/860/857 853/865/862
f 853/865/862 850/860/857 851/852/849
f 853/865/862 851/852/849 852/851/848
f 866/867/864 867/868/865 1066/869/866
f 866/867/864 1066/869/866 1065/870/867
f 869/871/868 870/872/869 871/873/870
f 869/871/868 871/873/870 868/874/871
f 873/875/872 871/873/870 870/872/869
f 873/875/872 870/872/869 872/876/873
f 875/877/874 873/875/872 872/876/873
f 875/877/874 872/876/873 874/878/875
f 874/878/875 869/871/868 868/874/871
f 874/878/875 868/874/871 875/877/874
f 868/874/871 871/873/870 865/879/876
f 868/874/871 865/879/876 864/880/877
f 869/871/868 874/878/875 855/862/859
f 869/871/868 855/862/859 856/861/858
f 870/872/869 869/871/868 856/861/858
f 870/872/869 856/861/858 863/856/853
f 875/877/874 868/874/871 864/880/877
f 875/877/874 864/880/877 867/868/865
f 871/873/870 873/875/872 866/867/864
f 871/873/870 866/867/864 865/879/876
f 872/876/873 870/872/869 863/856/853
f 872/876/873 863/856/853 848/855/852
f 873/875/872 875/877/874 867/868/865
f 873/875/872 867/868/865 866/867/864
f 874/878/875 872/876/873 848/855/852
f 874/878/875 848/855/852 855/862/859
f 883/881/878 879/882/879 881/883/880
f 885/884/881 882/885/882 880/886/883
f 883/881/878 881/883/880 884/887/884
f 885/884/881 886/888/885 882/885/882
f 883/881/878 884/887/884 879/882/879
f 885/884/881 880/886/883 886/888/885
f 879/882/879 876/889/886 877/890/887
f 879/882/879 877/890/887 881/883/880
f 884/887/884 878/891/888 876/889/886
f 884/887/884 876/889/886 879/882/879
f 878/891/888 886/888/885 880/886/883
f 878/891/888 880/886/883 876/889/886
f 876/889/886 880/886/883 882/885/882
f 876/889/886 882/885/882 877/890/887
f 881/883/880 877/890/887 878/891/888
f 881/883/880 878/891/888 884/887/884
f 877/890/887 882/885/882 886/888/885
f 877/890/887 886/888/885 878/891/888
f 894/892/889 890/893/890 892/894/891
f 896/895/892 893/896/893 891/897/894
f 894/892/889 892/894/891 895/898/895
f 896/895/892 897/899/896 893/896/893
f 894/892/889 895/898/895 890/893/890
f 896/895/892 891/897/894 897/899/896
f 890/893/890 887/900/897 888/901/898
f 890/893/890 888/901/898 892/894/891
f 895/898/895 889/902/899 887/900/897
f 895/898/895 887/900/897 890/893/890
f 889/902/899 897/899/896 891/897/894
f 889/902/899 891/897/894 887/900/897
f 887/900/897 891/897/894 893/896/893
f 887/900/897 893/896/893 888/901/898
f 892/894/891 888/901/898 889/902/899
f 892/894/891 889/902/899 895/898/895
f 888/901/898 893/896/893 897/899/896
f 888/901/898 897/899/896 889/902/899
f 905/903/900 901/904/901 903/905/902
f 907/906/903 904/907/904 902/908/905
f 905/903/900 903/905/902 906/909/906
f 907/906/903 908/910/907 904/907/904
f 905/903/900 906/909/906 901/904/901
f 907/906/903 902/908/905 908/910/907
f 901/904/901 898/911/908 899/912/909
f 901/904/901 899/912/909 903/905/902
f 906/909/906 900/913/910 898/911/908
f 906/909/906 898/911/908 901/904/901
f 900/913/910 908/910/907 902/908/905
f 900/913/910 902/908/905 898/911/908
f 898/911/908 902/908/905 904/907/904
f 898/911/908 904/907/904 899/912/909
f 903/905/902 899/912/909 900/913/910
f 903/905/902 900/913/910 906/909/906
f 899/912/909 904/907/904 908/910/907
f 899/912/909 908/910/907 900/913/910
f 916/914/911 912/915/912 914/916/913
f 918/917/914 915/918/915 913/919/916
f 916/914/911 914/916/913 917/920/917
f 918/917/914 919/921/918 915/918/915
f 916/914/911 917/920/917 912/915/912
f 918/917/914 913/919/916 919/921/918
f 912/915/912 909/922/919 910/923/920
f 912/915/912 910/923/920 914/916/913
f 917/920/917 911/924/921 909/922/919
f 917/920/917 909/922/919 912/915/912
f 911/924/921 919/921/918 913/919/916
f 911/924/921 913/919/916 909/922/919
f 909/922/919 913/919/916 915/918/915
f 909/922/919 915/918/915 910/923/920
f 914/916/913 910/923/920 911/924/921
f 914/916/913 911/924/921 917/920/917
f 910/923/920 915/918/915 919/921/918
f 910/923/920 919/921/918 911/924/921
f 927/925/922 923/926/923 925/927/924
f 929/928/925 926/929/926 924/930/927
f 927/925/922 925/927/924 928/931/928
f 929/928/925 930/932/929 926/929/926
f 927/925/922 928/931/928 923/926/923
f 929/928/925 924/930/927 930/932/929
f 923/926/923 920/933/930 921/934/931
f 923/926/923 921/934/931 925/927/924
f 928/931/928 922/935/932 920/933/930
f 928/931/928 920/933/930 923/926/923
f 922/935/932 930/932/929 924/930/927
f 922/935/932 924/930/927 920/933/930
f 920/933/930 924/930/927 926/929/926
f 920/933/930 926/929/926 921/934/931
f 925/927/924 921/934/931 922/935/932
f 925/927/924 922/935/932 928/931/928
f 921/934/931 926/929/926 930/932/929
f 921/934/931 930/932/929 922/935/932
f 938/936/933 934/937/934 936/938/935
f 940/939/936 937/940/937 935/941/938
f 938/936/933 936/938/935 939/942/939
f 940/939/936 941/943/940 937/940/937
f 938/936/933 939/942/939 934/937/934
f 940/939/936 935/941/938 941/943/940
f 934/937/934 931/944/941 932/945/942
f 934/937/934 932/945/942 936/938/935
f 939/942/939 933/946/943 931/944/941
f 939/942/939 931/944/941 934/937/934
f 933/946/943 941/943/940 935/941/938
f 933/946/943 935/941/938 931/944/941
f 931/944/941 935/941/938 937/940/937
f 931/944/941 937/940/937 932/945/942
f 936/938/935 932/945/942 933/946/943
f 936/938/935 933/946/943 939/942/939
f 932/945/942 937/940/937 941/943/940
f 932/945/942 941/943/940 933/946/943
f 949/947/944 945/948/945 947/949/946
f 951/950/947 948/951/948 946/952/949
f 949/947/944 947/949/946 950/953/950
f 951/950/947 952/954/951 948/951/948
f 949/947/944 950/953/950 945/948/945
f 951/950/947 946/952/949 952/954/951
f 945/948/945 942/955/952 943/956/953
f 945/948/945 943/956/953 947/949/946
f 950/953/950 944/957/954 942/955/952
f 950/953/950 942/955/952 945/948/945
f 944/957/954 952/954/951 946/952/949
f 944/957/954 946/952/949 942/955/952
f 942/955/952 946/952/949 948/951/948
f 942/955/952 948/951/948 943/956/953
f 947/949/946 943/956/953 944/957/954
f 947/949/946 944/957/954 950/953/950
f 943/956/953 948/951/948 952/954/951
f 943/956/953 952/954/951 944/957/954
f 960/958/955 956/959/956 958/960/957
f 962/961/958 959/962/959 957/963/960
f 960/958/955 958/960/957 961/964/961
f 962/961/958 963/965/962 959/962/959
f 960/958/955 961/964/961 956/959/956
f 962/961/958 957/963/960 963/965/962
f 956/959/956 953/966/963 954/967/964
f 956/959/956 954/967/964 958/960/957
f 961/964/961 955/968/965 953/966/963
f 961/964/961 953/966/963 956/959/956
f 955/968/965 963/965/962 957/963/960
f 955/968/965 957/963/960 953/966/963
f 953/966/963 957/963/960 959/962/959
f 953/966/963 959/962/959 954/967/964
f 958/960/957 954/967/964 955/968/965
f 958/960/957 955/968/965 961/964/961
f 954/967/964 959/962/959 963/965/962
f 954/967/964 963/965/962 955/968/965
f 971/969/966 967/970/967 969/971/968
f 973/972/969 970/973/970 968/974/971
f 971/969/966 969/971/968 972/975/972
f 973/972/969 974/976/973 970/973/970
f 971/969/966 972/975/972 967/970/967
f 973/972/969 968/974/971 974/976/973
f 967/970/967 964/977/974 965/978/975
f 967/970/967 965/978/975 969/971/968
f 972/975/972 966/979/976 964/977/974
f 972/975/972 964/977/974 967/970/967
f 966/979/976 974/976/973 968/974/971
f 966/979/976 968/974/971 964/977/974
f 964/977/974 968/974/971 970/973/970
f 964/977/974 970/973/970 965/978/975
f 969/971/968 965/978/975 966/979/976
f 969/971/968 966/979/976 972/975/972
f 965/978/975 970/973/970 974/976/973
f 965/978/975 974/976/973 966/979/976
f 982/980/977 978/981/978 980/982/979
f 984/983/980 981/984/981 979/985/982
f 982/980/977 980/982/979 983/986/983
f 984/983/980 985/987/984 981/984/981
f 982/980/977 983/986/983 978/981/978
f 984/983/980 979/985/982 985/987/984
f 978/981/978 975/988/985 976/989/986
f 978/981/978 976/989/986 980/982/979
f 983/986/983 977/990/987 975/988/985
f 983/986/983 975/988/985 978/981/978
f 977/990/987 985/987/984 979/985/982
f 977/990/987 979/985/982 975/988/985
f 975/988/985 979/985/982 981/984/981
f 975/988/985 981/984/981 976/989/986
f 980/982/979 976/989/986 977/990/987
f 980/982/979 977/990/987 983/986/983
f 976/989/986 981/984/981 985/987/984
f 976/989/986 985/987/984 977/990/987
f 993/991/988 989/992/989 991/993/990
f 995/994/991 992/995/992 990/996/993
f 993/991/988 991/993/990 994/997/994
f 995/994/991 996/998/995 992/995/992
f 993/991/988 994/997/994 989/992/989
f 995/994/991 990/996/993 996/998/995
f 989/992/989 986/999/996 987/1000/997
f 989/992/989 987/1000/997 991/993/990
f 994/997/994 988/1001/998 986/999/996
f 994/997/994 986/999/996 989/992/989
f 988/1001/998 996/998/995 990/996/993
f 988/1001/998 990/996/993 986/999/996
f 986/999/996 990/996/993 992/995/992
f 986/999/996 992/995/992 987/1000/997
f 991/993/990 987/1000/997 988/1001/998
f 991/993/990 988/1001/998 994/997/994
f 987/1000/997 992/995/992 996/998/995
f 987/1000/997 996/998/995 988/1001/998
f 1004/1002/999 1000/1003/1000 1002/1004/1001
f 1006/1005/1002 1003/1006/1003 1001/1007/1004
f 1004/1002/999 1002/1004/1001 1005/1008/1005
f 1006/1005/1002 1007/1009/1006 1003/1006/1003
f 1004/1002/999 1005/1008/1005 1000/1003/1000
f 1006/1005/1002 1001/1007/1004 1007/1009/1006
f 1000/1003/1000 997/1010/1007 998/1011/1008
f 1000/1003/1000 998/1011/1008 1002/1004/1001
f 1005/1008/1005 999/1012/1009 997/1010/1007
f 1005/1008/1005 997/1010/1007 1000/1003/1000
f 999/1012/1009 1007/1009/1006 1001/1007/1004
f 999/1012/1009 1001/1007/1004 997/1010/1007
f 997/1010/1007 1001/1007/1004 1003/1006/1003
f 997/1010/1007 1003/1006/1003 998/1011/1008
f 1002/1004/1001 998/1011/1008 999/1012/1009
f 1002/1004/1001 999/1012/1009 1005/1008/1005
f 998/1011/1008 1003/1006/1003 1007/1009/1006
f 998/1011/1008 1007/1009/1006 999/1012/1009
f 1015/1013/1010 1011/1014/1011 1013/1015/1012
f 1017/1016/1013 1014/1017/1014 1012/1018/1015
f 1015/1013/1010 1013/1015/1012 1016/1019/1016
f 1017/1016/1013 1018/1020/1017 1014/1017/1014
f 1015/1013/1010 1016/1019/1016 1011/1014/1011
f 1017/1016/1013 1012/1018/1015 1018/1020/1017
f 1011/1014/1011 1008/1021/1018 1009/1022/1019
f 1011/1014/1011 1009/1022/1019 1013/1015/1012
f 1016/1019/1016 1010/1023/1020 1008/1021/1018
f 1016/1019/1016 1008/1021/1018 1011/1014/1011
f 1010/1023/1020 1018/1020/1017 1012/1018/1015
f 1010/1023/1020 1012/1018/1015 1008/1021/1018
f 1008/1021/1018 1012/1018/1015 1014/1017/1014
f 1008/1021/1018 1014/1017/1014 1009/1022/1019
f 1013/1015/1012 1009/1022/1019 1010/1023/1020
f 1013/1015/1012 1010/1023/1020 1016/1019/1016
f 1009/1022/1019 1014/1017/1014 1018/1020/1017
f 1009/1022/1019 1018/1020/1017 1010/1023/1020
f 1026/1024/1021 1022/1025/1022 1024/1026/1023
f 1028/1027/1024 1025/1028/1025 1023/1029/1026
f 1026/1024/1021 1024/1026/1023 1027/1030/1027
f 1028/1027/1024 1029/1031/1028 1025/1028/1025
f 1026/1024/1021 1027/1030/1027 1022/1025/1022
f 1028/1027/1024 1023/1029/1026 1029/1031/1028
f 1022/1025/1022 1019/1032/1029 1020/1033/1030
f 1022/1025/1022 1020/1033/1030 1024/1026/1023
f 1027/1030/1027 1021/1034/1031 1019/1032/1029
f 1027/1030/1027 1019/1032/1029 1022/1025/1022
f 1021/1034/1031 1029/1031/1028 1023/1029/1026
f 1021/1034/1031 1023/1029/1026 1019/1032/1029
f 1019/1032/1029 1023/1029/1026 1025/1028/1025
f 1019/1032/1029 1025/1028/1025 1020/1033/1030
f 1024/1026/1023 1020/1033/1030 1021/1034/1031
f 1024/1026/1023 1021/1034/1031 1027/1030/1027
f 1020/1033/1030 1025/1028/1025 1029/1031/1028
f 1020/1033/1030 1029/1031/1028 1021/1034/1031
f 1037/1035/1032 1033/1036/1033 1035/1037/1034
f 1039/1038/1035 1036/1039/1036 1034/1040/1037
f 1037/1035/1032 1035/1037/1034 1038/1041/1038
f 1039/1038/1035 1040/1042/1039 1036/1039/1036
f 1037/1035/1032 1038/1041/1038 1033/1036/1033
f 1039/1038/1035 1034/1040/1037 1040/1042/1039
f 1033/1036/1033 1030/1043/1040 1031/1044/1041
f 1033/1036/1033 1031/1044/1041 1035/1037/1034
f 1038/1041/1038 1032/1045/1042 1030/1043/1040
f 1038/1041/1038 1030/1043/1040 1033/1036/1033
f 1032/1045/1042 1040/1042/1039 1034/1040/1037
f 1032/1045/1042 1034/1040/1037 1030/1043/1040
f 1030/1043/1040 1034/1040/1037 1036/1039/1036
f 1030/1043/1040 1036/1039/1036 1031/1044/1041
f 1035/1037/1034 1031/1044/1041 1032/1045/1042
f 1035/1037/1034 1032/1045/1042 1038/1041/1038
f 1031/1044/1041 1036/1039/1036 1040/1042/1039
f 1031/1044/1041 1040/1042/1039 1032/1045/1042
f 1048/1046/1043 1044/1047/1044 1046/1048/1045
f 1050/1049/1046 1047/1050/1047 1045/1051/1048
f 1048/1046/1043 1046/1048/1045 1049/1052/1049
f 1050/1049/1046 1051/1053/1050 1047/1050/1047
f 1048/1046/1043 1049/1052/1049 1044/1047/1044
f 1050/1049/1046 1045/1051/1048 1051/1053/1050
f 1044/1047/1044 1041/1054/1051 1042/1055/1052
f 1044/1047/1044 1042/1055/1052 1046/1048/1045
f 1049/1052/1049 1043/1056/1053 1041/1054/1051
f 1049/1052/1049 1041/1054/1051 1044/1047/1044
f 1043/1056/1053 1051/1053/1050 1045/1051/1048
f 1043/1056/1053 1045/1051/1048 1041/1054/1051
f 1041/1054/1051 1045/1051/1048 1047/1050/1047
f 1041/1054/1051 1047/1050/1047 1042/1055/1052
f 1046/1048/1045 1042/1055/1052 1043/1056/1053
f 1046/1048/1045 1043/1056/1053 1049/1052/1049
f 1042/1055/1052 1047/1050/1047 1051/1053/1050
f 1042/1055/1052 1051/1053/1050 1043/1056/1053
f 1059/1057/1054 1055/1058/1055 1057/1059/1056
f 1061/1060/1057 1058/1061/1058 1056/1062/1059
f 1059/1057/1054 1057/1059/1056 1060/1063/1060
f 1061/1060/1057 1062/1064/1061 1058/1061/1058
f 1059/1057/1054 1060/1063/1060 1055/1058/1055
f 1061/1060/1057 1056/1062/1059 1062/1064/1061
f 1055/1058/1055 1052/1065/1062 1053/1066/1063
f 1055/1058/1055 1053/1066/1063 1057/1059/1056
f 1060/1063/1060 1054/1067/1064 1052/1065/1062
f 1060/1063/1060 1052/1065/1062 1055/1058/1055
f 1054/1067/1064 1062/1064/1061 1056/1062/1059
f 1054/1067/1064 1056/1062/1059 1052/1065/1062
f 1052/1065/1062 1056/1062/1059 1058/1061/1058
f 1052/1065/1062 1058/1061/1058 1053/1066/1063
f 1057/1059/1056 1053/1066/1063 1054/1067/1064
f 1057/1059/1056 1054/1067/1064 1060/1063/1060
f 1053/1066/1063 1058/1061/1058 1062/1064/1061
f 1053/1066/1063 1062/1064/1061 1054/1067/1064
f 1065/870/867 1066/869/866 1063/1068/1065
f 1065/870/867 1063/1068/1065 1064/1069/1066
f 864/880/877 865/879/876 1064/1069/1066
f 864/880/877 1064/1069/1066 1063/1068/1065
f 867/868/865 864/880/877 1063/1068/1065
f 867/868/865 1063/1068/1065 1066/869/866
f 865/879/876 866/867/864 1065/870/867
f 865/879/876 1065/870/867 1064/1069/1066
f 1069/1070/1067 1068/1071/1068 1067/1072/1069
f 1069/1070/1067 1067/1072/1069 1070/1073/1070
f 1075/1074/1071 1074/1075/1072 1069/1070/1067
f 1075/1074/1071 1069/1070/1067 1070/1073/1070
f 1083/1076/1073 1082/1077/1074 1067/1072/1069
f 1083/1076/1073 1067/1072/1069 1068/1071/1068
f 1082/1077/1074 1075/1074/1071 1070/1073/1070
f 1082/1077/1074 1070/1073/1070 1067/1072/1069
f 1074/1075/1072 1083/1076/1073 1068/1071/1068
f 1074/1075/1072 1068/1071/1068 1069/1070/1067
f 1071/1078/1075 1086/1079/1076 1085/1080/1077
f 1071/1078/1075 1085/1080/1077 1072/1081/1078
f 1072/1081/1078 1085/1080/1077 1084/1082/1079
f 1072/1081/1078 1084/1082/1079 1073/1083/1080
f 1073/1083/1080 1084/1082/1079 1083/1076/1073
f 1073/1083/1080 1083/1076/1073 1074/1075/1072
f 1079/1084/1081 1078/1085/1082 1077/1086/1083
f 1079/1084/1081 1077/1086/1083 1080/1087/1084
f 1080/1087/1084 1077/1086/1083 1076/1088/1085
f 1080/1087/1084 1076/1088/1085 1081/1089/1086
f 1081/1089/1086 1076/1088/1085 1075/1074/1071
f 1081/1089/1086 1075/1074/1071 1082/1077/1074
f 1086/1079/1076 1079/1084/1081 1080/1087/1084
f 1086/1079/1076 1080/1087/1084 1085/1080/1077
f 1085/1080/1077 1080/1087/1084 1081/1089/1086
f 1085/1080/1077 1081/1089/1086 1084/1082/1079
f 1084/1082/1079 1081/1089/1086 1082/1077/1074
f 1084/1082/1079 1082/1077/1074 1083/1076/1073
f 1078/1085/1082 1071/1078/1075 1072/1081/1078
f 1078/1085/1082 1072/1081/1078 1077/1086/1083
f 1077/1086/1083 1072/1081/1078 1073/1083/1080
f 1077/1086/1083 1073/1083/1080 1076/1088/1085
f 1076/1088/1085 1073/1083/1080 1074/1075/1072
f 1076/1088/1085 1074/1075/1072 1075/1074/1071
f 1089/1090/1087 1090/1091/1088 1300/1092/1089
f 1089/1090/1087 1300/1092/1089 1299/1093/1090
f 1092/1094/1091 1093/1095/1092 1094/1096/1093
f 1092/1094/1091 1094/1096/1093 1091/1097/1094
f 1096/1098/1095 1094/1096/1093 1093/1095/1092
f 1096/1098/1095 1093/1095/1092 1095/1099/1096
f 1098/1100/1097 1096/1098/1095 1095/1099/1096
f 1098/1100/1097 1095/1099/1096 1097/1101/1098
f 1097/1101/1098 1092/1094/1091 1091/1097/1094
f 1097/1101/1098 1091/1097/1094 1098/1100/1097
f 1091/1097/1094 1094/1096/1093 1088/1102/1099
f 1091/1097/1094 1088/1102/1099 1087/1103/1100
f 1092/1094/1091 1097/1101/1098 1078/1085/1082
f 1092/1094/1091 1078/1085/1082 1079/1084/1081
f 1093/1095/1092 1092/1094/1091 1079/1084/1081
f 1093/1095/1092 1079/1084/1081 1086/1079/1076
f 1098/1100/1097 1091/1097/1094 1087/1103/1100
f 1098/1100/1097 1087/1103/1100 1090/1091/1088
f 1094/1096/1093 1096/1098/1095 1089/1090/1087
f 1094/1096/1093 1089/1090/1087 1088/1102/1099
f 1095/1104/1096 1093/1105/1092 1086/1106/1076
f 1095/1104/1096 1086/1106/1076 1071/1107/1075
f 1096/1098/1095 1098/1100/1097 1090/1091/1088
f 1096/1098/1095 1090/1091/1088 1089/1090/1087
f 1097/1101/1098 1095/1099/1096 1071/1078/1075
f 1097/1101/1098 1071/1078/1075 1078/1085/1082
f 1106/1108/1101 1102/1109/1102 1104/1110/1103
f 1108/1111/1104 1105/1112/1105 1103/1113/1106
f 1106/1108/1101 1104/1110/1103 1107/1114/1107
f 1108/1111/1104 1109/1115/1108 1105/1112/1105
f 1106/1108/1101 1107/1114/1107 1102/1109/1102
f 1108/1111/1104 1103/1113/1106 1109/1115/1108
f 1102/1109/1102 1099/1116/1109 1100/1117/1110
f 1102/1109/1102 1100/1117/1110 1104/1110/1103
f 1107/1114/1107 1101/1118/1111 1099/1116/1109
f 1107/1114/1107 1099/1116/1109 1102/1109/1102
f 1101/1118/1111 1109/1115/1108 1103/1113/1106
f 1101/1118/1111 1103/1113/1106 1099/1116/1109
f 1099/1116/1109 1103/1113/1106 1105/1112/1105
f 1099/1116/1109 1105/1112/1105 1100/1117/1110
f 1104/1110/1103 1100/1117/1110 1101/1118/1111
f 1104/1110/1103 1101/1118/1111 1107/1114/1107
f 1100/1117/1110 1105/1112/1105 1109/1115/1108
f 1100/1117/1110 1109/1115/1108 1101/1118/1111
f 1117/1119/1112 1113/1120/1113 1115/1121/1114
f 1119/1122/1115 1116/1123/1116 1114/1124/1117
f 1117/1119/1112 1115/1121/1114 1118/1125/1118
f 1119/1122/1115 1120/1126/1119 1116/1123/1116
f 1117/1119/1112 1118/1125/1118 1113/1120/1113
f 1119/1122/1115 1114/1124/1117 1120/1126/1119
f 1113/1120/1113 1110/1127/1120 1111/1128/1121
f 1113/1120/1113 1111/1128/1121 1115/1121/1114
f 1118/1125/1118 1112/1129/1122 1110/1127/1120
f 1118/1125/1118 1110/1127/1120 1113/1120/1113
f 1112/1129/1122 1120/1126/1119 1114/1124/1117
f 1112/1129/1122 1114/1124/1117 1110/1127/1120
f 1110/1127/1120 1114/1124/1117 1116/1123/1116
f 1110/1127/1120 1116/1123/1116 1111/1128/1121
f 1115/1121/1114 1111/1128/1121 1112/1129/1122
f 1115/1121/1114 1112/1129/1122 1118/1125/1118
f 1111/1128/1121 1116/1123/1116 1120/1126/1119
f 1111/1128/1121 1120/1126/1119 1112/1129/1122
f 1128/1130/1123 1124/1131/1124 1126/1132/1125
f 1130/1133/1126 1127/1134/1127 1125/1135/1128
f 1128/1130/1123 1126/1132/1125 1129/1136/1129
f 1130/1133/1126 1131/1137/1130 1127/1134/1127
f 1128/1130/1123 1129/1136/1129 1124/1131/1124
f 1130/1133/1126 1125/1135/1128 1131/1137/1130
f 1124/1131/1124 1121/1138/1131 1122/1139/1132
f 1124/1131/1124 1122/1139/1132 1126/1132/1125
f 1129/1136/1129 1123/1140/1133 1121/1138/1131
f 1129/1136/1129 1121/1138/1131 1124/1131/1124
f 1123/1140/1133 1131/1137/1130 1125/1135/1128
f 1123/1140/1133 1125/1135/1128 1121/1138/1131
f 1121/1138/1131 1125/1135/1128 1127/1134/1127
f 1121/1138/1131 1127/1134/1127 1122/1139/1132
f 1126/1132/1125 1122/1139/1132 1123/1140/1133
f 1126/1132/1125 1123/1140/1133 1129/1136/1129
f 1122/1139/1132 1127/1134/1127 1131/1137/1130
f 1122/1139/1132 1131/1137/1130 1123/1140/1133
f 1139/1141/1134 1135/1142/1135 1137/1143/1136
f 1141/1144/1137 1138/1145/1138 1136/1146/1139
f 1139/1141/1134 1137/1143/1136 1140/1147/1140
f 1141/1144/1137 1142/1148/1141 1138/1145/1138
f 1139/1141/1134 1140/1147/1140 1135/1142/1135
f 1141/1144/1137 1136/1146/1139 1142/1148/1141
f 1135/1142/1135 1132/1149/1142 1133/1150/1143
f 1135/1142/1135 1133/1150/1143 1137/1143/1136
f 1140/1147/1140 1134/1151/1144 1132/1149/1142
f 1140/1147/1140 1132/1149/1142 1135/1142/1135
f 1134/1151/1144 1142/1148/1141 1136/1146/1139
f 1134/1151/1144 1136/1146/1139 1132/1149/1142
f 1132/1149/1142 1136/1146/1139 1138/1145/1138
f 1132/1149/1142 1138/1145/1138 1133/1150/1143
f 1137/1143/1136 1133/1150/1143 1134/1151/1144
f 1137/1143/1136 1134/1151/1144 1140/1147/1140
f 1133/1150/1143 1138/1145/1138 1142/1148/1141
f 1133/1150/1143 1142/1148/1141 1134/1151/1144
f 1150/1152/1145 1146/1153/1146 1148/1154/1147
f 1152/1155/1148 1149/1156/1149 1147/1157/1150
f 1150/1152/1145 1148/1154/1147 1151/1158/1151
f 1152/1155/1148 1153/1159/1152 1149/1156/1149
f 1150/1152/1145 1151/1158/1151 1146/1153/1146
f 1152/1155/1148 1147/1157/1150 1153/1159/1152
f 1146/1153/1146 1143/1160/1153 1144/1161/1154
f 1146/1153/1146 1144/1161/1154 1148/1154/1147
f 1151/1158/1151 1145/1162/1155 1143/1160/1153
f 1151/1158/1151 1143/1160/1153 1146/1153/1146
f 1145/1162/1155 1153/1159/1152 1147/1157/1150
f 1145/1162/1155 1147/1157/1150 1143/1160/1153
f 1143/1160/1153 1147/1157/1150 1149/1156/1149
f 1143/1160/1153 1149/1156/1149 1144/1161/1154
f 1148/1154/1147 1144/1161/1154 1145/1162/1155
f 1148/1154/1147 1145/1162/1155 1151/1158/1151
f 1144/1161/1154 1149/1156/1149 1153/1159/1152
f 1144/1161/1154 1153/1159/1152 1145/1162/1155
f 1161/1163/1156 1157/1164/1157 1159/1165/1158
f 1163/1166/1159 1160/1167/1160 1158/1168/1161
f 1161/1163/1156 1159/1165/1158 1162/1169/1162
f 1163/1166/1159 1164/1170/1163 1160/1167/1160
f 1161/1163/1156 1162/1169/1162 1157/1164/1157
f 1163/1166/1159 1158/1168/1161 1164/1170/1163
f 1157/1164/1157 1154/1171/1164 1155/1172/1165
f 1157/1164/1157 1155/1172/1165 1159/1165/1158
f 1162/1169/1162 1156/1173/1166 1154/1171/1164
f 1162/1169/1162 1154/1171/1164 1157/1164/1157
f 1156/1173/1166 1164/1170/1163 1158/1168/1161
f 1156/1173/1166 1158/1168/1161 1154/1171/1164
f 1154/1171/1164 1158/1168/1161 1160/1167/1160
f 1154/1171/1164 1160/1167/1160 1155/1172/1165
f 1159/1165/1158 1155/1172/1165 1156/1173/1166
f 1159/1165/1158 1156/1173/1166 1162/1169/1162
f 1155/1172/1165 1160/1167/1160 1164/1170/1163
f 1155/1172/1165 1164/1170/1163 1156/1173/1166
f 1172/1174/1167 1168/1175/1168 1170/1176/1169
f 1174/1177/1170 1171/1178/1171 1169/1179/1172
f 1172/1180/1167 1170/1181/1169 1173/1182/1173
f 1174/1177/1170 1175/1183/1174 1171/1178/1171
f 1172/1180/1167 1173/1182/1173 1168/1184/1168
f 1174/1177/1170 1169/1179/1172 1175/1183/1174
f 1168/1184/1168 1165/1185/1175 1166/1186/1176
f 1168/1184/1168 1166/1186/1176 1170/1181/1169
f 1173/1182/1173 1167/1187/1177 1165/1185/1175
f 1173/1182/1173 1165/1185/1175 1168/1184/1168
f 1167/1187/1177 1175/1183/1174 1169/1179/1172
f 1167/1187/1177 1169/1179/1172 1165/1185/1175
f 1165/1185/1175 1169/1179/1172 1171/1178/1171
f 1165/1185/1175 1171/1178/1171 1166/1186/1176
f 1170/1181/1169 1166/1186/1176 1167/1187/1177
f 1170/1181/1169 1167/1187/1177 1173/1182/1173
f 1166/1186/1176 1171/1178/1171 1175/1183/1174
f 1166/1186/1176 1175/1183/1174 1167/1187/1177
f 1183/1188/1178 1179/1189/1179 1181/1190/1180
f 1185/1191/1181 1182/1192/1182 1180/1193/1183
f 1183/1188/1178 1181/1190/1180 1184/1194/1184
f 1185/1191/1181 1186/1195/1185 1182/1192/1182
f 1183/1188/1178 1184/1194/1184 1179/1189/1179
f 1185/1191/1181 1180/1193/1183 1186/1195/1185
f 1179/1189/1179 1176/1196/1186 1177/1197/1187
f 1179/1189/1179 1177/1197/1187 1181/1190/1180
f 1184/1194/1184 1178/1198/1188 1176/1196/1186
f 1184/1194/1184 1176/1196/1186 1179/1189/1179
f 1178/1198/1188 1186/1195/1185 1180/1193/1183
f 1178/1198/1188 1180/1193/1183 1176/1196/1186
f 1176/1196/1186 1180/1193/1183 1182/1192/1182
f 1176/1196/1186 1182/1192/1182 1177/1197/1187
f 1181/1190/1180 1177/1197/1187 1178/1198/1188
f 1181/1190/1180 1178/1198/1188 1184/1194/1184
f 1177/1197/1187 1182/1192/1182 1186/1195/1185
f 1177/1197/1187 1186/1195/1185 1178/1198/1188
f 1194/1199/1189 1190/1200/1190 1192/1201/1191
f 1196/1202/1192 1193/1203/1193 1191/1204/1194
f 1194/1199/1189 1192/1201/1191 1195/1205/1195
f 1196/1202/1192 1197/1206/1196 1193/1203/1193
f 1194/1199/1189 1195/1205/1195 1190/1200/1190
f 1196/1202/1192 1191/1204/1194 1197/1206/1196
f 1190/1200/1190 1187/1207/1197 1188/1208/1198
f 1190/1200/1190 1188/1208/1198 1192/1201/1191
f 1195/1205/1195 1189/1209/1199 1187/1207/1197
f 1195/1205/1195 1187/1207/1197 1190/1200/1190
f 1189/1209/1199 1197/1206/1196 1191/1204/1194
f 1189/1209/1199 1191/1204/1194 1187/1207/1197
f 1187/1207/1197 1191/1204/1194 1193/1203/1193
f 1187/1207/1197 1193/1203/1193 1188/1208/1198
f 1192/1201/1191 1188/1208/1198 1189/1209/1199
f 1192/1201/1191 1189/1209/1199 1195/1205/1195
f 1188/1208/1198 1193/1203/1193 1197/1206/1196
f 1188/1208/1198 1197/1206/1196 1189/1209/1199
f 1205/1210/1200 1201/1211/1201 1203/1212/1202
f 1207/1213/1203 1204/1214/1204 1202/1215/1205
f 1205/1210/1200 1203/1212/1202 1206/1216/1206
f 1207/1213/1203 1208/1217/1207 1204/1214/1204
f 1205/1210/1200 1206/1216/1206 1201/1211/1201
f 1207/1213/1203 1202/1215/1205 1208/1217/1207
f 1201/1211/1201 1198/1218/1208 1199/1219/1209
f 1201/1211/1201 1199/1219/1209 1203/1212/1202
f 1206/1216/1206 1200/1220/1210 1198/1218/1208
f 1206/1216/1206 1198/1218/1208 1201/1211/1201
f 1200/1220/1210 1208/1217/1207 1202/1215/1205
f 1200/1220/1210 1202/1215/1205 1198/1218/1208
f 1198/1218/1208 1202/1215/1205 1204/1214/1204
f 1198/1218/1208 1204/1214/1204 1199/1219/1209
f 1203/1212/1202 1199/1219/1209 1200/1220/1210
f 1203/1212/1202 1200/1220/1210 1206/1216/1206
f 1199/1219/1209 1204/1214/1204 1208/1217/1207
f 1199/1219/1209 1208/1217/1207 1200/1220/1210
f 1216/1221/1211 1212/1222/1212 1214/1223/1213
f 1218/1224/1214 1215/1225/1215 1213/1226/1216
f 1216/1221/1211 1214/1223/1213 1217/1227/1217
f 1218/1224/1214 1219/1228/1218 1215/1225/1215
f 1216/1221/1211 1217/1227/1217 1212/1222/1212
f 1218/1224/1214 1213/1226/1216 1219/1228/1218
f 1212/1222/1212 1209/1229/1219 1210/1230/1220
f 1212/1222/1212 1210/1230/1220 1214/1223/1213
f 1217/1227/1217 1211/1231/1221 1209/1229/1219
f 1217/1227/1217 1209/1229/1219 1212/1222/1212
f 1211/1231/1221 1219/1228/1218 1213/1226/1216
f 1211/1231/1221 1213/1226/1216 1209/1229/1219
f 1209/1229/1219 1213/1226/1216 1215/1225/1215
f 1209/1229/1219 1215/1225/1215 1210/1230/1220
f 1214/1223/1213 1210/1230/1220 1211/1231/1221
f 1214/1223/1213 1211/1231/1221 1217/1227/1217
f 1210/1230/1220 1215/1225/1215 1219/1228/1218
f 1210/1230/1220 1219/1228/1218 1211/1231/1221
f 1227/1232/1222 1223/1233/1223 1225/1234/1224
f 1229/1235/1225 1226/1236/1226 1224/1237/1227
f 1227/1232/1222 1225/1234/1224 1228/1238/1228
f 1229/1235/1225 1230/1239/1229 1226/1236/1226
f 1227/1232/1222 1228/1238/1228 1223/1233/1223
f 1229/1235/1225 1224/1237/1227 1230/1239/1229
f 1223/1233/1223 1220/1240/1230 1221/1241/1231
f 1223/1233/1223 1221/1241/1231 1225/1234/1224
f 1228/1238/1228 1222/1242/1232 1220/1240/1230
f 1228/1238/1228 1220/1240/1230 1223/1233/1223
f 1222/1242/1232 1230/1239/1229 1224/1237/1227
f 1222/1242/1232 1224/1237/1227 1220/1240/1230
f 1220/1240/1230 1224/1237/1227 1226/1236/1226
f 1220/1240/1230 1226/1236/1226 1221/1241/1231
f 1225/1234/1224 1221/1241/1231 1222/1242/1232
f 1225/1234/1224 1222/1242/1232 1228/1238/1228
f 1221/1241/1231 1226/1236/1226 1230/1239/1229
f 1221/1241/1231 1230/1239/1229 1222/1242/1232
f 1238/1243/1233 1234/1244/1234 1236/1245/1235
f 1240/1246/1236 1237/1247/1237 1235/1248/1238
f 1238/1243/1233 1236/1245/1235 1239/1249/1239
f 1240/1246/1236 1241/1250/1240 1237/1247/1237
f 1238/1243/1233 1239/1249/1239 1234/1244/1234
f 1240/1246/1236 1235/1248/1238 1241/1250/1240
f 1234/1244/1234 1231/1251/1241 1232/1252/1242
f 1234/1244/1234 1232/1252/1242 1236/1245/1235
f 1239/1249/1239 1233/1253/1243 1231/1251/1241
f 1239/1249/1239 1231/1251/1241 1234/1244/1234
f 1233/1253/1243 1241/1250/1240 1235/1248/1238
f 1233/1253/1243 1235/1248/1238 1231/1251/1241
f 1231/1251/1241 1235/1248/1238 1237/1247/1237
f 1231/1251/1241 1237/1247/1237 1232/1252/1242
f 1236/1245/1235 1232/1252/1242 1233/1253/1243
f 1236/1245/1235 1233/1253/1243 1239/1249/1239
f 1232/1252/1242 1237/1247/1237 1241/1250/1240
f 1232/1252/1242 1241/1250/1240 1233/1253/1243
f 1249/1254/1244 1245/1255/1245 1247/1256/1246
f 1251/1257/1247 1248/1258/1248 1246/1259/1249
f 1249/1254/1244 1247/1256/1246 1250/1260/1250
f 1251/1257/1247 1252/1261/1251 1248/1258/1248
f 1249/1254/1244 1250/1260/1250 1245/1255/1245
f 1251/1257/1247 1246/1259/1249 1252/1261/1251
f 1245/1255/1245 1242/1262/1252 1243/1263/1253
f 1245/1255/1245 1243/1263/1253 1247/1256/1246
f 1250/1260/1250 1244/1264/1254 1242/1262/1252
f 1250/1260/1250 1242/1262/1252 1245/1255/1245
f 1244/1264/1254 1252/1261/1251 1246/1259/1249
f 1244/1264/1254 1246/1259/1249 1242/1262/1252
f 1242/1262/1252 1246/1259/1249 1248/1258/1248
f 1242/1262/1252 1248/1258/1248 1243/1263/1253
f 1247/1256/1246 1243/1263/1253 1244/1264/1254
f 1247/1256/1246 1244/1264/1254 1250/1260/1250
f 1243/1263/1253 1248/1258/1248 1252/1261/1251
f 1243/1263/1253 1252/1261/1251 1244/1264/1254
f 1260/1265/1255 1256/1266/1256 1258/1267/1257
f 1262/1268/1258 1259/1269/1259 1257/1270/1260
f 1260/1265/1255 1258/1267/1257 1261/1271/1261
f 1262/1268/1258 1263/1272/1262 1259/1269/1259
f 1260/1265/1255 1261/1271/1261 1256/1266/1256
f 1262/1268/1258 1257/1270/1260 1263/1272/1262
f 1256/1266/1256 1253/1273/1263 1254/1274/1264
f 1256/1266/1256 1254/1274/1264 1258/1267/1257
f 1261/1271/1261 1255/1275/1265 1253/1273/1263
f 1261/1271/1261 1253/1273/1263 1256/1266/1256
f 1255/1275/1265 1263/1272/1262 1257/1270/1260
f 1255/1275/1265 1257/1270/1260 1253/1273/1263
f 1253/1273/1263 1257/1270/1260 1259/1269/1259
f 1253/1273/1263 1259/1269/1259 1254/1274/1264
f 1258/1267/1257 1254/1274/1264 1255/1275/1265
f 1258/1267/1257 1255/1275/1265 1261/1271/1261
f 1254/1274/1264 1259/1269/1259 1263/1272/1262
f 1254/1274/1264 1263/1272/1262 1255/1275/1265
f 1271/1276/1266 1267/1277/1267 1269/1278/1268
f 1273/1279/1269 1270/1280/1270 1268/1281/1271
f 1271/1276/1266 1269/1278/1268 1272/1282/1272
f 1273/1279/1269 1274/1283/1273 1270/1280/1270
f 1271/1276/1266 1272/1282/1272 1267/1277/1267
f 1273/1279/1269 1268/1281/1271 1274/1283/1273
f 1267/1277/1267 1264/1284/1274 1265/1285/1275
f 1267/1277/1267 1265/1285/1275 1269/1278/1268
f 1272/1282/1272 1266/1286/1276 1264/1284/1274
f 1272/1282/1272 1264/1284/1274 1267/1277/1267
f 1266/1286/1276 1274/1283/1273 1268/1281/1271
f 1266/1286/1276 1268/1281/1271 1264/1284/1274
f 1264/1284/1274 1268/1281/1271 1270/1280/1270
f 1264/1284/1274 1270/1280/1270 1265/1285/1275
f 1269/1278/1268 1265/1285/1275 1266/1286/1276
f 1269/1278/1268 1266/1286/1276 1272/1282/1272
f 1265/1285/1275 1270/1280/1270 1274/1283/1273
f 1265/1285/1275 1274/1283/1273 1266/1286/1276
f 1282/1287/1277 1278/1288/1278 1280/1289/1279
f 1284/1290/1280 1281/1291/1281 1279/1292/1282
f 1282/1287/1277 1280/1289/1279 1283/1293/1283
f 1284/1290/1280 1285/1294/1284 1281/1291/1281
f 1282/1287/1277 1283/1293/1283 1278/1288/1278
f 1284/1290/1280 1279/1292/1282 1285/1294/1284
f 1278/1288/1278 1275/1295/1285 1276/1296/1286
f 1278/1288/1278 1276/1296/1286 1280/1289/1279
f 1283/1293/1283 1277/1297/1287 1275/1295/1285
f 1283/1293/1283 1275/1295/1285 1278/1288/1278
f 1277/1297/1287 1285/1294/1284 1279/1292/1282
f 1277/1297/1287 1279/1292/1282 1275/1295/1285
f 1275/1295/1285 1279/1292/1282 1281/1291/1281
f 1275/1295/1285 1281/1291/1281 1276/1296/1286
f 1280/1289/1279 1276/1296/1286 1277/1297/1287
f 1280/1289/1279 1277/1297/1287 1283/1293/1283
f 1276/1296/1286 1281/1291/1281 1285/1294/1284
f 1276/1296/1286 1285/1294/1284 1277/1297/1287
f 1293/1298/1288 1289/1299/1289 1291/1300/1290
f 1295/1301/1291 1292/1302/1292 1290/1303/1293
f 1293/1298/1288 1291/1300/1290 1294/1304/1294
f 1295/1301/1291 1296/1305/1295 1292/1302/1292
f 1293/1298/1288 1294/1304/1294 1289/1299/1289
f 1295/1301/1291 1290/1303/1293 1296/1305/1295
f 1289/1299/1289 1286/1306/1296 1287/1307/1297
f 1289/1299/1289 1287/1307/1297 1291/1300/1290
f 1294/1304/1294 1288/1308/1298 1286/1306/1296
f 1294/1304/1294 1286/1306/1296 1289/1299/1289
f 1288/1308/1298 1296/1305/1295 1290/1303/1293
f 1288/1308/1298 1290/1303/1293 1286/1306/1296
f 1286/1306/1296 1290/1303/1293 1292/1302/1292
f 1286/1306/1296 1292/1302/1292 1287/1307/1297
f 1291/1300/1290 1287/1307/1297 1288/1308/1298
f 1291/1300/1290 1288/1308/1298 1294/1304/1294
f 1287/1307/1297 1292/1302/1292 1296/1305/1295
f 1287/1307/1297 1296/1305/1295 1288/1308/1298
f 1299/1093/1090 1300/1092/1089 1297/1309/1299
f 1299/1093/1090 1297/1309/1299 1298/1310/1300
f 1087/1103/1100 1088/1102/1099 1298/1310/1300
f 1087/1103/1100 1298/1310/1300 1297/1309/1299
f 1090/1091/1088 1087/1103/1100 1297/1309/1299
f 1090/1091/1088 1297/1309/1299 1300/1092/1089
f 1088/1102/1099 1089/1090/1087 1299/1093/1090
f 1088/1102/1099 1299/1093/1090 1298/1310/1300
f 1303/1311/1301 1302/1312/1302 1301/1313/1303
f 1303/1311/1301 1301/1313/1303 1304/1314/1304
f 1309/1315/1305 1308/1316/1306 1303/1311/1301
f 1309/1315/1305 1303/1311/1301 1304/1314/1304
f 1317/1317/1307 1316/1318/1308 1301/1313/1303
f 1317/1317/1307 1301/1313/1303 1302/1312/1302
f 1316/1318/1308 1309/1315/1305 1304/1314/1304
f 1316/1318/1308 1304/1314/1304 1301/1313/1303
f 1308/1316/1306 1317/1317/1307 1302/1312/1302
f 1308/1316/1306 1302/1312/1302 1303/1311/1301
f 1305/1319/1309 1320/1320/1310 1319/1321/1311
f 1305/1319/1309 1319/1321/1311 1306/1322/1312
f 1306/1322/1312 1319/1321/1311 1318/1323/1313
f 1306/1322/1312 1318/1323/1313 1307/1324/1314
f 1307/1324/1314 1318/1323/1313 1317/1317/1307
f 1307/1324/1314 1317/1317/1307 1308/1316/1306
f 1313/1325/1315 1312/1326/1316 1311/1327/1317
f 1313/1325/1315 1311/1327/1317 1314/1328/1318
f 1314/1328/1318 1311/1327/1317 1310/1329/1319
f 1314/1328/1318 1310/1329/1319 1315/1330/1320
f 1315/1330/1320 1310/1329/1319 1309/1315/1305
f 1315/1330/1320 1309/1315/1305 1316/1318/1308
f 1320/1320/1310 1313/1325/1315 1314/1328/1318
f 1320/1320/1310 1314/1328/1318 1319/1321/1311
f 1319/1321/1311 1314/1328/1318 1315/1330/1320
f 1319/1321/1311 1315/1330/1320 1318/1323/1313
f 1318/1323/1313 1315/1330/1320 1316/1318/1308
f 1318/1323/1313 1316/1318/1308 1317/1317/1307
f 1312/1326/1316 1305/1319/1309 1306/1322/1312
f 1312/1326/1316 1306/1322/1312 1311/1327/1317
f 1311/1327/1317 1306/1322/1312 1307/1324/1314
f 1311/1327/1317 1307/1324/1314 1310/1329/1319
f 1310/1329/1319 1307/1324/1314 1308/1316/1306
f 1310/1329/1319 1308/1316/1306 1309/1315/1305
f 1323/1331/1321 1324/1332/1322 1457/1333/1323
f 1323/1331/1321 1457/1333/1323 1456/1334/1324
f 1326/1335/1325 1327/1336/1326 1328/1337/1327
f 1326/1335/1325 1328/1337/1327 1325/1338/1328
f 1330/1339/1329 1328/1337/1327 1327/1336/1326
f 1330/1339/1329 1327/1336/1326 1329/1340/1330
f 1332/1341/1331 1330/1339/1329 1329/1340/1330
f 1332/1341/1331 1329/1340/1330 1331/1342/1332
f 1331/1342/1332 1326/1335/1325 1325/1338/1328
f 1331/1342/1332 1325/1338/1328 1332/1341/1331
f 1325/1338/1328 1328/1337/1327 1322/1343/1333
f 1325/1338/1328 1322/1343/1333 1321/1344/1334
f 1326/1335/1325 1331/1342/1332 1312/1326/1316
f 1326/1335/1325 1312/1326/1316 1313/1325/1315
f 1327/1336/1326 1326/1335/1325 1313/1325/1315
f 1327/1336/1326 1313/1325/1315 1320/1320/1310
f 1332/1341/1331 1325/1338/1328 1321/1344/1334
f 1332/1341/1331 1321/1344/1334 1324/1332/1322
f 1328/1337/1327 1330/1339/1329 1323/1331/1321
f 1328/1337/1327 1323/1331/1321 1322/1343/1333
f 1329/1340/1330 1327/1336/1326 1320/1320/1310
f 1329/1340/1330 1320/1320/1310 1305/1319/1309
f 1330/1339/1329 1332/1341/1331 1324/1332/1322
f 1330/1339/1329 1324/1332/1322 1323/1331/1321
f 1331/1342/1332 1329/1340/1330 1305/1319/1309
f 1331/1342/1332 1305/1319/1309 1312/1326/1316
f 1340/1345/1335 1336/1346/1336 1338/1347/1337
f 1342/1348/1338 1339/1349/1339 1337/1350/1340
f 1340/1345/1335 1338/1347/1337 1341/1351/1341
f 1342/1348/1338 1343/1352/1342 1339/1349/1339
f 1340/1345/1335 1341/1351/1341 1336/1346/1336
f 1342/1348/1338 1337/1350/1340 1343/1352/1342
f 1336/1346/1336 1333/1353/1343 1334/1354/1344
f 1336/1346/1336 1334/1354/1344 1338/1347/1337
f 1341/1351/1341 1335/1355/1345 1333/1353/1343
f 1341/1351/1341 1333/1353/1343 1336/1346/1336
f 1335/1355/1345 1343/1352/1342 1337/1350/1340
f 1335/1355/1345 1337/1350/1340 1333/1353/1343
f 1333/1353/1343 1337/1350/1340 1339/1349/1339
f 1333/1353/1343 1339/1349/1339 1334/1354/1344
f 1338/1347/1337 1334/1354/1344 1335/1355/1345
f 1338/1347/1337 1335/1355/1345 1341/1351/1341
f 1334/1354/1344 1339/1349/1339 1343/1352/1342
f 1334/1354/1344 1343/1352/1342 1335/1355/1345
f 1351/1356/1346 1347/1357/1347 1349/1358/1348
f 1353/1359/1349 1350/1360/1350 1348/1361/1351
f 1351/1356/1346 1349/1358/1348 1352/1362/1352
f 1353/1359/1349 1354/1363/1353 1350/1360/1350
f 1351/1356/1346 1352/1362/1352 1347/1357/1347
f 1353/1359/1349 1348/1361/1351 1354/1363/1353
f 1347/1357/1347 1344/1364/1354 1345/1365/1355
f 1347/1357/1347 1345/1365/1355 1349/1358/1348
f 1352/1362/1352 1346/1366/1356 1344/1364/1354
f 1352/1362/1352 1344/1364/1354 1347/1357/1347
f 1346/1366/1356 1354/1363/1353 1348/1361/1351
f 1346/1366/1356 1348/1361/1351 1344/1364/1354
f 1344/1364/1354 1348/1361/1351 1350/1360/1350
f 1344/1364/1354 1350/1360/1350 1345/1365/1355
f 1349/1358/1348 1345/1365/1355 1346/1366/1356
f 1349/1358/1348 1346/1366/1356 1352/1362/1352
f 1345/1365/1355 1350/1360/1350 1354/1363/1353
f 1345/1365/1355 1354/1363/1353 1346/1366/1356
f 1362/1367/1357 1358/1368/1358 1360/1369/1359
f 1364/1370/1360 1361/1371/1361 1359/1372/1362
f 1362/1367/1357 1360/1369/1359 1363/1373/1363
f 1364/1370/1360 1365/1374/1364 1361/1371/1361
f 1362/1367/1357 1363/1373/1363 1358/1368/1358
f 1364/1370/1360 1359/1372/1362 1365/1374/1364
f 1358/1368/1358 1355/1375/1365 1356/1376/1366
f 1358/1368/1358 1356/1376/1366 1360/1369/1359
f 1363/1373/1363 1357/1377/1367 1355/1375/1365
f 1363/1373/1363 1355/1375/1365 1358/1368/1358
f 1357/1377/1367 1365/1374/1364 1359/1372/1362
f 1357/1377/1367 1359/1372/1362 1355/1375/1365
f 1355/1375/1365 1359/1372/1362 1361/1371/1361
f 1355/1375/1365 1361/1371/1361 1356/1376/1366
f 1360/1369/1359 1356/1376/1366 1357/1377/1367
f 1360/1369/1359 1357/1377/1367 1363/1373/1363
f 1356/1376/1366 1361/1371/1361 1365/1374/1364
f 1356/1376/1366 1365/1374/1364 1357/1377/1367
f 1373/1378/1368 1369/1379/1369 1371/1380/1370
f 1375/1381/1371 1372/1382/1372 1370/1383/1373
f 1373/1378/1368 1371/1380/1370 1374/1384/1374
f 1375/1381/1371 1376/1385/1375 1372/1382/1372
f 1373/1378/1368 1374/1384/1374 1369/1379/1369
f 1375/1381/1371 1370/1383/1373 1376/1385/1375
f 1369/1379/1369 1366/1386/1376 1367/1387/1377
f 1369/1379/1369 1367/1387/1377 1371/1380/1370
f 1374/1384/1374 1368/1388/1378 1366/1386/1376
f 1374/1384/1374 1366/1386/1376 1369/1379/1369
f 1368/1388/1378 1376/1385/1375 1370/1383/1373
f 1368/1388/1378 1370/1383/1373 1366/1386/1376
f 1366/1386/1376 1370/1383/1373 1372/1382/1372
f 1366/1386/1376 1372/1382/1372 1367/1387/1377
f 1371/1380/1370 1367/1387/1377 1368/1388/1378
f 1371/1380/1370 1368/1388/1378 1374/1384/1374
f 1367/1387/1377 1372/1382/1372 1376/1385/1375
f 1367/1387/1377 1376/1385/1375 1368/1388/1378
f 1384/1389/1379 1380/1390/1380 1382/1391/1381
f 1386/1392/1382 1383/1393/1383 1381/1394/1384
f 1384/1389/1379 1382/1391/1381 1385/1395/1385
f 1386/1392/1382 1387/1396/1386 1383/1393/1383
f 1384/1389/1379 1385/1395/1385 1380/1390/1380
f 1386/1392/1382 1381/1394/1384 1387/1396/1386
f 1380/1390/1380 1377/1397/1387 1378/1398/1388
f 1380/1390/1380 1378/1398/1388 1382/1391/1381
f 1385/1395/1385 1379/1399/1389 1377/1397/1387
f 1385/1395/1385 1377/1397/1387 1380/1390/1380
f 1379/1399/1389 1387/1396/1386 1381/1394/1384
f 1379/1399/1389 1381/1394/1384 1377/1397/1387
f 1377/1397/1387 1381/1394/1384 1383/1393/1383
f 1377/1397/1387 1383/1393/1383 1378/1398/1388
f 1382/1391/1381 1378/1398/1388 1379/1399/1389
f 1382/1391/1381 1379/1399/1389 1385/1395/1385
f 1378/1398/1388 1383/1393/1383 1387/1396/1386
f 1378/1398/1388 1387/1396/1386 1379/1399/1389
f 1395/1400/1390 1391/1401/1391 1393/1402/1392
f 1397/1403/1393 1394/1404/1394 1392/1405/1395
f 1395/1400/1390 1393/1402/1392 1396/1406/1396
f 1397/1403/1393 1398/1407/1397 1394/1404/1394
f 1395/1400/1390 1396/1406/1396 1391/1401/1391
f 1397/1403/1393 1392/1405/1395 1398/1407/1397
f 1391/1401/1391 1388/1408/1398 1389/1409/1399
f 1391/1401/1391 1389/1409/1399 1393/1402/1392
f 1396/1406/1396 1390/1410/1400 1388/1408/1398
f 1396/1406/1396 1388/1408/1398 1391/1401/1391
f 1390/1410/1400 1398/1407/1397 1392/1405/1395
f 1390/1410/1400 1392/1405/1395 1388/1408/1398
f 1388/1408/1398 1392/1405/1395 1394/1404/1394
f 1388/1408/1398 1394/1404/1394 1389/1409/1399
f 1393/1402/1392 1389/1409/1399 1390/1410/1400
f 1393/1402/1392 1390/1410/1400 1396/1406/1396
f 1389/1409/1399 1394/1404/1394 1398/1407/1397
f 1389/1409/1399 1398/1407/1397 1390/1410/1400
f 1406/1411/1401 1402/1412/1402 1404/1413/1403
f 1408/1414/1404 1405/1415/1405 1403/1416/1406
f 1406/1411/1401 1404/1413/1403 1407/1417/1407
f 1408/1414/1404 1409/1418/1408 1405/1415/1405
f 1406/1411/1401 1407/1417/1407 1402/1412/1402
f 1408/1414/1404 1403/1416/1406 1409/1418/1408
f 1402/1412/1402 1399/1419/1409 1400/1420/1410
f 1402/1412/1402 1400/1420/1410 1404/1413/1403
f 1407/1417/1407 1401/1421/1411 1399/1419/1409
f 1407/1417/1407 1399/1419/1409 1402/1412/1402
f 1401/1421/1411 1409/1418/1408 1403/1416/1406
f 1401/1421/1411 1403/1416/1406 1399/1419/1409
f 1399/1419/1409 1403/1416/1406 1405/1415/1405
f 1399/1419/1409 1405/1415/1405 1400/1420/1410
f 1404/1413/1403 1400/1420/1410 1401/1421/1411
f 1404/1413/1403 1401/1421/1411 1407/1417/1407
f 1400/1420/1410 1405/1415/1405 1409/1418/1408
f 1400/1420/1410 1409/1418/1408 1401/1421/1411
f 1417/1422/1412 1413/1423/1413 1415/1424/1414
f 1419/1425/1415 1416/1426/1416 1414/1427/1417
f 1417/1422/1412 1415/1424/1414 1418/1428/1418
f 1419/1425/1415 1420/1429/1419 1416/1426/1416
f 1417/1422/1412 1418/1428/1418 1413/1423/1413
f 1419/1425/1415 1414/1427/1417 1420/1429/1419
f 1413/1423/1413 1410/1430/1420 1411/1431/1421
f 1413/1423/1413 1411/1431/1421 1415/1424/1414
f 1418/1428/1418 1412/1432/1422 1410/1430/1420
f 1418/1428/1418 1410/1430/1420 1413/1423/1413
f 1412/1432/1422 1420/1429/1419 1414/1427/1417
f 1412/1432/1422 1414/1427/1417 1410/1430/1420
f 1410/1430/1420 1414/1427/1417 1416/1426/1416
f 1410/1430/1420 1416/1426/1416 1411/1431/1421
f 1415/1424/1414 1411/1431/1421 1412/1432/1422
f 1415/1424/1414 1412/1432/1422 1418/1428/1418
f 1411/1431/1421 1416/1426/1416 1420/1429/1419
f 1411/1431/1421 1420/1429/1419 1412/1432/1422
f 1428/1433/1423 1424/1434/1424 1426/1435/1425
f 1430/1436/1426 1427/1437/1427 1425/1438/1428
f 1428/1433/1423 1426/1435/1425 1429/1439/1429
f 1430/1436/1426 1431/1440/1430 1427/1437/1427
f 1428/1433/1423 1429/1439/1429 1424/1434/1424
f 1430/1436/1426 1425/1438/1428 1431/1440/1430
f 1424/1434/1424 1421/1441/1431 1422/1442/1432
f 1424/1434/1424 1422/1442/1432 1426/1435/1425
f 1429/1439/1429 1423/1443/1433 1421/1441/1431
f 1429/1439/1429 1421/1441/1431 1424/1434/1424
f 1423/1443/1433 1431/1440/1430 1425/1438/1428
f 1423/1443/1433 1425/1438/1428 1421/1441/1431
f 1421/1441/1431 1425/1438/1428 1427/1437/1427
f 1421/1441/1431 1427/1437/1427 1422/1442/1432
f 1426/1435/1425 1422/1442/1432 1423/1443/1433
f 1426/1435/1425 1423/1443/1433 1429/1439/1429
f 1422/1442/1432 1427/1437/1427 1431/1440/1430
f 1422/1442/1432 1431/1440/1430 1423/1443/1433
f 1439/1444/1434 1435/1445/1435 1437/1446/1436
f 1441/1447/1437 1438/1448/1438 1436/1449/1439
f 1439/1444/1434 1437/1446/1436 1440/1450/1440
f 1441/1447/1437 1442/1451/1441 1438/1448/1438
f 1439/1444/1434 1440/1450/1440 1435/1445/1435
f 1441/1447/1437 1436/1449/1439 1442/1451/1441
f 1435/1445/1435 1432/1452/1442 1433/1453/1443
f 1435/1445/1435 1433/1453/1443 1437/1446/1436
f 1440/1450/1440 1434/1454/1444 1432/1452/1442
f 1440/1450/1440 1432/1452/1442 1435/1445/1435
f 1434/1454/1444 1442/1451/1441 1436/1449/1439
f 1434/1454/1444 1436/1449/1439 1432/1452/1442
f 1432/1452/1442 1436/1449/1439 1438/1448/1438
f 1432/1452/1442 1438/1448/1438 1433/1453/1443
f 1437/1446/1436 1433/1453/1443 1434/1454/1444
f 1437/1446/1436 1434/1454/1444 1440/1450/1440
f 1433/1453/1443 1438/1448/1438 1442/1451/1441
f 1433/1453/1443 1442/1451/1441 1434/1454/1444
f 1450/1455/1445 1446/1456/1446 1448/1457/1447
f 1452/1458/1448 1449/1459/1449 1447/1460/1450
f 1450/1455/1445 1448/1457/1447 1451/1461/1451
f 1452/1458/1448 1453/1462/1452 1449/1459/1449
f 1450/1455/1445 1451/1461/1451 1446/1456/1446
f 1452/1458/1448 1447/1460/1450 1453/1462/1452
f 1446/1456/1446 1443/1463/1453 1444/1464/1454
f 1446/1456/1446 1444/1464/1454 1448/1457/1447
f 1451/1461/1451 1445/1465/1455 1443/1463/1453
f 1451/1461/1451 1443/1463/1453 1446/1456/1446
f 1445/1465/1455 1453/1462/1452 1447/1460/1450
f 1445/1465/1455 1447/1460/1450 1443/1463/1453
f 1443/1463/1453 1447/1460/1450 1449/1459/1449
f 1443/1463/1453 1449/1459/1449 1444/1464/1454
f 1448/1457/1447 1444/1464/1454 1445/1465/1455
f 1448/1457/1447 1445/1465/1455 1451/1461/1451
f 1444/1464/1454 1449/1459/1449 1453/1462/1452
f 1444/1464/1454 1453/1462/1452 1445/1465/1455
f 1456/1334/1324 1457/1333/1323 1454/1466/1456
f 1456/1334/1324 1454/1466/1456 1455/1467/1457
f 1321/1344/1334 1322/1343/1333 1455/1467/1457
f 1321/1344/1334 1455/1467/1457 1454/1466/1456
f 1324/1332/1322 1321/1344/1334 1454/1466/1456
f 1324/1332/1322 1454/1466/1456 1457/1333/1323
f 1322/1343/1333 1323/1331/1321 1456/1334/1324
f 1322/1343/1333 1456/1334/1324 1455/1467/1457
f 1480/1468/1458 1479/1469/1459 1488/1470/1460
f 1480/1468/1458 1488/1470/1460 1487/1471/1461
f 1458/1472/1462 1459/1473/1463 1483/1474/1464
f 1458/1472/1462 1483/1474/1464 1482/1475/1465
f 1474/1476/1466 1458/1472/1462 1482/1475/1465
f 1474/1476/1466 1482/1475/1465 1481/1477/1467
f 1493/1478/1468 1474/1476/1466 1481/1477/1467
f 1493/1478/1468 1481/1477/1467 1496/1479/1469
f 1479/1469/1459 1478/1480/1470 1489/1481/1471
f 1479/1469/1459 1489/1481/1471 1488/1470/1460
f 1494/1482/1472 1480/1468/1458 1487/1471/1461
f 1494/1482/1472 1487/1471/1461 1497/1483/1473
f 1493/1478/1468 1469/1484/1474 1468/1485/1475
f 1493/1478/1468 1468/1485/1475 1491/1486/1476
f 1494/1482/1472 1473/1487/1477 1472/1488/1478
f 1494/1482/1472 1472/1488/1478 1496/1479/1469
f 1495/1489/1479 1471/1490/1480 1470/1491/1481
f 1495/1489/1479 1470/1491/1481 1497/1483/1473
f 1468/1485/1475 1469/1484/1474 1472/1488/1478
f 1468/1485/1475 1472/1488/1478 1473/1487/1477
f 1468/1485/1475 1473/1487/1477 1470/1491/1481
f 1468/1485/1475 1470/1491/1481 1471/1490/1480
f 1468/1485/1475 1471/1490/1480 1466/1492/1482
f 1468/1485/1475 1466/1492/1482 1467/1493/1483
f 1495/1489/1479 1486/1494/1484 1465/1495/1485
f 1495/1489/1479 1465/1495/1485 1490/1496/1486
f 1486/1494/1484 1485/1497/1487 1464/1498/1488
f 1486/1494/1484 1464/1498/1488 1465/1495/1485
f 1485/1497/1487 1484/1499/1489 1463/1500/1490
f 1485/1497/1487 1463/1500/1490 1464/1498/1488
f 1492/1501/1491 1460/1502/1492 1475/1503/1493
f 1492/1501/1491 1475/1503/1493 1491/1486/1476
f 1460/1502/1492 1461/1504/1494 1476/1505/1495
f 1460/1502/1492 1476/1505/1495 1475/1503/1493
f 1461/1504/1494 1462/1506/1496 1477/1507/1497
f 1461/1504/1494 1477/1507/1497 1476/1505/1495
f 1484/1499/1489 1485/1497/1487 1488/1470/1460
f 1484/1499/1489 1488/1470/1460 1489/1481/1471
f 1485/1497/1487 1486/1494/1484 1487/1471/1461
f 1485/1497/1487 1487/1471/1461 1488/1470/1460
f 1478/1480/1470 1479/1469/1459 1482/1475/1465
f 1478/1480/1470 1482/1475/1465 1483/1474/1464
f 1479/1469/1459 1480/1468/1458 1481/1477/1467
f 1479/1469/1459 1481/1477/1467 1482/1475/1465
f 1459/1473/1463 1458/1472/1462 1476/1505/1495
f 1459/1473/1463 1476/1505/1495 1477/1507/1497
f 1458/1472/1462 1474/1476/1466 1475/1503/1493
f 1458/1472/1462 1475/1503/1493 1476/1505/1495
f 1490/1496/1486 1465/1495/1485 1460/1502/1492
f 1490/1496/1486 1460/1502/1492 1492/1501/1491
f 1465/1495/1485 1464/1498/1488 1461/1504/1494
f 1465/1495/1485 1461/1504/1494 1460/1502/1492
f 1464/1498/1488 1463/1500/1490 1462/1506/1496
f 1464/1498/1488 1462/1506/1496 1461/1504/1494
f 1466/1492/1482 1490/1496/1486 1492/1501/1491
f 1466/1492/1482 1492/1501/1491 1467/1493/1483
f 1467/1493/1483 1492/1501/1491 1491/1486/1476
f 1467/1493/1483 1491/1486/1476 1468/1485/1475
f 1471/1490/1480 1495/1489/1479 1490/1496/1486
f 1471/1490/1480 1490/1496/1486 1466/1492/1482
f 1486/1494/1484 1495/1489/1479 1497/1483/1473
f 1486/1494/1484 1497/1483/1473 1487/1471/1461
f 1480/1468/1458 1494/1482/1472 1496/1479/1469
f 1480/1468/1458 1496/1479/1469 1481/1477/1467
f 1474/1476/1466 1493/1478/1468 1491/1486/1476
f 1474/1476/1466 1491/1486/1476 1475/1503/1493
f 1473/1487/1477 1494/1482/1472 1497/1483/1473
f 1473/1487/1477 1497/1483/1473 1470/1491/1481
f 1469/1484/1474 1493/1478/1468 1496/1479/1469
f 1469/1484/1474 1496/1479/1469 1472/1488/1478
f 1501/1508/1498 1498/1509/1499 1499/1510/1500
f 1501/1508/1498 1499/1510/1500 1500/1511/1501
f 1505/1512/1502 1502/1513/1503 1503/1514/1504
f 1505/1512/1502 1503/1514/1504 1504/1515/1505
f 1513/1516/1506 1510/1517/1507 1511/1518/1508
f 1513/1516/1506 1511/1518/1508 1512/1519/1509
f 1509/1520/1510 1506/1521/1511 1507/1522/1512
f 1509/1520/1510 1507/1522/1512 1508/1523/1513
f 1498/1509/1499 1505/1512/1502 1504/1515/1505
f 1498/1509/1499 1504/1515/1505 1499/1510/1500
f 1506/1521/1511 1501/1508/1498 1500/1511/1501
f 1506/1521/1511 1500/1511/1501 1507/1522/1512
f 1508/1523/1513 1511/1518/1508 1510/1517/1507
f 1508/1523/1513 1510/1517/1507 1509/1520/1510
f 1512/1519/1509 1503/1514/1504 1502/1513/1503
f 1512/1519/1509 1502/1513/1503 1513/1516/1506
f 1462/1506/1496 1499/1510/1500 1504/1515/1505
f 1462/1506/1496 1504/1515/1505 1477/1507/1497
f 1463/1500/1490 1500/1511/1501 1499/1510/1500
f 1463/1500/1490 1499/1510/1500 1462/1506/1496
f 1484/1499/1489 1507/1522/1512 1500/1511/1501
f 1484/1499/1489 1500/1511/1501 1463/1500/1490
f 1503/1514/1504 1459/1473/1463 1477/1507/1497
f 1503/1514/1504 1477/1507/1497 1504/1515/1505
f 1459/1473/1463 1503/1514/1504 1512/1519/1509
f 1459/1473/1463 1512/1519/1509 1483/1474/1464
f 1507/1522/1512 1484/1499/1489 1489/1481/1471
f 1507/1522/1512 1489/1481/1471 1508/1523/1513
f 1478/1480/1470 1511/1518/1508 1508/1523/1513
f 1478/1480/1470 1508/1523/1513 1489/1481/1471
f 1511/1518/1508 1478/1480/1470 1483/1474/1464
f 1511/1518/1508 1483/1474/1464 1512/1519/1509
f 1501/1508/1498 1506/1521/1511 1509/1520/1510
f 1501/1508/1498 1509/1520/1510 1510/1517/1507
f 1501/1508/1498 1510/1517/1507 1513/1516/1506
f 1501/1508/1498 1513/1516/1506 1502/1513/1503
f 1501/1508/1498 1502/1513/1503 1505/1512/1502
f 1501/1508/1498 1505/1512/1502 1498/1509/1499
f 1517/1524/1514 1521/1525/1515 1522/1526/1516
f 1517/1524/1514 1522/1526/1516 1518/1527/1517
f 1519/1528/1518 1522/1526/1516 1521/1525/1515
f 1519/1528/1518 1521/1525/1515 1520/1529/1519
f 1526/1530/1520 1514/1531/1521 1527/1532/1522
f 1528/1533/1523 1520/1529/1519 1521/1525/1515
f 1528/1533/1523 1521/1525/1515 1527/1532/1522
f 1523/1534/1524 1524/1535/1525 1525/1536/1526
f 1519/1528/1518 1516/1537/1527 1525/1536/1526
f 1519/1528/1518 1525/1536/1526 1524/1535/1525
f 1519/1528/1518 1524/1535/1525 1522/1526/1516
f 1515/1538/1528 1518/1527/1517 1522/1526/1516
f 1515/1538/1528 1522/1526/1516 1524/1535/1525
f 1515/1538/1528 1524/1535/1525 1523/1534/1524
f 1514/1531/1521 1528/1533/1523 1527/1532/1522
f 1517/1524/1514 1526/1530/1520 1527/1532/1522
f 1517/1524/1514 1527/1532/1522 1521/1525/1515
f 1532/1539/1529 1536/1540/1530 1537/1541/1531
f 1532/1539/1529 1537/1541/1531 1533/1542/1532
f 1534/1543/1533 1537/1541/1531 1536/1540/1530
f 1534/1543/1533 1536/1540/1530 1535/1544/1534
f 1541/1545/1535 1529/1546/1536 1542/1547/1537
f 1543/1548/1538 1535/1549/1534 1536/1550/1530
f 1543/1548/1538 1536/1550/1530 1542/1547/1537
f 1538/1551/1539 1539/1552/1540 1540/1553/1541
f 1534/1543/1533 1531/1554/1542 1540/1553/1541
f 1534/1543/1533 1540/1553/1541 1539/1552/1540
f 1534/1543/1533 1539/1552/1540 1537/1541/1531
f 1530/1555/1543 1533/1542/1532 1537/1541/1531
f 1530/1555/1543 1537/1541/1531 1539/1552/1540
f 1530/1555/1543 1539/1552/1540 1538/1551/1539
f 1529/1546/1536 1543/1548/1538 1542/1547/1537
f 1532/1556/1529 1541/1545/1535 1542/1547/1537
f 1532/1556/1529 1542/1547/1537 1536/1550/1530
f 1546/1557/1544 1545/1558/1545 1544/1559/1546
f 1546/1557/1544 1544/1559/1546 1547/1560/1547
f 1552/1561/1548 1551/1562/1549 1546/1557/1544
f 1552/1561/1548 1546/1557/1544 1547/1560/1547
f 1560/1563/1550 1559/1564/1551 1544/1559/1546
f 1560/1563/1550 1544/1559/1546 1545/1558/1545
f 1559/1564/1551 1552/1561/1548 1547/1560/1547
f 1559/1564/1551 1547/1560/1547 1544/1559/1546
f 1551/1562/1549 1560/1563/1550 1545/1558/1545
f 1551/1562/1549 1545/1558/1545 1546/1557/1544
f 1548/1565/1552 1563/1566/1553 1562/1567/1554
f 1548/1565/1552 1562/1567/1554 1549/1568/1555
f 1549/1568/1555 1562/1567/1554 1561/1569/1556
f 1549/1568/1555 1561/1569/1556 1550/1570/1557
f 1550/1570/1557 1561/1569/1556 1560/1563/1550
f 1550/1570/1557 1560/1563/1550 1551/1562/1549
f 1556/1571/1558 1555/1572/1559 1554/1573/1560
f 1556/1571/1558 1554/1573/1560 1557/1574/1561
f 1557/1574/1561 1554/1573/1560 1553/1575/1562
f 1557/1574/1561 1553/1575/1562 1558/1576/1563
f 1558/1576/1563 1553/1575/1562 1552/1561/1548
f 1558/1576/1563 1552/1561/1548 1559/1564/1551
f 1563/1566/1553 1556/1571/1558 1557/1574/1561
f 1563/1566/1553 1557/1574/1561 1562/1567/1554
f 1562/1567/1554 1557/1574/1561 1558/1576/1563
f 1562/1567/1554 1558/1576/1563 1561/1569/1556
f 1561/1569/1556 1558/1576/1563 1559/1564/1551
f 1561/1569/1556 1559/1564/1551 1560/1563/1550
f 1555/1572/1559 1548/1565/1552 1549/1568/1555
f 1555/1572/1559 1549/1568/1555 1554/1573/1560
f 1554/1573/1560 1549/1568/1555 1550/1570/1557
f 1554/1573/1560 1550/1570/1557 1553/1575/1562
f 1553/1575/1562 1550/1570/1557 1551/1562/1549
f 1553/1575/1562 1551/1562/1549 1552/1561/1548
f 1566/1577/1564 1567/1578/1565 1755/1579/1566
f 1566/1577/1564 1755/1579/1566 1754/1580/1567
f 1569/1581/1568 1570/1582/1569 1571/1583/1570
f 1569/1581/1568 1571/1583/1570 1568/1584/1571
f 1573/1585/1572 1571/1583/1570 1570/1582/1569
f 1573/1585/1572 1570/1582/1569 1572/1586/1573
f 1575/1587/1574 1573/1585/1572 1572/1586/1573
f 1575/1587/1574 1572/1586/1573 1574/1588/1575
f 1574/1588/1575 1569/1581/1568 1568/1584/1571
f 1574/1588/1575 1568/1584/1571 1575/1587/1574
f 1568/1584/1571 1571/1583/1570 1565/1589/1576
f 1568/1584/1571 1565/1589/1576 1564/1590/1577
f 1569/1581/1568 1574/1588/1575 1555/1572/1559
f 1569/1581/1568 1555/1572/1559 1556/1571/1558
f 1570/1582/1569 1569/1581/1568 1556/1571/1558
f 1570/1582/1569 1556/1571/1558 1563/1566/1553
f 1575/1587/1574 1568/1584/1571 1564/1590/1577
f 1575/1587/1574 1564/1590/1577 1567/1578/1565
f 1571/1583/1570 1573/1585/1572 1566/1577/1564
f 1571/1583/1570 1566/1577/1564 1565/1589/1576
f 1572/1586/1573 1570/1582/1569 1563/1566/1553
f 1572/1586/1573 1563/1566/1553 1548/1565/1552
f 1573/1585/1572 1575/1587/1574 1567/1578/1565
f 1573/1585/1572 1567/1578/1565 1566/1577/1564
f 1574/1588/1575 1572/1586/1573 1548/1565/1552
f 1574/1588/1575 1548/1565/1552 1555/1572/1559
f 1583/1591/1578 1579/1592/1579 1581/1593/1580
f 1585/1594/1581 1582/1595/1582 1580/1596/1583
f 1583/1591/1578 1581/1593/1580 1584/1597/1584
f 1585/1594/1581 1586/1598/1585 1582/1595/1582
f 1583/1591/1578 1584/1597/1584 1579/1592/1579
f 1585/1594/1581 1580/1596/1583 1586/1598/1585
f 1579/1592/1579 1576/1599/1586 1577/1600/1587
f 1579/1592/1579 1577/1600/1587 1581/1593/1580
f 1584/1597/1584 1578/1601/1588 1576/1599/1586
f 1584/1597/1584 1576/1599/1586 1579/1592/1579
f 1578/1601/1588 1586/1598/1585 1580/1596/1583
f 1578/1601/1588 1580/1596/1583 1576/1599/1586
f 1576/1599/1586 1580/1596/1583 1582/1595/1582
f 1576/1599/1586 1582/1595/1582 1577/1600/1587
f 1581/1593/1580 1577/1600/1587 1578/1601/1588
f 1581/1593/1580 1578/1601/1588 1584/1597/1584
f 1577/1600/1587 1582/1595/1582 1586/1598/1585
f 1577/1600/1587 1586/1598/1585 1578/1601/1588
f 1594/1602/1589 1590/1603/1590 1592/1604/1591
f 1596/1605/1592 1593/1606/1593 1591/1607/1594
f 1594/1602/1589 1592/1604/1591 1595/1608/1595
f 1596/1605/1592 1597/1609/1596 1593/1606/1593
f 1594/1602/1589 1595/1608/1595 1590/1603/1590
f 1596/1605/1592 1591/1607/1594 1597/1609/1596
f 1590/1603/1590 1587/1610/1597 1588/1611/1598
f 1590/1603/1590 1588/1611/1598 1592/1604/1591
f 1595/1608/1595 1589/1612/1599 1587/1610/1597
f 1595/1608/1595 1587/1610/1597 1590/1603/1590
f 1589/1612/1599 1597/1609/1596 1591/1607/1594
f 1589/1612/1599 1591/1607/1594 1587/1610/1597
f 1587/1610/1597 1591/1607/1594 1593/1606/1593
f 1587/1610/1597 1593/1606/1593 1588/1611/1598
f 1592/1604/1591 1588/1611/1598 1589/1612/1599
f 1592/1604/1591 1589/1612/1599 1595/1608/1595
f 1588/1611/1598 1593/1606/1593 1597/1609/1596
f 1588/1611/1598 1597/1609/1596 1589/1612/1599
f 1605/1613/1600 1601/1614/1601 1603/1615/1602
f 1607/1616/1603 1604/1617/1604 1602/1618/1605
f 1605/1613/1600 1603/1615/1602 1606/1619/1606
f 1607/1616/1603 1608/1620/1607 1604/1617/1604
f 1605/1613/1600 1606/1619/1606 1601/1614/1601
f 1607/1616/1603 1602/1618/1605 1608/1620/1607
f 1601/1614/1601 1598/1621/1608 1599/1622/1609
f 1601/1614/1601 1599/1622/1609 1603/1615/1602
f 1606/1619/1606 1600/1623/1610 1598/1621/1608
f 1606/1619/1606 1598/1621/1608 1601/1614/1601
f 1600/1623/1610 1608/1620/1607 1602/1618/1605
f 1600/1623/1610 1602/1618/1605 1598/1621/1608
f 1598/1621/1608 1602/1618/1605 1604/1617/1604
f 1598/1621/1608 1604/1617/1604 1599/1622/1609
f 1603/1615/1602 1599/1622/1609 1600/1623/1610
f 1603/1615/1602 1600/1623/1610 1606/1619/1606
f 1599/1622/1609 1604/1617/1604 1608/1620/1607
f 1599/1622/1609 1608/1620/1607 1600/1623/1610
f 1616/1624/1611 1612/1625/1612 1614/1626/1613
f 1618/1627/1614 1615/1628/1615 1613/1629/1616
f 1616/1624/1611 1614/1626/1613 1617/1630/1617
f 1618/1627/1614 1619/1631/1618 1615/1628/1615
f 1616/1624/1611 1617/1630/1617 1612/1625/1612
f 1618/1627/1614 1613/1629/1616 1619/1631/1618
f 1612/1625/1612 1609/1632/1619 1610/1633/1620
f 1612/1625/1612 1610/1633/1620 1614/1626/1613
f 1617/1630/1617 1611/1634/1621 1609/1632/1619
f 1617/1630/1617 1609/1632/1619 1612/1625/1612
f 1611/1634/1621 1619/1631/1618 1613/1629/1616
f 1611/1634/1621 1613/1629/1616 1609/1632/1619
f 1609/1632/1619 1613/1629/1616 1615/1628/1615
f 1609/1632/1619 1615/1628/1615 1610/1633/1620
f 1614/1626/1613 1610/1633/1620 1611/1634/1621
f 1614/1626/1613 1611/1634/1621 1617/1630/1617
f 1610/1633/1620 1615/1628/1615 1619/1631/1618
f 1610/1633/1620 1619/1631/1618 1611/1634/1621
f 1627/1635/1622 1623/1636/1623 1625/1637/1624
f 1629/1638/1625 1626/1639/1626 1624/1640/1627
f 1627/1635/1622 1625/1637/1624 1628/1641/1628
f 1629/1638/1625 1630/1642/1629 1626/1639/1626
f 1627/1635/1622 1628/1641/1628 1623/1636/1623
f 1629/1638/1625 1624/1640/1627 1630/1642/1629
f 1623/1636/1623 1620/1643/1630 1621/1644/1631
f 1623/1636/1623 1621/1644/1631 1625/1637/1624
f 1628/1641/1628 1622/1645/1632 1620/1643/1630
f 1628/1641/1628 1620/1643/1630 1623/1636/1623
f 1622/1645/1632 1630/1642/1629 1624/1640/1627
f 1622/1645/1632 1624/1640/1627 1620/1643/1630
f 1620/1643/1630 1624/1640/1627 1626/1639/1626
f 1620/1643/1630 1626/1639/1626 1621/1644/1631
f 1625/1637/1624 1621/1644/1631 1622/1645/1632
f 1625/1637/1624 1622/1645/1632 1628/1641/1628
f 1621/1644/1631 1626/1639/1626 1630/1642/1629
f 1621/1644/1631 1630/1642/1629 1622/1645/1632
f 1638/1646/1633 1634/1647/1634 1636/1648/1635
f 1640/1649/1636 1637/1650/1637 1635/1651/1638
f 1638/1646/1633 1636/1648/1635 1639/1652/1639
f 1640/1649/1636 1641/1653/1640 1637/1650/1637
f 1638/1646/1633 1639/1652/1639 1634/1647/1634
f 1640/1649/1636 1635/1651/1638 1641/1653/1640
f 1634/1647/1634 1631/1654/1641 1632/1655/1642
f 1634/1647/1634 1632/1655/1642 1636/1648/1635
f 1639/1652/1639 1633/1656/1643 1631/1654/1641
f 1639/1652/1639 1631/1654/1641 1634/1647/1634
f 1633/1656/1643 1641/1653/1640 1635/1651/1638
f 1633/1656/1643 1635/1651/1638 1631/1654/1641
f 1631/1654/1641 1635/1651/1638 1637/1650/1637
f 1631/1654/1641 1637/1650/1637 1632/1655/1642
f 1636/1648/1635 1632/1655/1642 1633/1656/1643
f 1636/1648/1635 1633/1656/1643 1639/1652/1639
f 1632/1655/1642 1637/1650/1637 1641/1653/1640
f 1632/1655/1642 1641/1653/1640 1633/1656/1643
f 1649/1657/1644 1645/1658/1645 1647/1659/1646
f 1651/1660/1647 1648/1661/1648 1646/1662/1649
f 1649/1657/1644 1647/1659/1646 1650/1663/1650
f 1651/1660/1647 1652/1664/1651 1648/1661/1648
f 1649/1657/1644 1650/1663/1650 1645/1658/1645
f 1651/1660/1647 1646/1662/1649 1652/1664/1651
f 1645/1658/1645 1642/1665/1652 1643/1666/1653
f 1645/1658/1645 1643/1666/1653 1647/1659/1646
f 1650/1663/1650 1644/1667/1654 1642/1665/1652
f 1650/1663/1650 1642/1665/1652 1645/1658/1645
f 1644/1667/1654 1652/1664/1651 1646/1662/1649
f 1644/1667/1654 1646/1662/1649 1642/1665/1652
f 1642/1665/1652 1646/1662/1649 1648/1661/1648
f 1642/1665/1652 1648/1661/1648 1643/1666/1653
f 1647/1659/1646 1643/1666/1653 1644/1667/1654
f 1647/1659/1646 1644/1667/1654 1650/1663/1650
f 1643/1666/1653 1648/1661/1648 1652/1664/1651
f 1643/1666/1653 1652/1664/1651 1644/1667/1654
f 1660/1668/1655 1656/1669/1656 1658/1670/1657
f 1662/1671/1658 1659/1672/1659 1657/1673/1660
f 1660/1668/1655 1658/1670/1657 1661/1674/1661
f 1662/1671/1658 1663/1675/1662 1659/1672/1659
f 1660/1668/1655 1661/1674/1661 1656/1669/1656
f 1662/1671/1658 1657/1673/1660 1663/1675/1662
f 1656/1669/1656 1653/1676/1663 1654/1677/1664
f 1656/1669/1656 1654/1677/1664 1658/1670/1657
f 1661/1674/1661 1655/1678/1665 1653/1676/1663
f 1661/1674/1661 1653/1676/1663 1656/1669/1656
f 1655/1678/1665 1663/1675/1662 1657/1673/1660
f 1655/1678/1665 1657/1673/1660 1653/1676/1663
f 1653/1676/1663 1657/1673/1660 1659/1672/1659
f 1653/1676/1663 1659/1672/1659 1654/1677/1664
f 1658/1670/1657 1654/1677/1664 1655/1678/1665
f 1658/1670/1657 1655/1678/1665 1661/1674/1661
f 1654/1677/1664 1659/1672/1659 1663/1675/1662
f 1654/1677/1664 1663/1675/1662 1655/1678/1665
f 1671/1679/1666 1667/1680/1667 1669/1681/1668
f 1673/1682/1669 1670/1683/1670 1668/1684/1671
f 1671/1679/1666 1669/1681/1668 1672/1685/1672
f 1673/1682/1669 1674/1686/1673 1670/1683/1670
f 1671/1679/1666 1672/1685/1672 1667/1680/1667
f 1673/1682/1669 1668/1684/1671 1674/1686/1673
f 1667/1680/1667 1664/1687/1674 1665/1688/1675
f 1667/1680/1667 1665/1688/1675 1669/1681/1668
f 1672/1685/1672 1666/1689/1676 1664/1687/1674
f 1672/1685/1672 1664/1687/1674 1667/1680/1667
f 1666/1689/1676 1674/1686/1673 1668/1684/1671
f 1666/1689/1676 1668/1684/1671 1664/1687/1674
f 1664/1687/1674 1668/1684/1671 1670/1683/1670
f 1664/1687/1674 1670/1683/1670 1665/1688/1675
f 1669/1681/1668 1665/1688/1675 1666/1689/1676
f 1669/1681/1668 1666/1689/1676 1672/1685/1672
f 1665/1688/1675 1670/1683/1670 1674/1686/1673
f 1665/1688/1675 1674/1686/1673 1666/1689/1676
f 1682/1690/1677 1678/1691/1678 1680/1692/1679
f 1684/1693/1680 1681/1694/1681 1679/1695/1682
f 1682/1690/1677 1680/1692/1679 1683/1696/1683
f 1684/1693/1680 1685/1697/1684 1681/1694/1681
f 1682/1690/1677 1683/1696/1683 1678/1691/1678
f 1684/1693/1680 1679/1695/1682 1685/1697/1684
f 1678/1691/1678 1675/1698/1685 1676/1699/1686
f 1678/1691/1678 1676/1699/1686 1680/1692/1679
f 1683/1696/1683 1677/1700/1687 1675/1698/1685
f 1683/1696/1683 1675/1698/1685 1678/1691/1678
f 1677/1700/1687 1685/1697/1684 1679/1695/1682
f 1677/1700/1687 1679/1695/1682 1675/1698/1685
f 1675/1698/1685 1679/1695/1682 1681/1694/1681
f 1675/1698/1685 1681/1694/1681 1676/1699/1686
f 1680/1692/1679 1676/1699/1686 1677/1700/1687
f 1680/1692/1679 1677/1700/1687 1683/1696/1683
f 1676/1699/1686 1681/1694/1681 1685/1697/1684
f 1676/1699/1686 1685/1697/1684 1677/1700/1687
f 1693/1701/1688 1689/1702/1689 1691/1703/1690
f 1695/1704/1691 1692/1705/1692 1690/1706/1693
f 1693/1701/1688 1691/1703/1690 1694/1707/1694
f 1695/1704/1691 1696/1708/1695 1692/1705/1692
f 1693/1701/1688 1694/1707/1694 1689/1702/1689
f 1695/1704/1691 1690/1706/1693 1696/1708/1695
f 1689/1702/1689 1686/1709/1696 1687/1710/1697
f 1689/1702/1689 1687/1710/1697 1691/1703/1690
f 1694/1707/1694 1688/1711/1698 1686/1709/1696
f 1694/1707/1694 1686/1709/1696 1689/1702/1689
f 1688/1711/1698 1696/1708/1695 1690/1706/1693
f 1688/1711/1698 1690/1706/1693 1686/1709/1696
f 1686/1709/1696 1690/1706/1693 1692/1705/1692
f 1686/1709/1696 1692/1705/1692 1687/1710/1697
f 1691/1703/1690 1687/1710/1697 1688/1711/1698
f 1691/1703/1690 1688/1711/1698 1694/1707/1694
f 1687/1710/1697 1692/1705/1692 1696/1708/1695
f 1687/1710/1697 1696/1708/1695 1688/1711/1698
f 1704/1712/1699 1700/1713/1700 1702/1714/1701
f 1706/1715/1702 1703/1716/1703 1701/1717/1704
f 1704/1712/1699 1702/1714/1701 1705/1718/1705
f 1706/1715/1702 1707/1719/1706 1703/1716/1703
f 1704/1712/1699 1705/1718/1705 1700/1713/1700
f 1706/1715/1702 1701/1717/1704 1707/1719/1706
f 1700/1713/1700 1697/1720/1707 1698/1721/1708
f 1700/1713/1700 1698/1721/1708 1702/1714/1701
f 1705/1718/1705 1699/1722/1709 1697/1720/1707
f 1705/1718/1705 1697/1720/1707 1700/1713/1700
f 1699/1722/1709 1707/1719/1706 1701/1717/1704
f 1699/1722/1709 1701/1717/1704 1697/1720/1707
f 1697/1720/1707 1701/1717/1704 1703/1716/1703
f 1697/1720/1707 1703/1716/1703 1698/1721/1708
f 1702/1714/1701 1698/1721/1708 1699/1722/1709
f 1702/1714/1701 1699/1722/1709 1705/1718/1705
f 1698/1721/1708 1703/1716/1703 1707/1719/1706
f 1698/1721/1708 1707/1719/1706 1699/1722/1709
f 1715/1723/1710 1711/1724/1711 1713/1725/1712
f 1717/1726/1713 1714/1727/1714 1712/1728/1715
f 1715/1723/1710 1713/1725/1712 1716/1729/1716
f 1717/1726/1713 1718/1730/1717 1714/1727/1714
f 1715/1723/1710 1716/1729/1716 1711/1724/1711
f 1717/1726/1713 1712/1728/1715 1718/1730/1717
f 1711/1724/1711 1708/1731/1718 1709/1732/1719
f 1711/1724/1711 1709/1732/1719 1713/1725/1712
f 1716/1729/1716 1710/1733/1720 1708/1731/1718
f 1716/1729/1716 1708/1731/1718 1711/1724/1711
f 1710/1733/1720 1718/1730/1717 1712/1728/1715
f 1710/1733/1720 1712/1728/1715 1708/1731/1718
f 1708/1731/1718 1712/1728/1715 1714/1727/1714
f 1708/1731/1718 1714/1727/1714 1709/1732/1719
f 1713/1725/1712 1709/1732/1719 1710/1733/1720
f 1713/1725/1712 1710/1733/1720 1716/1729/1716
f 1709/1732/1719 1714/1727/1714 1718/1730/1717
f 1709/1732/1719 1718/1730/1717 1710/1733/1720
f 1726/1734/1721 1722/1735/1722 1724/1736/1723
f 1728/1737/1724 1725/1738/1725 1723/1739/1726
f 1726/1734/1721 1724/1736/1723 1727/1740/1727
f 1728/1737/1724 1729/1741/1728 1725/1738/1725
f 1726/1734/1721 1727/1740/1727 1722/1735/1722
f 1728/1737/1724 1723/1739/1726 1729/1741/1728
f 1722/1735/1722 1719/1742/1729 1720/1743/1730
f 1722/1735/1722 1720/1743/1730 1724/1736/1723
f 1727/1740/1727 1721/1744/1731 1719/1742/1729
f 1727/1740/1727 1719/1742/1729 1722/1735/1722
f 1721/1744/1731 1729/1741/1728 1723/1739/1726
f 1721/1744/1731 1723/1739/1726 1719/1742/1729
f 1719/1742/1729 1723/1739/1726 1725/1738/1725
f 1719/1742/1729 1725/1738/1725 1720/1743/1730
f 1724/1736/1723 1720/1743/1730 1721/1744/1731
f 1724/1736/1723 1721/1744/1731 1727/1740/1727
f 1720/1743/1730 1725/1738/1725 1729/1741/1728
f 1720/1743/1730 1729/1741/1728 1721/1744/1731
f 1737/1745/1732 1733/1746/1733 1735/1747/1734
f 1739/1748/1735 1736/1749/1736 1734/1750/1737
f 1737/1745/1732 1735/1747/1734 1738/1751/1738
f 1739/1748/1735 1740/1752/1739 1736/1749/1736
f 1737/1745/1732 1738/1751/1738 1733/1746/1733
f 1739/1748/1735 1734/1750/1737 1740/1752/1739
f 1733/1746/1733 1730/1753/1740 1731/1754/1741
f 1733/1746/1733 1731/1754/1741 1735/1747/1734
f 1738/1751/1738 1732/1755/1742 1730/1753/1740
f 1738/1751/1738 1730/1753/1740 1733/1746/1733
f 1732/1755/1742 1740/1752/1739 1734/1750/1737
f 1732/1755/1742 1734/1750/1737 1730/1753/1740
f 1730/1753/1740 1734/1750/1737 1736/1749/1736
f 1730/1753/1740 1736/1749/1736 1731/1754/1741
f 1735/1747/1734 1731/1754/1741 1732/1755/1742
f 1735/1747/1734 1732/1755/1742 1738/1751/1738
f 1731/1754/1741 1736/1749/1736 1740/1752/1739
f 1731/1754/1741 1740/1752/1739 1732/1755/1742
f 1748/1756/1743 1744/1757/1744 1746/1758/1745
f 1750/1759/1746 1747/1760/1747 1745/1761/1748
f 1748/1756/1743 1746/1758/1745 1749/1762/1749
f 1750/1759/1746 1751/1763/1750 1747/1760/1747
f 1748/1756/1743 1749/1762/1749 1744/1757/1744
f 1750/1759/1746 1745/1761/1748 1751/1763/1750
f 1744/1757/1744 1741/1764/1751 1742/1765/1752
f 1744/1757/1744 1742/1765/1752 1746/1758/1745
f 1749/1762/1749 1743/1766/1753 1741/1764/1751
f 1749/1762/1749 1741/1764/1751 1744/1757/1744
f 1743/1766/1753 1751/1763/1750 1745/1761/1748
f 1743/1766/1753 1745/1761/1748 1741/1764/1751
f 1741/1764/1751 1745/1761/1748 1747/1760/1747
f 1741/1764/1751 1747/1760/1747 1742/1765/1752
f 1746/1758/1745 1742/1765/1752 1743/1766/1753
f 1746/1758/1745 1743/1766/1753 1749/1762/1749
f 1742/1765/1752 1747/1760/1747 1751/1763/1750
f 1742/1765/1752 1751/1763/1750 1743/1766/1753
f 1754/1580/1567 1755/1579/1566 1752/1767/1754
f 1754/1580/1567 1752/1767/1754 1753/1768/1755
f 1564/1590/1577 1565/1589/1576 1753/1768/1755
f 1564/1590/1577 1753/1768/1755 1752/1767/1754
f 1567/1578/1565 1564/1590/1577 1752/1767/1754
f 1567/1578/1565 1752/1767/1754 1755/1579/1566
f 1565/1589/1576 1566/1577/1564 1754/1580/1567
f 1565/1589/1576 1754/1580/1567 1753/1768/1755
f 1758/1769/1756 1757/1770/1757 1756/1771/1758
f 1758/1769/1756 1756/1771/1758 1759/1772/1759
f 1764/1773/1760 1763/1774/1761 1758/1769/1756
f 1764/1773/1760 1758/1769/1756 1759/1772/1759
f 1772/1775/1762 1771/1776/1763 1756/1771/1758
f 1772/1775/1762 1756/1771/1758 1757/1770/1757
f 1771/1776/1763 1764/1773/1760 1759/1772/1759
f 1771/1776/1763 1759/1772/1759 1756/1771/1758
f 1763/1774/1761 1772/1775/1762 1757/1770/1757
f 1763/1774/1761 1757/1770/1757 1758/1769/1756
f 1760/1777/1764 1775/1778/1765 1774/1779/1766
f 1760/1777/1764 1774/1779/1766 1761/1780/1767
f 1761/1780/1767 1774/1779/1766 1773/1781/1768
f 1761/1780/1767 1773/1781/1768 1762/1782/1769
f 1762/1782/1769 1773/1781/1768 1772/1775/1762
f 1762/1782/1769 1772/1775/1762 1763/1774/1761
f 1768/1783/1770 1767/1784/1771 1766/1785/1772
f 1768/1783/1770 1766/1785/1772 1769/1786/1773
f 1769/1786/1773 1766/1785/1772 1765/1787/1774
f 1769/1786/1773 1765/1787/1774 1770/1788/1775
f 1770/1788/1775 1765/1787/1774 1764/1773/1760
f 1770/1788/1775 1764/1773/1760 1771/1776/1763
f 1775/1778/1765 1768/1783/1770 1769/1786/1773
f 1775/1778/1765 1769/1786/1773 1774/1779/1766
f 1774/1779/1766 1769/1786/1773 1770/1788/1775
f 1774/1779/1766 1770/1788/1775 1773/1781/1768
f 1773/1781/1768 1770/1788/1775 1771/1776/1763
f 1773/1781/1768 1771/1776/1763 1772/1775/1762
f 1767/1784/1771 1760/1777/1764 1761/1780/1767
f 1767/1784/1771 1761/1780/1767 1766/1785/1772
f 1766/1785/1772 1761/1780/1767 1762/1782/1769
f 1766/1785/1772 1762/1782/1769 1765/1787/1774
f 1765/1787/1774 1762/1782/1769 1763/1774/1761
f 1765/1787/1774 1763/1774/1761 1764/1773/1760
f 1778/1789/1776 1779/1790/1777 1989/1791/1778
f 1778/1789/1776 1989/1791/1778 1988/1792/1779
f 1781/1793/1780 1782/1794/1781 1783/1795/1782
f 1781/1793/1780 1783/1795/1782 1780/1796/1783
f 1785/1797/1784 1783/1795/1782 1782/1794/1781
f 1785/1797/1784 1782/1794/1781 1784/1798/1785
f 1787/1799/1786 1785/1797/1784 1784/1798/1785
f 1787/1799/1786 1784/1798/1785 1786/1800/1787
f 1786/1800/1787 1781/1793/1780 1780/1796/1783
f 1786/1800/1787 1780/1796/1783 1787/1799/1786
f 1780/1796/1783 1783/1795/1782 1777/1801/1788
f 1780/1796/1783 1777/1801/1788 1776/1802/1789
f 1781/1793/1780 1786/1800/1787 1767/1784/1771
f 1781/1793/1780 1767/1784/1771 1768/1783/1770
f 1782/1794/1781 1781/1793/1780 1768/1783/1770
f 1782/1794/1781 1768/1783/1770 1775/1778/1765
f 1787/1799/1786 1780/1796/1783 1776/1802/1789
f 1787/1799/1786 1776/1802/1789 1779/1790/1777
f 1783/1795/1782 1785/1797/1784 1778/1789/1776
f 1783/1795/1782 1778/1789/1776 1777/1801/1788
f 1784/1798/1785 1782/1794/1781 1775/1778/1765
f 1784/1798/1785 1775/1778/1765 1760/1777/1764
f 1785/1797/1784 1787/1799/1786 1779/1790/1777
f 1785/1797/1784 1779/1790/1777 1778/1789/1776
f 1786/1800/1787 1784/1798/1785 1760/1777/1764
f 1786/1800/1787 1760/1777/1764 1767/1784/1771
f 1795/1803/1790 1791/1804/1791 1793/1805/1792
f 1797/1806/1793 1794/1807/1794 1792/1808/1795
f 1795/1803/1790 1793/1805/1792 1796/1809/1796
f 1797/1806/1793 1798/1810/1797 1794/1807/1794
f 1795/1803/1790 1796/1809/1796 1791/1804/1791
f 1797/1806/1793 1792/1808/1795 1798/1810/1797
f 1791/1804/1791 1788/1811/1798 1789/1812/1799
f 1791/1804/1791 1789/1812/1799 1793/1805/1792
f 1796/1809/1796 1790/1813/1800 1788/1811/1798
f 1796/1809/1796 1788/1811/1798 1791/1804/1791
f 1790/1813/1800 1798/1810/1797 1792/1808/1795
f 1790/1813/1800 1792/1808/1795 1788/1811/1798
f 1788/1811/1798 1792/1808/1795 1794/1807/1794
f 1788/1811/1798 1794/1807/1794 1789/1812/1799
f 1793/1805/1792 1789/1812/1799 1790/1813/1800
f 1793/1805/1792 1790/1813/1800 1796/1809/1796
f 1789/1812/1799 1794/1807/1794 1798/1810/1797
f 1789/1812/1799 1798/1810/1797 1790/1813/1800
f 1806/1814/1801 1802/1815/1802 1804/1816/1803
f 1808/1817/1804 1805/1818/1805 1803/1819/1806
f 1806/1814/1801 1804/1816/1803 1807/1820/1807
f 1808/1817/1804 1809/1821/1808 1805/1818/1805
f 1806/1814/1801 1807/1820/1807 1802/1815/1802
f 1808/1817/1804 1803/1819/1806 1809/1821/1808
f 1802/1815/1802 1799/1822/1809 1800/1823/1810
f 1802/1815/1802 1800/1823/1810 1804/1816/1803
f 1807/1820/1807 1801/1824/1811 1799/1822/1809
f 1807/1820/1807 1799/1822/1809 1802/1815/1802
f 1801/1824/1811 1809/1821/1808 1803/1819/1806
f 1801/1824/1811 1803/1819/1806 1799/1822/1809
f 1799/1822/1809 1803/1819/1806 1805/1818/1805
f 1799/1822/1809 1805/1818/1805 1800/1823/1810
f 1804/1816/1803 1800/1823/1810 1801/1824/1811
f 1804/1816/1803 1801/1824/1811 1807/1820/1807
f 1800/1823/1810 1805/1818/1805 1809/1821/1808
f 1800/1823/1810 1809/1821/1808 1801/1824/1811
f 1817/1825/1812 1813/1826/1813 1815/1827/1814
f 1819/1828/1815 1816/1829/1816 1814/1830/1817
f 1817/1825/1812 1815/1827/1814 1818/1831/1818
f 1819/1828/1815 1820/1832/1819 1816/1829/1816
f 1817/1825/1812 1818/1831/1818 1813/1826/1813
f 1819/1828/1815 1814/1830/1817 1820/1832/1819
f 1813/1826/1813 1810/1833/1820 1811/1834/1821
f 1813/1826/1813 1811/1834/1821 1815/1827/1814
f 1818/1831/1818 1812/1835/1822 1810/1833/1820
f 1818/1831/1818 1810/1833/1820 1813/1826/1813
f 1812/1835/1822 1820/1832/1819 1814/1830/1817
f 1812/1835/1822 1814/1830/1817 1810/1833/1820
f 1810/1833/1820 1814/1830/1817 1816/1829/1816
f 1810/1833/1820 1816/1829/1816 1811/1834/1821
f 1815/1827/1814 1811/1834/1821 1812/1835/1822
f 1815/1827/1814 1812/1835/1822 1818/1831/1818
f 1811/1834/1821 1816/1829/1816 1820/1832/1819
f 1811/1834/1821 1820/1832/1819 1812/1835/1822
f 1828/1836/1823 1824/1837/1824 1826/1838/1825
f 1830/1839/1826 1827/1840/1827 1825/1841/1828
f 1828/1836/1823 1826/1838/1825 1829/1842/1829
f 1830/1839/1826 1831/1843/1830 1827/1840/1827
f 1828/1836/1823 1829/1842/1829 1824/1837/1824
f 1830/1839/1826 1825/1841/1828 1831/1843/1830
f 1824/1837/1824 1821/1844/1831 1822/1845/1832
f 1824/1837/1824 1822/1845/1832 1826/1838/1825
f 1829/1842/1829 1823/1846/1833 1821/1844/1831
f 1829/1842/1829 1821/1844/1831 1824/1837/1824
f 1823/1846/1833 1831/1843/1830 1825/1841/1828
f 1823/1846/1833 1825/1841/1828 1821/1844/1831
f 1821/1844/1831 1825/1841/1828 1827/1840/1827
f 1821/1844/1831 1827/1840/1827 1822/1845/1832
f 1826/1838/1825 1822/1845/1832 1823/1846/1833
f 1826/1838/1825 1823/1846/1833 1829/1842/1829
f 1822/1845/1832 1827/1840/1827 1831/1843/1830
f 1822/1845/1832 1831/1843/1830 1823/1846/1833
f 1839/1847/1834 1835/1848/1835 1837/1849/1836
f 1841/1850/1837 1838/1851/1838 1836/1852/1839
f 1839/1847/1834 1837/1849/1836 1840/1853/1840
f 1841/1850/1837 1842/1854/1841 1838/1851/1838
f 1839/1847/1834 1840/1853/1840 1835/1848/1835
f 1841/1850/1837 1836/1852/1839 1842/1854/1841
f 1835/1848/1835 1832/1855/1842 1833/1856/1843
f 1835/1848/1835 1833/1856/1843 1837/1849/1836
f 1840/1853/1840 1834/1857/1844 1832/1855/1842
f 1840/1853/1840 1832/1855/1842 1835/1848/1835
f 1834/1857/1844 1842/1854/1841 1836/1852/1839
f 1834/1857/1844 1836/1852/1839 1832/1855/1842
f 1832/1855/1842 1836/1852/1839 1838/1851/1838
f 1832/1855/1842 1838/1851/1838 1833/1856/1843
f 1837/1849/1836 1833/1856/1843 1834/1857/1844
f 1837/1849/1836 1834/1857/1844 1840/1853/1840
f 1833/1856/1843 1838/1851/1838 1842/1854/1841
f 1833/1856/1843 1842/1854/1841 1834/1857/1844
f 1850/1858/1845 1846/1859/1846 1848/1860/1847
f 1852/1861/1848 1849/1862/1849 1847/1863/1850
f 1850/1858/1845 1848/1860/1847 1851/1864/1851
f 1852/1861/1848 1853/1865/1852 1849/1862/1849
f 1850/1858/1845 1851/1864/1851 1846/1859/1846
f 1852/1861/1848 1847/1863/1850 1853/1865/1852
f 1846/1859/1846 1843/1866/1853 1844/1867/1854
f 1846/1859/1846 1844/1867/1854 1848/1860/1847
f 1851/1864/1851 1845/1868/1855 1843/1866/1853
f 1851/1864/1851 1843/1866/1853 1846/1859/1846
f 1845/1868/1855 1853/1865/1852 1847/1863/1850
f 1845/1868/1855 1847/1863/1850 1843/1866/1853
f 1843/1866/1853 1847/1863/1850 1849/1862/1849
f 1843/1866/1853 1849/1862/1849 1844/1867/1854
f 1848/1860/1847 1844/1867/1854 1845/1868/1855
f 1848/1860/1847 1845/1868/1855 1851/1864/1851
f 1844/1867/1854 1849/1862/1849 1853/1865/1852
f 1844/1867/1854 1853/1865/1852 1845/1868/1855
f 1861/1869/1856 1857/1870/1857 1859/1871/1858
f 1863/1872/1859 1860/1873/1860 1858/1874/1861
f 1861/1869/1856 1859/1871/1858 1862/1875/1862
f 1863/1872/1859 1864/1876/1863 1860/1873/1860
f 1861/1869/1856 1862/1875/1862 1857/1870/1857
f 1863/1872/1859 1858/1874/1861 1864/1876/1863
f 1857/1870/1857 1854/1877/1864 1855/1878/1865
f 1857/1870/1857 1855/1878/1865 1859/1871/1858
f 1862/1875/1862 1856/1879/1866 1854/1877/1864
f 1862/1875/1862 1854/1877/1864 1857/1870/1857
f 1856/1879/1866 1864/1876/1863 1858/1874/1861
f 1856/1879/1866 1858/1874/1861 1854/1877/1864
f 1854/1877/1864 1858/1874/1861 1860/1873/1860
f 1854/1877/1864 1860/1873/1860 1855/1878/1865
f 1859/1871/1858 1855/1878/1865 1856/1879/1866
f 1859/1871/1858 1856/1879/1866 1862/1875/1862
f 1855/1878/1865 1860/1873/1860 1864/1876/1863
f 1855/1878/1865 1864/1876/1863 1856/1879/1866
f 1872/1880/1867 1868/1881/1868 1870/1882/1869
f 1874/1883/1870 1871/1884/1871 1869/1885/1872
f 1872/1880/1867 1870/1882/1869 1873/1886/1873
f 1874/1883/1870 1875/1887/1874 1871/1884/1871
f 1872/1880/1867 1873/1886/1873 1868/1881/1868
f 1874/1883/1870 1869/1885/1872 1875/1887/1874
f 1868/1881/1868 1865/1888/1875 1866/1889/1876
f 1868/1881/1868 1866/1889/1876 1870/1882/1869
f 1873/1886/1873 1867/1890/1877 1865/1888/1875
f 1873/1886/1873 1865/1888/1875 1868/1881/1868
f 1867/1890/1877 1875/1887/1874 1869/1885/1872
f 1867/1890/1877 1869/1885/1872 1865/1888/1875
f 1865/1888/1875 1869/1885/1872 1871/1884/1871
f 1865/1888/1875 1871/1884/1871 1866/1889/1876
f 1870/1882/1869 1866/1889/1876 1867/1890/1877
f 1870/1882/1869 1867/1890/1877 1873/1886/1873
f 1866/1889/1876 1871/1884/1871 1875/1887/1874
f 1866/1889/1876 1875/1887/1874 1867/1890/1877
f 1883/1891/1878 1879/1892/1879 1881/1893/1880
f 1885/1894/1881 1882/1895/1882 1880/1896/1883
f 1883/1891/1878 1881/1893/1880 1884/1897/1884
f 1885/1894/1881 1886/1898/1885 1882/1895/1882
f 1883/1891/1878 1884/1897/1884 1879/1892/1879
f 1885/1894/1881 1880/1896/1883 1886/1898/1885
f 1879/1892/1879 1876/1899/1886 1877/1900/1887
f 1879/1892/1879 1877/1900/1887 1881/1893/1880
f 1884/1897/1884 1878/1901/1888 1876/1899/1886
f 1884/1897/1884 1876/1899/1886 1879/1892/1879
f 1878/1901/1888 1886/1898/1885 1880/1896/1883
f 1878/1901/1888 1880/1896/1883 1876/1899/1886
f 1876/1899/1886 1880/1896/1883 1882/1895/1882
f 1876/1899/1886 1882/1895/1882 1877/1900/1887
f 1881/1893/1880 1877/1900/1887 1878/1901/1888
f 1881/1893/1880 1878/1901/1888 1884/1897/1884
f 1877/1900/1887 1882/1895/1882 1886/1898/1885
f 1877/1900/1887 1886/1898/1885 1878/1901/1888
f 1894/1902/1889 1890/1903/1890 1892/1904/1891
f 1896/1905/1892 1893/1906/1893 1891/1907/1894
f 1894/1902/1889 1892/1904/1891 1895/1908/1895
f 1896/1905/1892 1897/1909/1896 1893/1906/1893
f 1894/1902/1889 1895/1908/1895 1890/1903/1890
f 1896/1905/1892 1891/1907/1894 1897/1909/1896
f 1890/1903/1890 1887/1910/1897 1888/1911/1898
f 1890/1903/1890 1888/1911/1898 1892/1904/1891
f 1895/1908/1895 1889/1912/1899 1887/1910/1897
f 1895/1908/1895 1887/1910/1897 1890/1903/1890
f 1889/1912/1899 1897/1909/1896 1891/1907/1894
f 1889/1912/1899 1891/1907/1894 1887/1910/1897
f 1887/1910/1897 1891/1907/1894 1893/1906/1893
f 1887/1910/1897 1893/1906/1893 1888/1911/1898
f 1892/1904/1891 1888/1911/1898 1889/1912/1899
f 1892/1904/1891 1889/1912/1899 1895/1908/1895
f 1888/1911/1898 1893/1906/1893 1897/1909/1896
f 1888/1911/1898 1897/1909/1896 1889/1912/1899
f 1905/1913/1900 1901/1914/1901 1903/1915/1902
f 1907/1916/1903 1904/1917/1904 1902/1918/1905
f 1905/1913/1900 1903/1915/1902 1906/1919/1906
f 1907/1916/1903 1908/1920/1907 1904/1917/1904
f 1905/1913/1900 1906/1919/1906 1901/1914/1901
f 1907/1916/1903 1902/1918/1905 1908/1920/1907
f 1901/1914/1901 1898/1921/1908 1899/1922/1909
f 1901/1914/1901 1899/1922/1909 1903/1915/1902
f 1906/1919/1906 1900/1923/1910 1898/1921/1908
f 1906/1919/1906 1898/1921/1908 1901/1914/1901
f 1900/1923/1910 1908/1920/1907 1902/1918/1905
f 1900/1923/1910 1902/1918/1905 1898/1921/1908
f 1898/1921/1908 1902/1918/1905 1904/1917/1904
f 1898/1921/1908 1904/1917/1904 1899/1922/1909
f 1903/1915/1902 1899/1922/1909 1900/1923/1910
f 1903/1915/1902 1900/1923/1910 1906/1919/1906
f 1899/1922/1909 1904/1917/1904 1908/1920/1907
f 1899/1922/1909 1908/1920/1907 1900/1923/1910
f 1916/1924/1911 1912/1925/1912 1914/1926/1913
f 1918/1927/1914 1915/1928/1915 1913/1929/1916
f 1916/1924/1911 1914/1926/1913 1917/1930/1917
f 1918/1927/1914 1919/1931/1918 1915/1928/1915
f 1916/1924/1911 1917/1930/1917 1912/1925/1912
f 1918/1927/1914 1913/1929/1916 1919/1931/1918
f 1912/1925/1912 1909/1932/1919 1910/1933/1920
f 1912/1925/1912 1910/1933/1920 1914/1926/1913
f 1917/1930/1917 1911/1934/1921 1909/1932/1919
f 1917/1930/1917 1909/1932/1919 1912/1925/1912
f 1911/1934/1921 1919/1931/1918 1913/1929/1916
f 1911/1934/1921 1913/1929/1916 1909/1932/1919
f 1909/1932/1919 1913/1929/1916 1915/1928/1915
f 1909/1932/1919 1915/1928/1915 1910/1933/1920
f 1914/1926/1913 1910/1933/1920 1911/1934/1921
f 1914/1926/1913 1911/1934/1921 1917/1930/1917
f 1910/1933/1920 1915/1928/1915 1919/1931/1918
f 1910/1933/1920 1919/1931/1918 1911/1934/1921
f 1927/1935/1922 1923/1936/1923 1925/1937/1924
f 1929/1938/1925 1926/1939/1926 1924/1940/1927
f 1927/1935/1922 1925/1937/1924 1928/1941/1928
f 1929/1938/1925 1930/1942/1929 1926/1939/1926
f 1927/1935/1922 1928/1941/1928 1923/1936/1923
f 1929/1938/1925 1924/1940/1927 1930/1942/1929
f 1923/1936/1923 1920/1943/1930 1921/1944/1931
f 1923/1936/1923 1921/1944/1931 1925/1937/1924
f 1928/1941/1928 1922/1945/1932 1920/1943/1930
f 1928/1941/1928 1920/1943/1930 1923/1936/1923
f 1922/1945/1932 1930/1942/1929 1924/1940/1927
f 1922/1945/1932 1924/1940/1927 1920/1943/1930
f 1920/1943/1930 1924/1940/1927 1926/1939/1926
f 1920/1943/1930 1926/1939/1926 1921/1944/1931
f 1925/1937/1924 1921/1944/1931 1922/1945/1932
f 1925/1937/1924 1922/1945/1932 1928/1941/1928
f 1921/1944/1931 1926/1939/1926 1930/1942/1929
f 1921/1944/1931 1930/1942/1929 1922/1945/1932
f 1938/1946/1933 1934/1947/1934 1936/1948/1935
f 1940/1949/1936 1937/1950/1937 1935/1951/1938
f 1938/1946/1933 1936/1948/1935 1939/1952/1939
f 1940/1949/1936 1941/1953/1940 1937/1950/1937
f 1938/1946/1933 1939/1952/1939 1934/1947/1934
f 1940/1949/1936 1935/1951/1938 1941/1953/1940
f 1934/1947/1934 1931/1954/1941 1932/1955/1942
f 1934/1947/1934 1932/1955/1942 1936/1948/1935
f 1939/1952/1939 1933/1956/1943 1931/1954/1941
f 1939/1952/1939 1931/1954/1941 1934/1947/1934
f 1933/1956/1943 1941/1953/1940 1935/1951/1938
f 1933/1956/1943 1935/1951/1938 1931/1954/1941
f 1931/1954/1941 1935/1951/1938 1937/1950/1937
f 1931/1954/1941 1937/1950/1937 1932/1955/1942
f 1936/1948/1935 1932/1955/1942 1933/1956/1943
f 1936/1948/1935 1933/1956/1943 1939/1952/1939
f 1932/1955/1942 1937/1950/1937 1941/1953/1940
f 1932/1955/1942 1941/1953/1940 1933/1956/1943
f 1949/1957/1944 1945/1958/1945 1947/1959/1946
f 1951/1960/1947 1948/1961/1948 1946/1962/1949
f 1949/1957/1944 1947/1959/1946 1950/1963/1950
f 1951/1960/1947 1952/1964/1951 1948/1961/1948
f 1949/1957/1944 1950/1963/1950 1945/1958/1945
f 1951/1960/1947 1946/1962/1949 1952/1964/1951
f 1945/1958/1945 1942/1965/1952 1943/1966/1953
f 1945/1958/1945 1943/1966/1953 1947/1959/1946
f 1950/1963/1950 1944/1967/1954 1942/1965/1952
f 1950/1963/1950 1942/1965/1952 1945/1958/1945
f 1944/1967/1954 1952/1964/1951 1946/1962/1949
f 1944/1967/1954 1946/1962/1949 1942/1965/1952
f 1942/1965/1952 1946/1962/1949 1948/1961/1948
f 1942/1965/1952 1948/1961/1948 1943/1966/1953
f 1947/1959/1946 1943/1966/1953 1944/1967/1954
f 1947/1959/1946 1944/1967/1954 1950/1963/1950
f 1943/1966/1953 1948/1961/1948 1952/1964/1951
f 1943/1966/1953 1952/1964/1951 1944/1967/1954
f 1960/1968/1955 1956/1969/1956 1958/1970/1957
f 1962/1971/1958 1959/1972/1959 1957/1973/1960
f 1960/1968/1955 1958/1970/1957 1961/1974/1961
f 1962/1971/1958 1963/1975/1962 1959/1972/1959
f 1960/1968/1955 1961/1974/1961 1956/1969/1956
f 1962/1971/1958 1957/1973/1960 1963/1975/1962
f 1956/1969/1956 1953/1976/1963 1954/1977/1964
f 1956/1969/1956 1954/1977/1964 1958/1970/1957
f 1961/1974/1961 1955/1978/1965 1953/1976/1963
f 1961/1974/1961 1953/1976/1963 1956/1969/1956
f 1955/1978/1965 1963/1975/1962 1957/1973/1960
f 1955/1978/1965 1957/1973/1960 1953/1976/1963
f 1953/1976/1963 1957/1973/1960 1959/1972/1959
f 1953/1976/1963 1959/1972/1959 1954/1977/1964
f 1958/1970/1957 1954/1977/1964 1955/1978/1965
f 1958/1970/1957 1955/1978/1965 1961/1974/1961
f 1954/1977/1964 1959/1972/1959 1963/1975/1962
f 1954/1977/1964 1963/1975/1962 1955/1978/1965
f 1971/1979/1966 1967/1980/1967 1969/1981/1968
f 1973/1982/1969 1970/1983/1970 1968/1984/1971
f 1971/1979/1966 1969/1981/1968 1972/1985/1972
f 1973/1982/1969 1974/1986/1973 1970/1983/1970
f 1971/1979/1966 1972/1985/1972 1967/1980/1967
f 1973/1982/1969 1968/1984/1971 1974/1986/1973
f 1967/1980/1967 1964/1987/1974 1965/1988/1975
f 1967/1980/1967 1965/1988/1975 1969/1981/1968
f 1972/1985/1972 1966/1989/1976 1964/1987/1974
f 1972/1985/1972 1964/1987/1974 1967/1980/1967
f 1966/1989/1976 1974/1986/1973 1968/1984/1971
f 1966/1989/1976 1968/1984/1971 1964/1987/1974
f 1964/1987/1974 1968/1984/1971 1970/1983/1970
f 1964/1987/1974 1970/1983/1970 1965/1988/1975
f 1969/1981/1968 1965/1988/1975 1966/1989/1976
f 1969/1981/1968 1966/1989/1976 1972/1985/1972
f 1965/1988/1975 1970/1983/1970 1974/1986/1973
f 1965/1988/1975 1974/1986/1973 1966/1989/1976
f 1982/1990/1977 1978/1991/1978 1980/1992/1979
f 1984/1993/1980 1981/1994/1981 1979/1995/1982
f 1982/1990/1977 1980/1992/1979 1983/1996/1983
f 1984/1993/1980 1985/1997/1984 1981/1994/1981
f 1982/1990/1977 1983/1996/1983 1978/1991/1978
f 1984/1993/1980 1979/1995/1982 1985/1997/1984
f 1978/1991/1978 1975/1998/1985 1976/1999/1986
f 1978/1991/1978 1976/1999/1986 1980/1992/1979
f 1983/1996/1983 1977/2000/1987 1975/1998/1985
f 1983/1996/1983 1975/1998/1985 1978/1991/1978
f 1977/2000/1987 1985/1997/1984 1979/1995/1982
f 1977/2000/1987 1979/1995/1982 1975/1998/1985
f 1975/1998/1985 1979/1995/1982 1981/1994/1981
f 1975/1998/1985 1981/1994/1981 1976/1999/1986
f 1980/1992/1979 1976/1999/1986 1977/2000/1987
f 1980/1992/1979 1977/2000/1987 1983/1996/1983
f 1976/1999/1986 1981/1994/1981 1985/1997/1984
f 1976/1999/1986 1985/1997/1984 1977/2000/1987
f 1988/1792/1779 1989/1791/1778 1986/2001/1988
f 1988/1792/1779 1986/2001/1988 1987/2002/1989
f 1776/1802/1789 1777/1801/1788 1987/2002/1989
f 1776/1802/1789 1987/2002/1989 1986/2001/1988
f 1779/1790/1777 1776/1802/1789 1986/2001/1988
f 1779/1790/1777 1986/2001/1988 1989/1791/1778
f 1777/1801/1788 1778/1789/1776 1988/1792/1779
f 1777/1801/1788 1988/1792/1779 1987/2002/1989
f 1992/2003/1990 1991/2004/1991 1990/2005/1992
f 1992/2003/1990 1990/2005/1992 1993/2006/1993
f 1998/2007/1994 1997/2008/1995 1992/2003/1990
f 1998/2007/1994 1992/2003/1990 1993/2006/1993
f 2006/2009/1996 2005/2010/1997 1990/2005/1992
f 2006/2009/1996 1990/2005/1992 1991/2004/1991
f 2005/2010/1997 1998/2007/1994 1993/2006/1993
f 2005/2010/1997 1993/2006/1993 1990/2005/1992
f 1997/2008/1995 2006/2009/1996 1991/2004/1991
f 1997/2008/1995 1991/2004/1991 1992/2003/1990
f 1994/2011/1998 2009/2012/1999 2008/2013/2000
f 1994/2011/1998 2008/2013/2000 1995/2014/2001
f 1995/2014/2001 2008/2013/2000 2007/2015/2002
f 1995/2014/2001 2007/2015/2002 1996/2016/2003
f 1996/2016/2003 2007/2015/2002 2006/2009/1996
f 1996/2016/2003 2006/2009/1996 1997/2008/1995
f 2002/2017/2004 2001/2018/2005 2000/2019/2006
f 2002/2017/2004 2000/2019/2006 2003/2020/2007
f 2003/2020/2007 2000/2019/2006 1999/2021/2008
f 2003/2020/2007 1999/2021/2008 2004/2022/2009
f 2004/2022/2009 1999/2021/2008 1998/2007/1994
f 2004/2022/2009 1998/2007/1994 2005/2010/1997
f 2009/2012/1999 2002/2017/2004 2003/2020/2007
f 2009/2012/1999 2003/2020/2007 2008/2013/2000
f 2008/2013/2000 2003/2020/2007 2004/2022/2009
f 2008/2013/2000 2004/2022/2009 2007/2015/2002
f 2007/2015/2002 2004/2022/2009 2005/2010/1997
f 2007/2015/2002 2005/2010/1997 2006/2009/1996
f 2001/2018/2005 1994/2011/1998 1995/2014/2001
f 2001/2018/2005 1995/2014/2001 2000/2019/2006
f 2000/2019/2006 1995/2014/2001 1996/2016/2003
f 2000/2019/2006 1996/2016/2003 1999/2021/2008
f 1999/2021/2008 1996/2016/2003 1997/2008/1995
f 1999/2021/2008 1997/2008/1995 1998/2007/1994
f 2012/2023/2010 2013/2024/2011 2234/2025/2012
f 2012/2023/2010 2234/2025/2012 2233/2026/2013
f 2015/2027/2014 2016/2028/2015 2017/2029/2016
f 2015/2027/2014 2017/2029/2016 2014/2030/2017
f 2019/2031/2018 2017/2029/2016 2016/2028/2015
f 2019/2031/2018 2016/2028/2015 2018/2032/2019
f 2021/2033/2020 2019/2031/2018 2018/2032/2019
f 2021/2033/2020 2018/2032/2019 2020/2034/2021
f 2020/2034/2021 2015/2027/2014 2014/2030/2017
f 2020/2034/2021 2014/2030/2017 2021/2033/2020
f 2014/2030/2017 2017/2029/2016 2011/2035/2022
f 2014/2030/2017 2011/2035/2022 2010/2036/2023
f 2015/2027/2014 2020/2034/2021 2001/2018/2005
f 2015/2027/2014 2001/2018/2005 2002/2017/2004
f 2016/2028/2015 2015/2027/2014 2002/2017/2004
f 2016/2028/2015 2002/2017/2004 2009/2012/1999
f 2021/2033/2020 2014/2030/2017 2010/2036/2023
f 2021/2033/2020 2010/2036/2023 2013/2024/2011
f 2017/2029/2016 2019/2031/2018 2012/2023/2010
f 2017/2029/2016 2012/2023/2010 2011/2035/2022
f 2018/2032/2019 2016/2028/2015 2009/2012/1999
f 2018/2032/2019 2009/2012/1999 1994/2011/1998
f 2019/2031/2018 2021/2033/2020 2013/2024/2011
f 2019/2031/2018 2013/2024/2011 2012/2023/2010
f 2020/2034/2021 2018/2032/2019 1994/2011/1998
f 2020/2034/2021 1994/2011/1998 2001/2018/2005
f 2029/2037/2024 2025/2038/2025 2027/2039/2026
f 2031/2040/2027 2028/2041/2028 2026/2042/2029
f 2029/2037/2024 2027/2039/2026 2030/2043/2030
f 2031/2040/2027 2032/2044/2031 2028/2041/2028
f 2029/2037/2024 2030/2043/2030 2025/2038/2025
f 2031/2040/2027 2026/2042/2029 2032/2044/2031
f 2025/2038/2025 2022/2045/2032 2023/2046/2033
f 2025/2038/2025 2023/2046/2033 2027/2039/2026
f 2030/2043/2030 2024/2047/2034 2022/2045/2032
f 2030/2043/2030 2022/2045/2032 2025/2038/2025
f 2024/2047/2034 2032/2044/2031 2026/2042/2029
f 2024/2047/2034 2026/2042/2029 2022/2045/2032
f 2022/2045/2032 2026/2042/2029 2028/2041/2028
f 2022/2045/2032 2028/2041/2028 2023/2046/2033
f 2027/2039/2026 2023/2046/2033 2024/2047/2034
f 2027/2039/2026 2024/2047/2034 2030/2043/2030
f 2023/2046/2033 2028/2041/2028 2032/2044/2031
f 2023/2046/2033 2032/2044/2031 2024/2047/2034
f 2040/2048/2035 2036/2049/2036 2038/2050/2037
f 2042/2051/2038 2039/2052/2039 2037/2053/2040
f 2040/2048/2035 2038/2050/2037 2041/2054/2041
f 2042/2051/2038 2043/2055/2042 2039/2052/2039
f 2040/2048/2035 2041/2054/2041 2036/2049/2036
f 2042/2051/2038 2037/2053/2040 2043/2055/2042
f 2036/2049/2036 2033/2056/2043 2034/2057/2044
f 2036/2049/2036 2034/2057/2044 2038/2050/2037
f 2041/2054/2041 2035/2058/2045 2033/2056/2043
f 2041/2054/2041 2033/2056/2043 2036/2049/2036
f 2035/2058/2045 2043/2055/2042 2037/2053/2040
f 2035/2058/2045 2037/2053/2040 2033/2056/2043
f 2033/2056/2043 2037/2053/2040 2039/2052/2039
f 2033/2056/2043 2039/2052/2039 2034/2057/2044
f 2038/2050/2037 2034/2057/2044 2035/2058/2045
f 2038/2050/2037 2035/2058/2045 2041/2054/2041
f 2034/2057/2044 2039/2052/2039 2043/2055/2042
f 2034/2057/2044 2043/2055/2042 2035/2058/2045
f 2051/2059/2046 2047/2060/2047 2049/2061/2048
f 2053/2062/2049 2050/2063/2050 2048/2064/2051
f 2051/2059/2046 2049/2061/2048 2052/2065/2052
f 2053/2062/2049 2054/2066/2053 2050/2063/2050
f 2051/2059/2046 2052/2065/2052 2047/2060/2047
f 2053/2062/2049 2048/2064/2051 2054/2066/2053
f 2047/2060/2047 2044/2067/2054 2045/2068/2055
f 2047/2060/2047 2045/2068/2055 2049/2061/2048
f 2052/2065/2052 2046/2069/2056 2044/2067/2054
f 2052/2065/2052 2044/2067/2054 2047/2060/2047
f 2046/2069/2056 2054/2066/2053 2048/2064/2051
f 2046/2069/2056 2048/2064/2051 2044/2067/2054
f 2044/2067/2054 2048/2064/2051 2050/2063/2050
f 2044/2067/2054 2050/2063/2050 2045/2068/2055
f 2049/2061/2048 2045/2068/2055 2046/2069/2056
f 2049/2061/2048 2046/2069/2056 2052/2065/2052
f 2045/2068/2055 2050/2063/2050 2054/2066/2053
f 2045/2068/2055 2054/2066/2053 2046/2069/2056
f 2062/2070/2057 2058/2071/2058 2060/2072/2059
f 2064/2073/2060 2061/2074/2061 2059/2075/2062
f 2062/2070/2057 2060/2072/2059 2063/2076/2063
f 2064/2073/2060 2065/2077/2064 2061/2074/2061
f 2062/2070/2057 2063/2076/2063 2058/2071/2058
f 2064/2073/2060 2059/2075/2062 2065/2077/2064
f 2058/2071/2058 2055/2078/2065 2056/2079/2066
f 2058/2071/2058 2056/2079/2066 2060/2072/2059
f 2063/2076/2063 2057/2080/2067 2055/2078/2065
f 2063/2076/2063 2055/2078/2065 2058/2071/2058
f 2057/2080/2067 2065/2077/2064 2059/2075/2062
f 2057/2080/2067 2059/2075/2062 2055/2078/2065
f 2055/2078/2065 2059/2075/2062 2061/2074/2061
f 2055/2078/2065 2061/2074/2061 2056/2079/2066
f 2060/2072/2059 2056/2079/2066 2057/2080/2067
f 2060/2072/2059 2057/2080/2067 2063/2076/2063
f 2056/2079/2066 2061/2074/2061 2065/2077/2064
f 2056/2079/2066 2065/2077/2064 2057/2080/2067
f 2073/2081/2068 2069/2082/2069 2071/2083/2070
f 2075/2084/2071 2072/2085/2072 2070/2086/2073
f 2073/2081/2068 2071/2083/2070 2074/2087/2074
f 2075/2084/2071 2076/2088/2075 2072/2085/2072
f 2073/2081/2068 2074/2087/2074 2069/2082/2069
f 2075/2084/2071 2070/2086/2073 2076/2088/2075
f 2069/2082/2069 2066/2089/2076 2067/2090/2077
f 2069/2082/2069 2067/2090/2077 2071/2083/2070
f 2074/2087/2074 2068/2091/2078 2066/2089/2076
f 2074/2087/2074 2066/2089/2076 2069/2082/2069
f 2068/2091/2078 2076/2088/2075 2070/2086/2073
f 2068/2091/2078 2070/2086/2073 2066/2089/2076
f 2066/2089/2076 2070/2086/2073 2072/2085/2072
f 2066/2089/2076 2072/2085/2072 2067/2090/2077
f 2071/2083/2070 2067/2090/2077 2068/2091/2078
f 2071/2083/2070 2068/2091/2078 2074/2087/2074
f 2067/2090/2077 2072/2085/2072 2076/2088/2075
f 2067/2090/2077 2076/2088/2075 2068/2091/2078
f 2084/2092/2079 2080/2093/2080 2082/2094/2081
f 2086/2095/2082 2083/2096/2083 2081/2097/2084
f 2084/2092/2079 2082/2094/2081 2085/2098/2085
f 2086/2095/2082 2087/2099/2086 2083/2096/2083
f 2084/2092/2079 2085/2098/2085 2080/2093/2080
f 2086/2095/2082 2081/2097/2084 2087/2099/2086
f 2080/2093/2080 2077/2100/2087 2078/2101/2088
f 2080/2093/2080 2078/2101/2088 2082/2094/2081
f 2085/2098/2085 2079/2102/2089 2077/2100/2087
f 2085/2098/2085 2077/2100/2087 2080/2093/2080
f 2079/2102/2089 2087/2099/2086 2081/2097/2084
f 2079/2102/2089 2081/2097/2084 2077/2100/2087
f 2077/2100/2087 2081/2097/2084 2083/2096/2083
f 2077/2100/2087 2083/2096/2083 2078/2101/2088
f 2082/2094/2081 2078/2101/2088 2079/2102/2089
f 2082/2094/2081 2079/2102/2089 2085/2098/2085
f 2078/2101/2088 2083/2096/2083 2087/2099/2086
f 2078/2101/2088 2087/2099/2086 2079/2102/2089
f 2095/2103/2090 2091/2104/2091 2093/2105/2092
f 2097/2106/2093 2094/2107/2094 2092/2108/2095
f 2095/2103/2090 2093/2105/2092 2096/2109/2096
f 2097/2106/2093 2098/2110/2097 2094/2107/2094
f 2095/2103/2090 2096/2109/2096 2091/2104/2091
f 2097/2106/2093 2092/2108/2095 2098/2110/2097
f 2091/2104/2091 2088/2111/2098 2089/2112/2099
f 2091/2104/2091 2089/2112/2099 2093/2105/2092
f 2096/2109/2096 2090/2113/2100 2088/2111/2098
f 2096/2109/2096 2088/2111/2098 2091/2104/2091
f 2090/2113/2100 2098/2110/2097 2092/2108/2095
f 2090/2113/2100 2092/2108/2095 2088/2111/2098
f 2088/2111/2098 2092/2108/2095 2094/2107/2094
f 2088/2111/2098 2094/2107/2094 2089/2112/2099
f 2093/2105/2092 2089/2112/2099 2090/2113/2100
f 2093/2105/2092 2090/2113/2100 2096/2109/2096
f 2089/2112/2099 2094/2107/2094 2098/2110/2097
f 2089/2112/2099 2098/2110/2097 2090/2113/2100
f 2106/2114/2101 2102/2115/2102 2104/2116/2103
f 2108/2117/2104 2105/2118/2105 2103/2119/2106
f 2106/2114/2101 2104/2116/2103 2107/2120/2107
f 2108/2117/2104 2109/2121/2108 2105/2118/2105
f 2106/2114/2101 2107/2120/2107 2102/2115/2102
f 2108/2117/2104 2103/2119/2106 2109/2121/2108
f 2102/2115/2102 2099/2122/2109 2100/2123/2110
f 2102/2115/2102 2100/2123/2110 2104/2116/2103
f 2107/2120/2107 2101/2124/2111 2099/2122/2109
f 2107/2120/2107 2099/2122/2109 2102/2115/2102
f 2101/2124/2111 2109/2121/2108 2103/2119/2106
f 2101/2124/2111 2103/2119/2106 2099/2122/2109
f 2099/2122/2109 2103/2119/2106 2105/2118/2105
f 2099/2122/2109 2105/2118/2105 2100/2123/2110
f 2104/2116/2103 2100/2123/2110 2101/2124/2111
f 2104/2116/2103 2101/2124/2111 2107/2120/2107
f 2100/2123/2110 2105/2118/2105 2109/2121/2108
f 2100/2123/2110 2109/2121/2108 2101/2124/2111
f 2117/2125/2112 2113/2126/2113 2115/2127/2114
f 2119/2128/2115 2116/2129/2116 2114/2130/2117
f 2117/2125/2112 2115/2127/2114 2118/2131/2118
f 2119/2128/2115 2120/2132/2119 2116/2129/2116
f 2117/2125/2112 2118/2131/2118 2113/2126/2113
f 2119/2128/2115 2114/2130/2117 2120/2132/2119
f 2113/2126/2113 2110/2133/2120 2111/2134/2121
f 2113/2126/2113 2111/2134/2121 2115/2127/2114
f 2118/2131/2118 2112/2135/2122 2110/2133/2120
f 2118/2131/2118 2110/2133/2120 2113/2126/2113
f 2112/2135/2122 2120/2132/2119 2114/2130/2117
f 2112/2135/2122 2114/2130/2117 2110/2133/2120
f 2110/2133/2120 2114/2130/2117 2116/2129/2116
f 2110/2133/2120 2116/2129/2116 2111/2134/2121
f 2115/2127/2114 2111/2134/2121 2112/2135/2122
f 2115/2127/2114 2112/2135/2122 2118/2131/2118
f 2111/2134/2121 2116/2129/2116 2120/2132/2119
f 2111/2134/2121 2120/2132/2119 2112/2135/2122
f 2128/2136/2123 2124/2137/2124 2126/2138/2125
f 2130/2139/2126 2127/2140/2127 2125/2141/2128
f 2128/2136/2123 2126/2138/2125 2129/2142/2129
f 2130/2139/2126 2131/2143/2130 2127/2140/2127
f 2128/2136/2123 2129/2142/2129 2124/2137/2124
f 2130/2139/2126 2125/2141/2128 2131/2143/2130
f 2124/2137/2124 2121/2144/2131 2122/2145/2132
f 2124/2137/2124 2122/2145/2132 2126/2138/2125
f 2129/2142/2129 2123/2146/2133 2121/2144/2131
f 2129/2142/2129 2121/2144/2131 2124/2137/2124
f 2123/2146/2133 2131/2143/2130 2125/2141/2128
f 2123/2146/2133 2125/2141/2128 2121/2144/2131
f 2121/2144/2131 2125/2141/2128 2127/2140/2127
f 2121/2144/2131 2127/2140/2127 2122/2145/2132
f 2126/2138/2125 2122/2145/2132 2123/2146/2133
f 2126/2138/2125 2123/2146/2133 2129/2142/2129
f 2122/2145/2132 2127/2140/2127 2131/2143/2130
f 2122/2145/2132 2131/2143/2130 2123/2146/2133
f 2139/2147/2134 2135/2148/2135 2137/2149/2136
f 2141/2150/2137 2138/2151/2138 2136/2152/2139
f 2139/2147/2134 2137/2149/2136 2140/2153/2140
f 2141/2150/2137 2142/2154/2141 2138/2151/2138
f 2139/2147/2134 2140/2153/2140 2135/2148/2135
f 2141/2150/2137 2136/2152/2139 2142/2154/2141
f 2135/2148/2135 2132/2155/2142 2133/2156/2143
f 2135/2148/2135 2133/2156/2143 2137/2149/2136
f 2140/2153/2140 2134/2157/2144 2132/2155/2142
f 2140/2153/2140 2132/2155/2142 2135/2148/2135
f 2134/2157/2144 2142/2154/2141 2136/2152/2139
f 2134/2157/2144 2136/2152/2139 2132/2155/2142
f 2132/2155/2142 2136/2152/2139 2138/2151/2138
f 2132/2155/2142 2138/2151/2138 2133/2156/2143
f 2137/2149/2136 2133/2156/2143 2134/2157/2144
f 2137/2149/2136 2134/2157/2144 2140/2153/2140
f 2133/2156/2143 2138/2151/2138 2142/2154/2141
f 2133/2156/2143 2142/2154/2141 2134/2157/2144
f 2150/2158/2145 2146/2159/2146 2148/2160/2147
f 2152/2161/2148 2149/2162/2149 2147/2163/2150
f 2150/2158/2145 2148/2160/2147 2151/2164/2151
f 2152/2161/2148 2153/2165/2152 2149/2162/2149
f 2150/2158/2145 2151/2164/2151 2146/2159/2146
f 2152/2161/2148 2147/2163/2150 2153/2165/2152
f 2146/2159/2146 2143/2166/2153 2144/2167/2154
f 2146/2159/2146 2144/2167/2154 2148/2160/2147
f 2151/2164/2151 2145/2168/2155 2143/2166/2153
f 2151/2164/2151 2143/2166/2153 2146/2159/2146
f 2145/2168/2155 2153/2165/2152 2147/2163/2150
f 2145/2168/2155 2147/2163/2150 2143/2166/2153
f 2143/2166/2153 2147/2163/2150 2149/2162/2149
f 2143/2166/2153 2149/2162/2149 2144/2167/2154
f 2148/2160/2147 2144/2167/2154 2145/2168/2155
f 2148/2160/2147 2145/2168/2155 2151/2164/2151
f 2144/2167/2154 2149/2162/2149 2153/2165/2152
f 2144/2167/2154 2153/2165/2152 2145/2168/2155
f 2161/2169/2156 2157/2170/2157 2159/2171/2158
f 2163/2172/2159 2160/2173/2160 2158/2174/2161
f 2161/2169/2156 2159/2171/2158 2162/2175/2162
f 2163/2172/2159 2164/2176/2163 2160/2173/2160
f 2161/2169/2156 2162/2175/2162 2157/2170/2157
f 2163/2172/2159 2158/2174/2161 2164/2176/2163
f 2157/2170/2157 2154/2177/2164 2155/2178/2165
f 2157/2170/2157 2155/2178/2165 2159/2171/2158
f 2162/2175/2162 2156/2179/2166 2154/2177/2164
f 2162/2175/2162 2154/2177/2164 2157/2170/2157
f 2156/2179/2166 2164/2176/2163 2158/2174/2161
f 2156/2179/2166 2158/2174/2161 2154/2177/2164
f 2154/2177/2164 2158/2174/2161 2160/2173/2160
f 2154/2177/2164 2160/2173/2160 2155/2178/2165
f 2159/2171/2158 2155/2178/2165 2156/2179/2166
f 2159/2171/2158 2156/2179/2166 2162/2175/2162
f 2155/2178/2165 2160/2173/2160 2164/2176/2163
f 2155/2178/2165 2164/2176/2163 2156/2179/2166
f 2172/2180/2167 2168/2181/2168 2170/2182/2169
f 2174/2183/2170 2171/2184/2171 2169/2185/2172
f 2172/2180/2167 2170/2182/2169 2173/2186/2173
f 2174/2183/2170 2175/2187/2174 2171/2184/2171
f 2172/2180/2167 2173/2186/2173 2168/2181/2168
f 2174/2183/2170 2169/2185/2172 2175/2187/2174
f 2168/2181/2168 2165/2188/2175 2166/2189/2176
f 2168/2181/2168 2166/2189/2176 2170/2182/2169
f 2173/2186/2173 2167/2190/2177 2165/2188/2175
f 2173/2186/2173 2165/2188/2175 2168/2181/2168
f 2167/2190/2177 2175/2187/2174 2169/2185/2172
f 2167/2190/2177 2169/2185/2172 2165/2188/2175
f 2165/2188/2175 2169/2185/2172 2171/2184/2171
f 2165/2188/2175 2171/2184/2171 2166/2189/2176
f 2170/2182/2169 2166/2189/2176 2167/2190/2177
f 2170/2182/2169 2167/2190/2177 2173/2186/2173
f 2166/2189/2176 2171/2184/2171 2175/2187/2174
f 2166/2189/2176 2175/2187/2174 2167/2190/2177
f 2183/2191/2178 2179/2192/2179 2181/2193/2180
f 2185/2194/2181 2182/2195/2182 2180/2196/2183
f 2183/2191/2178 2181/2193/2180 2184/2197/2184
f 2185/2194/2181 2186/2198/2185 2182/2195/2182
f 2183/2191/2178 2184/2197/2184 2179/2192/2179
f 2185/2194/2181 2180/2196/2183 2186/2198/2185
f 2179/2192/2179 2176/2199/2186 2177/2200/2187
f 2179/2192/2179 2177/2200/2187 2181/2193/2180
f 2184/2197/2184 2178/2201/2188 2176/2199/2186
f 2184/2197/2184 2176/2199/2186 2179/2192/2179
f 2178/2201/2188 2186/2198/2185 2180/2196/2183
f 2178/2201/2188 2180/2196/2183 2176/2199/2186
f 2176/2199/2186 2180/2196/2183 2182/2195/2182
f 2176/2199/2186 2182/2195/2182 2177/2200/2187
f 2181/2193/2180 2177/2200/2187 2178/2201/2188
f 2181/2193/2180 2178/2201/2188 2184/2197/2184
f 2177/2200/2187 2182/2195/2182 2186/2198/2185
f 2177/2200/2187 2186/2198/2185 2178/2201/2188
f 2194/2202/2189 2190/2203/2190 2192/2204/2191
f 2196/2205/2192 2193/2206/2193 2191/2207/2194
f 2194/2202/2189 2192/2204/2191 2195/2208/2195
f 2196/2205/2192 2197/2209/2196 2193/2206/2193
f 2194/2202/2189 2195/2208/2195 2190/2203/2190
f 2196/2205/2192 2191/2207/2194 2197/2209/2196
f 2190/2203/2190 2187/2210/2197 2188/2211/2198
f 2190/2203/2190 2188/2211/2198 2192/2204/2191
f 2195/2208/2195 2189/2212/2199 2187/2210/2197
f 2195/2208/2195 2187/2210/2197 2190/2203/2190
f 2189/2212/2199 2197/2209/2196 2191/2207/2194
f 2189/2212/2199 2191/2207/2194 2187/2210/2197
f 2187/2210/2197 2191/2207/2194 2193/2206/2193
f 2187/2210/2197 2193/2206/2193 2188/2211/2198
f 2192/2204/2191 2188/2211/2198 2189/2212/2199
f 2192/2204/2191 2189/2212/2199 2195/2208/2195
f 2188/2211/2198 2193/2206/2193 2197/2209/2196
f 2188/2211/2198 2197/2209/2196 2189/2212/2199
f 2205/2213/2200 2201/2214/2201 2203/2215/2202
f 2207/2216/2203 2204/2217/2204 2202/2218/2205
f 2205/2213/2200 2203/2215/2202 2206/2219/2206
f 2207/2216/2203 2208/2220/2207 2204/2217/2204
f 2205/2213/2200 2206/2219/2206 2201/2214/2201
f 2207/2216/2203 2202/2218/2205 2208/2220/2207
f 2201/2214/2201 2198/2221/2208 2199/2222/2209
f 2201/2214/2201 2199/2222/2209 2203/2215/2202
f 2206/2219/2206 2200/2223/2210 2198/2221/2208
f 2206/2219/2206 2198/2221/2208 2201/2214/2201
f 2200/2223/2210 2208/2220/2207 2202/2218/2205
f 2200/2223/2210 2202/2218/2205 2198/2221/2208
f 2198/2221/2208 2202/2218/2205 2204/2217/2204
f 2198/2221/2208 2204/2217/2204 2199/2222/2209
f 2203/2215/2202 2199/2222/2209 2200/2223/2210
f 2203/2215/2202 2200/2223/2210 2206/2219/2206
f 2199/2222/2209 2204/2217/2204 2208/2220/2207
f 2199/2222/2209 2208/2220/2207 2200/2223/2210
f 2216/2224/2211 2212/2225/2212 2214/2226/2213
f 2218/2227/2214 2215/2228/2215 2213/2229/2216
f 2216/2224/2211 2214/2226/2213 2217/2230/2217
f 2218/2227/2214 2219/2231/2218 2215/2228/2215
f 2216/2224/2211 2217/2230/2217 2212/2225/2212
f 2218/2227/2214 2213/2229/2216 2219/2231/2218
f 2212/2225/2212 2209/2232/2219 2210/2233/2220
f 2212/2225/2212 2210/2233/2220 2214/2226/2213
f 2217/2230/2217 2211/2234/2221 2209/2232/2219
f 2217/2230/2217 2209/2232/2219 2212/2225/2212
f 2211/2234/2221 2219/2231/2218 2213/2229/2216
f 2211/2234/2221 2213/2229/2216 2209/2232/2219
f 2209/2232/2219 2213/2229/2216 2215/2228/2215
f 2209/2232/2219 2215/2228/2215 2210/2233/2220
f 2214/2226/2213 2210/2233/2220 2211/2234/2221
f 2214/2226/2213 2211/2234/2221 2217/2230/2217
f 2210/2233/2220 2215/2228/2215 2219/2231/2218
f 2210/2233/2220 2219/2231/2218 2211/2234/2221
f 2227/2235/2222 2223/2236/2223 2225/2237/2224
f 2229/2238/2225 2226/2239/2226 2224/2240/2227
f 2227/2235/2222 2225/2237/2224 2228/2241/2228
f 2229/2238/2225 2230/2242/2229 2226/2239/2226
f 2227/2235/2222 2228/2241/2228 2223/2236/2223
f 2229/2238/2225 2224/2240/2227 2230/2242/2229
f 2223/2236/2223 2220/2243/2230 2221/2244/2231
f 2223/2236/2223 2221/2244/2231 2225/2237/2224
f 2228/2241/2228 2222/2245/2232 2220/2243/2230
f 2228/2241/2228 2220/2243/2230 2223/2236/2223
f 2222/2245/2232 2230/2242/2229 2224/2240/2227
f 2222/2245/2232 2224/2240/2227 2220/2243/2230
f 2220/2243/2230 2224/2240/2227 2226/2239/2226
f 2220/2243/2230 2226/2239/2226 2221/2244/2231
f 2225/2237/2224 2221/2244/2231 2222/2245/2232
f 2225/2237/2224 2222/2245/2232 2228/2241/2228
f 2221/2244/2231 2226/2239/2226 2230/2242/2229
f 2221/2244/2231 2230/2242/2229 2222/2245/2232
f 2233/2026/2013 2234/2025/2012 2231/2246/2233
f 2233/2026/2013 2231/2246/2233 2232/2247/2234
f 2010/2036/2023 2011/2035/2022 2232/2247/2234
f 2010/2036/2023 2232/2247/2234 2231/2246/2233
f 2013/2024/2011 2010/2036/2023 2231/2246/2233
f 2013/2024/2011 2231/2246/2233 2234/2025/2012
f 2011/2035/2022 2012/2023/2010 2233/2026/2013
f 2011/2035/2022 2233/2026/2013 2232/2247/2234
f 2237/1311/2235 2236/1312/2236 2235/1313/2237
f 2237/1311/2235 2235/1313/2237 2238/1314/2238
f 2243/1315/2239 2242/1316/2240 2237/1311/2235
f 2243/1315/2239 2237/1311/2235 2238/1314/2238
f 2251/1317/2241 2250/1318/2242 2235/1313/2237
f 2251/1317/2241 2235/1313/2237 2236/1312/2236
f 2250/1318/2242 2243/1315/2239 2238/1314/2238
f 2250/1318/2242 2238/1314/2238 2235/1313/2237
f 2242/1316/2240 2251/1317/2241 2236/1312/2236
f 2242/1316/2240 2236/1312/2236 2237/1311/2235
f 2239/1319/2243 2254/1320/2244 2253/1321/2245
f 2239/1319/2243 2253/1321/2245 2240/1322/2246
f 2240/1322/2246 2253/1321/2245 2252/1323/2247
f 2240/1322/2246 2252/1323/2247 2241/1324/2248
f 2241/1324/2248 2252/1323/2247 2251/1317/2241
f 2241/1324/2248 2251/1317/2241 2242/1316/2240
f 2247/1325/2249 2246/1326/2250 2245/1327/2251
f 2247/1325/2249 2245/1327/2251 2248/1328/2252
f 2248/1328/2252 2245/1327/2251 2244/1329/2253
f 2248/1328/2252 2244/1329/2253 2249/1330/2254
f 2249/1330/2254 2244/1329/2253 2243/1315/2239
f 2249/1330/2254 2243/1315/2239 2250/1318/2242
f 2254/1320/2244 2247/1325/2249 2248/1328/2252
f 2254/1320/2244 2248/1328/2252 2253/1321/2245
f 2253/1321/2245 2248/1328/2252 2249/1330/2254
f 2253/1321/2245 2249/1330/2254 2252/1323/2247
f 2252/1323/2247 2249/1330/2254 2250/1318/2242
f 2252/1323/2247 2250/1318/2242 2251/1317/2241
f 2246/1326/2250 2239/1319/2243 2240/1322/2246
f 2246/1326/2250 2240/1322/2246 2245/1327/2251
f 2245/1327/2251 2240/1322/2246 2241/1324/2248
f 2245/1327/2251 2241/1324/2248 2244/1329/2253
f 2244/1329/2253 2241/1324/2248 2242/1316/2240
f 2244/1329/2253 2242/1316/2240 2243/1315/2239
f 2257/1331/2255 2258/1332/2256 2457/1333/2257
f 2257/1331/2255 2457/1333/2257 2456/1334/2258
f 2260/1335/2259 2261/1336/2260 2262/1337/2261
f 2260/1335/2259 2262/1337/2261 2259/1338/2262
f 2264/1339/2263 2262/1337/2261 2261/1336/2260
f 2264/1339/2263 2261/1336/2260 2263/1340/2264
f 2266/1341/2265 2264/1339/2263 2263/1340/2264
f 2266/1341/2265 2263/1340/2264 2265/1342/2266
f 2265/1342/2266 2260/1335/2259 2259/1338/2262
f 2265/1342/2266 2259/1338/2262 2266/1341/2265
f 2259/1338/2262 2262/1337/2261 2256/1343/2267
f 2259/1338/2262 2256/1343/2267 2255/1344/2268
f 2260/1335/2259 2265/1342/2266 2246/1326/2250
f 2260/1335/2259 2246/1326/2250 2247/1325/2249
f 2261/1336/2260 2260/1335/2259 2247/1325/2249
f 2261/1336/2260 2247/1325/2249 2254/1320/2244
f 2266/1341/2265 2259/1338/2262 2255/1344/2268
f 2266/1341/2265 2255/1344/2268 2258/1332/2256
f 2262/1337/2261 2264/1339/2263 2257/1331/2255
f 2262/1337/2261 2257/1331/2255 2256/1343/2267
f 2263/1340/2264 2261/1336/2260 2254/1320/2244
f 2263/1340/2264 2254/1320/2244 2239/1319/2243
f 2264/1339/2263 2266/1341/2265 2258/1332/2256
f 2264/1339/2263 2258/1332/2256 2257/1331/2255
f 2265/1342/2266 2263/1340/2264 2239/1319/2243
f 2265/1342/2266 2239/1319/2243 2246/1326/2250
f 2274/1345/2269 2270/1346/2270 2272/1347/2271
f 2276/1348/2272 2273/1349/2273 2271/1350/2274
f 2274/1345/2269 2272/1347/2271 2275/1351/2275
f 2276/1348/2272 2277/1352/2276 2273/1349/2273
f 2274/1345/2269 2275/1351/2275 2270/1346/2270
f 2276/1348/2272 2271/1350/2274 2277/1352/2276
f 2270/1346/2270 2267/1353/2277 2268/1354/2278
f 2270/1346/2270 2268/1354/2278 2272/1347/2271
f 2275/1351/2275 2269/1355/2279 2267/1353/2277
f 2275/1351/2275 2267/1353/2277 2270/1346/2270
f 2269/1355/2279 2277/1352/2276 2271/1350/2274
f 2269/1355/2279 2271/1350/2274 2267/1353/2277
f 2267/1353/2277 2271/1350/2274 2273/1349/2273
f 2267/1353/2277 2273/1349/2273 2268/1354/2278
f 2272/1347/2271 2268/1354/2278 2269/1355/2279
f 2272/1347/2271 2269/1355/2279 2275/1351/2275
f 2268/1354/2278 2273/1349/2273 2277/1352/2276
f 2268/1354/2278 2277/1352/2276 2269/1355/2279
f 2285/2248/2280 2281/2249/2281 2283/2250/2282
f 2287/2251/2283 2284/2252/2284 2282/2253/2285
f 2285/2248/2280 2283/2250/2282 2286/2254/2286
f 2287/2251/2283 2288/2255/2287 2284/2252/2284
f 2285/2248/2280 2286/2254/2286 2281/2249/2281
f 2287/2251/2283 2282/2253/2285 2288/2255/2287
f 2281/2249/2281 2278/2256/2288 2279/2257/2289
f 2281/2249/2281 2279/2257/2289 2283/2250/2282
f 2286/2254/2286 2280/2258/2290 2278/2256/2288
f 2286/2254/2286 2278/2256/2288 2281/2249/2281
f 2280/2258/2290 2288/2255/2287 2282/2253/2285
f 2280/2258/2290 2282/2253/2285 2278/2256/2288
f 2278/2256/2288 2282/2253/2285 2284/2252/2284
f 2278/2256/2288 2284/2252/2284 2279/2257/2289
f 2283/2250/2282 2279/2257/2289 2280/2258/2290
f 2283/2250/2282 2280/2258/2290 2286/2254/2286
f 2279/2257/2289 2284/2252/2284 2288/2255/2287
f 2279/2257/2289 2288/2255/2287 2280/2258/2290
f 2296/1356/2291 2292/1357/2292 2294/1358/2293
f 2298/1359/2294 2295/1360/2295 2293/1361/2296
f 2296/1356/2291 2294/1358/2293 2297/1362/2297
f 2298/1359/2294 2299/1363/2298 2295/1360/2295
f 2296/1356/2291 2297/1362/2297 2292/1357/2292
f 2298/1359/2294 2293/1361/2296 2299/1363/2298
f 2292/1357/2292 2289/1364/2299 2290/1365/2300
f 2292/1357/2292 2290/1365/2300 2294/1358/2293
f 2297/1362/2297 2291/1366/2301 2289/1364/2299
f 2297/1362/2297 2289/1364/2299 2292/1357/2292
f 2291/1366/2301 2299/1363/2298 2293/1361/2296
f 2291/1366/2301 2293/1361/2296 2289/1364/2299
f 2289/1364/2299 2293/1361/2296 2295/1360/2295
f 2289/1364/2299 2295/1360/2295 2290/1365/2300
f 2294/1358/2293 2290/1365/2300 2291/1366/2301
f 2294/1358/2293 2291/1366/2301 2297/1362/2297
f 2290/1365/2300 2295/1360/2295 2299/1363/2298
f 2290/1365/2300 2299/1363/2298 2291/1366/2301
f 2307/2259/2302 2303/2260/2303 2305/2261/2304
f 2309/2262/2305 2306/2263/2306 2304/2264/2307
f 2307/2259/2302 2305/2261/2304 2308/2265/2308
f 2309/2262/2305 2310/2266/2309 2306/2263/2306
f 2307/2259/2302 2308/2265/2308 2303/2260/2303
f 2309/2262/2305 2304/2264/2307 2310/2266/2309
f 2303/2260/2303 2300/2267/2310 2301/2268/2311
f 2303/2260/2303 2301/2268/2311 2305/2261/2304
f 2308/2265/2308 2302/2269/2312 2300/2267/2310
f 2308/2265/2308 2300/2267/2310 2303/2260/2303
f 2302/2269/2312 2310/2266/2309 2304/2264/2307
f 2302/2269/2312 2304/2264/2307 2300/2267/2310
f 2300/2267/2310 2304/2264/2307 2306/2263/2306
f 2300/2267/2310 2306/2263/2306 2301/2268/2311
f 2305/2261/2304 2301/2268/2311 2302/2269/2312
f 2305/2261/2304 2302/2269/2312 2308/2265/2308
f 2301/2268/2311 2306/2263/2306 2310/2266/2309
f 2301/2268/2311 2310/2266/2309 2302/2269/2312
f 2318/2270/2313 2314/2271/2314 2316/2272/2315
f 2320/2273/2316 2317/2274/2317 2315/2275/2318
f 2318/2270/2313 2316/2272/2315 2319/2276/2319
f 2320/2273/2316 2321/2277/2320 2317/2274/2317
f 2318/2270/2313 2319/2276/2319 2314/2271/2314
f 2320/2273/2316 2315/2275/2318 2321/2277/2320
f 2314/2271/2314 2311/2278/2321 2312/2279/2322
f 2314/2271/2314 2312/2279/2322 2316/2272/2315
f 2319/2276/2319 2313/2280/2323 2311/2278/2321
f 2319/2276/2319 2311/2278/2321 2314/2271/2314
f 2313/2280/2323 2321/2277/2320 2315/2275/2318
f 2313/2280/2323 2315/2275/2318 2311/2278/2321
f 2311/2278/2321 2315/2275/2318 2317/2274/2317
f 2311/2278/2321 2317/2274/2317 2312/2279/2322
f 2316/2272/2315 2312/2279/2322 2313/2280/2323
f 2316/2272/2315 2313/2280/2323 2319/2276/2319
f 2312/2279/2322 2317/2274/2317 2321/2277/2320
f 2312/2279/2322 2321/2277/2320 2313/2280/2323
f 2329/2281/2324 2325/2282/2325 2327/2283/2326
f 2331/2284/2327 2328/2285/2328 2326/2286/2329
f 2329/2281/2324 2327/2283/2326 2330/2287/2330
f 2331/2284/2327 2332/2288/2331 2328/2285/2328
f 2329/2281/2324 2330/2287/2330 2325/2282/2325
f 2331/2284/2327 2326/2286/2329 2332/2288/2331
f 2325/2282/2325 2322/2289/2332 2323/2290/2333
f 2325/2282/2325 2323/2290/2333 2327/2283/2326
f 2330/2287/2330 2324/2291/2334 2322/2289/2332
f 2330/2287/2330 2322/2289/2332 2325/2282/2325
f 2324/2291/2334 2332/2288/2331 2326/2286/2329
f 2324/2291/2334 2326/2286/2329 2322/2289/2332
f 2322/2289/2332 2326/2286/2329 2328/2285/2328
f 2322/2289/2332 2328/2285/2328 2323/2290/2333
f 2327/2283/2326 2323/2290/2333 2324/2291/2334
f 2327/2283/2326 2324/2291/2334 2330/2287/2330
f 2323/2290/2333 2328/2285/2328 2332/2288/2331
f 2323/2290/2333 2332/2288/2331 2324/2291/2334
f 2340/2292/2335 2336/2293/2336 2338/2294/2337
f 2342/2295/2338 2339/2296/2339 2337/2297/2340
f 2340/2292/2335 2338/2294/2337 2341/2298/2341
f 2342/2295/2338 2343/2299/2342 2339/2296/2339
f 2340/2292/2335 2341/2298/2341 2336/2293/2336
f 2342/2295/2338 2337/2297/2340 2343/2299/2342
f 2336/2293/2336 2333/2300/2343 2334/2301/2344
f 2336/2293/2336 2334/2301/2344 2338/2294/2337
f 2341/2298/2341 2335/2302/2345 2333/2300/2343
f 2341/2298/2341 2333/2300/2343 2336/2293/2336
f 2335/2302/2345 2343/2299/2342 2337/2297/2340
f 2335/2302/2345 2337/2297/2340 2333/2300/2343
f 2333/2300/2343 2337/2297/2340 2339/2296/2339
f 2333/2300/2343 2339/2296/2339 2334/2301/2344
f 2338/2294/2337 2334/2301/2344 2335/2302/2345
f 2338/2294/2337 2335/2302/2345 2341/2298/2341
f 2334/2301/2344 2339/2296/2339 2343/2299/2342
f 2334/2301/2344 2343/2299/2342 2335/2302/2345
f 2351/2303/2346 2347/2304/2347 2349/2305/2348
f 2353/2306/2349 2350/2307/2350 2348/2308/2351
f 2351/2303/2346 2349/2305/2348 2352/2309/2352
f 2353/2306/2349 2354/2310/2353 2350/2307/2350
f 2351/2303/2346 2352/2309/2352 2347/2304/2347
f 2353/2306/2349 2348/2308/2351 2354/2310/2353
f 2347/2304/2347 2344/2311/2354 2345/2312/2355
f 2347/2304/2347 2345/2312/2355 2349/2305/2348
f 2352/2309/2352 2346/2313/2356 2344/2311/2354
f 2352/2309/2352 2344/2311/2354 2347/2304/2347
f 2346/2313/2356 2354/2310/2353 2348/2308/2351
f 2346/2313/2356 2348/2308/2351 2344/2311/2354
f 2344/2311/2354 2348/2308/2351 2350/2307/2350
f 2344/2311/2354 2350/2307/2350 2345/2312/2355
f 2349/2305/2348 2345/2312/2355 2346/2313/2356
f 2349/2305/2348 2346/2313/2356 2352/2309/2352
f 2345/2312/2355 2350/2307/2350 2354/2310/2353
f 2345/2312/2355 2354/2310/2353 2346/2313/2356
f 2362/2314/2357 2358/2315/2358 2360/2316/2359
f 2364/2317/2360 2361/2318/2361 2359/2319/2362
f 2362/2314/2357 2360/2316/2359 2363/2320/2363
f 2364/2317/2360 2365/2321/2364 2361/2318/2361
f 2362/2314/2357 2363/2320/2363 2358/2315/2358
f 2364/2317/2360 2359/2319/2362 2365/2321/2364
f 2358/2315/2358 2355/2322/2365 2356/2323/2366
f 2358/2315/2358 2356/2323/2366 2360/2316/2359
f 2363/2320/2363 2357/2324/2367 2355/2322/2365
f 2363/2320/2363 2355/2322/2365 2358/2315/2358
f 2357/2324/2367 2365/2321/2364 2359/2319/2362
f 2357/2324/2367 2359/2319/2362 2355/2322/2365
f 2355/2322/2365 2359/2319/2362 2361/2318/2361
f 2355/2322/2365 2361/2318/2361 2356/2323/2366
f 2360/2316/2359 2356/2323/2366 2357/2324/2367
f 2360/2316/2359 2357/2324/2367 2363/2320/2363
f 2356/2323/2366 2361/2318/2361 2365/2321/2364
f 2356/2323/2366 2365/2321/2364 2357/2324/2367
f 2373/2325/2368 2369/2326/2369 2371/2327/2370
f 2375/2328/2371 2372/2329/2372 2370/2330/2373
f 2373/2325/2368 2371/2327/2370 2374/2331/2374
f 2375/2328/2371 2376/2332/2375 2372/2329/2372
f 2373/2325/2368 2374/2331/2374 2369/2326/2369
f 2375/2328/2371 2370/2330/2373 2376/2332/2375
f 2369/2326/2369 2366/2333/2376 2367/2334/2377
f 2369/2326/2369 2367/2334/2377 2371/2327/2370
f 2374/2331/2374 2368/2335/2378 2366/2333/2376
f 2374/2331/2374 2366/2333/2376 2369/2326/2369
f 2368/2335/2378 2376/2332/2375 2370/2330/2373
f 2368/2335/2378 2370/2330/2373 2366/2333/2376
f 2366/2333/2376 2370/2330/2373 2372/2329/2372
f 2366/2333/2376 2372/2329/2372 2367/2334/2377
f 2371/2327/2370 2367/2334/2377 2368/2335/2378
f 2371/2327/2370 2368/2335/2378 2374/2331/2374
f 2367/2334/2377 2372/2329/2372 2376/2332/2375
f 2367/2334/2377 2376/2332/2375 2368/2335/2378
f 2384/2336/2379 2380/2337/2380 2382/2338/2381
f 2386/2339/2382 2383/2340/2383 2381/2341/2384
f 2384/2336/2379 2382/2338/2381 2385/2342/2385
f 2386/2339/2382 2387/2343/2386 2383/2340/2383
f 2384/2336/2379 2385/2342/2385 2380/2337/2380
f 2386/2339/2382 2381/2341/2384 2387/2343/2386
f 2380/2337/2380 2377/2344/2387 2378/2345/2388
f 2380/2337/2380 2378/2345/2388 2382/2338/2381
f 2385/2342/2385 2379/2346/2389 2377/2344/2387
f 2385/2342/2385 2377/2344/2387 2380/2337/2380
f 2379/2346/2389 2387/2343/2386 2381/2341/2384
f 2379/2346/2389 2381/2341/2384 2377/2344/2387
f 2377/2344/2387 2381/2341/2384 2383/2340/2383
f 2377/2344/2387 2383/2340/2383 2378/2345/2388
f 2382/2338/2381 2378/2345/2388 2379/2346/2389
f 2382/2338/2381 2379/2346/2389 2385/2342/2385
f 2378/2345/2388 2383/2340/2383 2387/2343/2386
f 2378/2345/2388 2387/2343/2386 2379/2346/2389
f 2395/2347/2390 2391/2348/2391 2393/2349/2392
f 2397/2350/2393 2394/2351/2394 2392/2352/2395
f 2395/2347/2390 2393/2349/2392 2396/2353/2396
f 2397/2350/2393 2398/2354/2397 2394/2351/2394
f 2395/2347/2390 2396/2353/2396 2391/2348/2391
f 2397/2350/2393 2392/2352/2395 2398/2354/2397
f 2391/2348/2391 2388/2355/2398 2389/2356/2399
f 2391/2348/2391 2389/2356/2399 2393/2349/2392
f 2396/2353/2396 2390/2357/2400 2388/2355/2398
f 2396/2353/2396 2388/2355/2398 2391/2348/2391
f 2390/2357/2400 2398/2354/2397 2392/2352/2395
f 2390/2357/2400 2392/2352/2395 2388/2355/2398
f 2388/2355/2398 2392/2352/2395 2394/2351/2394
f 2388/2355/2398 2394/2351/2394 2389/2356/2399
f 2393/2349/2392 2389/2356/2399 2390/2357/2400
f 2393/2349/2392 2390/2357/2400 2396/2353/2396
f 2389/2356/2399 2394/2351/2394 2398/2354/2397
f 2389/2356/2399 2398/2354/2397 2390/2357/2400
f 2406/2358/2401 2402/2359/2402 2404/2360/2403
f 2408/2361/2404 2405/2362/2405 2403/2363/2406
f 2406/2358/2401 2404/2360/2403 2407/2364/2407
f 2408/2361/2404 2409/2365/2408 2405/2362/2405
f 2406/2358/2401 2407/2364/2407 2402/2359/2402
f 2408/2361/2404 2403/2363/2406 2409/2365/2408
f 2402/2359/2402 2399/2366/2409 2400/2367/2410
f 2402/2359/2402 2400/2367/2410 2404/2360/2403
f 2407/2364/2407 2401/2368/2411 2399/2366/2409
f 2407/2364/2407 2399/2366/2409 2402/2359/2402
f 2401/2368/2411 2409/2365/2408 2403/2363/2406
f 2401/2368/2411 2403/2363/2406 2399/2366/2409
f 2399/2366/2409 2403/2363/2406 2405/2362/2405
f 2399/2366/2409 2405/2362/2405 2400/2367/2410
f 2404/2360/2403 2400/2367/2410 2401/2368/2411
f 2404/2360/2403 2401/2368/2411 2407/2364/2407
f 2400/2367/2410 2405/2362/2405 2409/2365/2408
f 2400/2367/2410 2409/2365/2408 2401/2368/2411
f 2417/2369/2412 2413/2370/2413 2415/2371/2414
f 2419/2372/2415 2416/2373/2416 2414/2374/2417
f 2417/2369/2412 2415/2371/2414 2418/2375/2418
f 2419/2372/2415 2420/2376/2419 2416/2373/2416
f 2417/2369/2412 2418/2375/2418 2413/2370/2413
f 2419/2372/2415 2414/2374/2417 2420/2376/2419
f 2413/2370/2413 2410/2377/2420 2411/2378/2421
f 2413/2370/2413 2411/2378/2421 2415/2371/2414
f 2418/2375/2418 2412/2379/2422 2410/2377/2420
f 2418/2375/2418 2410/2377/2420 2413/2370/2413
f 2412/2379/2422 2420/2376/2419 2414/2374/2417
f 2412/2379/2422 2414/2374/2417 2410/2377/2420
f 2410/2377/2420 2414/2374/2417 2416/2373/2416
f 2410/2377/2420 2416/2373/2416 2411/2378/2421
f 2415/2371/2414 2411/2378/2421 2412/2379/2422
f 2415/2371/2414 2412/2379/2422 2418/2375/2418
f 2411/2378/2421 2416/2373/2416 2420/2376/2419
f 2411/2378/2421 2420/2376/2419 2412/2379/2422
f 2428/2380/2423 2424/2381/2424 2426/2382/2425
f 2430/2383/2426 2427/2384/2427 2425/2385/2428
f 2428/2380/2423 2426/2382/2425 2429/2386/2429
f 2430/2383/2426 2431/2387/2430 2427/2384/2427
f 2428/2380/2423 2429/2386/2429 2424/2381/2424
f 2430/2383/2426 2425/2385/2428 2431/2387/2430
f 2424/2381/2424 2421/2388/2431 2422/2389/2432
f 2424/2381/2424 2422/2389/2432 2426/2382/2425
f 2429/2386/2429 2423/2390/2433 2421/2388/2431
f 2429/2386/2429 2421/2388/2431 2424/2381/2424
f 2423/2390/2433 2431/2387/2430 2425/2385/2428
f 2423/2390/2433 2425/2385/2428 2421/2388/2431
f 2421/2388/2431 2425/2385/2428 2427/2384/2427
f 2421/2388/2431 2427/2384/2427 2422/2389/2432
f 2426/2382/2425 2422/2389/2432 2423/2390/2433
f 2426/2382/2425 2423/2390/2433 2429/2386/2429
f 2422/2389/2432 2427/2384/2427 2431/2387/2430
f 2422/2389/2432 2431/2387/2430 2423/2390/2433
f 2439/2391/2434 2435/2392/2435 2437/2393/2436
f 2441/2394/2437 2438/2395/2438 2436/2396/2439
f 2439/2391/2434 2437/2393/2436 2440/2397/2440
f 2441/2394/2437 2442/2398/2441 2438/2395/2438
f 2439/2391/2434 2440/2397/2440 2435/2392/2435
f 2441/2394/2437 2436/2396/2439 2442/2398/2441
f 2435/2392/2435 2432/2399/2442 2433/2400/2443
f 2435/2392/2435 2433/2400/2443 2437/2393/2436
f 2440/2397/2440 2434/2401/2444 2432/2399/2442
f 2440/2397/2440 2432/2399/2442 2435/2392/2435
f 2434/2401/2444 2442/2398/2441 2436/2396/2439
f 2434/2401/2444 2436/2396/2439 2432/2399/2442
f 2432/2399/2442 2436/2396/2439 2438/2395/2438
f 2432/2399/2442 2438/2395/2438 2433/2400/2443
f 2437/2393/2436 2433/2400/2443 2434/2401/2444
f 2437/2393/2436 2434/2401/2444 2440/2397/2440
f 2433/2400/2443 2438/2395/2438 2442/2398/2441
f 2433/2400/2443 2442/2398/2441 2434/2401/2444
f 2450/2402/2445 2446/2403/2446 2448/2404/2447
f 2452/2405/2448 2449/2406/2449 2447/2407/2450
f 2450/2402/2445 2448/2404/2447 2451/2408/2451
f 2452/2405/2448 2453/2409/2452 2449/2406/2449
f 2450/2402/2445 2451/2408/2451 2446/2403/2446
f 2452/2405/2448 2447/2407/2450 2453/2409/2452
f 2446/2403/2446 2443/2410/2453 2444/2411/2454
f 2446/2403/2446 2444/2411/2454 2448/2404/2447
f 2451/2408/2451 2445/2412/2455 2443/2410/2453
f 2451/2408/2451 2443/2410/2453 2446/2403/2446
f 2445/2412/2455 2453/2409/2452 2447/2407/2450
f 2445/2412/2455 2447/2407/2450 2443/2410/2453
f 2443/2410/2453 2447/2407/2450 2449/2406/2449
f 2443/2410/2453 2449/2406/2449 2444/2411/2454
f 2448/2404/2447 2444/2411/2454 2445/2412/2455
f 2448/2404/2447 2445/2412/2455 2451/2408/2451
f 2444/2411/2454 2449/2406/2449 2453/2409/2452
f 2444/2411/2454 2453/2409/2452 2445/2412/2455
f 2456/1334/2258 2457/1333/2257 2454/1466/2456
f 2456/1334/2258 2454/1466/2456 2455/1467/2457
f 2255/1344/2268 2256/1343/2267 2455/1467/2457
f 2255/1344/2268 2455/1467/2457 2454/1466/2456
f 2258/1332/2256 2255/1344/2268 2454/1466/2456
f 2258/1332/2256 2454/1466/2456 2457/1333/2257
f 2256/1343/2267 2257/1331/2255 2456/1334/2258
f 2256/1343/2267 2456/1334/2258 2455/1467/2457
f 2480/1468/2458 2479/1469/2459 2488/1470/2460
f 2480/1468/2458 2488/1470/2460 2487/1471/2461
f 2458/1472/2462 2459/1473/2463 2483/1474/2464
f 2458/1472/2462 2483/1474/2464 2482/1475/2465
f 2474/1476/2466 2458/1472/2462 2482/1475/2465
f 2474/1476/2466 2482/1475/2465 2481/1477/2467
f 2493/1478/2468 2474/1476/2466 2481/1477/2467
f 2493/1478/2468 2481/1477/2467 2496/1479/2469
f 2479/1469/2459 2478/1480/2470 2489/1481/2471
f 2479/1469/2459 2489/1481/2471 2488/1470/2460
f 2494/1482/2472 2480/1468/2458 2487/1471/2461
f 2494/1482/2472 2487/1471/2461 2497/1483/2473
f 2493/1478/2468 2469/1484/2474 2468/1485/2475
f 2493/1478/2468 2468/1485/2475 2491/1486/2476
f 2494/1482/2472 2473/1487/2477 2472/1488/2478
f 2494/1482/2472 2472/1488/2478 2496/1479/2469
f 2495/1489/2479 2471/1490/2480 2470/1491/2481
f 2495/1489/2479 2470/1491/2481 2497/1483/2473
f 2468/1485/2475 2469/1484/2474 2472/1488/2478
f 2468/1485/2475 2472/1488/2478 2473/1487/2477
f 2468/1485/2475 2473/1487/2477 2470/1491/2481
f 2468/1485/2475 2470/1491/2481 2471/1490/2480
f 2468/1485/2475 2471/1490/2480 2466/1492/2482
f 2468/1485/2475 2466/1492/2482 2467/1493/2483
f 2495/1489/2479 2486/1494/2484 2465/1495/2485
f 2495/1489/2479 2465/1495/2485 2490/1496/2486
f 2486/1494/2484 2485/1497/2487 2464/1498/2488
f 2486/1494/2484 2464/1498/2488 2465/1495/2485
f 2485/1497/2487 2484/1499/2489 2463/1500/2490
f 2485/1497/2487 2463/1500/2490 2464/1498/2488
f 2492/1501/2491 2460/1502/2492 2475/1503/2493
f 2492/1501/2491 2475/1503/2493 2491/1486/2476
f 2460/1502/2492 2461/1504/2494 2476/1505/2495
f 2460/1502/2492 2476/1505/2495 2475/1503/2493
f 2461/1504/2494 2462/1506/2496 2477/1507/2497
f 2461/1504/2494 2477/1507/2497 2476/1505/2495
f 2484/1499/2489 2485/1497/2487 2488/1470/2460
f 2484/1499/2489 2488/1470/2460 2489/1481/2471
f 2485/1497/2487 2486/1494/2484 2487/1471/2461
f 2485/1497/2487 2487/1471/2461 2488/1470/2460
f 2478/1480/2470 2479/1469/2459 2482/1475/2465
f 2478/1480/2470 2482/1475/2465 2483/1474/2464
f 2479/1469/2459 2480/1468/2458 2481/1477/2467
f 2479/1469/2459 2481/1477/2467 2482/1475/2465
f 2459/1473/2463 2458/1472/2462 2476/1505/2495
f 2459/1473/2463 2476/1505/2495 2477/1507/2497
f 2458/1472/2462 2474/1476/2466 2475/1503/2493
f 2458/1472/2462 2475/1503/2493 2476/1505/2495
f 2490/1496/2486 2465/1495/2485 2460/1502/2492
f 2490/1496/2486 2460/1502/2492 2492/1501/2491
f 2465/1495/2485 2464/1498/2488 2461/1504/2494
f 2465/1495/2485 2461/1504/2494 2460/1502/2492
f 2464/1498/2488 2463/1500/2490 2462/1506/2496
f 2464/1498/2488 2462/1506/2496 2461/1504/2494
f 2466/1492/2482 2490/1496/2486 2492/1501/2491
f 2466/1492/2482 2492/1501/2491 2467/1493/2483
f 2467/1493/2483 2492/1501/2491 2491/1486/2476
f 2467/1493/2483 2491/1486/2476 2468/1485/2475
f 2471/1490/2480 2495/1489/2479 2490/1496/2486
f 2471/1490/2480 2490/1496/2486 2466/1492/2482
f 2486/1494/2484 2495/1489/2479 2497/1483/2473
f 2486/1494/2484 2497/1483/2473 2487/1471/2461
f 2480/1468/2458 2494/1482/2472 2496/1479/2469
f 2480/1468/2458 2496/1479/2469 2481/1477/2467
f 2474/1476/2466 2493/1478/2468 2491/1486/2476
f 2474/1476/2466 2491/1486/2476 2475/1503/2493
f 2473/1487/2477 2494/1482/2472 2497/1483/2473
f 2473/1487/2477 2497/1483/2473 2470/1491/2481
f 2469/1484/2474 2493/1478/2468 2496/1479/2469
f 2469/1484/2474 2496/1479/2469 2472/1488/2478
f 2501/1508/2498 2498/1509/2499 2499/1510/2500
f 2501/1508/2498 2499/1510/2500 2500/1511/2501
f 2505/1512/2502 2502/1513/2503 2503/1514/2504
f 2505/1512/2502 2503/1514/2504 2504/1515/2505
f 2513/1516/2506 2510/1517/2507 2511/1518/2508
f 2513/1516/2506 2511/1518/2508 2512/1519/2509
f 2509/1520/2510 2506/1521/2511 2507/1522/2512
f 2509/1520/2510 2507/1522/2512 2508/1523/2513
f 2498/1509/2499 2505/1512/2502 2504/1515/2505
f 2498/1509/2499 2504/1515/2505 2499/1510/2500
f 2506/1521/2511 2501/1508/2498 2500/1511/2501
f 2506/1521/2511 2500/1511/2501 2507/1522/2512
f 2508/1523/2513 2511/1518/2508 2510/1517/2507
f 2508/1523/2513 2510/1517/2507 2509/1520/2510
f 2512/1519/2509 2503/1514/2504 2502/1513/2503
f 2512/1519/2509 2502/1513/2503 2513/1516/2506
f 2462/1506/2496 2499/1510/2500 2504/1515/2505
f 2462/1506/2496 2504/1515/2505 2477/1507/2497
f 2463/1500/2490 2500/1511/2501 2499/1510/2500
f 2463/1500/2490 2499/1510/2500 2462/1506/2496
f 2484/1499/2489 2507/1522/2512 2500/1511/2501
f 2484/1499/2489 2500/1511/2501 2463/1500/2490
f 2503/1514/2504 2459/1473/2463 2477/1507/2497
f 2503/1514/2504 2477/1507/2497 2504/1515/2505
f 2459/1473/2463 2503/1514/2504 2512/1519/2509
f 2459/1473/2463 2512/1519/2509 2483/1474/2464
f 2507/1522/2512 2484/1499/2489 2489/1481/2471
f 2507/1522/2512 2489/1481/2471 2508/1523/2513
f 2478/1480/2470 2511/1518/2508 2508/1523/2513
f 2478/1480/2470 2508/1523/2513 2489/1481/2471
f 2511/1518/2508 2478/1480/2470 2483/1474/2464
f 2511/1518/2508 2483/1474/2464 2512/1519/2509
f 2501/1508/2498 2506/1521/2511 2509/1520/2510
f 2501/1508/2498 2509/1520/2510 2510/1517/2507
f 2501/1508/2498 2510/1517/2507 2513/1516/2506
f 2501/1508/2498 2513/1516/2506 2502/1513/2503
f 2501/1508/2498 2502/1513/2503 2505/1512/2502
f 2501/1508/2498 2505/1512/2502 2498/1509/2499
f 2536/1468/2514 2535/1469/2515 2544/1470/2516
f 2536/1468/2514 2544/1470/2516 2543/1471/2517
f 2514/1472/2518 2515/1473/2519 2539/1474/2520
f 2514/1472/2518 2539/1474/2520 2538/1475/2521
f 2530/1476/2522 2514/1472/2518 2538/1475/2521
f 2530/1476/2522 2538/1475/2521 2537/1477/2523
f 2549/1478/2524 2530/1476/2522 2537/1477/2523
f 2549/1478/2524 2537/1477/2523 2552/1479/2525
f 2535/1469/2515 2534/1480/2526 2545/1481/2527
f 2535/1469/2515 2545/1481/2527 2544/1470/2516
f 2550/1482/2528 2536/1468/2514 2543/1471/2517
f 2550/1482/2528 2543/1471/2517 2553/1483/2529
f 2549/1478/2524 2525/1484/2530 2524/1485/2531
f 2549/1478/2524 2524/1485/2531 2547/1486/2532
f 2550/1482/2528 2529/1487/2533 2528/1488/2534
f 2550/1482/2528 2528/1488/2534 2552/1479/2525
f 2551/1489/2535 2527/1490/2536 2526/1491/2537
f 2551/1489/2535 2526/1491/2537 2553/1483/2529
f 2524/1485/2531 2525/1484/2530 2528/1488/2534
f 2524/1485/2531 2528/1488/2534 2529/1487/2533
f 2524/1485/2531 2529/1487/2533 2526/1491/2537
f 2524/1485/2531 2526/1491/2537 2527/1490/2536
f 2524/1485/2531 2527/1490/2536 2522/1492/2538
f 2524/1485/2531 2522/1492/2538 2523/1493/2539
f 2551/1489/2535 2542/1494/2540 2521/1495/2541
f 2551/1489/2535 2521/1495/2541 2546/1496/2542
f 2542/1494/2540 2541/1497/2543 2520/1498/2544
f 2542/1494/2540 2520/1498/2544 2521/1495/2541
f 2541/1497/2543 2540/1499/2545 2519/1500/2546
f 2541/1497/2543 2519/1500/2546 2520/1498/2544
f 2548/1501/2547 2516/1502/2548 2531/1503/2549
f 2548/1501/2547 2531/1503/2549 2547/1486/2532
f 2516/1502/2548 2517/1504/2550 2532/1505/2551
f 2516/1502/2548 2532/1505/2551 2531/1503/2549
f 2517/1504/2550 2518/1506/2552 2533/1507/2553
f 2517/1504/2550 2533/1507/2553 2532/1505/2551
f 2540/1499/2545 2541/1497/2543 2544/1470/2516
f 2540/1499/2545 2544/1470/2516 2545/1481/2527
f 2541/1497/2543 2542/1494/2540 2543/1471/2517
f 2541/1497/2543 2543/1471/2517 2544/1470/2516
f 2534/1480/2526 2535/1469/2515 2538/1475/2521
f 2534/1480/2526 2538/1475/2521 2539/1474/2520
f 2535/1469/2515 2536/1468/2514 2537/1477/2523
f 2535/1469/2515 2537/1477/2523 2538/1475/2521
f 2515/1473/2519 2514/1472/2518 2532/1505/2551
f 2515/1473/2519 2532/1505/2551 2533/1507/2553
f 2514/1472/2518 2530/1476/2522 2531/1503/2549
f 2514/1472/2518 2531/1503/2549 2532/1505/2551
f 2546/1496/2542 2521/1495/2541 2516/1502/2548
f 2546/1496/2542 2516/1502/2548 2548/1501/2547
f 2521/1495/2541 2520/1498/2544 2517/1504/2550
f 2521/1495/2541 2517/1504/2550 2516/1502/2548
f 2520/1498/2544 2519/1500/2546 2518/1506/2552
f 2520/1498/2544 2518/1506/2552 2517/1504/2550
f 2522/1492/2538 2546/1496/2542 2548/1501/2547
f 2522/1492/2538 2548/1501/2547 2523/1493/2539
f 2523/1493/2539 2548/1501/2547 2547/1486/2532
f 2523/1493/2539 2547/1486/2532 2524/1485/2531
f 2527/1490/2536 2551/1489/2535 2546/1496/2542
f 2527/1490/2536 2546/1496/2542 2522/1492/2538
f 2542/1494/2540 2551/1489/2535 2553/1483/2529
f 2542/1494/2540 2553/1483/2529 2543/1471/2517
f 2536/1468/2514 2550/1482/2528 2552/1479/2525
f 2536/1468/2514 2552/1479/2525 2537/1477/2523
f 2530/1476/2522 2549/1478/2524 2547/1486/2532
f 2530/1476/2522 2547/1486/2532 2531/1503/2549
f 2529/1487/2533 2550/1482/2528 2553/1483/2529
f 2529/1487/2533 2553/1483/2529 2526/1491/2537
f 2525/1484/2530 2549/1478/2524 2552/1479/2525
f 2525/1484/2530 2552/1479/2525 2528/1488/2534
f 2557/1508/2554 2554/1509/2555 2555/1510/2556
f 2557/1508/2554 2555/1510/2556 2556/1511/2557
f 2561/1512/2558 2558/1513/2559 2559/1514/2560
f 2561/1512/2558 2559/1514/2560 2560/1515/2561
f 2569/1516/2562 2566/1517/2563 2567/1518/2564
f 2569/1516/2562 2567/1518/2564 2568/1519/2565
f 2565/1520/2566 2562/1521/2567 2563/1522/2568
f 2565/1520/2566 2563/1522/2568 2564/1523/2569
f 2554/1509/2555 2561/1512/2558 2560/1515/2561
f 2554/1509/2555 2560/1515/2561 2555/1510/2556
f 2562/1521/2567 2557/1508/2554 2556/1511/2557
f 2562/1521/2567 2556/1511/2557 2563/1522/2568
f 2564/1523/2569 2567/1518/2564 2566/1517/2563
f 2564/1523/2569 2566/1517/2563 2565/1520/2566
f 2568/1519/2565 2559/1514/2560 2558/1513/2559
f 2568/1519/2565 2558/1513/2559 2569/1516/2562
f 2518/1506/2552 2555/1510/2556 2560/1515/2561
f 2518/1506/2552 2560/1515/2561 2533/1507/2553
f 2519/1500/2546 2556/1511/2557 2555/1510/2556
f 2519/1500/2546 2555/1510/2556 2518/1506/2552
f 2540/1499/2545 2563/1522/2568 2556/1511/2557
f 2540/1499/2545 2556/1511/2557 2519/1500/2546
f 2559/1514/2560 2515/1473/2519 2533/1507/2553
f 2559/1514/2560 2533/1507/2553 2560/1515/2561
f 2515/1473/2519 2559/1514/2560 2568/1519/2565
f 2515/1473/2519 2568/1519/2565 2539/1474/2520
f 2563/1522/2568 2540/1499/2545 2545/1481/2527
f 2563/1522/2568 2545/1481/2527 2564/1523/2569
f 2534/1480/2526 2567/1518/2564 2564/1523/2569
f 2534/1480/2526 2564/1523/2569 2545/1481/2527
f 2567/1518/2564 2534/1480/2526 2539/1474/2520
f 2567/1518/2564 2539/1474/2520 2568/1519/2565
f 2557/1508/2554 2562/1521/2567 2565/1520/2566
f 2557/1508/2554 2565/1520/2566 2566/1517/2563
f 2557/1508/2554 2566/1517/2563 2569/1516/2562
f 2557/1508/2554 2569/1516/2562 2558/1513/2559
f 2557/1508/2554 2558/1513/2559 2561/1512/2558
f 2557/1508/2554 2561/1512/2558 2554/1509/2555
